"exam_type","category","prompt","choice1","choice2","choice3","choice4","correct_answer","model_answer","key_points","explanation","difficulty","image_url","tags","source","source_year","reference_text","code_snippet","code_language","image_urls","certificate_id"
"WRITTEN_CBT","시스템 보안","디스크 스케줄링 알고리즘중엘리베이터 알고리즘 이라고 불리는 기법은?","SCAN","SSTF","C-SCAN DFCFS","","1","","","SCAN은엘리베이터 알고리즘이라고불리며현재 헤드의 위치에서 진행 방향이결정되면 탐색거리가 짧은 순서에 따라그방향의 모든요청을서비스하고 끝까지 이동한 후역방향의 요청 사항을 서비스하는 기법이다.","medium","","정보보안기사|필기|기출|지피지기 기출문제|2023년|1회|시스템 보안","2026 수제비 정보보안기사 필기 기본서 · 지피지기 기출문제 · PDF 37쪽 (인쇄 1-18) · 4번","2023","","","","","information-security-engineer"
"WRITTEN_CBT","시스템 보안","다음중운영체계 5계층이 순서대로나열된 것은? 파일관리 ©주변장치관리 ©프로세서관리","메모리관리 ©프로세스관리","-ㄴ-C-","-1","-C--","3","","","운영체제계층 프메 프로세서관리/메모리관리/프로세스 프주파 관리/주변장치관리/파일관리 25년1회","medium","","정보보안기사|필기|기출|지피지기 기출문제|2025년|1회|시스템 보안","2026 수제비 정보보안기사 필기 기본서 · 지피지기 기출문제 · PDF 39쪽 · 9번","2025","","","","","information-security-engineer"
"WRITTEN_CBT","시스템 보안","운영체제의 운영기법중동시에프로그램을수행할 수있는CPU를2개 이상두고각각그업무를 분담 하여 처리할수있는 방식을의미하는것은?","시분할처리시스템","실시간처리시스템","다중처리시스템","다중프로그래밍시스템","2","","","다중처리 시스템은둘이상의 CPU를이용하여 병렬로처리하는 시스템이다. 다중 프로그래밍 시스템은 하나의 주기억장치에 여러 개의 프로그램을 상주한 후에 하나의 CPU와 대화식으로 동시에 처리하는 시스템이다 25년2회","medium","","정보보안기사|필기|기출|지피지기 기출문제|2025년|1회|시스템 보안","2026 수제비 정보보안기사 필기 기본서 · 지피지기 기출문제 · PDF 40쪽 (인쇄 1-21) · 11번","2025","","","","","information-security-engineer"
"WRITTEN_CBT","시스템 보안","다음중Apple 디바이스를위한 ioS 프로그램을개 발하는 IDE 도구는 무엇인가?","Logcat","Visual Studio","Xcode","Android Studio","3","","","Xcode는 애플(Apple)에서 공식 제공하는iOS 및 macOS 애플리케이션 개발을 위한 통합 개발 환경(IDE)이다. Swift 및 Objective-C를 사용하여 iPhone, iPad,Mac, Apple Watch, Apple TV 애플리케이션을개발할수 있다.","medium","","정보보안기사|필기|기출|지피지기 기출문제|2025년|4회|시스템 보안","2026 수제비 정보보안기사 필기 기본서 · 지피지기 기출문제 · PDF 40쪽 (인쇄 1-21) · 13번","2025","","","","","information-security-engineer"
"WRITTEN_CBT","시스템 보안","다음 중 운영체제5계층에 포함되지않는 것은?","메모리관리","주변장치관리","파일관리","사용자관리","1","","","운영체제계층 프메 프로세서관리/메모리관리/프로세스 프주파 관리/주변장치 관리/파일관리","medium","","정보보안기사|필기|예상|천기누설 예상문제|시스템 보안","2026 수제비 정보보안기사 필기 기본서 · 천기누설 예상문제 · PDF 42쪽 (인쇄 1-23) · 6번","","","","","","information-security-engineer"
"WRITTEN_CBT","시스템 보안","다음보기의프로세스스케줄링방식중비선점형스 케줄링만 고른 것은? ⑦FCFS ©RR ©SRT","SJF",", ㄴ",", 2","©, 2","2","","","비선점스케줄링알고리즘 HFS HRN/ FCFS(=FIFO) / SJF","medium","","정보보안기사|필기|예상|천기누설 예상문제|시스템 보안","2026 수제비 정보보안기사 필기 기본서 · 천기누설 예상문제 · PDF 42쪽 (인쇄 1-23) · 8번","","","","","","information-security-engineer"
"WRITTEN_CBT","시스템 보안","다음중프로세스와관련된설명으로가장거리가먼 것은?","운영체제는프로세스를관리하기위해프로세 스제어블록(PCB)에중요한 정보를 저장한다.","하나의 프로세스는생성, 실행, 준비,대기,종 료의상태변화를거치게 된다.","프로세스는스스로자원을요청하고이를할당 받아사용하는능동적인개체를의미한다.","스레드는프로세스보다큰단위이며,자원의 할당에는관계하지않고프로세서스케줄링의 단위로써사용하게 된다.","4","","","스레드는 프로세스보다 가법고 독립적으로 수행되는 순차적인제어의 흐름이자 실행 단위이다. 스레드는프로세스에서실행제어만 분리한실행 단위로한개의 프로세스는 여러 개의 스레드를가질 수 있다.","medium","","정보보안기사|필기|예상|천기누설 예상문제|시스템 보안","2026 수제비 정보보안기사 필기 기본서 · 천기누설 예상문제 · PDF 43쪽 (인쇄 1-24) · 12번","","","","","","information-security-engineer"
"WRITTEN_CBT","시스템 보안","다음의메모리관리기법중고정크기의블록으로 할당하는방식과 가변크기의블록으로할당하는방 식은 무엇인가?","정적할당영역,동적할당영역","힙,스택","논리주소공간,물리주소공간","페이징기법,세그먼테이션기법","4","","","• 가상기억장치 내의 프로세스를 일정하게분할하여주기억장치의 페이징기법 분산된공간에 적재시킨후 프로세스를수행시키는 기법 가상기억장치 내의 프로세스를 세그먼테이션 가변적인크기의블록으로나누고 기법 메모리를할당하는기법","medium","","정보보안기사|필기|예상|천기누설 예상문제|시스템 보안","2026 수제비 정보보안기사 필기 기본서 · 천기누설 예상문제 · PDF 44쪽 (인쇄 1-25) · 13번","","","","","","information-security-engineer"
"WRITTEN_CBT","시스템 보안","다음은세마포어(Semaphore)를사용하여 임계구 역을 구현한 것이다.P(S)와 V(S)에 대한 설명으로 옳은 것은? /세마포어변수S의 초기값을1로설정"" semaphore S =new semaphore(1): /두프로세스를초기화하고시작/ startprocess); 프로세스Px void mainO while(ldone){ P(S) //임계구역코드 VS); «임계구역외부코드 } }","P(S) : If S = O Then S = S-1 Else 대기","V(S) :S = S+2","P(S) : If S > OThen S = S-1 Else 대기","V(S) : S = S-2","3","","","P(S) 연산은 세마포어 값이 0이면 대기하다가. 세마포어 값이 0보다 크면 세마포어값을1 감소시키고 임계 구역 실행하고, V(S) 연산은 임계 구역을 마치고 세마포어 값을 1 증가시킨다","medium","","정보보안기사|필기|예상|천기누설 예상문제|시스템 보안","2026 수제비 정보보안기사 필기 기본서 · 천기누설 예상문제 · PDF 44쪽 (인쇄 1-25) · 15번","","","","","","information-security-engineer"
"WRITTEN_CBT","시스템 보안","윈도우개요 (1)원도우(Windows) 개념 원도우는개인용컴퓨터(PC)의 운영을위하여 마이크로소프트가 개발한컴 퓨터 운영체제이다. 1981년1.0 등장이후3.1부터 많이 알려졌으며, 9x, XP 계열을 거쳐 현재 Windows 11까지 개발한다. (2) 원도우 특징 [22년1회] 윈도우특징 특징 다양한버전 유형의 버전 GUI 환경 쉽게사용 하드웨어를새롭게 추가하는경우자동으로인식하여환경을 Plug & Play 설정해 주는 기능 해당하드웨어가Plug&Pay 기능을지원하는장치 단축아이콘 (Short Cut) 원하는위치에 원본파일을연결하는아이콘 멀티 태스킹 (Multi-Tasking) 빠른전환가능 OLE(Object Linking Embedding) 네트워크기능 인터넷연결등이편리 다중모니터 지원 한 대의컴퓨터에 최대8대의 모니터를연결하여사용 ·두 개 또는그 이상의 응용 프로그램에서 작업하여상호간에 정보의 전송 통합 정보를한응용프로그램으로부터 다른응용 프로그램으로 전송하고 통합할 수있음 (3) 원도우명령어 및도구","net 명령어[22년4회] net 명령어는 기본적으로NetBIOs를사용하는명령어이다. net 명령어는다음과같다.","","","","","","","","medium","","정보보안기사|필기|예상|천기누설 예상문제|시스템 보안","2026 수제비 정보보안기사 필기 기본서 · 천기누설 예상문제 · PDF 46쪽 (인쇄 1-27) · 1번","","","","","","information-security-engineer"
"WRITTEN_CBT","시스템 보안","비트의OS를제외한16,32비트를위해도입된 시스템 구성요소 ·하위 비트호환을위해사용 ·프로세스스케줄링,메모리관리등의작업을개별 관리자에게맡겨 수행하는 요소 ·커널종류중하나로하드웨어와통신만을제어하는 최소한역할만하는커널 원도우가제시한표준을통해하드웨어와소프트웨어 간의원활한 통신을연결하는 요소 설명 하드웨어가 스스로시스템에이상이없는지 기본 사항(메모리입출력장치등)을검사하는과정 CMOS에설정되어있는사항 및부팅과관련된 정보를 읽어시스템에 적용 MBR을로딩 •기본파일시스템정보 보유 ·MBR에서 원도우부트서브 시스템실행하여 bootmgr.exe가 실행되고 부트 설정 데이터(BCD:Boot Configuration Data)를읽어서 실행할수 있는 운영체제 목록표시 각종장치 드라이버를 로드하고,ntoskrnl.exe실행 BIOS [22년2] BIOS는 운영체제의 요소로 컴퓨터 메인보드 내에내장된 펌웨어이며, 시스 템의부팅 과정과 기본적인하드웨어 초기화를 담당하는소프트웨어이다","","","","","","","","","medium","","정보보안기사|필기|예상|천기누설 예상문제|시스템 보안","2026 수제비 정보보안기사 필기 기본서 · 천기누설 예상문제 · PDF 49쪽 (인쇄 1-30) · 64번","","","","","","information-security-engineer"
"WRITTEN_CBT","시스템 보안","윈도우인증·접근통제 (1) 원도우계정","원도우기본 계정[24년2회,25년1회] 원도우기본 계정은시스템관리,보안,사용자의편의성을위해 미리정의된 계정이다. 윈도우기본계정 계정 이름 Administrator ·사용자계정중가장강력한권한을보유한계정 (관리자 계정) ·총괄관리자계정 System 시스템에서 최고권한을가진계정 (시스템 계정) ·운영체제에서실행되는 내부 시스템 프로세스를 위한 계정 원도우에서 기본으로제공하는 계정 DefaultAccount •컴퓨터에 설치되어 있는 프로그램을 사용할 수 있지만 프로그램을 (표준계정) 설치하거나삭제할수없는계정","","","","","","","","medium","","정보보안기사|필기|예상|천기누설 예상문제|2022년|4회|시스템 보안","2026 수제비 정보보안기사 필기 기본서 · 천기누설 예상문제 · PDF 50쪽 (인쇄 1-31) · 2번","2022","","","","","information-security-engineer"
"WRITTEN_CBT","시스템 보안","D 5A (MZ)","","","","","","","","","medium","","정보보안기사|필기|예상|천기누설 예상문제|2022년|2회|시스템 보안","2026 수제비 정보보안기사 필기 기본서 · 천기누설 예상문제 · PDF 63쪽 (인쇄 1-44) · 4번","2022","","","","","information-security-engineer"
"WRITTEN_CBT","시스템 보안","F 45 4C 46 (ELF) •운영체제의MBR에서는 끝부분에 위치한 2바이트인55AA로 MBR의 유효 성을확인하며, 부팅할 수 있는디스크인지를 식별한다. 파일시스템 터널링(File System Tunneling) )[22년2회] 파일시스템 터널링은Windows에서 파일이삭제된 직후일정시간(기본 15초) 안에동일한 이름의 파일이 생성되는경우방금삭제된파일의 테이 파일시스템 터널링은FAT,NTFS모두에서 기본적으로지원한다. FAT32 NTFS 32bit 64bit •2TB ·8PB(Win 10 1709~) ~64KB(Win 10 1703 •~64KB Ver) 2MB(Win 10 1709~)","","","","","","","","","medium","","정보보안기사|필기|예상|천기누설 예상문제|2022년|2회|시스템 보안","2026 수제비 정보보안기사 필기 기본서 · 천기누설 예상문제 · PDF 63쪽 (인쇄 1-44) · 7번","2022","","","","","information-security-engineer"
"WRITTEN_CBT","시스템 보안","21 (#)","","","","","","","","","medium","","정보보안기사|필기|예상|천기누설 예상문제|2022년|2회|시스템 보안","2026 수제비 정보보안기사 필기 기본서 · 천기누설 예상문제 · PDF 63쪽 (인쇄 1-44) · 23번","2022","","","","","information-security-engineer"
"WRITTEN_CBT","시스템 보안","50 44 46 2D (%PDF-)","","","","","","","","","medium","","정보보안기사|필기|예상|천기누설 예상문제|2022년|2회|시스템 보안","2026 수제비 정보보안기사 필기 기본서 · 천기누설 예상문제 · PDF 63쪽 (인쇄 1-44) · 25번","2022","","","","","information-security-engineer"
"WRITTEN_CBT","시스템 보안","4B 03 04 (PK)","","","","","","","","","medium","","정보보안기사|필기|예상|천기누설 예상문제|2022년|2회|시스템 보안","2026 수제비 정보보안기사 필기 기본서 · 천기누설 예상문제 · PDF 63쪽 (인쇄 1-44) · 50번","2022","","","","","information-security-engineer"
"WRITTEN_CBT","시스템 보안","원도우 운영체제의레지스트리에대한설명으로틀 린것은?","시스템구성정보를 저장하는 데이터베이스로 SYSTEM,DAT, USER, DAT 파일을 말한다.","레지스트리는regedit,exe 전용 편집기에의해 서만편집이가능하다.","원도우레지스트리 키는HKEY_CLASSES_ ROOT, HKEY_CURRENT_USER, HKEY_LO- CAL_MACHINE, HKEY_USERS, HKEY_CUR- RENT_CONFIG등이 있다. 레지스트리 백업 및 복구는shell.exe를 구동하 여행한다.","","4","","","레지스트리 백업 및 복구는 별도의 shell.exe를 이용하지 않고 복원지점을 통한 원도우복원 기능이나레지스트리등록 파일을통한수동 백업/복원을이용한다.","medium","","정보보안기사|필기|기출|지피지기 기출문제|2022년|2회|시스템 보안","2026 수제비 정보보안기사 필기 기본서 · 지피지기 기출문제 · PDF 66쪽 (인쇄 1-47) · 4번","2022","","","","","information-security-engineer"
"WRITTEN_CBT","시스템 보안","서버시스템의접근 통제관리에대한설명으로틀린 것은?","윈도우시스템 이벤트에는시스템,애플리케이 션,보안이벤트가있으며감사로그는제어판 -관리도구-로컬보안설정-감사정책에서 각각설정할수있다","원도우시스템은도메인환경에서사용자인증 을위하여레지스트리가익명의사용자에의해 접근할수 있도록 설정하여야 한다.","iptables, tcp wrapper 도구를 사용하면 서버 시 스템의 네트워크접근통제기능을 설정할 수 있다.","Unix서버시스템에서불필요한파일에설정된 SUID와SGID 비트를제거하여실행권한이없 는프로그램의비인가된실행을차단하여야 한다.","2","","","윈도우 시스템의도 도메인환경에서사용자 인증을 위해서는 인증 시| SAM(Security Accounts Manager) 데이터베이스 또는 도메인에가입된 컴퓨터의 Active Directory에 대해 Winlogon 서비스를 통해 유효성을 검사한다 로컬 보안 정보는 HKEY_LOCAL_MACHINEWSECURITY 레지스트리에 포함되나 사용자가 직접 접근하지 않으므로별도의익명사용자의 접근이 필요하지 않다.","medium","","정보보안기사|필기|기출|지피지기 기출문제|2022년|2회|시스템 보안","2026 수제비 정보보안기사 필기 기본서 · 지피지기 기출문제 · PDF 66쪽 (인쇄 1-47) · 5번","2022","","","","","information-security-engineer"
"WRITTEN_CBT","시스템 보안","레코드(Record)","","","","","","","","시그니처는 파일 형식이나데이터구조를식별하기 위해 파일의 특정 위치에포함된고유한바이트 패턴이다. 파일명의끝에붙은문자열로 확장자 파일유형을구분하는구분자 특청데이터파일이나 메타데이터 데이터베이스의 내용을설명하는 데이터 특정Entity나객체의 정보를 레코드","medium","","정보보안기사|필기|기출|지피지기 기출문제|2022년|2회|시스템 보안","2026 수제비 정보보안기사 필기 기본서 · 지피지기 기출문제 · PDF 67쪽 (인쇄 1-48) · 4번","2022","","","","","information-security-engineer"
"WRITTEN_CBT","시스템 보안","다음 문장에서설명하는 Windows 시스템의 인증 구성요소는? -사용자에게 SID(Secunity Identifier)를 부여한다 -SD에기반하여파일이나디렉터리에 대한 접근 허용 여부를결정한다 -이에 대한감사메시지를생성한다.","LSA (Local Security Authority)","LAM(Local Authentication Manager)","SAM(Security Account Manager)","SRM(Security Reference Monitor)","4","","","·로컬및원격계정의로그인에대한 검증을 수행하고시스템자원 및파일에접근 LSA 권한을검사 ·이름과SID를매칭하여SRM이생성한감사 로그를기록 ·사용자그룹계정정보에대한 SAM 데이터베이스를관리 ·SAM을통해 인가되면사용자에게SID를 부여 SRM ·SID에기반하여파일및디렉터리접근 권한을결정하고감사메시지를생성","medium","","정보보안기사|필기|기출|지피지기 기출문제|시스템 보안","2026 수제비 정보보안기사 필기 기본서 · 지피지기 기출문제 · PDF 67쪽 (인쇄 1-48) · 6번","","","","","","information-security-engineer"
"WRITTEN_CBT","시스템 보안","Windows에서 파일이삭제된 직후일정시간(기본","","","","","1","","","","medium","","정보보안기사|필기|기출|지피지기 기출문제|2022년|2회|시스템 보안","2026 수제비 정보보안기사 필기 기본서 · 지피지기 기출문제 · PDF 67쪽 (인쇄 1-48) · 7번","2022","","","","","information-security-engineer"
"WRITTEN_CBT","시스템 보안","대부분의응용 프로그램에서생성된파일은그응용 프로그램이생성한파일임을인식할수있도록항상 동일한몇바이트를파일내부의특정위치에가지고 있다.특정 위치의 고정값이 의미하는 것은?","시그니처(Signature)","확장자(Extension)","메타데이터(Metadata)","","1","","","","medium","","정보보안기사|필기|기출|지피지기 기출문제|2022년|2회|시스템 보안","2026 수제비 정보보안기사 필기 기본서 · 지피지기 기출문제 · PDF 67쪽 (인쇄 1-48) · 8번","2022","","","","","information-security-engineer"
"WRITTEN_CBT","시스템 보안","초)안에동일한이름의 파일이생성되는경우방 금삭제된파일의테이블레코드를재사용하는경우 가 있다.이러한 특징을 갖는 기능은?","파일시스템터널링(File System Tunneling)","Shellbags","원도우파일프로텍션","타임스톰핑","","","","파일시스템 터널링(File System Tunneling)을 통해서Windows에서파일이삭제된 직후일정 시간(기본15초)안에동일한이름의파일이 생성되는경우방금삭제된파일의 테이블 레코드를 재사용하는 방식이다. 22년2회","medium","","정보보안기사|필기|기출|지피지기 기출문제|2022년|2회|시스템 보안","2026 수제비 정보보안기사 필기 기본서 · 지피지기 기출문제 · PDF 67쪽 (인쇄 1-48) · 15번","2022","","","","","information-security-engineer"
"WRITTEN_CBT","시스템 보안","윈도우시스템에서administrator 계정의 암호를마 지막으로 변경한 날짜를 확인하는 명령어는?","passwd net user administrator net share net date","","","","2","","","•컴퓨터의사용자계정을만들거나 수정하는명령어 net 계정에대한다양한정보가표시(계정의 user 암호를마지막으로변경한날짜계정 만료날짜 암호만료날짜, 암호필요 여부 등을확인할수있음) net ·네트워크사용자들이서버의리소스를 share 확인하는명령어 22년 4회","medium","","정보보안기사|필기|기출|지피지기 기출문제|2022년|4회|시스템 보안","2026 수제비 정보보안기사 필기 기본서 · 지피지기 기출문제 · PDF 68쪽 (인쇄 1-49) · 11번","2022","","","","","information-security-engineer"
"WRITTEN_CBT","시스템 보안","악성코드구동을위하여사용되는원도우레지스트 리는?","HKEY_CLASSES_ROOT 2 HKEY_USERS 3) HKEY_CURRENT USER HKEY_CURRENT_CONFIG","","","","2","","","악성 코드 구동을 위하여사용되는원도우 레지스트리는 HKEY _CURRENT_ _USEROI다. 개별사용자 HKCU1SoftwareUMicrosofti 지속용 CurrentVersioniRun 개별사용자 HKCUlSoftwarelMicrosoft 일회용 CurrentVersionlRunOnce 전체 사용자 HKLMSoftware Microsoft1 지속용 CurrentVersionlRun 전체 사용자 HKLMSoftwareMicrosoft 일회용 CurrentVersioniRunOnce","medium","","정보보안기사|필기|기출|지피지기 기출문제|2022년|4회|시스템 보안","2026 수제비 정보보안기사 필기 기본서 · 지피지기 기출문제 · PDF 68쪽 (인쇄 1-49) · 12번","2022","","","","","information-security-engineer"
"WRITTEN_CBT","시스템 보안","윈도우에서 제공하는BitLocker에 대한설명으로틀 린것은?","원도우7에서도가능하다.","exFAT파일 시스템은 지원하지않는다.","USB저장매체도 지원가능하다.","텍스트파일형태의복구키를제공한다","2","","","윈도우 7에서는 Ultimate와Enterprise 에디션, 윈도우8이후로는Pro에디션부터 사용할 수있다 비트락커는 FAT16, FAT32, exFAT,NTFS에서 사용할 수있다 23년2회","medium","","정보보안기사|필기|기출|지피지기 기출문제|2023년|1회|시스템 보안","2026 수제비 정보보안기사 필기 기본서 · 지피지기 기출문제 · PDF 70쪽 (인쇄 1-51) · 16번","2023","","","","","information-security-engineer"
"WRITTEN_CBT","시스템 보안","SAM(Security Account Manager) 파일이 노출되면 패스워드공격시도로인해계정및패스워드데이터 베이스정보가노출될우려가존재한다.안전한 보안 설정을위해SAM파일에접근할수있도록허용할 그룹은?","Administrator, System 그룹 )Administrator, Power Users 그룹 Administrator, Account Operators 그룹 Administrator, Server Operators 그룹","","","","1","","","SAM 파일에는 Administrator(관리자), System(운영체제)그룹만이 접속할 수 있도록 해서 외부에 노출되는 부분을방지해야 한다.","medium","","정보보안기사|필기|기출|지피지기 기출문제|2023년|2회|시스템 보안","2026 수제비 정보보안기사 필기 기본서 · 지피지기 기출문제 · PDF 70쪽 (인쇄 1-51) · 17번","2023","","","","","information-security-engineer"
"WRITTEN_CBT","시스템 보안","다음이 설명하는것은 무엇인가? -윈도우시스템에서 열린 모든 TCP 및UDP 포트를확 인하는도구이다 -포트별프로세스를확인한다 -리눅스의 sof 명령어와유사하다","kstat","fportn","chkrootkit","anti-rootkit","2","","","kstat 원도우시스템의커널레벨에서 은닉기능을통한공격탐지도구 fportn 열린모든 TCP 및 UDP 포트를 (fport) 확인하는 도구 알려진 루트킷을 탐지하는 chkrootkit 리눅스/유닉스 도구 anti-rootkit . 루트킷을탐지하는도구모음","medium","","정보보안기사|필기|기출|지피지기 기출문제|2024년|1회|시스템 보안","2026 수제비 정보보안기사 필기 기본서 · 지피지기 기출문제 · PDF 70쪽 (인쇄 1-51) · 19번","2024","","","","","information-security-engineer"
"WRITTEN_CBT","시스템 보안","다음 문장에서말하는원도우 인증의 구성요소는? 원도우시스템에서로컬 보안정책과사용자인증을담 당하는서브 시스템으로사용자정보와보안권한에관 한정보를갖는토큰을생성한다.","SAM(Security Account Manager)","SRM(Security Reference Monitor)","LSA(Local Security Authority) Reference Monitor","","3","","","사용자그룹계정정보에대한 SAM 데이터베이스를관리 (Security Account 로그인입력정보와SAM파일에 Manager) 있는DB정보와비교해인증여부 결정 SAM을통해인가되면사용자에게 SRM SID를부여 (Security Reference SID에기반하여파일및디렉터리 Monitor) 접근권한을결정하고감사메시지를 생성 로컬 및 원격 계정의 로그인에 대한 검증을 수행하고 시스템 자원 및 LSA 파일에접근권한을검사 (Locall 이름과SID를매칭하여SRM이 Security Authority) 생성한감사로그를기록 NT 보안의 중심 요소,보안서브 시스템 Reference 시스템의 모든 접근제어를 Model 강제하는보안개념","medium","","정보보안기사|필기|기출|지피지기 기출문제|2024년|4회|시스템 보안","2026 수제비 정보보안기사 필기 기본서 · 지피지기 기출문제 · PDF 72쪽 (인쇄 1-53) · 24번","2024","","","","","information-security-engineer"
"WRITTEN_CBT","시스템 보안","다음중 운영체제별관리자계정이 틀린것은?","윈도우즈-root","유닉스(리눅스)-root","MS SQL – sa(system administrator)","오라클- sys(system)","1","","",". 윈도우에서 총괄 관리자 계정으로는 administrator를 사용하며 root는 유닉스/리눅스의 총괄 관리자 계정이다. 24년4회","medium","","정보보안기사|필기|기출|지피지기 기출문제|2024년|4회|시스템 보안","2026 수제비 정보보안기사 필기 기본서 · 지피지기 기출문제 · PDF 72쪽 (인쇄 1-53) · 25번","2024","","","","","information-security-engineer"
"WRITTEN_CBT","시스템 보안","HKEY_CURRENT_CONFIG HKEY LOCAL MACHINE","","","","","","","","·시스템에등록된 파일 확장자와 HKCR 해당확장자를사용할 (HKEY_ 애플리케이션에대한 매핑 정보 CLASSES COM(Component Object Model) ROOT) 오브젝트등록정보를저장하는 레지스트키 HKCU 현재시스템에 로그인하고 있는 (HKEY_ 사용자와관련된 시스템정보를 CURRENT_ 저장하는레지스트키 USER) 시스템이 시작할 때사용하는 HKCC 하드웨어프로파일정보를저장하는 (HKEY_ 레지스트키 CURRENT_ HKLM의 서브로존재하는config의 CONFIG) 정보를 보유하고있으며 디스플레이와 프린터에 대한설정 정보를보유 컴퓨터에설치된하드웨어와 HKLM 하드웨어를 구동시키는데필요한 (HKEY_ 드라이버및설정 사항에대한 LOCAL_ 정보가 저장되어 있는레지스트리키 MACHINE) 컴퓨터의모든사용자의설정","medium","","정보보안기사|필기|기출|지피지기 기출문제|2024년|4회|시스템 보안","2026 수제비 정보보안기사 필기 기본서 · 지피지기 기출문제 · PDF 73쪽 (인쇄 1-54) · 3번","2024","","","","","information-security-engineer"
"WRITTEN_CBT","시스템 보안","원도우에서관리 목적공유폴더중Nu 세션공유 취약점을 갖는 것은?","C$","ADMINS","IPC$","DEFAULT$","3","","","Null Session 취약점은 비밀번호 없이 윈도우서버에 자유롭게 접근할 수 있는 익명의 접속이다. [명령창] >net use \WPuPC$ ""/u:] 24년 4회","medium","","정보보안기사|필기|기출|지피지기 기출문제|시스템 보안","2026 수제비 정보보안기사 필기 기본서 · 지피지기 기출문제 · PDF 73쪽 (인쇄 1-54) · 27번","","","","","","information-security-engineer"
"WRITTEN_CBT","시스템 보안","다음중시스템에등록된파일확장자와해당확장자 를사용할애플리케이션에대한매핑정보를가지고 있는 레지스트리키는?","HKEY_CLASSES_ROOT 2 HKEY_CURRENT_USER","","","","1","","","","medium","","정보보안기사|필기|기출|지피지기 기출문제|2024년|4회|시스템 보안","2026 수제비 정보보안기사 필기 기본서 · 지피지기 기출문제 · PDF 73쪽 (인쇄 1-54) · 28번","2024","","","","","information-security-engineer"
"WRITTEN_CBT","시스템 보안","다음중원도우보안에대한설명으로올바르지 않은 것은?","일반적으로관리자계정을Administrator로설 정한 경우,로그인 시도실패횟수의 제한이없 는점을이용해악의적인사용자가 패스워드 유추공격을시도할수있으므로관리자계정 의이름을변경한다","Guest 계정은불필요한 경우 사용하지못하도 록변경해야한다.","보안관리편의성을위하여관리업무를위한 계정과일반업무를위한계정을통합해서사 용해야한다","자동화된방법을이용하여공격자는모든사용 자계정에대해암호조합공격을시도할수있 으므로계정잠금임계값설정을적용하여로 그인실패횟수를제한하여야한다.","3","","","일반사용자권한으로부터 받을수 있는시스템 피해를줄이기위해서관리업무를위한계정과일반 업무를위한계정을분리하여사용해야한다. 25년2회","medium","","정보보안기사|필기|기출|지피지기 기출문제|2025년|2회|시스템 보안","2026 수제비 정보보안기사 필기 기본서 · 지피지기 기출문제 · PDF 74쪽 (인쇄 1-55) · 30번","2025","","","","","information-security-engineer"
"WRITTEN_CBT","시스템 보안","프로그램이 자동으로실행되도록설정하는레지스 트리가 아닌 것은?","HKLMSoftware\Microsoft|Windows\Current- VersionRun 2) HKCUSoftwareMicrasoft\Windows\Curent- Version\Run","HKLMSoftware Micrasofit\ Windows\Current- VersionRunOnce HKCUSoftwareMicrasoft windows\Current- Version RunServicesOnce","","","1","","","","medium","","정보보안기사|필기|기출|지피지기 기출문제|2025년|2회|시스템 보안","2026 수제비 정보보안기사 필기 기본서 · 지피지기 기출문제 · PDF 74쪽 (인쇄 1-55) · 31번","2025","","","","","information-security-engineer"
"WRITTEN_CBT","시스템 보안","현재계정에서시스템의고유한D에해당하는필드 는? The SID for account NEWGENERATiONWadministrator is S-1-5-21-2028850195-2427467754-1453335798-500","","번영역","ㄴ번영역","ㄷ번영역","3","","","수정 수준 •SID의버전번호 (Revision Level) 식별자기관값 SID가 어떤 기관에서 (Identifier Authority Value) 생성되었는지를 명시 도메인식별자 (Domain ·시스템의고유한 식별자 Identifier) 기본적으로생성되는기본 계정이 아니라면 상대식별자 1.000보다큰 숫자로생성 (Relative •Administrator의 경우 Identifier) 500번, Guest는 501번, 일반사용자는1000번 이상의 숫자를 보유","medium","","정보보안기사|필기|기출|지피지기 기출문제|2025년|2회|시스템 보안","2026 수제비 정보보안기사 필기 기본서 · 지피지기 기출문제 · PDF 74쪽 (인쇄 1-55) · 32번","2025","","","","","information-security-engineer"
"WRITTEN_CBT","시스템 보안","하드웨어와 소프트웨어설치드라이버설정에 대한 정보를 포함하고있는 원도우레지스트리키(Regis- try Key)로 옳은 것은?","HKEY_LOCAL_ MACHINE HKEY_CLASS ROOT HKEY_CURRENT USER HKEY_USERS","","","","1","","","컴퓨터에설치된하드웨어와 HKLM 하드웨어를구동시키는데필요한 (HKEY_ 드라이버 및설정 사항에대한정보가 LOCAL_ 저장되어있는레지스트리키 MACHINE) 컴퓨터의 모든사용자의설정정보를 담고있음 시스템에등록된파일확장자와해당 HKCR 확장자를사용할애플리케이션에 (HKEY_ 대한매핑 정보, COM(Component CLASSES_ ROOT) Object Model)오브젝트 등록정보를 저장하는레지스트키 HKCU 현재 시스템에 로그인하고있는 (HKEY_ 사용자와관련된시스템정보를 CURRENT_ USER) 저장하는레지스트키 HKU 시스템에있는 모든계정과 그룹에 (HKEY_ 대한정보가저장되어있는 USERS) 레지스트리키","medium","","정보보안기사|필기|기출|지피지기 기출문제|2025년|2회|시스템 보안","2026 수제비 정보보안기사 필기 기본서 · 지피지기 기출문제 · PDF 75쪽 (인쇄 1-56) · 33번","2025","","","","","information-security-engineer"
"WRITTEN_CBT","시스템 보안","원도우의로컬보안정책의암호정책에포함되지않 는 항목은?","최소암호사용기간","암호의복잡성","최근암호기억","암호알고리즘종류","4","","","원도우의 로컬 보안정책의암호정책은다음과 같다. ·암호는복잡성을만족해야함 최근암호기억 ·최대암호사용기간 ·최소암호길이 ·최소암호길이감사 ·최소암호길이제한완화 ·최소암호사용기간 ·해독가능한암호화를사용하여 암호저장 25년4","medium","","정보보안기사|필기|기출|지피지기 기출문제|시스템 보안","2026 수제비 정보보안기사 필기 기본서 · 지피지기 기출문제 · PDF 75쪽 (인쇄 1-56) · 34번","","","","","","information-security-engineer"
"WRITTEN_CBT","시스템 보안","윈도우의로컬보안정책에대한설명으로옮지않은 것은?","OS관리자계정인Administrator의 계정 이름 의변경이가능하다.","최대암호사용 기간에 대해서설정이가능하 다.","암호알고리즘의종류를설정할수있다.","원도우감사정책의유형을선택할수있다.","3","","","·원도우 로컬보안정책은 운영체제의 보안설정을 관리하는도구로,계정정책,로컬정책,감사정책 등을 설정할 수있다 OS관리자 계정인 Administrator의 계정 이름 변경 가능하며,최대암호사용기간설정,감사정책 유형 선택이 가능하나,직접적인 암호알고리즘의 종류를 선택할 수 없다","medium","","정보보안기사|필기|기출|지피지기 기출문제|시스템 보안","2026 수제비 정보보안기사 필기 기본서 · 지피지기 기출문제 · PDF 75쪽 (인쇄 1-56) · 35번","","","","","","information-security-engineer"
"WRITTEN_CBT","시스템 보안","다음중원도우 시스템의기본공유 폴더가 아닌것 은 무엇인가?","C$","ADMIN$","IPC$","ROOT$","4","","","ROOT$는 원도우 시스템의 기본 공유 폴더가 아니다 25년 4회","medium","","정보보안기사|필기|기출|지피지기 기출문제|시스템 보안","2026 수제비 정보보안기사 필기 기본서 · 지피지기 기출문제 · PDF 76쪽 (인쇄 1-57) · 36번","","","","","","information-security-engineer"
"WRITTEN_CBT","시스템 보안","다음중원도우공유폴더설정에 대한설명으로옮 지 않은 것은 무엇인가?","공유하려는폴더의속성에서'공유(S)'옵션을 활성화하면네트워크를통해접근할수있다","공유폴더는NTFS권한과공유권한을모두고 려하여접근권한이결정된다.","외부의 불특정 사용자를차단하기 위해서는 Anonymous 계정접근을차단해야한다.","기본공유폴더 기능을제거하기위해서는레 지스트리의 AutoShareServer의 설정 값을 1로 변경해야한다","4","","","기본 공유 폴더(C$,ADMIN$, IPC$등)를 비활성화하려면 AutoShareServer 값을 0으로 변경해야 한다 레지스트리 상의 HKEY_LOCAL_MACHINE SYSTEMICurrentControlSetiServicesl LanmanServerVParameters으| AutoShareServer(또는 AutoShareWks)의 값을 이(비활성화)으로변경해야한다.","medium","","정보보안기사|필기|기출|지피지기 기출문제|2025년|4회|시스템 보안","2026 수제비 정보보안기사 필기 기본서 · 지피지기 기출문제 · PDF 76쪽 (인쇄 1-57) · 37번","2025","","","","","information-security-engineer"
"WRITTEN_CBT","시스템 보안","원도우운영체제에서기본적으로지원하지않는파 일 시스템은 무엇인가?","FAT16","FAT32","EXT3","NIFS","3","","","윈도우OS • FAT16, FAT32, NTFS 리눅스 OS EXT3","medium","","정보보안기사|필기|예상|천기누설 예상문제|시스템 보안","2026 수제비 정보보안기사 필기 기본서 · 천기누설 예상문제 · PDF 78쪽 (인쇄 1-59) · 5번","","","","","","information-security-engineer"
"WRITTEN_CBT","시스템 보안","다음중레지스트리루트키에대한설명으로올바르 지 않은 것은?","HKEY_CLASSES_ROOT : OLE데이터 확장자 에대한 정보및파일과 프로그램간연결정보 가 포함되어 있다.","HKEY_CURRENT_USER:컴퓨터환경정보가 저장되어있으며다수사용자가사용할경우 각사용자별프로파일이 저장되어있다.","HKEY_USERS: 개별사용자정보들이 저장되 어있다. HKEY_ CURRENT_CONFIG : HKEY_LOCAL MACHINE에 존재하는Config의 정보를보유 하고있다.","","2","","","HKU(HKEY_USERS)는 시스템에 있는 모든 계정과 그룹에대한정보가저장되어있는레지스트리 키이다","medium","","정보보안기사|필기|예상|천기누설 예상문제|시스템 보안","2026 수제비 정보보안기사 필기 기본서 · 천기누설 예상문제 · PDF 80쪽 (인쇄 1-61) · 12번","","","","","","information-security-engineer"
"WRITTEN_CBT","시스템 보안","윈도우의NTFS 파일시스템설명으로옳지 않은것 은?","NTFS의 보안설정은everyone 그룹에 대하여 모든권한을설정할수없다","netshare폴더에 의해서 공유 폴더를 확인할수 있다.","원도우 파일시스템에는 FAT16, FAT32, NTFS 가존재하며,NTFS는 윈도우NT, 윈도우2000 윈도우XP에서사용된다.","원도우에서manager에게작업을분담시키고리 소스를제어하는것은Object Manager이다.","","","","Everyone이공유계정에 포함되어 있는 경우익명의 사용자가접근할수있으므로접근권한에서 Everyone권한 제거 후필요한 계정을 추가하여야 한다. 권한 설정 시 Everyone 그룹의 이용이 가능하다.","medium","","정보보안기사|필기|예상|천기누설 예상문제|시스템 보안","2026 수제비 정보보안기사 필기 기본서 · 천기누설 예상문제 · PDF 81쪽 (인쇄 1-62) · 14번","","","","","","information-security-engineer"
"WRITTEN_CBT","시스템 보안","목적에따라계정그룹을만들어서일괄적인권한설 정이 가능한데 원도우NT는 기본 그룹이 존재한다. 다음 중 기본 그룹에 속하지 않는 것은?","Administrators","Backup Operators","Interactive","Power Users","","","","기본그룹은다음과 같다. ·컴퓨터 도메인의 모든 Administrators 액세스권한을가진관리자 그룹 시스템백업을위해서모든 Backup 시스템의 파일과디렉터리에 Operators 접근할수있는그룹 •디렉터리나네트워크를 Power Users 공유할 수 있고 공용 프로그램그룹을생성, 표준","medium","","정보보안기사|필기|예상|천기누설 예상문제|시스템 보안","2026 수제비 정보보안기사 필기 기본서 · 천기누설 예상문제 · PDF 81쪽 (인쇄 1-62) · 15번","","","","","","information-security-engineer"
"WRITTEN_CBT","시스템 보안","다음중로그인을진행할때원도우 시스템이인가되 지않은사용자의접근을제한할경우참조하는파일 은?","SECURITY","HOST","SYSTEM","SAM","","","","SAM은 사용자, 그룹 계정정보에대한 데이터베이스를 관리하며 로그인입력정보와SAM 파일에 있는 DB 정보와 비교해 인증 여부결정한다","medium","","정보보안기사|필기|예상|천기누설 예상문제|시스템 보안","2026 수제비 정보보안기사 필기 기본서 · 천기누설 예상문제 · PDF 81쪽 (인쇄 1-62) · 16번","","","","","","information-security-engineer"
"WRITTEN_CBT","시스템 보안","다음 문장에서설명하는 파일시스템은? 이파일시스템은원도우의NT계열운영체제의파일시 스템으로윈도우2000,윈도우XP, 윈도우서버2003 윈도우서버2008,윈도우비스타윈도우7,윈도우서버 2008 R2,윈도우8,윈도우서버2012,윈도우81,윈도 우서버2012 R2등에도포함되어있다","FAT","FAT16","FAT32","NIFS","","","","NTFS(New Technology File System)는 접근제어가 적용된 파일시스템으로 원도우 NT에서 지원한다. NTFS 파일시스템은 최대 8PB(Peta Byte)까지의 용량을 지원하며,기본적으로 EFS(Encryption File System) 기능을 지원한다 결함관리 기능 및 사용자의행위를 추적할 수있는 감사기능을제공한다.","medium","","정보보안기사|필기|예상|천기누설 예상문제|시스템 보안","2026 수제비 정보보안기사 필기 기본서 · 천기누설 예상문제 · PDF 81쪽 (인쇄 1-62) · 17번","","","","","","information-security-engineer"
"WRITTEN_CBT","시스템 보안","시스템에있는 모든계정과그룹에관한정보를저장 하고있는 레지스트리는 무엇인가?","HKEY_LOCAL MACHINE","HKEY_CURRENT_USER","HKEY_CURRENT CONFIG 4 HKEY_USERS","","4","","","HKL 컴퓨터에설치된하드웨어와 M(HKEY_ 하드웨어를 구동시키는데 필요한 LOCAL_ 드라이버 및설정 사항에대한 MACHINE) 정보가 저장되어있는레지스트리키 HKCU 현재시스템에로그인하고있는 (HKEY_ 사용자와관련된시스템정보를 CURRENT_ USER) 저장하는레지스트키 HKCC 시스템이시작할 때사용하는 (HKEY_ 하드웨어프로파일정보를저장하는 CURRENT_ 레지스트키 CONFIG) HKU 시스템에 있는 모든 계정과 그룹에 (HKEY_ 대한정보가저장되어있는 USERS) 레지스트리키","medium","","정보보안기사|필기|예상|천기누설 예상문제|시스템 보안","2026 수제비 정보보안기사 필기 기본서 · 천기누설 예상문제 · PDF 82쪽 (인쇄 1-63) · 18번","","","","","","information-security-engineer"
"WRITTEN_CBT","시스템 보안","윈도우PC 보안을강화하기위한방법으로옮지 않 은것은?","SMB/NetBIOS등파일공유에주의한다.","SNMP Service등 사용자PC에서 불필요한 서 비스를제거한다.","불필요한 계정을 제거하고Guest 계정만 남겨 둔다.","최신패치를주기적으로적용하고바이러스백 신을사용한다.","3","","","Guest 계정도불필요한 기본 계정으로써, 제거를","medium","","정보보안기사|필기|예상|천기누설 예상문제|시스템 보안","2026 수제비 정보보안기사 필기 기본서 · 천기누설 예상문제 · PDF 82쪽 (인쇄 1-63) · 21번","","","","","","information-security-engineer"
"WRITTEN_CBT","시스템 보안","원도우파티션설정, 관리자계정설정등원도우설 치시고려하여야할보안관련사항에대한설명으 로틀린것은?","원도우설치시운영체제는주파티션에설치하 여C드라이브가손상되어도D드라이브에있 는파일들은안전하게 보존하도록두개이상 의파티션으로구성하도록 한다.","폴더에사용자마다서로다른액세스권한을 설정하기 위해서는Windows설치NTFS파일 시스템으로설치하여야한다","Windows Server에서 Universal Group은 관리 할Global Group이나 리소스가많은경우에서 로다른도메인들의Global Group을묶기 위해 사용하는그룹이다.","EFS(Encrypting File System)는 물리 터 자체 를암호화하는방식으로파일암복호화에는대 칭키를사용하며, Windows 10에서지원을시 작한 파일시스템이다.","4","","","","medium","","정보보안기사|필기|예상|천기누설 예상문제|시스템 보안","2026 수제비 정보보안기사 필기 기본서 · 천기누설 예상문제 · PDF 83쪽 (인쇄 1-64) · 23번","","","","","","information-security-engineer"
"WRITTEN_CBT","시스템 보안","다음중원도우시스템에서기본으로생성되는공유 로 옳지 않은 것은?","C$","admin$","IPCS","users$","2","","",": 연결된하드드라이브문자수만큼 공유된폴더 C$, D$ : 하드디스크내모든폴더에접근할수 있으므로위험 존재 프로세스간 통신(IPC)을위해 IPC$ 네트워크기반다중프로세스간통신 시공유폴더가사용됨 윈도우설치 폴더 연결된 경우로, ADMIN$ 윈도우대상파일복사하거나변경 필요시 이용","medium","","정보보안기사|필기|예상|천기누설 예상문제|시스템 보안","2026 수제비 정보보안기사 필기 기본서 · 천기누설 예상문제 · PDF 84쪽 (인쇄 1-65) · 25번","","","","","","information-security-engineer"
"WRITTEN_CBT","시스템 보안","0~60000 • 사용자 계정의UID 범위 201~999 A 시스템 계정의 UID 범위","","","","","","","","","medium","","정보보안기사|필기|예상|천기누설 예상문제|2025년|1회|시스템 보안","2026 수제비 정보보안기사 필기 기본서 · 천기누설 예상문제 · PDF 91쪽 (인쇄 1-72) · 100번","2025","","","","","information-security-engineer"
"WRITTEN_CBT","시스템 보안","0~60000 . 사용자 계정의 GID 범위 210~999 - 시스템 계정의GID범위 yes 홈디렉터리 생성여부 077 . umask 값 설정 사용자계정을삭제할 때해당 yes 사용자가속한개인그룹도 함께삭제할지여부 SHA512 암호화기법 설명 • ""계정명에 해당하는사용자의 계정 및 홈디렉터리등 사용자와관련된모든파일을삭제 userdel 예시","","","","","","","","","medium","","정보보안기사|필기|예상|천기누설 예상문제|2025년|1회|시스템 보안","2026 수제비 정보보안기사 필기 기본서 · 천기누설 예상문제 · PDF 91쪽 (인쇄 1-72) · 100번","2025","","","","","information-security-engineer"
"WRITTEN_CBT","시스템 보안","파일시스템이해 및관리 (1) 유닉스/리눅스파일 시스템의구조 하드디스크 파티션1 파티션2 파티션 부트 슈퍼 i-node 데이터 슈퍼 블록 블록 블록 블록 블록 실린더그룹 유닉스/리눅스 파일 시스템의 구조 유닉스/리눅스 파일 시스템의구조 구조 설명 부트 블록 부팅 시 필요한 코드를 저장하고있는 블록 (Boot Block) 첫번째실린더 그룹에만 존재함 슈퍼 블록 ·전체 파일 시스템에 대한 정보를저장하고있는블록 (Super Block) ·총블록의수,사용가능한i-node개수, 사용가능한블록수등정보제공 i-node 블록 각파일이나 디렉터리에대한 모든정보를저장하고있는블록 데이터 블록 ·파일의내용을저장하기 위한블록 (Data Block) 개H 박살내기 i-node블록상세","i-node 블록 종류[22년4회, 24년2회] Direct Blocks Single Indirect Blocks Inode (12개,각4KB) (1개, 각4KB) Information 1 Blocks of Blocks of 2 Pointers Pointers 3 1 1 2 2 13 14 128 128 15 - 1 2 2 128 128","","","","","","","","medium","","정보보안기사|필기|예상|천기누설 예상문제|시스템 보안","2026 수제비 정보보안기사 필기 기본서 · 천기누설 예상문제 · PDF 92쪽 (인쇄 1-73) · 2번","","","","","","information-security-engineer"
"WRITTEN_CBT","시스템 보안","명령어 출력항목중파일 권한과관련해서는이 파트 항목 의뒷부분중에 접근권한부 분에서자세히다룹니다 - d 파일 종류 b C ¶ 파일권한 파일/디렉터리의 디렉터리 수 소유자 . 그룹 파일 및 크기 파일 및 최종접근시간 파일 및","lsof (list open files) [23년1] 다. Isof [옵션] 항목 -U사용자 옵션 -i포트 #Isof-u soojebi →soojeb라는사용자가오픈한파일들의 현황을확인 #Isof-i TCP →TCP로 오픈한 프로세스에 대한 현황을 확인 #Isof +D/media/hdal →/media/hda1디렉터리의열린 파일의현황을확인","","","","","","","","medium","","정보보안기사|필기|예상|천기누설 예상문제|시스템 보안","2026 수제비 정보보안기사 필기 기본서 · 천기누설 예상문제 · PDF 97쪽 (인쇄 1-78) · 5번","","","","","","information-security-engineer"
"WRITTEN_CBT","시스템 보안","인증·접근통제의 이해 및 관리 (1) 인증 이해 및관리","passwd 파일[22년1회,2회,24년2회,25년1회,2회] passwd 파일은 시스템에 로그인하려는 사용자의정보를 저장하고 있는 텍스 트 파일이다","","","","","","","","medium","","정보보안기사|필기|예상|천기누설 예상문제|시스템 보안","2026 수제비 정보보안기사 필기 기본서 · 천기누설 예상문제 · PDF 100쪽 (인쇄 1-81) · 3번","","","","","","information-security-engineer"
"WRITTEN_CBT","시스템 보안","(wx=0+2+1),소유그룹 권한 권한4(r=4+0+0),기타 사용자권한기(nwx= 4+2+1)이|고-wrr--rwx로 표시 setuid S가들어감","","","","","","","","","medium","","정보보안기사|필기|예상|천기누설 예상문제|시스템 보안","2026 수제비 정보보안기사 필기 기본서 · 천기누설 예상문제 · PDF 107쪽 (인쇄 1-88) · 3번","","","","","","information-security-engineer"
"WRITTEN_CBT","시스템 보안","다음은 passwd 파일 구조를 나타내는 그림이다.""A"" 는무엇인가? Test:× : 50Q : 50Q:Gen-User :/home/test :usr/bin/bash A B C D E F G","패스워드","UIDi","계정명","설명","3","","","·A는계정명, B는패스워드,C는 사용자ID(UID),D는 그룹ID(GID),E는설명,F는홈디렉터리,G는 쉴 종류이다. 필드 항목 값 설명 * Test라는 이름의 A 계정명 Test 계정 B 패스워드 x ×는비밀번호가 설정되어있음 . Test라는 사용자를 C 사용자 500 식별하기위해 ID 500이라는ID를 사용 Test라는사용자가 D 그룹ID 500 속해있는 그룹의 ID가500 E 설명 Gen- . 사용자의 이름은 User Gen-User . 로그인후에 홈 /home/ 사용자의 홈 F 디렉터리 test 디렉터리경로는 /home/test /usr/ • 로그인할때 G 로그인 bin/ /usr/bin/bash를 쉴 bash 실행","medium","","정보보안기사|필기|기출|지피지기 기출문제|2022년|1회|시스템 보안","2026 수제비 정보보안기사 필기 기본서 · 지피지기 기출문제 · PDF 113쪽 (인쇄 1-94) · 1번","2022","","","","","information-security-engineer"
"WRITTEN_CBT","시스템 보안","다음문장에서리눅스시스템에 침해흔적을 조사하 기 위해 루트권한을 가진setuid를찾는명령어로 괄호 안에 들어갈 적합한것은? find/-user root -type f V( )-exec Is -al","-pem -06000\","-pem -00100ci","-pem -00400\","-pem -00200ci","1","","","setuid를 찾기위해서는 특수권한에 해당하는 4가 들어가야 한다 파일 소유자 소유 기타 종류 특수 권한 권한 그룹 사용자 권한 권한 4 2 1 4 2 1 4 2 1 4 2 - ¯d, sticky C,b.p setuid setgid F W x r W X F W X bit -perm-O6000일 경우setuid와 setgid를포함하는 권한을 가지고 있다.","medium","","정보보안기사|필기|기출|지피지기 기출문제|2022년|1회|시스템 보안","2026 수제비 정보보안기사 필기 기본서 · 지피지기 기출문제 · PDF 114쪽 (인쇄 1-95) · 3번","2022","","","","","information-security-engineer"
"WRITTEN_CBT","시스템 보안","관리자 A는개발그룹으로 신규 사용자 등록(kim, jang) 작업을어느날수행한후1주일후에 아래와같 은시스템 내용을 보고 판단하였다.올바른 판단은? Vs -al /etc/passwd -rw-r----1 root root 54192 Jan 20 2015 passwd Vis -al /home/ang drwxr-x---2 jang jang 120 Jan 27 05:12 Vis -al /home/kim drwxr-xr-x 2 kim kim 120 Jan 20 04:12","패스워드 파일(Vetc/passwd)은누구든지 직접 수정가능하다","사용자jang은/etc/passwd 파일의 권한을 설 정할수있다.","사용자kim은사용자계정에jang디렉터리에 들어가서읽을수도없고실행을못시킬것이 다.","jang은 kim의패스워드를바꿀수있다.","2","","","파일및디렉터리권한을 보려면 1s -a 명령어를 사용한다. 숨겨진파일또는모든파일을보여주는 a 옵션 긴설명 목록(long listing)을 보여주는 - 옵션 /etc/passwd 파일은root 소유로root만 읽고 쓸수 있고나머지 사용자는읽기만 가능하다. /home/jang 파일에대해사용자 jang은읽기/쓰기/ 실행이 가능하고,그룹jang은읽기/실행이가능하고, 그외에는읽기/쓰기/실행 모두불가능하다. /home/kim파일에대해사용자kim은 읽기/쓰기/실행이 가능하고,그룹kim은읽기/실행이 가능하고,그외에는읽기/실행이가능하다","medium","","정보보안기사|필기|기출|지피지기 기출문제|2022년|1회|시스템 보안","2026 수제비 정보보안기사 필기 기본서 · 지피지기 기출문제 · PDF 114쪽 (인쇄 1-95) · 4번","2022","","","","","information-security-engineer"
"WRITTEN_CBT","시스템 보안","소유권 없는 파일을 찾는 명령어 및옵션이 아닌 것은?","find/ -1s 2> /dev/null","find/λ(-nouser -o -nogroup V -xdev –exec ls -al{} i; 2> /dev/null","find/-nouser -print","find/-nogroup -print","1","","","find는 사용자가원하는파일을찾아주는역할을 수행하는 명령어이다. -15 ·상세 정보를 출력해주는옵션 -nouser ·소유자가없는 파일검색하는옵션 -nogroup 소유그룹이 없는파일검색하는옵션 -xdev 다른 파일 시스템은검색하지않는옵션 검색된파일에대해지정된명령실행 -exec 명령:찾은내용이에포함되는 명령식을 작성하는 옵션 파일을찾은후에 화면에출력하는옵션 -print 기본값으로설정되어있음 -ㅇ 또는 ·조건중에하나라도일치하는 -or 파일을출력하는옵션 표준입출력은 다음과 같다. 항목 설명 0 ·표준입력 1 ·표준출력 2 표준에러 리눅스에서/dev/nul은버리라는의미이다 find / -1s 2> 모든파일에상세정보 /dev/null 중에서표준에러와 관련된출력은버림 find / V -nouser-0 ·현재파일시스템에서 -nogroup V -xdev 소유자가없거나 -exec Is -al i; 2> 소유그룹이 없는파일을 /dev/null 찾고표준에러와 관련된출력은버림 find /-nouser 소유자가없는파일을 -print 출력하는명령 find /-nogroup ·소유그룹이 없는파일을 -print 출력하는 명령","medium","","정보보안기사|필기|기출|지피지기 기출문제|2022년|1회|시스템 보안","2026 수제비 정보보안기사 필기 기본서 · 지피지기 기출문제 · PDF 115쪽 (인쇄 1-96) · 5번","2022","","","","","information-security-engineer"
"WRITTEN_CBT","시스템 보안","유닉스시스템에서실행 중인프로세스별CPU 점유 율,메모리 점유율,시스템 부하율등전반적인모니 터링이 가능한 명령어는?","df","iostat netstat","top","","4","","","df 리눅스시스템 전체의디스크 사용량을 확인하는 명령에(Disk Free) 전송제어 프로토콜,라우팅 테이블 수많은네트워크 인터페이스네트워크 netstat 프로토콜통계를위한네트워크연결을 보여주는 도구 현재 실행 중인 프로세스 목록과상태를 보여주는 명령어(Table Of Process) top 프로세스별 CPU 점유율, 메모리 점유율, 시스템 부하율등전반적인","medium","","정보보안기사|필기|기출|지피지기 기출문제|2022년|4회|시스템 보안","2026 수제비 정보보안기사 필기 기본서 · 지피지기 기출문제 · PDF 116쪽 (인쇄 1-97) · 9번","2022","","","","","information-security-engineer"
"WRITTEN_CBT","시스템 보안","패스워드복잡성설정을위한OS별해당파일이올 바르게 짝지어진 것은?","SOLARIS, /etc/security/pwquality, conf","LINUX(RHEL5), /etc/pam, d/system-auth","AIX, /etc/default/passwd","LINUX(RHEL7), /etc/default/security","2","","","SOLARIS •/etc/default/passwd AIX •/etc/security/user LINUX(RHEL5) •/etc/pam.d/system-auth LINUX(RHEL7) •/etc/security/pwquality.conf 23년 1회","medium","","정보보안기사|필기|기출|지피지기 기출문제|2022년|4회|시스템 보안","2026 수제비 정보보안기사 필기 기본서 · 지피지기 기출문제 · PDF 116쪽 (인쇄 1-97) · 10번","2022","","","","","information-security-engineer"
"WRITTEN_CBT","시스템 보안","다음은 sudo 설정 파일(etc/sudoers)의 내용이다. sudo를 통한 명령사용이 불가능한 사용자는? %admin ALL=(ALL) ALL %SUdo ALL=(ALL:ALL) ALL root ALL=(ALL:ALL) ALL guest3 ALL=(ALL:ALL) ALL","uid=(10)guest1, gid=(10)guest1, groups=(10) guest1,3(admin)","uid=(11)guest2, gid=(11)guest2, groups=(11) guest2,4(sudo)","uid-(12)guest3, gid=(12)guest3, groups=(12) guest3,5(adm) uid=(13)guest4, gid=(13)guest4, groups=(13) guest4,5(adm)","","4","","","sudoers 파일에서 첫번째항목이 사용자/그룹 계정으로sudo 권한을 가진 그룹은 %admin(admin 그룹), %sudo(sudo 그룹), root, guest3이다. uid=(10)guest1, gid=(10)guestl, groups=(10)guest1,3(admin) UID가 10인 guest1은 GID가 10인 자신의 그룹과 admin 그룹에 속하는데 admin 그룹은 sudo 권한을 가질 수 있으므로 sudo를 사용할 수 있다. uid=(11)guest2, gid=(11)guest2, groups=(11)guest2,4(sudo) UID가 11인 guest2는 GID가 11인 자신의 그룹과 sudo 그룹에 속하는데, sudo 그룹은 sudo 권한을 가질 수 있으므로 sudo를 사용할 수 있다. uid=(12)guest3, 3, gid=(12)guest3, groups=(12)guest3,5(adm) UID가 12인 guest3은 GID가 12인 자신의 그룹과 adm 그룹에 속하는데, guest3은 sudo 권한을 가질 있으므로 sudo를 사용할 수 있다. uid=(13)guest4, gid=(13)guest4, groups=(13)guest4,5(adm) UID가13인 I guest4는 GID가 13인자신의그룹과 adm 그룹에 속하는데, guest4와 adm 그룹은 sudo 권한을 가질 수 MA 없으므로 sudo를 사용할 수없다.","medium","","정보보안기사|필기|기출|지피지기 기출문제|2023년|1회|시스템 보안","2026 수제비 정보보안기사 필기 기본서 · 지피지기 기출문제 · PDF 117쪽 (인쇄 1-98) · 12번","2023","","","","","information-security-engineer"
"WRITTEN_CBT","시스템 보안","솔라리스시스템에서 제공하는 BSM(Basic Security Module)에대한설명으로틀린 것은?","솔라리스에서제공하는커널기반의로강모둘 이다.","시스템로그에대한 대부분의 정보를수집해 syslog라고불린다.","시스템자원을5~10%정도소모하므로기본적 으로동작하지않는다.","특정 계정이나 시스템동작에 대한 집중적인 로그가 필요할때만사용한다","2","","","BSM(Basic Security Module)은 커널 기반의 보안 로김모듈로,고급보안감사및모니터링기능을 제공한다. 10%이내시스템 자원을 소모함에 따라보안 요구사항이있을 때만 활성화하며, 특정 계정이나 시스템활동등 특정 로그 수집에 사용된다. 23년2회","medium","","정보보안기사|필기|기출|지피지기 기출문제|2023년|2회|시스템 보안","2026 수제비 정보보안기사 필기 기본서 · 지피지기 기출문제 · PDF 118쪽 (인쇄 1-99) · 14번","2023","","","","","information-security-engineer"
"WRITTEN_CBT","시스템 보안","Unix시스템의사용자권한에서 실행하여 root권한 을획득할수있는백도어프로그램을만들었다.백 도어 실행 파일에 대한 권한설정으로옮은 것은?","chmod 4644","chmod 4755","chmod 2644","chmod 2755","2","","","","medium","","정보보안기사|필기|기출|지피지기 기출문제|2023년|2회|시스템 보안","2026 수제비 정보보안기사 필기 기본서 · 지피지기 기출문제 · PDF 118쪽 (인쇄 1-99) · 15번","2023","","","","","information-security-engineer"
"WRITTEN_CBT","시스템 보안","Umask에 관한설명으로틀린것은 무엇인가?","Umask는 파일이나디렉터리가 생성될때 기본 권한을설정하기위해사용된다","Umask값이높을수록파일이나 디렉터리의권 한이더많이 제한된다","Umask는3자리의8진수로 표현된다.","Umask의 권장값은755이다.","4","","","Umask의권장값으로755는 적합하지 않으며,보안 권장 값으로는 022 또는 0270 많이 사용된다. 24년 1회","medium","","정보보안기사|필기|기출|지피지기 기출문제|2024년|1회|시스템 보안","2026 수제비 정보보안기사 필기 기본서 · 지피지기 기출문제 · PDF 119쪽 · 17번","2024","","","","","information-security-engineer"
"WRITTEN_CBT","시스템 보안","PAM(Pluggable Authentication Modules)의 특징 으로틀린것은 무엇인가?","PAM은다양한인증방법을지원하도록모들화 된구조를제공한다.","PAM의구현은 단순하게구현가능하다","PAM을통해시스템관리자들은인증정책을 중앙에서관리할수있다.","PAM설정파일은일반적으로/etc/pam,d디렉 터리에위치한다.","2","","","PAM의 경우, 이용시/etc/pam.conf에서단순하게 설정이가능하나,구현은단순하게되어 있지 않다.","medium","","정보보안기사|필기|기출|지피지기 기출문제|2024년|1회|시스템 보안","2026 수제비 정보보안기사 필기 기본서 · 지피지기 기출문제 · PDF 119쪽 · 18번","2024","","","","","information-security-engineer"
"WRITTEN_CBT","시스템 보안","취약점분석시UNIX 시스템에서계정 점검항목이 아닌것은 무엇인가?","비밀번호복잡성정책설정","사용하지않는계정의비활성화","root계정의원격접속제한여부","/etc/passwd파일소유자및권한설정","4","","","/etc/passwd 파일 소유자및권한설정의 경우 계정을 관리하는 파일이나 주요정보통신기반시설 기술적 취약점 분석에서 파일 및 디렉터리관리 항목으로 분류된다. 24년 1회","medium","","정보보안기사|필기|기출|지피지기 기출문제|2024년|1회|시스템 보안","2026 수제비 정보보안기사 필기 기본서 · 지피지기 기출문제 · PDF 119쪽 · 19번","2024","","","","","information-security-engineer"
"WRITTEN_CBT","시스템 보안","리눅스에서패스워드저장시취약하지 않은알고리 즘으로 주로사용되는알고리즘은?","MD5","AES","SHA-256","SHA-512","4","","","·MD5는취약성으로인해패스워드로 사용하지 않으며,최신 리눅스 시스템에서는 보안성을높이기 위해SHA-512를사용하는 경우가많다 AES는대칭키 알고리즘으로패스워드저장시 사용하지 않으며,SHA-256은일부리눅스 시스템에서지원되기도하지만,SHA-512가주로 이용된다. 24년 2회","medium","","정보보안기사|필기|기출|지피지기 기출문제|2024년|1회|시스템 보안","2026 수제비 정보보안기사 필기 기본서 · 지피지기 기출문제 · PDF 119쪽 · 20번","2024","","","","","information-security-engineer"
"WRITTEN_CBT","시스템 보안","리눅스에서 UID와 GID가 O인 사용자는 무엇인가?","su","root","admin )administrator","","2","","","","medium","","정보보안기사|필기|기출|지피지기 기출문제|2024년|2회|시스템 보안","2026 수제비 정보보안기사 필기 기본서 · 지피지기 기출문제 · PDF 119쪽 · 21번","2024","","","","","information-security-engineer"
"WRITTEN_CBT","시스템 보안","패스워드를 변경없이사용할수있는최대일수를 60일로설정하는명령어로옳은 것은?","passwd -n 60","passwd -w 60","passwd -i 60","passwd -x 60","4","","","passwd 명령어를 통해서 사용자 계정의 비밀번호를 설정하거나 변경할 때사용하는명령어이다 ·최소변경일을변경하는 -n 옵션(최소사용일수) ·최대변경일을변경하는 -X 옵션(최대일수) -W 경고일수를변경하는옵션 -i 비활성일수를변경하는옵션 -e 만기날짜를 변경하는옵션 24년2회","medium","","정보보안기사|필기|기출|지피지기 기출문제|2024년|2회|시스템 보안","2026 수제비 정보보안기사 필기 기본서 · 지피지기 기출문제 · PDF 120쪽 · 22번","2024","","","","","information-security-engineer"
"WRITTEN_CBT","시스템 보안","리눅스 PAM에서 root의 password도 fail 횟수를기 록하나 실제 lock은 걸지 않도록 하는 옵션은?","no_magic_root","deny=5","reset","unlock_time = 120","1","","","Module_argument는 모둘에 전달하는 인수(Arguments)를 지정하는 항목이다. 5회입력실패시패스워드 deny=5 잠금 root에게는 패스워드 잠금을 no_magic_root 미적용 계정 잠김후마지막계정 실패시간부터설정된시간이 unlock_time 지나면자동계정잠김 해제(단위: 초) 접속시도성공시실패횟수 reset 초기화 auth required /lib/security/pam_tally.so deny=5 unlock_time=120 no_magic_root 5회입력실패시패스워드잠금을120초동안","medium","","정보보안기사|필기|기출|지피지기 기출문제|2024년|2회|시스템 보안","2026 수제비 정보보안기사 필기 기본서 · 지피지기 기출문제 · PDF 120쪽 · 23번","2024","","","","","information-security-engineer"
"WRITTEN_CBT","시스템 보안","애플리케이션에서생성한 파일이나,사용자가 임의 로생성한파일등의심스럽거나특이한파일의발견 시SUID(SetUID)를 제거해야하는프로그램이 아닌 것은?","/usr/sbin/sparcv7/sysdef","/usr/bin/newgrp","/usr/sbin/traceroute","/sbin/dump","1","","","악의적인 사용자의 권한상승을 방지하기 위해 불필요한 SUID(SetUID)와 SGID(SetGID) 설정을 제거해야 하는 프로그램은다음과 같다. /usr/bin/newgrp 사용자그룹변경 /usr/sbin/ ·네트워크경로추적 traceroute /sbin/dump ·파일시스템전체를백업 /usr/sbin/sparcv7/sysdef는 시스템설정정보를 출력하는 명령어로써SUID를 제거해야하는 명령어가 아니다 24년2회","medium","","정보보안기사|필기|기출|지피지기 기출문제|시스템 보안","2026 수제비 정보보안기사 필기 기본서 · 지피지기 기출문제 · PDF 120쪽 · 24번","","","","","","information-security-engineer"
"WRITTEN_CBT","시스템 보안","'soojebi 계정에 임의의 GID를추가하기 위한명령 어는?","usermod -F 200 soojebi","usermod -G 100 soojebi","usermod -F 100 soojebi","useradd -G 100 soojebi","2","","","usermod는 사용자 계정에 대한 다양한 정보들을 변경하는 명령어이다. 계정명에해당하는 usermod -G 사용자를GID 또는 GID그룹명 계정명 ‘그룹명'에해당하는 GID에추가 useradd는 사용자 계정을 추가하는 명령어이다. 24년 4회","medium","","정보보안기사|필기|기출|지피지기 기출문제|2024년|2회|시스템 보안","2026 수제비 정보보안기사 필기 기본서 · 지피지기 기출문제 · PDF 121쪽 · 26번","2024","","","","","information-security-engineer"
"WRITTEN_CBT","시스템 보안","리눅스시스템의 UMASK가 0344로설정되어 있을 경우 디렉터리생성 시 설정되는 권한은?","drwx-wx-wx","d-w-r-xr-x","dr---Wx-WX","dr-x-wx-Wx","3","","","접근권한은파일을생성할때는666에서umask로 지정한 값을AND연산하고 1디렉터리를생성할때는 777에서 umask로 지정한 값을AND 연산한다 777을2진수로 바꾸면 111 111 111이 되고, 344를 2진수로 바꾸면 011100 100이 된다 -344의 2진수값에서 NOT 연산(0을1로1을 0으로바꿈)을수행하면 100 011 011이된다. 111 111 111 & 100 011 011 100 011 011 ·최종권한은2진수로100 011 011이므로r---wx -wx가 된다.","medium","","정보보안기사|필기|기출|지피지기 기출문제|2024년|4회|시스템 보안","2026 수제비 정보보안기사 필기 기본서 · 지피지기 기출문제 · PDF 121쪽 · 27번","2024","","","","","information-security-engineer"
"WRITTEN_CBT","시스템 보안","다음중리눅스시스템에서 악성 프로세스명을 모를때 좀비프로세스를 확인하기 위한명령어로옳은 것은?","ps -ef | grep defunct","top -b -n 1 | grep defunct","top -b -n 1 | grep zombie","ps -ef | grep zombie","1","","","지정된 악성프로그램명이 없는경우프로세스상태 값을 기준으로 좀비 프로세스를확인한다. ps 명령어중에서 좀비프로세스는프로세스상태 끝에<defunct>라고 표시한다. $ps -ef root 1234 5678 0 Jun6 00:00:00 [soojebi] <defunct> ps 명령어에서 defunct라는 문자열이있는라인을 출력해주면 좀비 프로세스들을 확인할 수 있다. $ ps –ef I grep ""defunct"" →ps명령어를 실행했을 때(-e는 모든 프로세스를 출력, -는프로세스의 모든 정보를 출력하는 옵션) defunct라는 문자열이 있는 라인을 출력한다. 25년1회 29 /etc/login.defs 파일에서비밀번호최대 변경기간 을 설정하는 옵션은? ①PASS_MIN_DAYS ②PASS_WARN_AGE ③PAsS MAX DAYS ④PASS_MIN_LEN 사용자계정설정 값관리(etc/login.defs)의 항목은 다음과 같다. PASS_MIN_DAYS ·패스워드최소사용일 PASS_WARN_AGE ·패스워드 만료 경고일 PASS_MAX_DAYS ·패스워드 최대 사용일","medium","","정보보안기사|필기|기출|지피지기 기출문제|2024년|4회|시스템 보안","2026 수제비 정보보안기사 필기 기본서 · 지피지기 기출문제 · PDF 121쪽 · 28번","2024","","","","","information-security-engineer"
"WRITTEN_CBT","시스템 보안","리눅스에서 umask값이 022로설정되어있을때,새 로 생성되는 디렉터리의 기본 권한으로올바른 것은?","drwxrwxrwx","drwxr-xr-x","drwxr-r--","d-w-w-","2","","","기본권한이777이고, umask가022일때777을 2진수로바꾸면 111111111이되고, 022를2진수로 바꾸면 000 010 010이 된다. 022의 2진수값에서 NOT 연산(0을1로,1을0으로 바꿈)을 수행하면 111101101이 된다. 111 111 111 & 111 101 101 111 101 101 최종 권한은 2진수로 111(rwx) 101(r~x) 101(r-x)이므로 755가 된다","medium","","정보보안기사|필기|기출|지피지기 기출문제|2025년|1회|시스템 보안","2026 수제비 정보보안기사 필기 기본서 · 지피지기 기출문제 · PDF 122쪽 · 31번","2025","","","","","information-security-engineer"
"WRITTEN_CBT","시스템 보안","Root의 UID로 옳은 것은?","0","1","2","3","1","","","root 계정은 UID가 O이다. 25년1회","medium","","정보보안기사|필기|기출|지피지기 기출문제|2025년|1회|시스템 보안","2026 수제비 정보보안기사 필기 기본서 · 지피지기 기출문제 · PDF 122쪽 · 32번","2025","","","","","information-security-engineer"
"WRITTEN_CBT","시스템 보안","다음중리눅스시스템에서 좀비프로세스를찾기위 해사용할 수 있는 명령어로옳은 것은? ps-ef I grep""defunct' ©ps -ef i grep""zombie"" © top -b -n 1I grep""defunct""","top -b -n 1I grep""zombie""",", ©","","","2","","","ps 명령어 중에서 좀비 프로세스는 프로세스상태 끝에<defunct>라고 표시되므로ps는 grep ""defunct""와 같이 사용이 가능하다 top명령어에는zombie라는 문자열앞에 좀비 프로세스가 몇 개인지 표시되므로 top은 grep ""zombie""와같은 형태로 사용이 가능하다","medium","","정보보안기사|필기|기출|지피지기 기출문제|2025년|1회|시스템 보안","2026 수제비 정보보안기사 필기 기본서 · 지피지기 기출문제 · PDF 122쪽 · 33번","2025","","","","","information-security-engineer"
"WRITTEN_CBT","시스템 보안","다음명령어수행 후soojebi의 속성에 관한설명으 로옳은 것은? $ chmod 4755 soojebi","실행하는사용자권한에 상관없이soojebi는소 유자권한으로실행된다.","실행하는사용자권한에상관없이soojebi는 root 권한으로실행된다.","해당파일은모두에게쓰기권한이있다.","파일은소유자계정으로만읽기가가능하다","1","","","기타 특수 권한 소유자 소유그룹 사용자 권한 권한 권한 4 2 1 4 2 1 4 2 1 4 2 1 sticky setuid setgid r W x F W x r W x bit soojebi 파일은 4755이므로 특수권한 중 setuid가 있고, 소유자 권한은 읽기(4)/쓰기(2)/실행(1), 소유그룹권한은읽기(4)/실행(1),기타 사용자 권한은 읽기(4)/실행(1)이 있다. soojebi 파일은 setuid 권한이 있으므로일시적으로 파일 소유자의권한을 얻어 실행할 수 있다 soojebi 파일은 소유자를 제외하고는 쓰기 권한이 없다. soojebi 파일은 소유자, 소유그룹,기타 사용자 모두 읽기가가능하다 25년2회","medium","","정보보안기사|필기|기출|지피지기 기출문제|2025년|2회|시스템 보안","2026 수제비 정보보안기사 필기 기본서 · 지피지기 기출문제 · PDF 123쪽 · 34번","2025","","","","","information-security-engineer"
"WRITTEN_CBT","시스템 보안","리눅스에서리모트로그인 시사용되는rlogin에서 접속 가능한 호스트를 미리설정해두는 파일은?","/etc/hosts, allow","/etc/hosts, deny","/etc/hosts, equiv","","3","","","","medium","","정보보안기사|필기|기출|지피지기 기출문제|2025년|2회|시스템 보안","2026 수제비 정보보안기사 필기 기본서 · 지피지기 기출문제 · PDF 123쪽 · 35번","2025","","","","","information-security-engineer"
"WRITTEN_CBT","시스템 보안","다음의 리눅스 파일 시스템에서 setuid, setgid, sticky bit 설명으로 옳은 것은?","파일에setuid가걸려 있어도걸으로는알수없다.","파일에 대한 접근권한이 7777이면문자로는 rwsrwgrwt로 표시된다.","setuid 비트가 설정된파일을 실행하면파일소 유자권한으로수행된다.","소유주가루트인 파일에 setuid비트가 설정되 어있을경우특수권한은무시된다.","3","","","파일에 setuid가걸려있을경우 소유자의 실행 권한에 s나 S로 표기된다. 파일에 대한접근권한이7777이면문자로는 rwsrwsrwt로 표시된다. ·소유주에 관계없이 setuid 특수권한이 동작한다. ·파일의 특수권한은다음과같다. 소유자의 실행 권한(x)이 있을 때 소유자의실행권한×대신에s가 setuid 들어가고, 소유자의실행권한(x)이 없을때 소유자의실행권한이 없다는 표시인-대신에S가들어감 소유그룹의 실행권한(x)이 있을 때 소유그룹의실행권한×대신에s가 setgid 들어가고, 소유그룹의실행권한(x)이 없을때소유그룹의실행권한이 없다는 표시인-대신에 S가 들어감 기타사용자권한의실행권한(x)이 있을때기타사용자권한의실행권한 sticky ×대신에t가들어가고, 기타 사용자 bit 권한의실행권한(x)이 없을 때 기타 사용자권한의 실행권한이없다는 표시인-대신에 T가들어감","medium","","정보보안기사|필기|기출|지피지기 기출문제|2025년|2회|시스템 보안","2026 수제비 정보보안기사 필기 기본서 · 지피지기 기출문제 · PDF 123쪽 · 36번","2025","","","","","information-security-engineer"
"WRITTEN_CBT","시스템 보안","다음중리눅스계정관리 파일/etc/shadow를통해 서알수 없는 것은 무엇인가?","사용자의계정이름","암호화된패스워드","패스워드최소길이","패스워드만료까지남은기간","3","","","shadow 파일 계정명/암호화된패스워드/마지막 계암변소대 변경일/패스워드최소사용 기간/ 패스워드 최대사용 기간/패스워드 경비만 만료경고 기간/비활성화 일수/ 만료일 25년2회","medium","","정보보안기사|필기|기출|지피지기 기출문제|2025년|2회|시스템 보안","2026 수제비 정보보안기사 필기 기본서 · 지피지기 기출문제 · PDF 124쪽 · 37번","2025","","","","","information-security-engineer"
"WRITTEN_CBT","시스템 보안","다음중리눅스패스워드파일(etc/passwd)에서쉐 스크립트실행을차단하는설정 값으로옳은것은?","/bin/nobash","/bin/false","/bin/nosh","/bin/bash","2","","","리눅스의/etc/passwd에서웰스크립트실행을 차단하기위해서는다음과 같은설정이 필요하다. /sbin/ ·사용자가로그인할때메시지 nologin 출력하고세션종료 /bin/ ·로그인시 별도의동작없이즉시 false 로그아웃되도록 설정","medium","","정보보안기사|필기|기출|지피지기 기출문제|2025년|2회|시스템 보안","2026 수제비 정보보안기사 필기 기본서 · 지피지기 기출문제 · PDF 124쪽 · 38번","2025","","","","","information-security-engineer"
"WRITTEN_CBT","시스템 보안","다음 중rsh, rexec, rlogin 등의원격접속을 특정호 스트에대해차단하는데사용되는리눅스설정파일 은 무엇인가?","/etc/hosts, allow","/etc/securetty","/etc/hosts, deny","/etc/xinetd, d/","3","","","·허용할 호스트를설정하는 /etc/hosts.allow 파일 root 사용자의 콘솔접근을 /etc/securetty 제한하는파일 TCPWrappers를사용하여 /etc/hosts.deny 특정 서비스(rsh, rexec, rlogin 등)의 접근을 차단 xinetd 서비스관리 /etc/xinetd.d/ 디렉터리로, 특정 서비스(rsh, rexec 등)를 비활성화 25년 4회","medium","","정보보안기사|필기|기출|지피지기 기출문제|2025년|4회|시스템 보안","2026 수제비 정보보안기사 필기 기본서 · 지피지기 기출문제 · PDF 124쪽 · 39번","2025","","","","","information-security-engineer"
"WRITTEN_CBT","시스템 보안","리눅스시스템계정 및패스워드정책과관련하여옳 지 않은 것은?","패스워드파일은암호화되어별도의이미지를 이용한다.","Root계정을통해서 원격 접속이 불가능하도록 한다.","Anonymous 및 Guest 계정의 이용을차단한다.","SetUID와SetGID 자유롭게추가하여안전하게 사용한다","4","","","리눅스 시스템에서 패스워드파일은/etc/shadow 파일에 해시화되어 저장되며,/etc/ssh/sshd_config 설정에서다음과같이 변경하여 Root 원격접속을 비활성화하여 안전하게 사용하며,익명(Anonymous) 계정과 Guest 계정을차단하는것이 더안전한 정책이다. SetUID(Set User ID)와 SetGID(Set Group ID)는 -","medium","","정보보안기사|필기|기출|지피지기 기출문제|2025년|4회|시스템 보안","2026 수제비 정보보안기사 필기 기본서 · 지피지기 기출문제 · PDF 124쪽 · 40번","2025","","","","","information-security-engineer"
"WRITTEN_CBT","시스템 보안","다음중리눅스시스템에서사용자계정의패스워드 변경 주기를60일로설정하는 명령어는무엇인가?","passwd -x 60 soojebi","useradd -x 60 soojebi","usermod-e 60 soojebi","passwd -e 60 soojebi","1","","","passwd -x 패스워드최대사용기간을설정 useradd 새사용자계정을추가 usermod -e 계정 만료날짜를설정하는명령어 즉시패스워드를만료시켜 passwd -e 사용자가 강제로 변경","medium","","정보보안기사|필기|기출|지피지기 기출문제|2025년|4회|시스템 보안","2026 수제비 정보보안기사 필기 기본서 · 지피지기 기출문제 · PDF 125쪽 · 41번","2025","","","","","information-security-engineer"
"WRITTEN_CBT","시스템 보안","다음 중 유닉스(Unix) 시스템의 접근 통제(Access Control)에 대한 설명으로 옳지 않은 것은 무엇인 가?","유닉스파일시스템의접근권한은소유자 (User), 그룹(Group), 기타 사용자(Other)로 구 분된다.","SetUID와 SetGID는 실행 파일에 적용되며, 실 행하는 사용자가 해당 파일의 소유자 또는그 룹의권한으로실행할수있도록한다.","ACL(Access Control List)을 사용하면 파일 및 디렉터리에대해더욱세부적인권한을설정할 수있다.","유닉스에서는기본적으로모든사용자에게모 든파일과디렉터리에대한읽기,쓰기,실행권 한이부여된다.","4","","","유닉스 시스템에서 기본적으로모든 파일과 디렉터리는보안성을위해제한된권한의umask 값(644,755)을 통해 권한이 부여되며, 소유주 이외의권한을제한을둔다.","medium","","정보보안기사|필기|기출|지피지기 기출문제|2025년|4회|시스템 보안","2026 수제비 정보보안기사 필기 기본서 · 지피지기 기출문제 · PDF 125쪽 · 42번","2025","","","","","information-security-engineer"
"WRITTEN_CBT","시스템 보안","실행레벨을 적절하게 고른것은? 단일사용자모드 ©재부팅 ©다중사용자모드",": 1, ©:6, ©:3",": 0, : 5, ©: 3",":3,:6, ©:2",":0,©:5, ©:3","1","","","런레벨 중지(0) /단일사용자 모드(1)/ NFS 중단N 지원하지 |않는 다중사용자 모드(2)/ 다미 엑재 다중 사용자 모드(3) /미사용(4) /X11(5) /재부팅(6)","medium","","정보보안기사|필기|예상|천기누설 예상문제|시스템 보안","2026 수제비 정보보안기사 필기 기본서 · 천기누설 예상문제 · PDF 126쪽 · 3번","","","","","","information-security-engineer"
"WRITTEN_CBT","시스템 보안","cron에 대한 설명으로 옮지 않은 것은?","정기적인작업을지정시간에처리하기위해사 용한다.","cron에의해수행된작업에관한 로그는 기본 적으로/etc/default/cron 파일에 저장된다","시간별,일별,주별,월별로작업을정의할수 있다.","/etc/crontab파일에처리할작업목록이정의 되고저장되어있다.","2","","","cron에 의해 수행된 작업에 관한 로그는 /var/log/cron에 저장된다. 크론과관련된환경설정파일은/etc/default/cron에 저장되어 있다.","medium","","정보보안기사|필기|예상|천기누설 예상문제|시스템 보안","2026 수제비 정보보안기사 필기 기본서 · 천기누설 예상문제 · PDF 127쪽 · 5번","","","","","","information-security-engineer"
"WRITTEN_CBT","시스템 보안","cron 테이블에대한설명이다.매주월요일 오전8시 정각에 soojebi를실행시키기 위한 내용으로맞는 것은?","081**soojebi","0 8*1"" soojebi","08**1 soojebi","""81""*soojebi","3","","","월요일 오전8시 정각에 soojebi 명령어를 실행하므로 요일은 1(MON), 시는 8, 분은0 명령어는 soojebi가 들어가야한다. crontab 필드 분시일월요명 분/시간/일/월/요일/명령어","medium","","정보보안기사|필기|예상|천기누설 예상문제|시스템 보안","2026 수제비 정보보안기사 필기 기본서 · 천기누설 예상문제 · PDF 127쪽 · 6번","","","","","","information-security-engineer"
"WRITTEN_CBT","시스템 보안","리눅스시스템에대하여,다음 보기에서설명하는파 일을 바르게나열한 것은? 시스템의환경설정및주요설정파일 프로그램실행시생성되는임시파일 © 프린터나터미널같은물리적인장치를다루기위한 특수파일","/usr/tmp ©/dev","/usr /temp ©/var","/etc /tmp ©/dev","/etc /temp ©/var","3","","","/usr 공유데이터를저장하는디렉터리 유닉스/리눅스환경,설정을위한 /etc 파일들을가지고 있는 디렉터리 시스템사용중에발생한임시데이터가 /tmp 저장되는 디렉터리 /dev 각종 주변장치들을나타내는파일들이 저장되어있는 디렉터리 ·시스템운영 중에발생한데이터와로그가 /var","medium","","정보보안기사|필기|예상|천기누설 예상문제|시스템 보안","2026 수제비 정보보안기사 필기 기본서 · 천기누설 예상문제 · PDF 127쪽 · 8번","","","","","","information-security-engineer"
"WRITTEN_CBT","시스템 보안","Process ID(PID) 1번을가지고 있는 프로세스는 무 엇인가?","init","부트로더","OS커널","BIOS","1","","","유닉스/리눅스에서는 init 프로세스의 PID(Process ID)는1이다.","medium","","정보보안기사|필기|예상|천기누설 예상문제|시스템 보안","2026 수제비 정보보안기사 필기 기본서 · 천기누설 예상문제 · PDF 128쪽 · 9번","","","","","","information-security-engineer"
"WRITTEN_CBT","시스템 보안","다음중리눅스시스템에서 좀비프로세스를찾기위 해사용할수 있는명령어로옮은것을선택하시오. ps –ef I grep ""defunct"" © ps –ef I grep ""zombie"" © top -b -n 1I grep ""defunct","top -b -n 1| grep ""zombie""","ㄷ","","","2","","","ps명령어 중에서 좀비 프로세스는 프로세스상태 끝에 <defunct>라고 표시되므로ps는 grep ""defunct""와 같이 쓰인다. top 명령어에는 zombie라는문자열앞에좀비 프로세스가 몇 개인지 표시되므로top은 grep 'zombie""와 같이 쓰인다","medium","","정보보안기사|필기|예상|천기누설 예상문제|시스템 보안","2026 수제비 정보보안기사 필기 기본서 · 천기누설 예상문제 · PDF 128쪽 · 11번","","","","","","information-security-engineer"
"WRITTEN_CBT","시스템 보안","다음설명중가장 옳지 않은 것은?","리눅스 시스템에서는계정 목록을/etc/pass- wd파일에 저장하고있다.","일반사용자의UD는0번으로부여받게된다.","디렉터리의권한은특수권한,소유자권한,그 롭권한,일반사용자권한으로구분된다.","접근권한이rwxr-xr-x인경우고유한숫자로 표기하면 755가 된다.","2","","","root의 UID는 O번으로 부여받게 되고,일반 사용자의 UID는0번 이외의 의숫자를 부여받게 된다.","medium","","정보보안기사|필기|예상|천기누설 예상문제|시스템 보안","2026 수제비 정보보안기사 필기 기본서 · 천기누설 예상문제 · PDF 128쪽 · 12번","","","","","","information-security-engineer"
"WRITTEN_CBT","시스템 보안","유닉스시스템/etc/passwd 파일에서일반사용자 계정에 대한설명으로 틀린것은? wishfree: x: O: O: Normal-User:/home/wishfree:/ bin/bash","패스워드가설정되어 있지 않다.","일반사용자UID가0으로root 권한이부여되 어있다.","일반사용자GID가0으로root와같은그룹으 로지정되어있다. 로그인엘이/bin/bash로지정어있다.","","1","","","항목 값 설명 계정명 wishfree wishfree라는 이름의 계정 ×는비밀번호가 패스워드 x 설정되어있음 Test라는 사용자를 사용자 ID 0 식별하기 위해 O(root) ID를사용 Test라는 사용자가 그룹ID 0 속해있는그룹의 ID가 O(root) 설명 Normal- 사용자의 이름은 User Normal-User 로그인후에사용자의 홈 /home/ 홈디렉터리경로는 디렉터리 wishfree /home/wishfree 로그인할 때 로그인쉐 /bin/bash /bin/bash를실행","medium","","정보보안기사|필기|예상|천기누설 예상문제|시스템 보안","2026 수제비 정보보안기사 필기 기본서 · 천기누설 예상문제 · PDF 129쪽 · 13번","","","","","","information-security-engineer"
"WRITTEN_CBT","시스템 보안","다음중리눅스/etc/passwd 파일에대한설명으로 올바르지 못한 것은?","사용자의홈디렉터리를 확인할수있다.","사용자의로그인웰을확인할수있다.","UID가0이면root이다.","총 5개의 필드로이루어져 있다.","4","","","root 계정은 UID가 O이다 총 7개의 필드로 이루어져 있다. passwd 파일 항목 계패사그 계정명/패스워드/사용자ID/ 그룹ID/설명/홈디렉터리/ 설혼쉘 로그인쉘","medium","","정보보안기사|필기|예상|천기누설 예상문제|시스템 보안","2026 수제비 정보보안기사 필기 기본서 · 천기누설 예상문제 · PDF 129쪽 · 14번","","","","","","information-security-engineer"
"WRITTEN_CBT","시스템 보안","패스워드 관리에 대한 설명으로 올바르지 않은 것은?","/etc/passwd 퍼미션은600으로 변경하는 것이 좋다.","일반 권한보다특수권한인setuid,setgid를최 대한활용해주어야한다.","암호화된패스워드는/etc/shadow파일에저 장이된다.","/etc/passwd 파일에서 패스워드 없는 계정이 있는지살펴본다.","2","","","특수권한보다는일반권한을최대한활용해야한다. 암호화된패스워드는/etc/shadow 파일의 암호화된 패스워드항목(2번째항목)에 저장된다. ·/etc/passwd 파일에서 패스워드가 없는 계정은 패스워드 항목(2번째항목)이 비어있다.","medium","","정보보안기사|필기|예상|천기누설 예상문제|시스템 보안","2026 수제비 정보보안기사 필기 기본서 · 천기누설 예상문제 · PDF 129쪽 · 15번","","","","","","information-security-engineer"
"WRITTEN_CBT","시스템 보안","다음의/etc/shadow 파일의설명으로올바르지 않 은 것은? root : $%$sf%16&*$x:14806: 0: 99999:7: () (2) (3) (4)","(1):사용자 계정은root이다.","(2): !표시된부분은암호가없는것을말한다","(3):1970년1월1일이후부터 패스워드가수정 된날짜의일수를계산한다","(4):패스워드변경 전 최소사용 기간이다.","2","","","암호화된 패스워드항목에서 항목 내에1가있을 경우 패스워드가 잠긴상태이다. shadow 파일 계정명/암호화된패스워드/마지막 계암변 소대 변경일/패스워드최소사용 기간/ 패스워드최대사용 기간/패스워드만료 경비만 경고기간/비활성화일수/만료일","medium","","정보보안기사|필기|예상|천기누설 예상문제|시스템 보안","2026 수제비 정보보안기사 필기 기본서 · 천기누설 예상문제 · PDF 130쪽 · 16번","","","","","","information-security-engineer"
"WRITTEN_CBT","시스템 보안","유닉스계열의시스템에서비밀번호를저장할때일 반적으로어떤 암호화알고리즘을이용하여 저장하 는가? (단,최신 리눅스를기준으로한다.)","DES","MD5","SHA","RSA","3","","","shadow 파일에서 비밀번호를저장하기위해 사용하는 해시 함수는 다음과 같다. $1 MD5 $2a Blowfish $2y Eksblowfish $5 SHA-256 $6 •SHA-512 유닉스 계열의 시스템에서 비밀번호를저장할 때 과거에는 MD5를 많이 사용하였으나최근에는","medium","","정보보안기사|필기|예상|천기누설 예상문제|시스템 보안","2026 수제비 정보보안기사 필기 기본서 · 천기누설 예상문제 · PDF 130쪽 · 17번","","","","","","information-security-engineer"
"WRITTEN_CBT","시스템 보안","UNIX에서로그인패스워드와함께 일방향해시함수 에 입력되는12비트난수값을 무엇이라 하는가?","솔트","멜로리","세션","메시지","1","","","shadow 파일에서 일방향 해시함수에 패스워드와 함께 입력되는 난수 값을 솔트(Salt)라고 한다. 해시 해시을구하기위해사용한 ID(Hash ID) 해시함수 해시에추가할임의의 솔트 값(Salt) 값(난수)을 표시 해시값(Hash 해시함수와 솔트값으로 Value) 패스워드를암호화한값을표시","medium","","정보보안기사|필기|예상|천기누설 예상문제|시스템 보안","2026 수제비 정보보안기사 필기 기본서 · 천기누설 예상문제 · PDF 130쪽 · 18번","","","","","","information-security-engineer"
"WRITTEN_CBT","시스템 보안","다음 중 리눅스 PAM(Pluggable Authentication Module)에 대한 설명으로 옮지 않은 것은?","인증모들을별도로개발하지않고공유라이 브러리 형태로적용할수있다.","각사용자가프로그램별인증방법을자유롭게 선택할 수 있게 해준다.","관리자가인증을중앙에서통제할수있게해 준다.","PAM을적용하기위해프로그램재컴파일할필 요는 없다.","2","","","시스템관리자가응용 프로그램들이사용자를 인증하는방법을 통제할수있도록해주는공유 라이브러리이다 -------","medium","","정보보안기사|필기|예상|천기누설 예상문제|시스템 보안","2026 수제비 정보보안기사 필기 기본서 · 천기누설 예상문제 · PDF 130쪽 · 19번","","","","","","information-security-engineer"
"WRITTEN_CBT","시스템 보안","chmod명령어실행후의파일soojebi의접근권한 은? $ bs -al soojebi -rw-r-—--1 root root 54192 Jan 20 2015 soojebi $ chmod o-r soojebi $ chmod g-r soojebi","644","244","600","640","3","","","접근권한은다음과같다. 소유자(user) 소유그룹 기타사용자 권한 (group)권한 (other)권한 4 2 1 4 2 1 4 2 1 r W × r W x r W x Is를통해soojebi의접근권한은rw-r——인 644이다. •o-r을 통해 기타 사용자인other의 읽기(r)권한을 제거하므로 rw--인640이 된다. •g-r을 통해 소유그룹인 group의 읽기(r)권한을 제거하므로 rw--인600이 된다.","medium","","정보보안기사|필기|예상|천기누설 예상문제|시스템 보안","2026 수제비 정보보안기사 필기 기본서 · 천기누설 예상문제 · PDF 131쪽 · 20번","","","","","","information-security-engineer"
"WRITTEN_CBT","시스템 보안","setuid와 setgid가 설정된 모든 파일을 찾으려는 명 령어가바르게 기술된 것은?","find / -type f (-perm -1000 –o perm -2000 ) -print","find/ -type f (-perm -2000 –o perm -40o0 ) -print","find/-type f (-pem -100 -o perm -200) -print","find/-type f (-pem -200-o pem −400 ) -print","2","","","setuid를찾기 위해서는 특수 권한에해당하는 4000이 들어가야 하고, setgid를 찾기 위해서는 특수권한에해당하는2000이들어가야한다. 파일 소유자 소유 기타 특수권한 그룹 사용자 종류 권한 권한 권한 4 2 1 4 2 1 4 2 1 4 2 1 d, C b, p setuid setgid sticky F W x T W x r W x bit find명령어의-o옵션을 통해 조건 중에 하나라도 일치하는파일을 출력할 수있다","medium","","정보보안기사|필기|예상|천기누설 예상문제|시스템 보안","2026 수제비 정보보안기사 필기 기본서 · 천기누설 예상문제 · PDF 131쪽 · 21번","","","","","","information-security-engineer"
"WRITTEN_CBT","시스템 보안","사용자가 자신의홈디렉터리내에서새롭게생성되 는서브파일에디폴트파일허가권을파일소유자에 게는읽기와쓰기,소유그룹과기타사용자에게는읽 기만가능하도록부여하고싶다.로그인웰에정의해 야하는 umask설정값은?","umask 644","umask 022","umask 330","umask 033","3","","","소유자에게 읽기와 쓰기, 그룹과 other는 읽기만 가능하려면 소유자는 rw-이므로 4+2=6, 소유그룹과 기타 사용자 권한은r--이므로 4이므로 644 권한이 필요하다. 소유자권한 소유그룹 권한 기타 사용자권한 4 2 - 4 2 1 4 2 1 r W x F W x r W x 접근권한은파일을생성할때는666에서umask로 지정한 값을빼고, 디렉터리를생성할 때는777에서 umask로지정한 값을빼는데, 파일에서644권한을 주어야 하므로666-644=022이다.","medium","","정보보안기사|필기|예상|천기누설 예상문제|시스템 보안","2026 수제비 정보보안기사 필기 기본서 · 천기누설 예상문제 · PDF 132쪽 · 23번","","","","","","information-security-engineer"
"WRITTEN_CBT","시스템 보안","다음 지문에서 설명하는 유닉스 시스템의 명령어는? 파일이나디렉터리를새로생성할때접근권한을설정 하는명령어로접근권한은파일을생성할 때는666에 서umask로 지정한값을빼고, 디렉터리를생성할때는 777에서 umask로 지정한 값을 뻔다","chmod","chown","umask","touch","3","","","chmod 파일들이나디렉터리의 사용권한을 변경하는 명령어 파일또는 디렉터리의 소유자를 chown 변경하는 명령에 •파일이나디렉터리를새로생성할때 umask 접근권한을설정하는명령어 파일을생성할때사용하는명령어 touch","medium","","정보보안기사|필기|예상|천기누설 예상문제|시스템 보안","2026 수제비 정보보안기사 필기 기본서 · 천기누설 예상문제 · PDF 132쪽 · 24번","","","","","","information-security-engineer"
"WRITTEN_CBT","시스템 보안","리눅스 파일 권한에 대한설명으로 올바르지 못한 것은?","1s-al명령어로권한을자세히볼수있다.","chmod명렁어는 파일,디렉터리 소유그룹을 수정할수있다.","맨앞에문자가''이면파일,'d'이면 디렉터리. '이면링크이다.","chown명령어는파일 소유자,파일소유 그룹 을수정할수있다.","2","","","chgrp는 파일 또는 디렉터리의 소유그룹을 변경하는 명령어이다","medium","","정보보안기사|필기|예상|천기누설 예상문제|시스템 보안","2026 수제비 정보보안기사 필기 기본서 · 천기누설 예상문제 · PDF 133쪽 · 25번","","","","","","information-security-engineer"
"WRITTEN_CBT","시스템 보안","다음중소유자에게읽기/쓰기 권한을부여하고, 일 반사용자에게읽기권한을 제거하는리눅스 명령은?","chmod o=rw ur","chmod u=rw a-r","chmod o=rw a-r","chmod u=rw orr","4","","","소유자(u)에게 읽기/쓰기 권한(rw)을 부여(=)하면 u=w이고, 일반 사용자(이)에게 읽기권한(r)을 제거(-)하면 o-r이다. ·소유자/소유그룹/기타 a 사용자 모두 대상 u ·소유자 g •소유그룹 0 기타사용자 + 현재모드에서권한부여 연산 현재 모드에서권한제거 현재 모드로권한지정 r 읽기권한 권한 W 쓰기권한 읽기권한","medium","","정보보안기사|필기|예상|천기누설 예상문제|시스템 보안","2026 수제비 정보보안기사 필기 기본서 · 천기누설 예상문제 · PDF 133쪽 · 26번","","","","","","information-security-engineer"
"WRITTEN_CBT","시스템 보안","다음문장은네트워크서비스의주요설정내용에대 한설명으로 이에해당하는 서비스는? 원격시스템에접속할 때 사용하는서비스로사전에서 버의/etc/hostequiv파일에 호스트를등록후클라이언 트는패스워드를입력할 필요없이로그인이 가능한서 비스이다","telnet","ssh","rlogin","samba","3","","","/etc/hosts.equiv파일에는r로 시작하는 명령어(rsh, rlogin등)를 통해서버로접속할때접속가능한 호스트를미리설정해 놓는다","medium","","정보보안기사|필기|예상|천기누설 예상문제|시스템 보안","2026 수제비 정보보안기사 필기 기본서 · 천기누설 예상문제 · PDF 133쪽 · 27번","","","","","","information-security-engineer"
"WRITTEN_CBT","시스템 보안","다음 파일 목록에 대한설명으로 틀린 것은? $ 1s - -w-r--r--1 user1 1staff183 May 9 23:11 test","파일 종류는디렉터리이다.","staff에게는읽기권한만 부여하고 있다.","파일에대한하드링크는1개이다.","파일의소유자는 user1이다.","1","","","·파일의 유형은-이기 때문에일반파일 파일 종류 일반 파일(Regular File) d • 디렉터리파일(Directory Fle) rw-——이로 사용자(User) 파일권한 권한은읽기, 쓰기,그룹(Group) 권한은읽기,관계없는자들(Ohter) 권한은읽기 파일/ ·디렉터리안에파일과디렉터리수는1개 디렉터리의수 소유자 user1 소유 그룹 staff 그룹 크기 183 최종 접근","medium","","정보보안기사|필기|예상|천기누설 예상문제|시스템 보안","2026 수제비 정보보안기사 필기 기본서 · 천기누설 예상문제 · PDF 133쪽 · 28번","","","","","","information-security-engineer"
"WRITTEN_CBT","시스템 보안","리눅스/유닉스의권한상승에대한설명으로틀린 것은?","SetUID가설정된파일을실행하면해당 파일을 실행하는동안에는파일의 소유자권한을 획득 한다.","SetUID는 2XXX로설정된다.","SetGID는그룹의권한이 있어야만 실행을할 수있는파일의경우파일을실행하는사용자 들에게그권한을일시적으로부여하기위해 사용한다.","Sticky bit는일반적으로 공유 디렉터리로사용 하고자할때사용된다.","2","","","4XXX SetUID(사용자권한으로실행) 2XXX SetGID (그룹권한으로실행) Sticky bit (자신의 소유가 아닌 1XXX 파일은삭제할수 없는권한으로공유 디렉터리에서사용)","medium","","정보보안기사|필기|예상|천기누설 예상문제|시스템 보안","2026 수제비 정보보안기사 필기 기본서 · 천기누설 예상문제 · PDF 134쪽 · 31번","","","","","","information-security-engineer"
"WRITTEN_CBT","시스템 보안","파일이나디렉터리를생성할때자동으로부여되는 접근권한을설명하기 위해umask를설정하려한 다.다음 조건에 해당되는 umask 값은? -umask ( ):소유자는읽기 쓰기실행을모두할수 있고,그이외의사용자는쓰기금지 -umask ( ㄷ): 소유자는읽기, 쓰기실행을모두할수 있고,그이외의사용자는모두금지 -umask( ©): 소유자는읽기, 쓰기실행을모두할수 있고,그룹은읽기와실행만가능하며그이외의사용 자는모두금지","⑦: 022 C: 077 ©: 057",": 022 L: 077 ©: 027","⑦: 722 D: 700 ©:757","⑦: 722 C:700 ©: 727","2","","","소유자는 읽기, 쓰기, 실행(rwx)을 모두할수있고, 그 이외의 사용자는 쓰기 금지(r-x)가되려면umask 후의 결과가755가 되어야 한다. 777 - 022 = 755 소유자는읽기 ,쓰기, 실행(rwx)을 모두할수있고, 그 이외의 사용자는 모두금지(---)가되려면umask 후의 결과가 7000 되어야 한다 777-077 =700 소유자는읽기 쓰기,실행(rwx)을 모두할수있고, 그룹은읽기와실행만가능(r-x)하며그이외의 사용자는 모두 금지(---)가 되려면 umask후의 결과가 750이 되어야 한다. 777-027 = 750","medium","","정보보안기사|필기|예상|천기누설 예상문제|시스템 보안","2026 수제비 정보보안기사 필기 기본서 · 천기누설 예상문제 · PDF 135쪽 · 32번","","","","","","information-security-engineer"
"WRITTEN_CBT","시스템 보안","안드로이드이해 (1) 안드로이드(Android)의 개념 ·안드로이드는리눅스 커널을 기반으로 스마트 폰을위한미들웨어와 사용자 인터페이스 중요 애플리케이션이 포함된구글이 개발한 운영체제이다. (2) 안드로이드 특징 안드로이드 특징 특징 최적화된 그래픽 구글이 만든2D그래픽라이브러리 사용 다양한미디어지원 일반적 포맷(MPEG4, H.264, MP3, 다양한장치지원 Bluetooth, WiFi,카메라, GPS,나침반 등지원 디바이스에물레이터 풍부한개발환경 Eclipse IDE를위한플러그인 (3) 안드로이드 아키텍처 계층 안드로이드아키텍처계층 계층 애플리케이션 이미개발되어운용중인소프트웨어나개발자가개발한 (Application) 애플리케이션이모여있는 계층 애플리케이션 프레임워크 (Application Framework) 골격구조) 안드로이드런타임 (ART; Android 위해서구글에서새로개발한실행환경 Runtime) 안드로이드라이브러리 (Android Library) •시스템 전체의 중심역할 리눅스 커널 (Linux Kernel) 일은없음","","","","","","","","","medium","","정보보안기사|필기|예상|천기누설 예상문제|시스템 보안","2026 수제비 정보보안기사 필기 기본서 · 천기누설 예상문제 · PDF 136쪽 · 1번","","","","","","information-security-engineer"
"WRITTEN_CBT","시스템 보안","안드로이드","","","","","","","","","medium","","정보보안기사|필기|예상|천기누설 예상문제|시스템 보안","2026 수제비 정보보안기사 필기 기본서 · 천기누설 예상문제 · PDF 136쪽 · 4번","","","","","","information-security-engineer"
"WRITTEN_CBT","시스템 보안","개가 넘게 있습니다다 ACCESS_CHECKIN_PROPERTIES 보는건 무리가있어서 책에 는시험에출제된것만수록 해 놓았습니다대신에 여기 CHANGE_COMPONENT_ENABLED_STATE 있는건 확실하게기억해두 세요 LOADER_USAGE_STATS SET_PROCESS_LIMIT 3 안드로이드 관리 도구 (1) ADB","ADB(Android Debug Bridge) 개념 있는명령어 기반 도구이다","ADB명령어 ADB명령어 명령어 adb reboot adb pull adb push adb shell","","","","","","","medium","","정보보안기사|필기|예상|천기누설 예상문제|2023년|1회|시스템 보안","2026 수제비 정보보안기사 필기 기본서 · 천기누설 예상문제 · PDF 139쪽 · 100번","2023","","","","","information-security-engineer"
"WRITTEN_CBT","시스템 보안","안드로이드adb를통해접속후쓰기가능한디렉터 리는?","/system/","/data/app","/data/local/tmp","/bin/","3","","","시스템애플리케이션이포함되어 있는 디렉터리 /system 안드로이드의 루트 파일시스템으로 읽기 전용으로설정되어있음 설치된앱이 저장되는디렉터리 /data/app 루트권한없이쓰기가불가능 /data/ 안드로이드adb를통해접속후쓰기 local/tmp 가능한디렉터리 . 기본이되는명령어들이있는 디렉터리 시스템바이너리파일이위치한 /bin 디렉터리 루트권한이 없으면 수정이나 파일 쓰기가불가능","medium","","정보보안기사|필기|기출|지피지기 기출문제|2022년|2회|시스템 보안","2026 수제비 정보보안기사 필기 기본서 · 지피지기 기출문제 · PDF 142쪽 · 2번","2022","","","","","information-security-engineer"
"WRITTEN_CBT","시스템 보안","안드로이드앱구조요소중앱실행시반드시필요 한권한을선언하며, 안드로이드빌드도구및안드 로이드운영체제에관한필수정보를설명하는파일 은?",") AndroidManifest, xml )MainActivity","activity_main,xml","build gradle","","1","","","앱실행시필수적인권한을 선언, 앱의 주요 컴포넌트 AndroidManifest. 간의관계를명시 xml 안드로이드빌드 도구 및 안드로이드운영체제에관한 필수정보를설명하는파일 앱의 주요화면을정의하는 MainActivity 액티비티클래스 앱의U를정의하는 activity_main.xml 레이아웃파일 앱의 빌드 설정파일 build.gradle 의존성곤 관리,빌드설정등을 정의 23년 1회","medium","","정보보안기사|필기|기출|지피지기 기출문제|2023년|1회|시스템 보안","2026 수제비 정보보안기사 필기 기본서 · 지피지기 기출문제 · PDF 143쪽 · 3번","2023","","","","","information-security-engineer"
"WRITTEN_CBT","시스템 보안","다음과 같이 androidManifest.xm 파일이설정되어 있을시발생할 수있는 취약점으로 옳은 것은? 1. <?xml version=""1.0"" encoding='utf-8""?> com/apk/res/android- 3. padkage=""com.example.android sample"" 4 android:versionCode=""1"" android:version- Name=71.0 5. <application androidticon=""@drawable/icon'> 6. <service androidname=""syncadapter.SyncService* android:exported=""true""> 7. 8.</application> 9. </manifest>","민감한정보전송을위한암시적intent사용","애플리케이션컴포넌트의부적절한 접근허용","안드로이드의권한검사우회","접근제어없이내·외부 저장소사용","2","","","android:exported=""true로설정된서비스는 외부에서 접근이 가능하므로,애플리케이션 컴포년트에대한부적절한 접근을허용할 수있다. 공격자는이를 악용해 애플리케이션의서비스에","medium","","정보보안기사|필기|기출|지피지기 기출문제|2023년|2회|시스템 보안","2026 수제비 정보보안기사 필기 기본서 · 지피지기 기출문제 · PDF 143쪽 · 5번","2023","","","","","information-security-engineer"
"WRITTEN_CBT","시스템 보안","다음괄호에 들어갈 파일로옳은 것은? 앱실행시필수적인권한을선언앱의주요컴포년트간 의관계를명시안드로이드빌드도구및안드로이드운 영체제에관한필수정보를설명하는파일은( )이다.","AndroidManifest, txt 2) AndroidManifest, xml","MainActivity AndroidManifest, db","","","2","","","AndroidManifest.xml은앱실행 시필수적인권한을 선언,앱의 주요 컴포년트 간의 관계를 명시 안드로이드빌드도구및안드로이드운영체제에 관한필수정보를설명하는파일이다.","medium","","정보보안기사|필기|기출|지피지기 기출문제|2024년|2회|시스템 보안","2026 수제비 정보보안기사 필기 기본서 · 지피지기 기출문제 · PDF 144쪽 · 6번","2024","","","","","information-security-engineer"
"WRITTEN_CBT","시스템 보안","안드로이드의애플리케이션디버깅을위해서로그 를 남기기 위한 android.util.Log 클래스에 대한설 명이 옳은 것은? Loge(tag,""Testingl"") - ⑥ Logw(tag"". Testing2) -","",":오류,ㄴ:디버그",":오류,ㄴ:경고",":경고:디버그","2","","","가장심각한문제가발생했을때남기는 ERROR 로그 (오류) ·Loge(""tag"" ""Error Message"") ·심각하지는않지만추후문제의소지가 WARN 있을수있는 로그 (경고) •LogwC'tag: ""Warning Message"")","medium","","정보보안기사|필기|기출|지피지기 기출문제|2025년|4회|시스템 보안","2026 수제비 정보보안기사 필기 기본서 · 지피지기 기출문제 · PDF 144쪽 · 7번","2025","","","","","information-security-engineer"
"WRITTEN_CBT","시스템 보안","다음중안드로이드환경에서사용할수없는도구로 옳은 것은?","adb","logcat","Xcode","dex2jar","3","","","Xcode는 애플(Apple)에서 공식 제공하는 iOS 및 macOS 애플리케이션개발을위한 통합개발 환경(IDE)이다.","medium","","정보보안기사|필기|예상|천기누설 예상문제|시스템 보안","2026 수제비 정보보안기사 필기 기본서 · 천기누설 예상문제 · PDF 145쪽 · 1번","","","","","","information-security-engineer"
"WRITTEN_CBT","시스템 보안","시스템환경변수 (1)환경변수(Environment Variable) 개념 환경변수는 프로세스가 컴퓨터에서동작하는 방식에 많은영향을 미치는동 적 값들의 모임이다. (2) 유닉스/리눅스 운영체제의 환경변수[23년2회, 24년1회,2회,25년1회] ·유닉스/리누스운영체제에서사용되는대표적인 환경변수는다음과 같다. 유닉스/리눅스운영체제의환경변수 변수 내용 운영체제에서실행 파일을찾기위해사용하는변수 PATH 도스,원도우의 %PATH%변수와 동일 HOME 사용자의 홈디렉터리 경로를나타내는 변수 현재작업 디렉터리의절대경로를나타내는변수 PWD pwd명령어를변수 없이 호출할때의 출력과동일 SHELL 현재로그인한사용자가사용하는기본웰의 전체경로를나타내는변수 USER 현재로그인한사용자계정 이름을나타내는 변수 TERM 현재사용 중인터미널종류를나타내는 사용자가 입력하지 않은상태로일정 TMOUT 로그아웃되도록설정하는변수","","","","","","","","","medium","","정보보안기사|필기|예상|천기누설 예상문제|시스템 보안","2026 수제비 정보보안기사 필기 기본서 · 천기누설 예상문제 · PDF 146쪽 · 1번","","","","","","information-security-engineer"
"WRITTEN_CBT","시스템 보안","시스템 및 감사 로그 (1) 원도우시스템로그설정","원도우 시스템로그개요 원도우는이벤트(Event)라는중앙 집중화된로그를 수집하여 저장한다. 원도우 로그분석시시스템에 남아있는로그 정보도중요하지만현재 로그 인된사용자를 확인하는것도 중요하다. 원도우에서 로그인된사용자를 확인할 수 있는 명령은net session이다.","윈도우 시스템이벤트 로그 종류[25년4회 ·원도우 시스템이벤트로그의 종류에는응용 프로그램 로그, 보안 로그,시스","","","","","","","medium","","정보보안기사|필기|예상|천기누설 예상문제|시스템 보안","2026 수제비 정보보안기사 필기 기본서 · 천기누설 예상문제 · PDF 146쪽 · 2번","","","","","","information-security-engineer"
"WRITTEN_CBT","시스템 보안","시스템 정보","","","","","","","","","medium","","정보보안기사|필기|예상|천기누설 예상문제|시스템 보안","2026 수제비 정보보안기사 필기 기본서 · 천기누설 예상문제 · PDF 146쪽 · 5번","","","","","","information-security-engineer"
"WRITTEN_CBT","시스템 보안","인증된사용자ID를사용할수없다는의미 c(Complete) 파일전송성공 i(Incomplete) •파일 전송실패또는오류","","","","","","","","","medium","","정보보안기사|필기|예상|천기누설 예상문제|2025년|1회|시스템 보안","2026 수제비 정보보안기사 필기 기본서 · 천기누설 예상문제 · PDF 151쪽 · 2번","2025","","","","","information-security-engineer"
"WRITTEN_CBT","시스템 보안","번포트)와같은원격접속 프로토콜은시스템에 직접적 인접근을허용하기때문에 원격접속관련로그들은철 시해야 한다 저하게확인해야 합니다 tail-f/var/log/secure ·원격접속에관한 로그기록 은/var/log/secure에 저장 추가되는 내용들을 확인할 수있다. 니다","","","","","","","","","medium","","정보보안기사|필기|예상|천기누설 예상문제|시스템 보안","2026 수제비 정보보안기사 필기 기본서 · 천기누설 예상문제 · PDF 153쪽 · 22번","","","","","","information-security-engineer"
"WRITTEN_CBT","시스템 보안","다음지문은어느웹서버의로그이다.로그를통해 알수 있는 정보는? 17248.161.109 -- [ [04/Jun/2014:16:03:55 +0900] ""POST /Up- load_Process php HTTP/1.1"" 200 14105 17.248.161.109 – - [04/Jun/2014:16:0418 +0900] ""GET /bbs/Up/ KA_ushellphp.kr/bbs/up/KA_ushellphpkr HTTP/1.1* 200 1443 17.248161.109 - - [04/Jun/2014:16:04:21 +0900] °GET /bbs/up/ KA_ushellphp.kr/acKA_ushellphp.kr?ac=shel HTTP/1.1* 20O 1443 17.248161109 - - [04/Jun/2014:16:04:22 2 +0900] GET /bbs/up/ KA_ushellphp.kr/acKA_ushell.phpkr7ac=upload HTTP/1.1* 20O 1546 17.248.161.109 – – [04/Jun/2014:16:04:25 +0900] GET /bs/Uup/ KA_ushellphp.kr/acKA_ushel.php.kr?ac=cval HTTP/L1"" 20O 1400 17.248.161.109 - - [04/Jun/2014:16:04:27 +0900] GET /bs/up/ KA_ushellphp.kr/adKA_ushellphpkr7ac=shell HTTP/1.1* 20O 1443 17.248161.109 - - [04/Jun/2014:16:04:31 +0900] GET /bbs/up/ KA_ushellphp.kr?acKA_ ushellphp.kr HTTP/1.1t 200 1491 17.248.161.109 - - [04/Jun/2014:16:04:34 +0900]'GET /bbs/up/ KA_ushellphp.kr?acKA_ushellphp.kr HTTP/L.T 200 1502 17.248161.109 - - [04/Jun/2014:16:04:39 +0900] GET /bbs/up/ KA_ushellphp.kr?acKA_ushellphp.kr HTTP/1.T 200 8210 17.248161.109 - - [04/Jun/2014:16:04:45 +0900] GET /bbs/up/ KA_ushellphp.kr?acKA_ushellphp.kr HTTP/1.1 200 4024 17.248161.109 - - [04/Jun/2014:16:04:52 +0900]'GET /bbs/up/","","","","","4","","","","medium","","정보보안기사|필기|기출|지피지기 기출문제|2022년|4회|시스템 보안","2026 수제비 정보보안기사 필기 기본서 · 지피지기 기출문제 · PDF 157쪽 · 2번","2022","","","","","information-security-engineer"
"WRITTEN_CBT","시스템 보안","리스환경에서로그에대한설명으로틀린 것은?","secure로그:사용자의 원격로그인정보를저 z","dmesg로그:시스템부팅관런시스템메시지 저장","lastlog로그:사용자가로그인한마지막로그를 저장","wtmp로그:사용자의루트접속기록저장","4","","","wtmp로그는모든사용자의성공한로그인및로그 아웃정보,시스템 부팅 및섯다운정보 재부팅(reboot)정보를 저장하고 있는 로그 파일의 정보를제공한다. 23년 2회,24년 1회,25년 1회","medium","","정보보안기사|필기|기출|지피지기 기출문제|2023년|1회|시스템 보안","2026 수제비 정보보안기사 필기 기본서 · 지피지기 기출문제 · PDF 158쪽 · 3번","2023","","","","","information-security-engineer"
"WRITTEN_CBT","시스템 보안","다음 문장의괄호안에들어갈 내용은? 리눅스터미널에접속하여작업후일정시간동안아무 런입력이 없다면 자동으로로그아웃 되도록/etc/pro- file""에 ()환경변수를 설정하여 자동으로 로그아웃되 도록설정한다","TMOUT","TIMEOUT","TOUT DMTOUT","","1","","","TMOUT 환경변수는 리눅스 터미널에서 사용자가 입력하지 않은 상태로 일정 시간이 지나면 자동으로 로그아웃되도록 설정하는 데 사용한다.","medium","","정보보안기사|필기|기출|지피지기 기출문제|시스템 보안","2026 수제비 정보보안기사 필기 기본서 · 지피지기 기출문제 · PDF 158쪽 · 4번","","","","","","information-security-engineer"
"WRITTEN_CBT","시스템 보안","터미널세션에서일정시간동안입력이없을경우 자동으로 로그아웃되도록설정하는명령어는무엇 인가?","TMOUT=600","session timeout 600","expOrt SESSION_TIMEOUT=600","idle_timeout 600","1","","","TMOUT 변수를설정하면,해당시간이 지나도 아무 입력이 없으면 Bash 웰이 자동으로 로그아웃된다. TMOUT변수설정은보안을강화하기위해자주 사용되며,일반적으로 시스템의.bashrc 또는 .bash_profile에 추가하여 모든 세션에 적용할 수 있다.","medium","","정보보안기사|필기|기출|지피지기 기출문제|2024년|2회|시스템 보안","2026 수제비 정보보안기사 필기 기본서 · 지피지기 기출문제 · PDF 158쪽 · 6번","2024","","","","","information-security-engineer"
"WRITTEN_CBT","시스템 보안","유닉스/리눅스환경의네트워크외부에서해당시스 템에 등록된사용자 정보를 확인할수 있는보안취 약점을 제공하는서비스는?","NIS","NFS","chargen","finger","4","","","시스템내사용자계정정보나설정 NIS 파일을네트워크상에서공유하는서비스 NFS ·원격파일시스템공유서비스 chargen 랜덤 문자스트림을 보내는 테스트용 네트워크서비스 유닉스/리눅스 시스템에서사용자 정보를조회하는네트워크서비스 finger 외부에서사용자정보를노출할수 있는오래된 서비스로, 보안상 이유로 서비스를내리거나방화벽으로 차단하는경우가많음 25년1회","medium","","정보보안기사|필기|기출|지피지기 기출문제|시스템 보안","2026 수제비 정보보안기사 필기 기본서 · 지피지기 기출문제 · PDF 159쪽 · 7번","","","","","","information-security-engineer"
"WRITTEN_CBT","시스템 보안","다음은FTP서비스로인한 xferlog의 기록이다.다 음설명 중올바르지 못한 것은 무엇인가? Mon Feb 9 20:03:12 2014(1) 0 201.100.17.112 740(2)/ home/boan/public htmlindex.htm(3) a U(4) d r boan FTP O*C","(1): 파일이 전송된날짜와 시간을 의미한다.","(2): 파일사이즈를말한다.","(3): 사용자가 작업한 파일명(전송된파일이 름)을의미한다.","(4): 압축이 되어 있다는것을 의미한다.","4","","","FTP 로그 파일인 xferlog에서(4) 부분은 파일 전송 이외의 특수한 동작에 대한 정보를담고있는 부분으로 다음과 같은 유형이있다 C (Compress) 파일의 압축 U 파일의압축해제 (Uncompress) T (Tar) Tar 등을이용해서파일이묶였음 아무것도 하지 않음 25년2회","medium","","정보보안기사|필기|기출|지피지기 기출문제|2025년|1회|시스템 보안","2026 수제비 정보보안기사 필기 기본서 · 지피지기 기출문제 · PDF 160쪽 · 11번","2025","","","","","information-security-engineer"
"WRITTEN_CBT","시스템 보안","다음중리눅스 lastb명령어를 통하여 확인할수 있 는로그 파일은 무엇인가?","utmp","btmp","dmesg","secure","2","","","utmp · w, who, whodo, finger 등 btmp • lastb dmesg dmesg 25년4회","medium","","정보보안기사|필기|기출|지피지기 기출문제|2025년|2회|시스템 보안","2026 수제비 정보보안기사 필기 기본서 · 지피지기 기출문제 · PDF 160쪽 · 13번","2025","","","","","information-security-engineer"
"WRITTEN_CBT","시스템 보안","원도우의 유효하거나유효하지않은로그인시도(관 리자가지정),파일생성,열람,삭제등에관한로그 를 저장하는이벤트 로그는 무엇인가?","Security.evtx","Application,evtx","System, evtx","Setup.evtx","1","","","응용프로그램이기록한 응용 다양한이벤트로그 Application. 프로그램 로그 소프트웨어 개발자에 evtx 의해결정됨 유효하거나유효하지 않은 로그인 시도(관리자가 지정), 파일생성, 열람,삭제 Security. 보안로그 등에관한이벤트로그 evtx 감사로그설정을통해 다양한 보안 이벤트저장 가능 시스템부팅시에러 시스템 로그등시스템관련 System. 로그 이벤트로그 evtx Windows 관련설치나 설치 로그 업데이트시발생하는 Setup.evtx 이벤트로그","medium","","정보보안기사|필기|기출|지피지기 기출문제|2025년|4회|시스템 보안","2026 수제비 정보보안기사 필기 기본서 · 지피지기 기출문제 · PDF 160쪽 · 14번","2025","","","","","information-security-engineer"
"WRITTEN_CBT","시스템 보안","다음중시스템에서 FTP를활용하여어떤파일을주 고받았는지를 기록하는 로그는 무엇인가?","xferlog","last","lastlog )sulog","","1","","","xferlog는 FTP 사용자 로그인,파일업로드·다운로드 내역을 저장한다.","medium","","정보보안기사|필기|예상|천기누설 예상문제|시스템 보안","2026 수제비 정보보안기사 필기 기본서 · 천기누설 예상문제 · PDF 161쪽 · 4번","","","","","","information-security-engineer"
"WRITTEN_CBT","시스템 보안","다음중백그라운드프로세스로운영되면서로그메 시지를받아하나이상의개별 파일에기록하는데몬 은 무엇인가?","crond","logd xinetd","syslogd","","4","","","다음중 백그라운드 프로세스로운영되면서로그 메시지를 받아 하나 이상의 개별파일에기록하는 데몬은syslogdo다. 로그생성에 ㅣ관해서는 syslogd데몬에의해서 총괄 관리되고 있다.","medium","","정보보안기사|필기|예상|천기누설 예상문제|시스템 보안","2026 수제비 정보보안기사 필기 기본서 · 천기누설 예상문제 · PDF 161쪽 · 5번","","","","","","information-security-engineer"
"WRITTEN_CBT","시스템 보안","분석시사용될수 있는명령어에대하여잘못나열 한것은?","secure-사용자 원격 접속 정보-text file-grep","utmp-현재로그인사용자 정보-binary file- who","pacct-사용자별 명령실행정보-text file-his- tory","wtmp-최근로그인및접속호스트정보-bi- nary file- last","3","","","사용자인증에대한정보,원격로그인 관련정보를저장하고있는로그파일 secure 리눅스에서의 var/log/secure 저장위치 파일형태 텍스트(text) 파일 현재시스템에로그인한사용자의상태 정보를출력하는 로그파일 utmp 로그확인명령어 w, who, whodo, finger등 파일 형태 바이너리(binary) 시스템에로그인한 모든사용자가 로그아웃할 때까지입력한명령어 터미널의 종류, 프로세스시간등의 정보를저장하고있는 로그 파일 pacct 로그확인명령어 acctcom, lastcomm 파일형태 바이너리(binary) 사용자의성공한로그인및로그아웃 정보,시스템 부팅 및섯다운정보 재부팅(reboot)정보를저장하고 있는 wtmp 로그파일 로그확인명령어 last 파일 형태 바이너리(binary)","medium","","정보보안기사|필기|예상|천기누설 예상문제|시스템 보안","2026 수제비 정보보안기사 필기 기본서 · 천기누설 예상문제 · PDF 162쪽 · 8번","","","","","","information-security-engineer"
"WRITTEN_CBT","시스템 보안","다음중리눅스에서로그를확인하는것과가장거리 가먼 명령어는 무엇인가?","wtmp","history","pacct","find","4","","","find명령어는 원하는 조건의 파일, 디렉터리를 검색할 수 있는 명령어이다. 사용자의성공한로그인및로그 아웃 정보, 시스템 부팅 및ㅅ다운 wtmp 정보,재부팅(reboot)정보를 저장하고 있는 로그 파일 사용자별로수행한 명령을 .sh_history 기록하는 로그파일 * history명령어로확인 시스템에로그인한 모든사용자가 로그아웃할 때까지입력한 명령어, pacct 터미널의종류,프로세스시간 등의 정보를저장하고있는로그 파일","medium","","정보보안기사|필기|예상|천기누설 예상문제|시스템 보안","2026 수제비 정보보안기사 필기 기본서 · 천기누설 예상문제 · PDF 163쪽 · 10번","","","","","","information-security-engineer"
"WRITTEN_CBT","시스템 보안","리눅스시스템에서 FTP에 대한불법적인 접속을감 시하기위해로그를검토하고자할때 어떤로그를 보는것이 가장 적절한가?","sulog","wtmp","utmp","","4","","","FTP로그파일로서proftpd 또는 vsftpd 데몬들의 서비스내역을 기록하는 로그 파일은xferlog이다.","medium","","정보보안기사|필기|예상|천기누설 예상문제|시스템 보안","2026 수제비 정보보안기사 필기 기본서 · 천기누설 예상문제 · PDF 163쪽 · 11번","","","","","","information-security-engineer"
"WRITTEN_CBT","시스템 보안","리눅스시스템로그관리에대한설명으로틀린것 은?","리눅스시스템의로그는중앙 집중으로관리된다.","utmp는가장 기본적인로그로 현재로그인한 계정이름,로그인환경,로그인계정 형식등의 정보가포함된다.","wtmp는사용자들의 로그인과로그아웃, 시스 템재부팅에대한정보를저장하며,1ast 명령어 로확인할수있다.","syslog는시스템 운영과관련한 전반적인로그 로하드웨어의구동, 서비스의동작, 에러등의 다양한로그를남긴다.","1","","","유닉스, 리눅스는 로그를 여러 곳에 저장하기 때문에 모두 파악하고 관리하기 어렵지만 다양한 로그들의 분석으로 공격자를 추적할 수 있다.","medium","","정보보안기사|필기|예상|천기누설 예상문제|시스템 보안","2026 수제비 정보보안기사 필기 기본서 · 천기누설 예상문제 · PDF 164쪽 · 13번","","","","","","information-security-engineer"
"WRITTEN_CBT","시스템 보안","시스템 관련 도구 (1) 시스템해킹 도구종류[22년2회] 시스템해킹도구 종류 분류 종류 트로이 목마 •Netbus, Schoolbus, Back Orifice, ackcmd 키로거 • Keylog23, , Keylog25, SK-Keylog, Winhawk 포트 스캐닝 •Superscan, Aat4xx, Nmap 폭탄메일 QuickFyre, Avalanche, Eremove 크래킹 JohnTheRipper, Wwwhack, Golden Eye, Webcrack 윈도우용,리눅스용이 있음 루트킷 윈도우 •FU-Rootkit, Hxdef1OO, NTRootkit 등 리눅스 •Suckit, Irk4, Irk5, adore 등 (2) 패스워드크래킹 취약점점검도구[22년4회,24년1회,25년2회] 패스워드크래킹취약점점검도구 도구 설명 John the Ripper 원도우와리눅스Mac 모두지원이되는패스워드공격 도구 LOphtcrack ·SAM파일등을이용해원격서버나PC에 대한 패스워드취약점점검도구 Pwdump 원도우에서 패스워드를덤프할수있는 도구 ipccrack 미리정해진목록인사전공격을이용해패스워드취약성을점검하는도구","","","","","","","","","medium","","정보보안기사|필기|예상|천기누설 예상문제|시스템 보안","2026 수제비 정보보안기사 필기 기본서 · 천기누설 예상문제 · PDF 180쪽 · 2번","","","","","","information-security-engineer"
"WRITTEN_CBT","시스템 보안","버퍼오버플로우공격을완화할수있는방법으로스 택과힘영역에 웰코드등을실행하지 못하도록하 는 메모리 보호 기법에해당하는 것은?","ASLR","DEP/NX bit","Format String","Stack Canary","2","","","버퍼오버플로우공격을완화하는방법으로스택과 힙영역에 웹코드등을실행하지못하도록하는 메모리 보호기법은DEP/NXbit이다. ASLR ·시스템 메모리 주소를무작위로 배치해서 보안을강화하는기법 ·사용자로부터 입력을받거나 Format 결과를출력하기위하여 사용하는 String 형식 함수 진입시스택에SFP(Save Frame Pointer)와 Return Address 정보를저장할 때, 이정보들이 Stack 공격자에 의해덮어씩워지는 Canary 것으로부터보호하기위해 스택 상의 변수들의 공간과SFP 사이에 특정한 값을 추가하는기법","medium","","정보보안기사|필기|기출|지피지기 기출문제|시스템 보안","2026 수제비 정보보안기사 필기 기본서 · 지피지기 기출문제 · PDF 182쪽 · 1번","","","","","","information-security-engineer"
"WRITTEN_CBT","시스템 보안","다음 문장에서설명하는공격 위협은? 웹사이트에개인정보,계정정보,금융정보 등의 중요정 보가노출되거나에러발생시과도한정보애플리케이 선정보,DB정보,웹서버구성정보,개발과정의코멘트 등)가노출될경우공격자들의2차공격을위한정보로 활용될수있다","XPath 인적션","디렉터링인덱싱","운영체제명령실행","정보누출","4","","","XML구조에 악의적인행위를 XPath 일으키는내용을삽입하거나 인적션 Xpath를 조작하여 XML의 내용을 노출하는 취약점 서버의미흡한설정으로인해인데상 기능이활성화되어공격자가서버 디렉터리 내의 모든 디렉터리 및 파일에대해 인덱싱 인덱싱하여서버의 주요정보가 노출될수있는 취약점 ·웹 애플리케이션에서systemO. 운영체제 exec0와 같은 시스템 명령어를 명령실행 실행시킬수있는함수를제공 웹애플리케이션에데이터가 노출되는것으로개발과정의 정보 누출 주석이나 오류메시지등에서 중요한 정보가노출되어2차공격을하기 위한정보를제공하는취약점","medium","","정보보안기사|필기|기출|지피지기 기출문제|2022년|2회|시스템 보안","2026 수제비 정보보안기사 필기 기본서 · 지피지기 기출문제 · PDF 182쪽 · 2번","2022","","","","","information-security-engineer"
"WRITTEN_CBT","시스템 보안","다음은 SUID 프로그램이 일반 권한에서관리자권 한으로상승하여처리하는 정상적인과정을나타내 고있다. 심볼릭링크를 이용한 레이스 컨디션공격 이실행되는 단계는? 법피일 서C 입시피일 프로그립통식 그 관리제 경집 일반사용지권한 프로그램 setu I I 월립 경환성습 I 1만계 2년제 3반계 4단계","1단계 2단계","3단계","4단계","","3","","","SetUID가 설정되어 있고 임시파일을생성하는 프로그램 취약한 프로그램을실행 1단계 실행 ·공격자는 프로그램이 생성하는임시파일의 이름을파악 SetUID로 취약한 프로그램은SetUID 2단계 인한 비트를통해권한이 상승된 프로세스 권한상승 상태로실행 취약한 프로그램에서임시 3단계 임시파일 파일이생성되면임시 생성 파일에대해심볼링링크를 생성 심볼릭링크가생성되어 프로그램 있는상태에서취약한 4단계 동작및 프로그램실행시기존의 임시파일 임시 파일이재생성되면 처리 공격자는심볼릭링크를 이용해 파일의 내용을변경","medium","","정보보안기사|필기|기출|지피지기 기출문제|2022년|2회|시스템 보안","2026 수제비 정보보안기사 필기 기본서 · 지피지기 기출문제 · PDF 183쪽 · 3번","2022","","","","","information-security-engineer"
"WRITTEN_CBT","시스템 보안","다음 공개해킹도구중사용용도가다른도구(소프 트웨어)는?","넥버스(Netbus)","스쿨버스(Schoolbus)","백오리피스(Back Orifice)","키로그23(Keylog23)","4","","","키로그23은키로거관련도구이다 트로이 Netbus, Schoolbus, Back Orifice, 목마 ackcmd 키로거 • Keylog23, Keylog25, SK-Keylog. Winhawk","medium","","정보보안기사|필기|기출|지피지기 기출문제|2022년|2회|시스템 보안","2026 수제비 정보보안기사 필기 기본서 · 지피지기 기출문제 · PDF 183쪽 · 5번","2022","","","","","information-security-engineer"
"WRITTEN_CBT","시스템 보안","APT(Advanced Persistent Threat) 공격 과정에대 한 순서를 올바르게 나열한 것은? 특정 표적을대상으로목표를정한다 ©지속적으로정보를수집한다 ©특정 표적에대한유출등피해를입힌다","복합적이고지능적인수단(다양한해킹기술)을이용 한다.","→→","→©","ㄴ→→©→","3","","","APT 사전 준비&공격절차 목무 목표설정()/무기화(②)/침투/ 침탐수유 탐색(검색)/수집·공격()/유출(©)","medium","","정보보안기사|필기|기출|지피지기 기출문제|2022년|4회|시스템 보안","2026 수제비 정보보안기사 필기 기본서 · 지피지기 기출문제 · PDF 184쪽 · 7번","2022","","","","","information-security-engineer"
"WRITTEN_CBT","시스템 보안","버퍼 오버플로우에 대한 대책이 아닌 것은?","Non-Executable 스택 사용","rtl(return to libc) 사용","스택 가드(Stack Guard) 또는스택 쉴드(Stack Shield) 사용 4 ASLR(Address Space Layout Randomization) 사용","","2","","","버퍼 오버플로우공격대응방안 경계검사/최소권한/커널패치/스택 경권패 가쉴논애 가드(Stack Guard)/스택 쉴드(Stack Shield)/Non-Executable 스택/ASLR/ 렐파 RELRO/ PIE 22년4회","medium","","정보보안기사|필기|기출|지피지기 기출문제|2022년|4회|시스템 보안","2026 수제비 정보보안기사 필기 기본서 · 지피지기 기출문제 · PDF 184쪽 · 8번","2022","","","","","information-security-engineer"
"WRITTEN_CBT","시스템 보안","제로데이 공격의 특징은?","보안패치가제공되기 전에알려지지않은취 약점을이용하여공격한다.","특정웹사이트에대한날짜와시간을 결정하 고여러 대의PC에서동시에공격한다","특정대상에게피싱메일을보내불법사이트 로안내한다.","부정중계가가능한메일서버를찾은후그것 을기반으로체인메일을대량으로송신한다","1","","","제로데이공격은보안패치가 제공되기전에 알려지지않은취약점을 이용하여 공격한다. : 특정웹사이트에대한날짜와시간을 DDoS 결정하고여러 대의 PC에서동시에 공격 스피어 •특정대상에게 피싱메일을 보내불법 ------ 피싱 사이트로안내하는공격","medium","","정보보안기사|필기|기출|지피지기 기출문제|2022년|4회|시스템 보안","2026 수제비 정보보안기사 필기 기본서 · 지피지기 기출문제 · PDF 184쪽 · 9번","2022","","","","","information-security-engineer"
"WRITTEN_CBT","시스템 보안","다음은포맛스트링의종류를설명하고있다.형식에 대한 매개변수는? 매개변수 형식 %d 정수형10진수상수(Integer) (",") 문자 스트링 (",") 16진수 양의정수 ( ©) %n의 반인2바이트 단위","⑦: %s ©: %o ©: %lf","⑦: %s D: %x ©: %hn","2","","","","medium","","정보보안기사|필기|기출|지피지기 기출문제|2023년|1회|시스템 보안","2026 수제비 정보보안기사 필기 기본서 · 지피지기 기출문제 · PDF 186쪽 · 14번","2023","","","","","information-security-engineer"
"WRITTEN_CBT","시스템 보안","다음 문장에서설명하는공격으로올바르게 짝지어 진것은? (): 시스템 또는서비스의 ID, 패스워드에 대해서도 구를이용하여ID,패스워드를자동조합하여크랙하는 공격 (©): 시스템 또는 서비스의 D, 패스워드에 대해서도 구를이용하여ID,패스워드를크랙하기위해서ID와패 스워드가될가능성이있는단어를사전파일로만들어 놓고사전파일의단어를대입하여크랙하는공격",": Warwalking ©: Evil Twin",":사전공격 :무차별공격",":무차별공격 ㄴ:사전공격",": Evil Twin ©: Warwalking","3","","","무차별 공격(Brute Force Attack)은 자동으로 조합하며 사전 공격(Dictionary Attack)은 자주 사용되는 비밀번호를 미리 만들어 대입 공격한다.","medium","","정보보안기사|필기|기출|지피지기 기출문제|시스템 보안","2026 수제비 정보보안기사 필기 기본서 · 지피지기 기출문제 · PDF 186쪽 · 15번","","","","","","information-security-engineer"
"WRITTEN_CBT","시스템 보안","다음 문장의 괄호안에 들어갈 내용으로적합한것은? DLL인적션은임의의DLL파일을원하는()의 ( )으로로드하는것을말한다","ㅁ:프로세스,ㄴ:디스크영역","ㅁ:프로세스,ㄴ:메모리영역",":파일,ㄴ메모리영역","","2","","","","medium","","정보보안기사|필기|기출|지피지기 기출문제|2023년|2회|시스템 보안","2026 수제비 정보보안기사 필기 기본서 · 지피지기 기출문제 · PDF 187쪽 · 18번","2023","","","","","information-security-engineer"
"WRITTEN_CBT","시스템 보안","다음이 설명하는 것은 무엇인가? 임계영역에서2개 이상의 프로세스가동시에 어떤코드 를수행할때발생하는우선순위문제","Race Condition","Semaphore","Mutex","Circular Wait","1","","","임계영역에서2개이상의 Race 프로세스가동시에 어떤 코드를 Condition 수행할때발생하는우선순위 문제 . 멀티프로그래밍환경에서 정수 Semaphore 변수를 통해공유자원에 대한 접근 제어를하는방식 여러쓰레드를실행하는환경에서 Mutex 자원에대한접근제한을하는 동기화메커니즘 교착상태(Deadlock) 발생의 조건 Circular 중하나로, 자원을기다리는순환 Wait 대기가 있는상황 24년1회","medium","","정보보안기사|필기|기출|지피지기 기출문제|2024년|1회|시스템 보안","2026 수제비 정보보안기사 필기 기본서 · 지피지기 기출문제 · PDF 188쪽 · 21번","2024","","","","","information-security-engineer"
"WRITTEN_CBT","시스템 보안","다음중 APT(Advanced Persistent Threat) 진행형 태에 속하지 않는 것은?","침투(Incursion)","탐색(Discovery)","수집/공격(Capture/Attack)","방어(Defence)","4","","","APT 사전준비&공격절차 목무 목표설정/무기화/침투/탐색(검색)/ 침탐수유 수집·공격/유출 -----","medium","","정보보안기사|필기|기출|지피지기 기출문제|2024년|1회|시스템 보안","2026 수제비 정보보안기사 필기 기본서 · 지피지기 기출문제 · PDF 188쪽 · 22번","2024","","","","","information-security-engineer"
"WRITTEN_CBT","시스템 보안","John the Ripper, LOphtCrack, ipccrack은 무엇을 목적으로 하는 공개용 취약점 점검 도구인가?","Port Scanning","Password Crack","Keylog Software","BackTrack","2","","","John the ·원도우와리눅스,Mac모두지원이 Ripper 되는패스워드공격도구 ·SAM파일등을이용해원격서버나 LOphtcrack PC에 대한패스워드취약점 점검 도구 •원도우에서패스워드를 덤프할수 Pwdump 있는 도구 ·미리정해진목록인사전공격을 ipccrack 이용해 패스워드취약성을점검하는 도구 24년2회,4회","medium","","정보보안기사|필기|기출|지피지기 기출문제|시스템 보안","2026 수제비 정보보안기사 필기 기본서 · 지피지기 기출문제 · PDF 189쪽 · 23번","","","","","","information-security-engineer"
"WRITTEN_CBT","시스템 보안","버퍼 오버플로우공격에대한취약성을 검사하는함 수가 아닌 것은?","strncat()","stmpy()","snprintf ()","realpath()","4","","","strncat() ·문자열연결시복사할최대크기를 지정하는안전한함수 ·문자열복사시복사할최대크기를 strncpy() 지정하는안전한함수 문자열출력시버퍼크기를 snprintf() 명시하는안전한함수 realpath() ·경로명을절대경로로변환하는 함수","medium","","정보보안기사|필기|기출|지피지기 기출문제|시스템 보안","2026 수제비 정보보안기사 필기 기본서 · 지피지기 기출문제 · PDF 189쪽 · 24번","","","","","","information-security-engineer"
"WRITTEN_CBT","시스템 보안","print 등과 같은형식제어 함수에검증되지 않은외 부입력값을허용함으로써발생할수있는보안약점 은 무엇인가?","버퍼 오버플로우(Buffer Overflow)","크로스사이트 스크립트(XSS)","SQL 인적션(SQL Injection)","포맷 스트링공격(Format String Attack)","4","","",". 메모리 버퍼의경계값을넘어서 메모리버퍼 메모리을읽거나저장하여 오버플로우 예기치 않은결과가 발생하는 보안약점 . 사용자 브라우저에 검증되지 크로스사이트 않은 외부 입력값을허용하여 스크립트(XSS) 악의적인스크립트를실행할수 있는 보안약점 SQL질의문을생성할때 SQL삽입 검증되지 않은 외부 입력 값을 (SQL Injection) 허용하여악의적인질의문을 실행할수있는 보안약점 printf 등포맷 스트링 포맷 스트링 제어함수에 검증되지 않은 외부 삽입 입력값을허용하여발생하는 보안약점","medium","","정보보안기사|필기|기출|지피지기 기출문제|2024년|2회|시스템 보안","2026 수제비 정보보안기사 필기 기본서 · 지피지기 기출문제 · PDF 189쪽 · 25번","2024","","","","","information-security-engineer"
"WRITTEN_CBT","시스템 보안","다음중스택버퍼 오버플로우공격순서를올바르게 나열한 것은? 특정 함수의 호출이완료되면조작된반환주소인공 격 웰 코드의 주소가 반환된다.","루트권한으로실행되는프로그램상에서특정함수 의스택 버퍼를오버플로우시켜서공격웰코드가저 장되어 있는 버퍼의 주소로 반환 주소를 변경한다 ©공격웰 코드를버퍼에 저장한다","공격웰코드가실행되어 루트권한을획득하게 된다","→→©→","","3","","","스택버퍼오버플로우 공격 절차는 다음과 같다. ·공격자가목적에 맞는공격웹 공격 웰 코드 코드를생성 생성 ·공격웰코드를버퍼에 저장 ·루트권한으로실행되는 프로그램상에서 특정함수의 반환 주소 스택 버퍼를오버플로우시켜서 덮어쓰기 공격쉐 코드가 저장되어 있는 버퍼의주소로반환주소를변경 ·특정함수의 호출이 완료되면 공격 웰 코드 조작된반환주소인공격웹 주소반환 코드의주소가 반환 •공격웰코드가실행되어 루트 엘코드실행 권한을획득","medium","","정보보안기사|필기|기출|지피지기 기출문제|2024년|4회|시스템 보안","2026 수제비 정보보안기사 필기 기본서 · 지피지기 기출문제 · PDF 190쪽 · 26번","2024","","","","","information-security-engineer"
"WRITTEN_CBT","시스템 보안","다음 중버퍼 오버플로우(Buffer Overflow)에 대한 설명으로 옳지 않은 것은?","버퍼오버플로우는메모리에할당된공간을초 과하여데이터를 기록할때발생하는취약점이 다.","공격자는버퍼오버플로우 취약점을이용해악 성코드를삽입하거나시스템권한을탈취할 수있다.","사용자입력값을통해포맷스트링이 지정된다 면공격자는이를조작하여메모리내용을 참 조하거나특정영역의값을변경할수있다. 입력값검증,스택보호기법등을통해버퍼오 버플로우취약점을완화할수있다.","","3","","","버퍼오버플로우공격은메모리에할당된 버페 크기를초과하는양의데이터를 입력하여 이로 인해 프로세스의 흐름을 변경시켜서 악성 코드를 실행시키는공격 기법이다. 포맷스트링 공격은사용자입력값을통해 포맷 스트링이 지정된다면 공격자는이를 조작하여 메모리 내용을참조하거나 특정 영역의 값을변경할 수있다.","medium","","정보보안기사|필기|기출|지피지기 기출문제|2025년|1회|시스템 보안","2026 수제비 정보보안기사 필기 기본서 · 지피지기 기출문제 · PDF 190쪽 · 27번","2025","","","","","information-security-engineer"
"WRITTEN_CBT","시스템 보안","버퍼 오버플로우공격에대한 대응방안이 아닌것 은?","스택가드","ASLR","스택쉴드","Race Condition","4","","","버퍼 오버플로우공격 대응방안 경권패 경계검사/최소권한/커널패치/스택 가드(Stack Guard)/스택 쉴드(Stack 가쉴논애 Shield)/Non-Executable 스택/ASLR 렐파 /RELRO/ PIE","medium","","정보보안기사|필기|기출|지피지기 기출문제|2025년|4회|시스템 보안","2026 수제비 정보보안기사 필기 기본서 · 지피지기 기출문제 · PDF 191쪽 · 30번","2025","","","","","information-security-engineer"
"WRITTEN_CBT","시스템 보안","John the Ripper를통해 모든문자를대입하는공격 모드는?","Single","Incremental","Wordlist","Full","2","","","Ful은 존재하지 않는 모드이다. 사용자명, 전체이름을기반으로 Single 모드 비밀번호를추정하는모드 ·가능한모든문자조합을 Incremental 시도하는 모드(무차별 대입 모드 공격) 제공된사전파일의단어들을 Wordlist 이용해공격하는 모드(사전 모드 공격)","medium","","정보보안기사|필기|기출|지피지기 기출문제|2025년|4회|시스템 보안","2026 수제비 정보보안기사 필기 기본서 · 지피지기 기출문제 · PDF 192쪽 · 31번","2025","","","","","information-security-engineer"
"WRITTEN_CBT","시스템 보안","스택 오버플로우 공격 순서로옳은 것은? 스택을오버플로우하여스택에웰코드를복제한다 ©복귀주소위치에는복제된웹코드의시작주소를기 록한다 ©현재의 함수가 끝나면복귀 주소를EP레지스터로 가져온다","복제된 웹코드의시작주소를타P로가져오게 되어 쉴코드가실행된다","≤-","-ㄴ-ㄱ","C-C--","3","","","해당공격 순서는스택 오버플로우의 반환 주소 덮어쓰기와쉐 코드실행의 과정으로다음과 같다. 스택을오버플로우하여스택에 웰 코드를 복제→ 복귀 주소위치에는복제된웹코드의시작주소를 기록→현재의 함수가 끝나면 복귀 주소를 EIP 레지스터로가져움→복제된 웹코드의시작 주소를EP로가져오게 되어 쉐코드가 실행","medium","","정보보안기사|필기|예상|천기누설 예상문제|시스템 보안","2026 수제비 정보보안기사 필기 기본서 · 천기누설 예상문제 · PDF 195쪽 · 10번","","","","","","information-security-engineer"
"WRITTEN_CBT","시스템 보안","다음중트로이목마프로그램인 루트킷에 대한설명 으로가장 부적절한 것은?","루트킷의목적은자신과다른 소프트웨어를보 이지않게숨기고사용자가공격자의 소프트웨 어를인지하고제거할가능성을 피한다.","원도우용 루트킷에는 FU-Rootkit, Hxdef100, NTRootkit 등이 있다.","리눅스용 루트킷에는 Suckit, rk4, 1rk5, adore 등이있다.","자기복제를하여다른 컴퓨터에루트킷을설 치함으로써그피해가커질수있다","4","","","루트깃은 자기 복제가 불가능하다 루트낫에 대한설명은 다음과 같다. 루트킨의 목적은자신과다른소프트웨어를 보이지 않게 숨기고 사용자가 공격자의 소프트웨어를인지하고제거할가능성을 피한다. 관리자권한획득과같이해킹에 사용되는 기능들을제공하는프로그램의 모음 윈도우용 FU-Rootkit, Hxdef100, 루트킷 NTRootkit 등 리눅스용 Suckit, Irk4, Irk5, adore 등 루트킷","medium","","정보보안기사|필기|기출|지피지기 기출문제|2022년|1회|시스템 보안","2026 수제비 정보보안기사 필기 기본서 · 지피지기 기출문제 · PDF 207쪽 · 1번","2022","","","","","information-security-engineer"
"WRITTEN_CBT","시스템 보안","다음중은폐형바이러스에대한설명으로가장적합 한것은?","파일이감염될경우그파일의내용을 확인할 수없다.","감염된파일의길이가증가하지않은것처럼 보이게하고,감염전의내용을보여주어바이 러스가없는 것처럼 백신과사용자를속인다.","바이러스분석가에게분석을어렵게하고백신 개발을지연시키도록여러단계의기법을사용 한다.","백신으로진단이어럽도록바이러스프로그램 의 일부또는전체를암호화한다","2","","","은폐형바이러스는자신을은페하고사용자나백신 프로그램에거짓정보를제공하는바이러스이다. 은페형바이러스는기억장소에 존재하면서 감염된 파일의 길이가 증가하지 않은 것처럼 보이게 하고, 백신 프로그램이 감염된부분을읽으려고할때 감염되기전의 내용을 보여줘 바이러스가 없는 것처럼 백신 프로그램이나 사용자를 속인다.","medium","","정보보안기사|필기|기출|지피지기 기출문제|2022년|1회|시스템 보안","2026 수제비 정보보안기사 필기 기본서 · 지피지기 기출문제 · PDF 207쪽 · 2번","2022","","","","","information-security-engineer"
"WRITTEN_CBT","시스템 보안","다음 문장에 대한설명으로옳은 것은? OS에서 버그를 이용하여 루트권한 획득또는 특정 기능을수행하기위한공격코드및프로그램을의미 한다 ©악의적인 프로그램을건전한 프로그램처럼포장하 여일반사용자들이의심없이자신의컴퓨터안에서 이를실행시키고실행된프로그램은특정 포트를열 어공격자의침입을돕고추가적으로정보를자동유 출하며 자신의존재를숨기는 기능등을수행하는공 격프로그램이다","은Exploit 코드를설명한다.","은Trojan공격프로그램을설명한다.","ㄴ은Bomb공격프로그램을설명한다.","","1","","","","medium","","정보보안기사|필기|기출|지피지기 기출문제|2022년|4회|시스템 보안","2026 수제비 정보보안기사 필기 기본서 · 지피지기 기출문제 · PDF 209쪽 · 8번","2022","","","","","information-security-engineer"
"WRITTEN_CBT","시스템 보안","다음 문장의, 에 들어갈말로올바르게연결된 것은? ()은/는악의적인프로그램을건전한프로그램처럼 포장하여일반사용자들이의심없이자신의컴퓨터안 에서이를실행시키고실행된()은/는특정 포트를 열어 공격자의침입을돕고추가적으로정보를자동유 출하며 자신의 존재를 숨긴다 ()은/는OS에서버그를이용하여 루트권한 획득 또 는 특정 기능을 수행하기위한 공격 코드 및 프로그램을 의미한다","⑦: Exploit C: Trojan",": Imapd ©: Trojan",": Trojan : Exploit",": Exploit : Imapd","3","","","OS에서 버그를이용하여 루트권한 획득 Exploit 또는특정 기능을수행하기 위한공격 코드및 프로그램 정상적인 소프트웨어 내부에악의적 행위를하는코드를삽입하여 시스템을 Trojan 통제할수있는권한을획득하여","medium","","정보보안기사|필기|기출|지피지기 기출문제|시스템 보안","2026 수제비 정보보안기사 필기 기본서 · 지피지기 기출문제 · PDF 210쪽 · 11번","","","","","","information-security-engineer"
"WRITTEN_CBT","시스템 보안","트로이 목마(Trojan Horse)는 이용자의 중요 정보를빼내가는 것이주 기능이며,목적을달 성시키기 위해서 월(Worm)이나 바이러스를 끌어들이기도한다","웹(Worm)과 트로이 목마(Trojan Horse)는다 른파일을감염시키거나파괴하는기능이있 다.","시스템과부하를목적으로이메일의첨부파일 등으로 확산되는악성 코드에는 월(Worm)이 있으며개인정보유출위험이있다.","","","","","","웜은자가복제를통해다른파일의감염이 가능한데 비해, 트로이목마는자가복제를통해 다른파일을 감염시키지 않습니다. 24년 1회","medium","","정보보안기사|필기|기출|지피지기 기출문제|2023년|2회|시스템 보안","2026 수제비 정보보안기사 필기 기본서 · 지피지기 기출문제 · PDF 211쪽 · 2번","2023","","","","","information-security-engineer"
"WRITTEN_CBT","시스템 보안","다음 중 악의적 코드(Malicious Code)에 대한 설명 으로 틀린것은?","불순한의도로만들어진프로그램이라는의미 에서 월(Worm) 바이러스, 트로이목마(Trojan Horse) 바이러스라고부르기도한다","","","","2","","","","medium","","정보보안기사|필기|기출|지피지기 기출문제|2023년|2회|시스템 보안","2026 수제비 정보보안기사 필기 기본서 · 지피지기 기출문제 · PDF 211쪽 · 14번","2023","","","","","information-security-engineer"
"WRITTEN_CBT","시스템 보안","다음중매크로바이러스에대한설명으로올바른것 은 무엇인가?","운영체제의부팅색터를감염시키는바이러스 이다.","대표적인사례로 Melissa Virus가 존재한다.","악성매크로차단기능의경우,악성만차단함 으로써정상매크로는잘동작된다","하드웨어장치의펌웨어를감염시키는바이러 스이다.","2","","","매크로바이러스는 MS Word, Excel 등의 문서 프로그램에서실행되는매크로기능을악용하여 감염되는바이러스로,주로 문서(.doc,xs,ppt 등)를 통해전파되며, 문서를열때자동실행되는매크로 코드를이용하여 확산된다 대표적인 예로Melissa 바이러스,Concept 바이러스 등이 있다.","medium","","정보보안기사|필기|기출|지피지기 기출문제|2025년|4회|시스템 보안","2026 수제비 정보보안기사 필기 기본서 · 지피지기 기출문제 · PDF 214쪽 · 22번","2025","","","","","information-security-engineer"
"WRITTEN_CBT","시스템 보안","다음 문장에서설명하는랜섬웨어의 종류는? -감염된PC가부여받은사용자ID파일에 따라복호화 비용과월렛 주소가개별적으로할당되며, 동일PC에 서 감염행위가발생할때마다ID파일값이변경된다 감염된PC의 IP,사용자명 및OS정보를수집하여 전송 하며데이터복구를위한쉐도우복사본을삭제한다","German Wiper","Tflower","Nemty","Lilocked","3","","",": 파일을암호화하고감염된PC에서 ID Nemty 파일을변경하며 복호화비용과월렛 주소를개별적으로할당 파일을암호화하지 않고데이터를 German 덮어써서 복구가불가능하게 만드는 Wiper 데이터파괴형랜섬웨어 : 주로원격데스크톱프로토콜(RDP)을 Tflower 통해유포되는랜섬웨어 ·파일을암호화하고복호화키를요구 ·리눅스기반 시스템을대상으로 하는 Lilocked 랜섬웨어","medium","","정보보안기사|필기|예상|천기누설 예상문제|시스템 보안","2026 수제비 정보보안기사 필기 기본서 · 천기누설 예상문제 · PDF 216쪽 · 5번","","","","","","information-security-engineer"
"WRITTEN_CBT","시스템 보안","시스템 도구 및 보안 01 시스템 분석 도구 1 시스템 취약점 분석 도구 (1)시스템 취약점 분석의개념 (2) 취약점 분석 도구의 분류 석도구로 구분된다. 취약점분석도구 분류 특징 OK 잠깐! 알고가기 파일Permission 시스템 취약점 운영체제에서사용자나그룹 분석도구 이 특정 파일또는디렉터리 에대해 수행할수 있는 작업 범위를지정하는보안 속성 이다 기능을 제공 네트워크취약점 분석도구 (3) 취약점 분석도구의 유형","","","","","","","","","medium","","정보보안기사|필기|예상|천기누설 예상문제|시스템 보안","2026 수제비 정보보안기사 필기 기본서 · 천기누설 예상문제 · PDF 217쪽 · 3번","","","","","","information-security-engineer"
"WRITTEN_CBT","시스템 보안","단말보안솔루션 (1) 단말보안솔루션개념 단말보안솔루션은네트워크에연결된단말기를보호하고관리하기위해악 성코드 탐지 접근제어,데이터 암호화등다양한 보안 기능을 제공하는소 프트웨어이다 (2) 단말 보안 솔루션 종류[22년4회,23년1회] 단말보안솔루션 솔루션 PMS (Patch Management System) 패치관리시스템 Anti-Virus 시스템 단말기에서발생하는행위를확인하여실시간으로통제하고 대응하는 보안 시스템 단말에서의 위협 EDR(Endpoint Detection and 탐지 있음 Response) 통제 분석 치료 • 스마트폰, 태블릿 휴대용 컴퓨터 등의 디바이스를관리하는 보안시스템 MDM(Mobile Device Management) 관리)등 (3) 내부 정보 유출 차단용 보안솔루션 [23년1회] 내부정보 유출차단용 보안 솔루션 문서 암호화솔루션 내부정보유출방지 솔루션 차단하는솔루션 문서중앙화시스템 차단하는솔루션","","","","","","","","","medium","","정보보안기사|필기|예상|천기누설 예상문제|시스템 보안","2026 수제비 정보보안기사 필기 기본서 · 천기누설 예상문제 · PDF 220쪽 · 3번","","","","","","information-security-engineer"
"WRITTEN_CBT","시스템 보안","다음중 무결성(Integrity)검사를위한 도구가 아닌 것은?","Tripwire","Fcheck","Samhain","prstat","4","","",": 유닉스계열시스템에서사용하는 파일무결성검사도구 시스템내지정된중요한디렉터리와 Tripwire 파일의상태를데이터베이스로 생성하고, 이후Tripwire를실행하면 현재상태와비교하여변경사항을 감지할수있음 파일무결성체크프로그램 Fcheck 다른무결성 도구에비해사용과 설정이쉬워소규모환경에서도 효과적으로활용 시스템의 무결성을점검하는도구 여러시스템을관리할수있는수단을 Samhain 제공 여러시스템을중앙에서통합관리할 수있는 기능을제공 : 현재동작중인모든 프로세스의 prstat 정보를CPU점유율에따라정렬하여 표시하는 도구","medium","","정보보안기사|필기|기출|지피지기 기출문제|2022년|1회|시스템 보안","2026 수제비 정보보안기사 필기 기본서 · 지피지기 기출문제 · PDF 222쪽 · 3번","2022","","","","","information-security-engineer"
"WRITTEN_CBT","시스템 보안","다음중파일시스템의무결성보장을위해점검해야 할 사항으로 옳지 않은 것은?","파일의소유자, 소유그룹등의변경여부점검","파일의크기변경점검","최근에파일에접근한시간점검","파일의Symbolic Link의수점검","4","","","파일시스템의무결성 보장을위해점검사항은 다음과 같다. 파일의소유자소유그룹등의변경여부점검 • 파일의크기변경점검 • 최근파일에접근한시간점검 • 주요파일의 해시(Hash)값변경 점검 Symbolic Link의 수는직접적인 무결성지표가 아니며무결성과는 무관하다","medium","","정보보안기사|필기|기출|지피지기 기출문제|2023년|1회|시스템 보안","2026 수제비 정보보안기사 필기 기본서 · 지피지기 기출문제 · PDF 223쪽 · 7번","2023","","","","","information-security-engineer"
"WRITTEN_CBT","시스템 보안","다음과 같이 나열한도구들의설명으로옮은 것은? tripwire, MD5, Fdhedk, AIDE","스캔탐지도구","취약점분석도구","파일무결성점검도구","네트워크모니터링도구","4","","","MD5는해시함수로파일무결성을점검시에 이용하는 알고리즘이다. 그외시스템 무결성을 점검하는 도구는다음과 같다 ·유닉스 계열 시스템에서사용하는 파일무결성검사도구 시스템 내지정된 중요한 Tripwire 디렉터리와 파일의 상태를 데이터베이스로생성하고,이후 Tripwire를실행하면 현재상태와 비교하여변경사항을감지할수 있음 파일무결성체크프로그램 Fcheck 다른무결성프로그램들에비해그 설정이매우간단하고성능도 효과적 ·시스템의 무결성을 점검하는 도구 여러 시스템을관리할수있는 Samhain 수단을 제공 모니터링에이전트와 중앙 로그 서버로구성 파일시스템의무결성을검사하여 AIDE 변조된파일을감지하는도구","medium","","정보보안기사|필기|기출|지피지기 기출문제|2024년|4회|시스템 보안","2026 수제비 정보보안기사 필기 기본서 · 지피지기 기출문제 · PDF 224쪽 · 11번","2024","","","","","information-security-engineer"
"WRITTEN_CBT","시스템 보안","다음의 빈칸에각각에알맞은 도구는무엇인가? -------- 보안 점검도구들 중에서 Tipwire는()을점검하는 대표적인 도구이다 (©)는 미국 Tenable 사가개발하여무료로배포하는 취약점의진단도구로패스워드취약점민감한데이터 에접근하거나제어할수있는취약점등을점검하여보 고서를제공한다",":기밀성,: Nessus",": 기밀성, : Fcheck",": 무결성, : Nessus",":무결성,:Fcheck","3","","","무결성 점검 도구로는 Tripwire,Fcheck, Samhain 등이 있다 Tripwire는 다음과 같다. 시스템내의지정한 중요한디렉터리와 파일에 대한데이터베이스를생성하고 Tripwire를 실행할때새로생성된데이터베이스와 비교하여 시스템 내에서 어떠한변화가있는지 감지할 수있게해주는도구 Nessus는 취약점 진단 도구로 다음과 같다. 미국 Tenable사가개발하여 무료배포하는 취약점의 진단 도구로, 대부분의 OS에서 동작하는네트워크취약점점검도구 클라이언트-서버구조로클라이언트의 취약점을점검 : 민감한데이터에접근하거나제어할 수있는 취약점,잘못된 설정,기본 시스템계정의 비밀번호또는빈비밀번호등을점검","medium","","정보보안기사|필기|기출|지피지기 기출문제|2025년|1회|시스템 보안","2026 수제비 정보보안기사 필기 기본서 · 지피지기 기출문제 · PDF 224쪽 · 12번","2025","","","","","information-security-engineer"
"WRITTEN_CBT","시스템 보안","다음 중 CoPS(Computer Oracle and Password System) 도구에 대한 설명으로 옳지 않은 것은?","UNIX기반으로 시스템내부에존재하는 취약 점점검및 취약한 패스워드를점검하는도구 이다.","비정상적인네트워크트래픽을탐지하여실시 간으로차단하는기능을제공한다","비밀번호정책,파일권한,취약한설정등을검 사하여보안점검을수행할수있다","주로시스템관리자가 주기적인 보안 점검용 도로사용한다.","","","","•COPS는UNIX기반으로시스템내부에 존재하는 취약점 점검및취약한패스워드를점검하는 도구이다. 취약한 패스워드,파일및 디렉터리 권한, 사용자및 그룹설정,Cron 작업,SUID/SGID설정,취약한 시스템 설정 등을 점검한다. 비정상적인 네트워크 트래픽을 탐지하여실시간으로 차단하는 기능을 제공하는 것은 Snort, Suricata, 방화벽등을 활용해야한다","medium","","정보보안기사|필기|기출|지피지기 기출문제|2025년|1회|시스템 보안","2026 수제비 정보보안기사 필기 기본서 · 지피지기 기출문제 · PDF 225쪽 · 13번","2025","","","","","information-security-engineer"
"WRITTEN_CBT","시스템 보안","다음 중 취약점 스캐닝 도구로옳지 않은 것은?","Nessus","SAINT","GFI LanGuard","FIK","4","","",". FTK는 AccessData에서 1개발한 디지털 포렌식 도구로 특히 멀티태스킹 환경에서 효과적이고, 데이터 분석과 검색 기능이 뛰어나며 암호 복구 기능을 내장한 도구이다 로 Backtrack의후속버전이며, 취약점 점검을 위한 많은 툴이 포함된 취약점 분석도구는? ①OWASP Kali Linux ③ Fedora Raspberry Pi Backtrack의 후속 버전이며, 취약점 점검을 위한 많은 둘이 포함된 취약점 분석 도구는 Kali Linux이다.","medium","","정보보안기사|필기|예상|천기누설 예상문제|시스템 보안","2026 수제비 정보보안기사 필기 기본서 · 천기누설 예상문제 · PDF 226쪽 · 1번","","","","","","information-security-engineer"
"WRITTEN_CBT","시스템 보안","다음중 COPS에 대한설명으로틀린것은?","장치파일에대한권한(Permission)점검을수 행한다.","suid 파일 내용에 대한 점검을 수행한다.","anonymous ftp환경설정에대한 점검을수행 한다.","사용자로그인로그에대한점검을수행한다","4","","","COPS는UNIX 기반으로시스템내부에 존재하는 취약점점검및취약한 패스워드를점검하는 도구이다 취약한 패스워드, 파일 및 디렉터리 권한, 사용자및 그룹설정,cron 작업,SUID/SGID설정,취약한 시스템설정 등을점검한다. COPS는 설정 및 권한에 대해서점검을 수행하며, 별도의 로그를 검사하지 않는다. -","medium","","정보보안기사|필기|예상|천기누설 예상문제|시스템 보안","2026 수제비 정보보안기사 필기 기본서 · 천기누설 예상문제 · PDF 226쪽 · 3번","","","","","","information-security-engineer"
"WRITTEN_CBT","시스템 보안","여러개의디스크에데이터를분산저장하고, 패리티정보를 함께저장하여데이터의 Disk 3 안정성과성능을향상 패리티가 배분되는(Distributed) Ia 0 스트라이핑된세트로구성된방식 B C3 0 적어도 4개의디스크 필요 X 각디스크에패리티정보가두번독립적으로 Disk 3 Disik 4 분산되어저장 : RAID O과 RAID1을조합한방식 RAD 0 스트라이핑한디스크2개를서로미러링시킨 AT A3 A L 방식 47 A5 A6 A 속도향상과복사본생성이라는두가지목적 Dea 2 Dsk3 구현 4개의하드디스크를사용해서 RAID1 방식으로데이터를미러링하고, 이를다시 RAID O 방식으로스트라이핑하는 방식 RAD RAIDO의 속도 향상의장점을살리고, RAID A 1로안전성을보강한방식 한디스크에서장애가발생할경우,데이터 Da 2 Dsk 무결성에 영향을 주지 않고 모든 데이터를 다른미러링디스크에서제공할수있고고장 난드라이브만교체하는방식 엔지니어링은디컴파일 또는디어셈블리 방법을통해목적프로그램 에서원시프로그램또는어셈블리어등인간이 인식할 수있는코드를추출 소스코드→어셈블리어→프로그램 프로그램 →어셈블리어→ 소스코드","","","","","","","","","medium","","정보보안기사|필기|예상|천기누설 예상문제|시스템 보안","2026 수제비 정보보안기사 필기 기본서 · 천기누설 예상문제 · PDF 235쪽 · 3번","","","","","","information-security-engineer"
"WRITTEN_CBT","시스템 보안","콘텐츠 보안솔루션 (1) DRM","DRM(Digital Rights Management) 개넘[22년 1회, 24년 2회, 4회] DRM은디지털콘텐츠의 생성과이용까지유통 전과정에 걸쳐 디지털콘텐 츠를안전하게관리및 보호하고,부여된권한 정보에 따라 디지털콘텐츠의 이용을 통제하는 기술이다 ·전자책, 음악, 비디오,게임 등등각종디지털 콘텐츠의 불법 유통과 복제를 방지하고 보호된콘텐츠로인해 저작권 당사자에게 달성하는이익을관리하 여주는 기술과 서비스이다 DRM구성요소[22년4회] DRM구성요소 구성요소 콘텐츠 제공자 ·콘텐츠를제공하는저작권자 (Contents Provider) 콘텐츠 소비자 콘텐츠를구매해서사용하는주체 (Contents Customer) 콘텐츠 분배자 •암호화된 콘텐츠를유통하는 곳이나사람 (Contents Distributor) 클리어링하우스 수행하는 곳 (Clearing House) ·키관리및라이선스발급관리 DRM콘텐츠 ·지식재산권으로보호되어야할정보의단위로일반적으로 (DRM Contents) 패키징을통해 패키징되기이전의원본 개H 년 박살내기 디지털저작권","디지털 저작권(Digital Rights) 개념 •디지털저작권은디지털환경에서창작물에대한법적권리이다.","","","","","","","medium","","정보보안기사|필기|예상|천기누설 예상문제|시스템 보안","2026 수제비 정보보안기사 필기 기본서 · 천기누설 예상문제 · PDF 244쪽 · 13번","","","","","","information-security-engineer"
"WRITTEN_CBT","시스템 보안","다음은보안기술에대해설명한것이다. 괄호안에 들어갈 가장 올바른 것은? ()은/는디지털콘텐츠의 불법 복제와 유포를 막고저 작권 보유자의 이익과권리를보호해주는기술과서비 스를말한다전자책 음악비디오게임등등각종디지 털콘텐츠의불법 유통과복제를방지하고,보호된콘텐 츠로인해저작권 당사자에게달성하는이익을관리하 여주는기술과서비스이다.","DRM(Digital Rights Management)","스테가노그래피(Steganography)","디지털 워터마크(Digital Watermark) 보안토큰(Security Token)","","1","","","스테가노그래피는 기밀정보를 이미지/영상 파일에 숨기는 기술 디지털 워터마크는 파일에 저작권 정보를 넣어서 저작자의 저작권을 보호하는 기술 보안 토큰은 인증서를 칩에 내장하는 안전성 강화된","medium","","정보보안기사|필기|기출|지피지기 기출문제|시스템 보안","2026 수제비 정보보안기사 필기 기본서 · 지피지기 기출문제 · PDF 247쪽 · 2번","","","","","","information-security-engineer"
"WRITTEN_CBT","시스템 보안","디지털콘텐츠의 무단 복제 및사용을막고원작자의 권리와이익을보호해주는기술과서비스를통칭하 는 용어는?","DRM(Digital Rights Management)","ECRM(Electronic Customer & Relationship Management) )TPM(Total Productive Maintenance)","SSL(Secure Socket Layer)","","1","","","DRM은디지털 콘텐츠의 생성과 이용까지 유통전 과정에 걸쳐 디지털 콘텐츠를 안전하게 관리및 보호하고, 부여된 권한 정보에 따라 디지털 콘텐츠의 이용을 통제하는 기술이다 22년4회","medium","","정보보안기사|필기|기출|지피지기 기출문제|시스템 보안","2026 수제비 정보보안기사 필기 기본서 · 지피지기 기출문제 · PDF 249쪽 · 8번","","","","","","information-security-engineer"
"WRITTEN_CBT","시스템 보안","다음 문장에서설명하는스토리지는? 공격자가시스템의 로그 파일을삭제하거나 변조한다면 공격자가어떠한행위를하였는지파악하는데어려움이 존재한다.이러한이슈를해결하고자로그의위변조방 지를위해사용한다","HOT스토리지","WORM스토리지","DISK스토리지","NAS스토리지","","","","wORM(write Once Read Many) 스토리지는 한번 저장된데이터를지정된 보존기간 동안 어떠한 권한과방법으로도 삭제·변경·수정 할수 없도록 하는 스토리지이다 22년4회","medium","","정보보안기사|필기|기출|지피지기 기출문제|2022년|4회|시스템 보안","2026 수제비 정보보안기사 필기 기본서 · 지피지기 기출문제 · PDF 250쪽 · 10번","2022","","","","","information-security-engineer"
"WRITTEN_CBT","시스템 보안","안드로이드(Android) 플랫폼을 기반으로 개발된모 바일앱의경우, 디컴파일도구 이용시실행파일 (.apk)을 소스코드로쉽게 변환시킬수있어 앱구조 및 소스 코드를쉽게 분석할수있다.이를방지하기 위한기술은?","난독화","무결성점검","안티디버깅","루팅","","","","난독화를통해 앱의 구조와소스코드를변경하여 디컴파일후에도 코드의 가독성을떨어뜨리고 분석을 어렵게 만든다. 앱하드닝 활동은다음과같다. ·소스 코드 또는 실행 파일의 난독화 가독성을 낮춰 분석 및 (Obfuscation) 이해하기어렵게 만드는기술 안티디버깅 프로그램을실행하면서 (Anti- 분석하는디버깅을방지하는 Debugging) 기법","medium","","정보보안기사|필기|기출|지피지기 기출문제|시스템 보안","2026 수제비 정보보안기사 필기 기본서 · 지피지기 기출문제 · PDF 250쪽 · 12번","","","","","","information-security-engineer"
"WRITTEN_CBT","시스템 보안","A나머신러닝의이미지인식에있어서이미지 속에인 간이감지할수없는노이즈나작은변화를주어A알고 리즘특성을 악용하여 잘못된 판단을 유도하는공격은?","Membership Inversion 공격","Adversarial 공격","Poisoning 공격","Model Inversion 공격","2","","","Adversarial 공격은머신러닝 진행단계별 취약점을 공격하여머신러닝학습결과에오류를 발생시키거나 모델 추출을 통한모델의 악의적 사용을위한머신러닝 알고리즘공격기법이다. AI나 머신러닝의 이미지 인식에 있어서 이미지 속에 인간이감지할수없는노이즈나작은변화를주어A 알고리즘 특성을 악용하여 잘못된 판단을 유도하는 공격은Adversarial 공격 중Evasion 공격방식이다. 23년1회","medium","","정보보안기사|필기|기출|지피지기 기출문제|2023년|1회|시스템 보안","2026 수제비 정보보안기사 필기 기본서 · 지피지기 기출문제 · PDF 251쪽 · 13번","2023","","","","","information-security-engineer"
"WRITTEN_CBT","시스템 보안","리버싱을하기위해서는여러가지도구가필요하다. 제시된 도구들과 그역할이 올바르게 짝지어진것은? ⑥ OllyDbg @PE파일의구조와동작확인 © Procexp ⑥파일이벤트정보확인 © FleMonitor ©프로세스동작정보확인","-@,©©","-@,0©©","-C ©@ 7© L-@, ©b","","2","","","각리버싱도구의역할은다음과 같다. OllyDbg PE 파일의구조와동작확인 Procexp ·프로세스동작정보 확인 FileMonitor •파일이벤트정보확인 23년1회","medium","","정보보안기사|필기|기출|지피지기 기출문제|2023년|1회|시스템 보안","2026 수제비 정보보안기사 필기 기본서 · 지피지기 기출문제 · PDF 251쪽 · 15번","2023","","","","","information-security-engineer"
"WRITTEN_CBT","시스템 보안","애플리케이션의 공유라이브러리에대한호출을확 인하기위해사용되는 리눅스의 디버깅 유틸리티는?","windbg","jdbc","ltrace 4 tcpdump","","3","","","도구및 유틸리티는 다음과 같다. Windows환경에서사용되는 windbg 디버깅도구 Java애플리케이션이 jdbc 데이터베이스와연결할 때 사용하는API 애플리케이션에서사용하는공유 Itrace 라이브러리함수호출을추적하고 출력하는리눅스디버깅 유틸리티 ·네트워크패킨을캡처하고 tcpdump 분석하는유틸리티 23년2회,25년 4회","medium","","정보보안기사|필기|기출|지피지기 기출문제|2023년|1회|시스템 보안","2026 수제비 정보보안기사 필기 기본서 · 지피지기 기출문제 · PDF 252쪽 · 17번","2023","","","","","information-security-engineer"
"WRITTEN_CBT","시스템 보안","네트워크로그수집및 분석을위해엘라스틱스택을 구성하고자 한다.엘라스틱서치(Elasticsearch) 분석 기 모들의 순서로옳은 것은?","캐릭터필터-토큰피터-토크나이저","캐릭터필터-토크나이저-토큰필터","토크나이저-캐릭터필터-토큰필터","토크나이저-토큰필터-캐릭터필터","2","","","엘라스틱서치(Elasticsearch)분석기 모둘의 순서는 다음과 같다. 전체문장에서 특정 문자를 캐릭터필터 대치하거나제거 ·문장을단어단위로쪼개거나 토크나이저 구분를기준으로나누는방식인 개별토큰으로분리 분리된토큰에대해서추가적인 토큰 필터 처리(불용어 제거,형태소분석","medium","","정보보안기사|필기|기출|지피지기 기출문제|시스템 보안","2026 수제비 정보보안기사 필기 기본서 · 지피지기 기출문제 · PDF 252쪽 · 18번","","","","","","information-security-engineer"
"WRITTEN_CBT","시스템 보안","디지털워터마킹(Digital Watermarking)기술과관 련이없는 것은?","크립토그래피(Cryptography) 기술만으로 혹 은스테가노그래피(Steganography)기술만으 로실현된다.","스테가노그래피(Steganography)기술을 기반 으로한다.","순수한 스테가노그래피(Steganography)기술 만을이용하면숨겨넣은정보를비밀로하는 것이불가능하다.","숨기고자하는정보를암호화한다음에스테가 노그래피(Steganography)기술을 이용하여암 호화된정보를원파일에숨겨넣는다.","1","","","디지털워터마킹은 스테가노그래피 기술을기반으로 만들어진다 23년2회","medium","","정보보안기사|필기|기출|지피지기 기출문제|시스템 보안","2026 수제비 정보보안기사 필기 기본서 · 지피지기 기출문제 · PDF 253쪽 · 20번","","","","","","information-security-engineer"
"WRITTEN_CBT","시스템 보안","다음중양자컴퓨팅환경에서 암호기술에대한설명 으로틀린것은?","양자내성암호는양자 컴퓨터공격으로부터 안전하다고알려진대칭키암호로다변수기반 암호, 코드 기반 암호 등으로구분할 수 있다.","양자암호는양자역학적특성을이용한암호 기술로양자채널에서양자암호키분배프로 토콜을이용하여비밀키를공유한다","큐비트는양자정보의단위이고일반 컴퓨터와 양자컴퓨터는 1과0의상태를동시에갖는다","양자정보통신은양자관련정보통신기술을총 칭하며 양자적특성을정보통신분야에 적용 한차세대 정보통신기술이다.","1","","","·양자 내성 암호는양자컴퓨터공격으로부터","medium","","정보보안기사|필기|기출|지피지기 기출문제|2023년|2회|시스템 보안","2026 수제비 정보보안기사 필기 기본서 · 지피지기 기출문제 · PDF 253쪽 · 21번","2023","","","","","information-security-engineer"
"WRITTEN_CBT","시스템 보안","Elasticsearch의 독립적인 가장 작은 데이터단위는 무엇인가?","Shard","Node","Replica )Document","","4","","","도큐먼트(Document)는 Elasticsearch에서데이터를 표현하는 최소 단위이다. : 데이터를분할하여저장하는 샤드(Shard) 기본단위 . Elasticsearch가 실행 중인 노드(Node) 하나의 프로세스혹은인스턴스 . 데이터의 가용성과 내결함성을 복제(Replica) 향상시키기위한추가샤드 . Elasticsearch에서 데이터를 도큐먼트 표현하는최소단위 (Document) . JSON객체표현 RDBMS의 Row와동일","medium","","정보보안기사|필기|기출|지피지기 기출문제|2024년|4회|시스템 보안","2026 수제비 정보보안기사 필기 기본서 · 지피지기 기출문제 · PDF 253쪽 · 23번","2024","","","","","information-security-engineer"
"WRITTEN_CBT","네트워크 보안","번째 비트 라우터에서도단편화가 (Don't Fragment) 가능,1로세팅되면 3비트 라우터에서단편화 불가능 현재의 조각이","","","","","","","","","medium","","정보보안기사|필기|예상|천기누설 예상문제|네트워크 보안","2026 수제비 정보보안기사 필기 기본서 · 천기누설 예상문제 · PDF 265쪽 (인쇄 2-8) · 2번","","","","","","information-security-engineer"
"WRITTEN_CBT","네트워크 보안","번째 비트 마지막이면0.조각이 (More Fragment) 뒤에 계속 있으면1 조각나기 전 데이터 그램의 위치를8바이트단위로 표현하는필드 13비트 패킨이네트워크를통해 전달될때거칠수있는최대 8비트 라우터수(홉수)를지정하는필드 ·어느상위 계층프로토콜이데이터 내에 8비트 포함되었는가를 보여주는필드 헤더에대한오류를검출하는필드 16비트 각 ·패킨을보내는/받는곳의 주소를나타내는필드 32비트 단편화 단편화는 전송할패킨이 하위 네트워크가수용할 수있는 데이터 크기보다 큰IP패킷이작은MIU를갖는링크를통과할때단편화가발생한다. •IPv4 헤더에서 단편화 식별자(Fragment Identifier), 단편화플래그(Frag- mentation Flag)의 3번째 비트(More Fragment)와 단편화 오프셋(Fragmen- 최대MTU가1500일 때4000바이트 패킷을 전송하는과정에서 패킷이단편","","","","","","","","","medium","","정보보안기사|필기|예상|천기누설 예상문제|네트워크 보안","2026 수제비 정보보안기사 필기 기본서 · 천기누설 예상문제 · PDF 265쪽 (인쇄 2-8) · 3번","","","","","","information-security-engineer"
"WRITTEN_CBT","네트워크 보안","클라이언트는나머지를계속이어서 보내야 (Continue) 한다는 코드 200 * 문제없이 실행되었을 때 보내는코드 (OK) . 클라이언트가동시에 여러응답을가리키는 300 URL을 요청하면 응답 목록과 함께 반환하는 (Multiple Choices) 코드 • 해당 URL이 다른 주소로 바뀌었을 때 보내는 301 코드 (Moved • 요청한 리소스가 영구적으로 새로운 URL로 Permanently) 이동했음을나타내며,클라이언트는이후 요청새로운URL을사용 302 • 요청한 리소스가 일시적으로 다른 URL로 (Found, Temporary 이동되었음을의미하는리다이렉트상태 Redirect) 코드 - 요청한 자원이 변경되지 않아 재전송할 필요 304 없이캐시에 있는자원을사용하도록할 때 (Not Modified)","","","","","","","","","medium","","정보보안기사|필기|예상|천기누설 예상문제|네트워크 보안","2026 수제비 정보보안기사 필기 기본서 · 천기누설 예상문제 · PDF 279쪽 (인쇄 2-22) · 100번","","","","","","information-security-engineer"
"WRITTEN_CBT","네트워크 보안","네트워크종류 (1) 유무선네트워크","유선 네트워크(이더넷; Ethernet) 이더넷은가장 널리 사용되는유선 LAN 기술로, 검퓨터 간 데이터를 전송하 기 위한근거리유선네트워크통신망 기술이다","무선네트워크(Wifi) • Wifi(IEEE 802, 11) 개념 •무선 네트워크(Wi-Fi)는물리적인유선 연결 없이 전파(무선주파수)를통해 데이터를 송수신하는 네트워크 기술이다. •IEEE802의11번째워킹그룹에서 개발된표준기술이다.","Wifi 표준 Wifi 표준 표준 설명 802.11a 5GHz대역에서 54Mbps 속도를제공 802.11b • 2.4GHz 대역에서11Mbps 속도를제공 QoS 강화를위해 MAC지원 기능을채택 802.11e • 초고속서비스(IP 전화 비디오)에 QoS를제공 802.11f • AP 간의 로밍 기능을향상한표준","","","","","","medium","","정보보안기사|필기|예상|천기누설 예상문제|네트워크 보안","2026 수제비 정보보안기사 필기 기본서 · 천기누설 예상문제 · PDF 284쪽 (인쇄 2-27) · 2번","","","","","","information-security-engineer"
"WRITTEN_CBT","네트워크 보안","네트워크 주소 (1) IPV4주소체계 •IPv4주소는32비트로 구성되어있으며,8비트씩4개로 나누어X.X.XX 형식 으로표시된다 •각 X는 0부터 255 사이의 10진수로, 내부적으로는8비트(1바이트) 2진수로 표현된다.","","","","","","","","","medium","","정보보안기사|필기|예상|천기누설 예상문제|2024년|1회|네트워크 보안","2026 수제비 정보보안기사 필기 기본서 · 천기누설 예상문제 · PDF 288쪽 (인쇄 2-31) · 3번","2024","","","","","information-security-engineer"
"WRITTEN_CBT","네트워크 보안","을 반환하고, 그렇지 않으면 개H 념 박살내기 0을반환하는연산자이다 A B A AND B 0 0 0 려고 한다. 0 1 0 1 0 1 10진수 192 1 - 1 2진수 110000000","서브넷마스크계산 학습 Point 이다. IP 주소도32비트서브넷마 스크도32비트이므로각자 서브넷 마스크(2진수) 릿수에있는 비트들끼리 서브넷 마스크(10진수) AND연산을 하면32번 연산 하게됩니다","","","","","","","","medium","","정보보안기사|필기|예상|천기누설 예상문제|네트워크 보안","2026 수제비 정보보안기사 필기 기본서 · 천기누설 예상문제 · PDF 291쪽 (인쇄 2-34) · 1번","","","","","","information-security-engineer"
"WRITTEN_CBT","네트워크 보안","다음중OSI계층의데이터링크 계층과관련성이 가장 적은 것은?","통신 경로상의 지점 간(Link-to-Link)의오류없 는데이터전송","멀티포인트회선제어기능","데이터압축및암호화","정지-대기흐름제어기법","3","","","OSI7계층에서데이터의 압축및 암호화를담당하는 계층은 프레젠테이션 계층(6계층)이다. 데이터 링크 계층은동기화,오류제어,흐름제어 회선제어를 담당한다 22년 1회,24년 4회","medium","","정보보안기사|필기|기출|지피지기 기출문제|네트워크 보안","2026 수제비 정보보안기사 필기 기본서 · 지피지기 기출문제 · PDF 296쪽 (인쇄 2-39) · 1번","","","","","","information-security-engineer"
"WRITTEN_CBT","네트워크 보안","RIP(Routing Information Protocol)는 Distance Vector 라우팅알고리즘을 사용하고30초마다모든 전체 라우팅테이블을 Active Interface로 전송한다. 원격 네트워크에서 RIP에 의해 사용되는최적의경 로결정 방법은 무엇인가?","Hop Count 2)Routed Information TTL(Time To Live)","Link Length","","","1","","","RIP는 Distance Vector 라우팅 알고리즘을이용하여 거리와 방향을 기준으로 전송하는Hop Count를 메트릭정보로이용하며, 적은라우팅테이블을 이용한다.","medium","","정보보안기사|필기|기출|지피지기 기출문제|네트워크 보안","2026 수제비 정보보안기사 필기 기본서 · 지피지기 기출문제 · PDF 296쪽 (인쇄 2-39) · 2번","","","","","","information-security-engineer"
"WRITTEN_CBT","네트워크 보안","SNMP 커뮤니티 스트링에 대한 설명으로 틀린 것 은?","기본적으로public, private로설정된경우가많 다.","모든서버나클라이언트에서같은커뮤니티스 트링을사용해야만한다","MIB정보를주고받기위하여커뮤니티스트링 을사용한다.","유닉스환경에서커뮤니티스트링변경을일반 권한으로설정한다.","4","","","SNMP커뮤니티 스트링에 대한설명은 다음과 같다. SNMP커뮤니티스트링에대한설명은다음과 같다. 초깃값으로public 또는private가설정되어 있음 커뮤니티 스트링이 같아야 정보를 주고받을수 있어서 모든서버나클라이언트에서 같은 커뮤니티 스트링을사용 커뮤니티 스트링은Manager와Agent가MIB 정보를주고받을때사용하는비밀번호이기 때문에루트권한으로관리해야함","medium","","정보보안기사|필기|기출|지피지기 기출문제|네트워크 보안","2026 수제비 정보보안기사 필기 기본서 · 지피지기 기출문제 · PDF 296쪽 (인쇄 2-39) · 3번","","","","","","information-security-engineer"
"WRITTEN_CBT","네트워크 보안","다익스트라(Djkstra) 알고리즘을 사용하는 라우팅 프로토콜에 대한설명으로틀린 것은?","대규모망에적합한알고리즘이다","거리벡터알고리즘이다.","OSPF에서사용된다.","링크상태알고리즘이다.","2","","","거리벡터 알고리즘은벨만-포드알고리즘이다. 라우팅 프로토콜알고리즘은다음과 같다. 거리벡터(Distance Vector)라우팅기반 벨만-포드 메트릭정보를인접 알고리즘 라우터와주기적으로 RIP 교환하여라우팅테이블을 갱신하고라우팅테이블을 구성·계산 링크상태(Link State) 라우팅기반 다익스트라 메트릭정보를한지역내 알고리즘 모든라우터에변경이 OSPF 발생했을 때만 보내고 라우팅테이블을 구성·계산 22년 2회","medium","","정보보안기사|필기|기출|지피지기 기출문제|네트워크 보안","2026 수제비 정보보안기사 필기 기본서 · 지피지기 기출문제 · PDF 297쪽 (인쇄 2-40) · 4번","","","","","","information-security-engineer"
"WRITTEN_CBT","네트워크 보안","다음중일반적으로사용되는서비스와해당서비스 의 기본 설정포트연결이 틀린 것은?","SSH(Secure Shell) - 22","SMTP(Simple Mail Transfer Protocol) – 25","FTP(File Transfer Protocol) – 28","HTTPS(Hyper-Text Transfer Protocol over Se- cure Socket Layer) – 443","3","","","FTP의 포트 번호는20, 21번이다","medium","","정보보안기사|필기|기출|지피지기 기출문제|2022년|2회|네트워크 보안","2026 수제비 정보보안기사 필기 기본서 · 지피지기 기출문제 · PDF 297쪽 (인쇄 2-40) · 5번","2022","","","","","information-security-engineer"
"WRITTEN_CBT","네트워크 보안","다음 문장에서설명하는것은? 인터넷이나다른네트워크의메시지가호스트에도착했 을때 전달되어야할 특정 프로세스를인식하는방법으 로TCP와UDP에서단위메시지에추가되는헤더 내에 넣어지는16비트정수의형태를갖는다이것을사용하 여호스트에 전달된데이터를상위응용 프로그램에 넘 겨줄수있다웹서비스나파일전송서비스,전자우편과 같은서비스에 대하여영구적으로이것을할당한다","Port Number","Protocol","Checksum","Routing","1","","","포트 주소 ·네트워크서비스나특정 (Port Number) 프로세스를식별하는번호 서로다른시스템에 있는두개체 프로토콜 간의데이터교환을원활히하기 (Protocol) 위한일련의통신규약 체크럼 패킨, 세그먼트등의 오류를 (Checksum) 검사하는필드 22년 4호,25년2회","medium","","정보보안기사|필기|기출|지피지기 기출문제|2022년|4회|네트워크 보안","2026 수제비 정보보안기사 필기 기본서 · 지피지기 기출문제 · PDF 297쪽 (인쇄 2-40) · 6번","2022","","","","","information-security-engineer"
"WRITTEN_CBT","네트워크 보안","Dynamic NAT(Network Address Translation)ol 대한 설명으로 틀린 것은?","하나의NAT 시스템에서사용하는공인IP는항 상고정된값을사용한다","사설IP주소를공인IP주소로매핑하여변환 하는프로토콜이다.","내부네트워크에서는사설P주소만사용한다.","NAT을이용하면사설IP주소대역이노출되지 않아보안성이높다.","1","","","Dynamic NAT는 여러공인 IP 주소중에서사용할수 있는 주소를할당한다 사용자가 외부로나갈때마다다른공인 IP 주소가 할당될수있다.","medium","","정보보안기사|필기|기출|지피지기 기출문제|네트워크 보안","2026 수제비 정보보안기사 필기 기본서 · 지피지기 기출문제 · PDF 297쪽 (인쇄 2-40) · 7번","","","","","","information-security-engineer"
"WRITTEN_CBT","네트워크 보안","OSPF 프로토콜의 최단경로 탐색에 사용하는 기본 알고리즘은?","Bellman-Ford 알고리즘","Dijkstra 알고리즘","거리벡터라우팅알고리즘","Floyd-Warshall 알고리즘","2","","","OSPF 프로토콜에사용되는알고리즘은다익스트라 알고리즘이다. 벨만-포드알고리즘 RIP (Bellman-Ford Algorithm) 다익스트라 알고리즘 OSPF (Dijkstra Algorithm) 22년 4회","medium","","정보보안기사|필기|기출|지피지기 기출문제|네트워크 보안","2026 수제비 정보보안기사 필기 기본서 · 지피지기 기출문제 · PDF 298쪽 (인쇄 2-41) · 8번","","","","","","information-security-engineer"
"WRITTEN_CBT","네트워크 보안","ICMP 패킷에 응답하지못하도록실행하는 명령은?","sysctl -w kernel ipv4, icmp_echo_ignore_all=0","sysctl -w kermel, ipv4,icmp_echo_ignore_all=1","sysctl -w kernel.ipv4.icmp_echo_ignore_ broadcasts=0","sysctl -w kernel,ipv4,icmp_echo_ignore_ broadcasts=1","2","","","ICMP의 응답설정은다음과 같다. •ICMP 에코요청에 kernel.ipv4.icmp_ 대해 응답을 echo_ignore_all=0 허용하는 설정 ICMP 에코요청에 kernel.ipv4.icmp_ 응답하지 않도록 echo_ignore_all=1 설정하는 옵션 브로드캐스트 kernel.ipv4.icmp_echo_ 요청에대해 ignore_broadcasts=0 응답을허용하는 설정 . 브로드캐스트 kernel.ipv4.icmp_echo_ 요청에대해 ignore_broadcasts=1 응답하지 않도록 설정하는 옵션 23년2회","medium","","정보보안기사|필기|기출|지피지기 기출문제|2022년|4회|네트워크 보안","2026 수제비 정보보안기사 필기 기본서 · 지피지기 기출문제 · PDF 298쪽 (인쇄 2-41) · 10번","2022","","","","","information-security-engineer"
"WRITTEN_CBT","네트워크 보안","네트워크의크기별로5개의주소클래스가정의되 어 있는데 다음 문장에서설명하는 클래스는? 최상위4비트는언제나이진수1110으로값이지정된 다.나머지 비트는관심이있는호스트가인식할 주솟값 을위해사용된다","클래스A","클래스B","클래스C","클래스D","","","","가장높은단위의 클래스 A 0.0.0.0 ~ 클래스 127.255.255.255 최상위 1비트는 언제나이진수 0으로 값이 지정 두번째로높은 단위의 클래스 B 128.0.0.0~ 클래스 191.255.255.255 최상위 2비트는 언제나이진수 10으로값이 지정 최하위의 클래스 C 192.0.0.0~ • 최상위 3비트는 클래스 223.255.255.255 언제나이진수 110으로 값이 지정 멀티캐스트 용도로 예약된주소 D 224.0.0.0~ 클래스 239.255.255.255 . 최상위4비트는 언제나이진수 1110으로값이 지정 연구를위해예약된 주소 E 240.0.0.0~ 클래스 255.255.255.255 최상위 4비트는 언제나이진수 1111로 값이 지정","medium","","정보보안기사|필기|기출|지피지기 기출문제|네트워크 보안","2026 수제비 정보보안기사 필기 기본서 · 지피지기 기출문제 · PDF 299쪽 (인쇄 2-42) · 12번","","","","","","information-security-engineer"
"WRITTEN_CBT","네트워크 보안","다음과 같이 서브넷을생성했을경우 이에 대한설 명으로 틀린것은? 어떤기관에네트워크블록21170.184.0/24가할당되 었다.네트워크관리자는이를32개의 서브넷으로 나누 고자한다","서브넷 마스크는 255.255.255.31이다.","각 서브넷의호스트개수는8개이다.","1번 서브넷의 주소 범위는 211.170.184.0~ 211, 170, 184,7이다.","32번 서브넷의 주소 범위는211,170.184.248~ 211, 170.184, 2550다.","","","","•CIDR이/24인경우서브넷 마스크는 255.255.255.00.다. Host ID의상위5개의 bit를이용하여개의 서브넷으로 분할하면서브넷 D는5비트가 필요하다 •총 32비트중에서 네트워크ID는24비트이고, 서브넷ID는5비트이므로나머지호스트 ID는 3비트가 되어각서브넷의호스트의개수는인 8개이다 1~24번째 비트는네트워크 ID이므로 211.170.1840다. 25~32번째 비트를 이용한 주소는 다음과 같다. 서브넷 서브넷 호스트 25~32번째 IP 번호 비트 비트 비트 000~ 00000000~ 211.170.184.0~ – 00000 111 00000111 211.170.184.7 000~ 00001000~ 211.170.184.8~ 2 00001 111 00001111 211.170.184.15 000~ 11110000~ 211.170.184.240~ 31 11110 111 11110111 211.170.184.247 000~ 11111000~ 211.170.184.248 A 32 1111 111 111111 211.170.184.255","medium","","정보보안기사|필기|기출|지피지기 기출문제|네트워크 보안","2026 수제비 정보보안기사 필기 기본서 · 지피지기 기출문제 · PDF 299쪽 (인쇄 2-42) · 13번","","","","","","information-security-engineer"
"WRITTEN_CBT","네트워크 보안","방화벽내부에서는사설 IP 주소를사용하고있으며 192.168.20.0/24를 사용하고있다.그러나 ISP로부 터 할당받은공인 IP 주소는1개뿐이다. NAT(Net- work Address Translation)를 를이용하여여러개의 내부 호스트들이동시에 인터넷에 연결되도록사설 IP주소로매핑할수있는방화벽을구성하고자한 다. 이때 사용할 NAT의 종류로 적절한 것은?","DNAT(Dynamic Network Address Transla- tion) )SNAT(Static Network Address Translation)","PAT(Port Address Translation) RNAT(Reverse Network Address Translation)","","","3","","","ISP로부터할당받은 공인 IP 주소 1개로 여러 개의 내부 호스트들을 동시에 인터넷에 연결되도록 사설 IP 주소로매핑할 수 있는 방식은 PAT(Port Address Translation) 방식이다. 23년 4회","medium","","정보보안기사|필기|기출|지피지기 기출문제|2023년|4회|네트워크 보안","2026 수제비 정보보안기사 필기 기본서 · 지피지기 기출문제 · PDF 300쪽 · 14번","2023","","","","","information-security-engineer"
"WRITTEN_CBT","네트워크 보안","다음중OSPF라우팅 프로토콜에대한설명으로올 바르지 않은 것은?","OSPF는 링크상태라우팅프로토콜을기반으 로한다.","OSPF는라우터 경로 정보가초기에는자동으 로설정되지만, 이후부터는관리자가 수동으 로설정해야한다.","OSPF는최적 경로계산을위해다익스트라알 고리즘을사용한다.","네트워크에변화가생겼을 때만 전체네트워크 에플러딩과정을수행함으로써라우팅정보를 신속하게 갱신한다.","","","","","medium","","정보보안기사|필기|기출|지피지기 기출문제|2023년|4회|네트워크 보안","2026 수제비 정보보안기사 필기 기본서 · 지피지기 기출문제 · PDF 300쪽 · 15번","2023","","","","","information-security-engineer"
"WRITTEN_CBT","네트워크 보안","네트워크의제어와데이터평면을분리하여 소프트 웨어프로그래밍이 가능하도록인프라를만드는기 술은?","CAN(Controller Area Network)","MAN(Metropolitan Area Network)","PAN(Personal Area Network)","SDN(Software Defined Network)","","","","네트워크의제어와데이터평면을분리하여 소프트웨어프로그래밍이 가능하도록인프라를 만드는 기술은SDN이다. SDN은네트워크리소스최적화, 비즈니스요구에 따라네트워크를제어 및관리할수있는네트워크 가상화 기술이다","medium","","정보보안기사|필기|기출|지피지기 기출문제|2024년|1회|네트워크 보안","2026 수제비 정보보안기사 필기 기본서 · 지피지기 기출문제 · PDF 300쪽 · 16번","2024","","","","","information-security-engineer"
"WRITTEN_CBT","네트워크 보안","다음중 NAT기법에대한설명으로올바르지 않은 것은?","Static NAT은 공인IP주소 하나를 여러개의사 설IP주소에고정적으로매핑하는방식으로 내부호스트간동시통신을효율적으로처리 한다.","Dynamic NAT은 다수의사설IP주소를다수의 공인IP주소풀(Pool)과동적으로 매핑하여변 환하는방식으로여러공인IP주소중에서사 용할 수 있는 주소를 할당한다.","Policy NAT은출발지 IP와 목적지IP 정보를 기 반으로해당하는P주소로매핑하여변환하는 방식으로 매핑 정보는ACL에 저장한다.","PAT(Port Address Translation)은 공인 IP 주소 1개를사설IP주소여러개로매핑하여변환하 는방식이다.","","","","Static NAT은 1:1 매핑이다 즉, 하나의 사설IP 주소에 대해 하나의 공인 IP 주소가 고정적으로 할당된다. 24년1회","medium","","정보보안기사|필기|기출|지피지기 기출문제|2024년|1회|네트워크 보안","2026 수제비 정보보안기사 필기 기본서 · 지피지기 기출문제 · PDF 301쪽 (인쇄 2-44) · 17번","2024","","","","","information-security-engineer"
"WRITTEN_CBT","네트워크 보안","다음 중 Well Known Port로 옳지 않은 것은?","21 - FTP","22 - SSH","23 - TELNET","25 – SNMP","","","","포트 25는 SMTP(Simple Mail Transfer Protocol)ol 사용되며, 이메일 전송에 사용되는 표준 프로토콜이다 SNMP(Simple Network Management Protocol)는 161번포트를사용한다 E","medium","","정보보안기사|필기|기출|지피지기 기출문제|2024년|1회|네트워크 보안","2026 수제비 정보보안기사 필기 기본서 · 지피지기 기출문제 · PDF 301쪽 (인쇄 2-44) · 18번","2024","","","","","information-security-engineer"
"WRITTEN_CBT","네트워크 보안","다음에서설명하는 데이터링크 계층(Data Link Lay- er)의 오류 제어 기법은? 데이터 프레임을연속적으로 전송하는과정에서NAK을 수신하게 되면, 오류가 발생한 프레임이후에 전송된모 든데이터프레임을재전송하는방식","Stop-and-Wait ARQ","Selective Repeat ARQ","Adaptive ARQ","Go-Back-N ARQ","","","","-데이터 프레임을연속적으로전송하는과정에서 NAK을 수신하게 되면,오류가발생한 프레임 이후에 전송된 모든 데이터 프레임을 재전송하는 방식은 Go-Back-NARQ 방식이다. 24년 4회","medium","","정보보안기사|필기|기출|지피지기 기출문제|2024년|2회|네트워크 보안","2026 수제비 정보보안기사 필기 기본서 · 지피지기 기출문제 · PDF 301쪽 (인쇄 2-44) · 19번","2024","","","","","information-security-engineer"
"WRITTEN_CBT","네트워크 보안","다음 설명중옳지않은 것은?","브로드캐스트는하나의송신자가같은서브네 트워크상의모든수신자에게 데이터를전송하 는방식이다","애니캐스트는IP주소중Host ID 값이 모두1 인주소를갖는다.","멀티캐스트전송이지원되면데이터의중복 전 송으로인한네트워크자원낭비를최소화할 수있게 된다.","유니캐스트는네트워크상에서1:1로메시지를 전송하는방식이다.","","","","애니캐스트는 하나의 호스트에서 그룹 내의 가장 가까운곳에 있는 수신자에게 데이터를 전달하는 프로토콜이다. 25년 1회","medium","","정보보안기사|필기|기출|지피지기 기출문제|2025년|1회|네트워크 보안","2026 수제비 정보보안기사 필기 기본서 · 지피지기 기출문제 · PDF 302쪽 (인쇄 2-45) · 21번","2025","","","","","information-security-engineer"
"WRITTEN_CBT","네트워크 보안","다음중응용계층프로토콜에대한설명으로올바르 지 않은 것은?","FTP는TCP/IP 프로토콜을가지고 서버와클라 이언트사이의파일을전송하기위한프로토콜 로20번, 21번포트를사용한다","Telnet은인터넷이나로컬 영역에서 네트워크 연결에 사용되는 네트워크 프로토콜로 가상 터 미널 기능이있고,23번 포트를사용한다","DHCP는각컴퓨터에서IP관리를쉽게하기위 한프로토콜로TCP/IP통신을실행하는데필 요한 정보를자동으로할당, 관리하며53번포 트를사용한다.","SNMIP는IP네트워크상의 장치로부터 정보를 수집및관리하며,또한정보를수정하여장치 의동작을 변경하는 데에사용되는인터넷표","","","","","medium","","정보보안기사|필기|기출|지피지기 기출문제|2025년|1회|네트워크 보안","2026 수제비 정보보안기사 필기 기본서 · 지피지기 기출문제 · PDF 302쪽 (인쇄 2-45) · 22번","2025","","","","","information-security-engineer"
"WRITTEN_CBT","네트워크 보안","다음 중ICMP(Internet Control Message Protocol) 의 특징으로 옳지 않은 것은 무엇인가?","네트워크진단을위해주로사용된다.","TCP와함께동작하여오류메시지를전달한다","패킷전달과정에서발생한오류를알리는데 사용된다.","평(ping)명렁어와 같은도구에서사용된다.","","","","ICMP는 TCP가 아닌 IP 프로토콜과함께동작하여 네트워크오류 메시지를 전달한다. ICMP는 주로 네트워크 진단과 패킷 전달과정에서 발생하는 오류를 알리는 데 사용되며,핑(ping) 명령어와같은 네트워크 진단 도구에서 이용된다. 25년4회","medium","","정보보안기사|필기|기출|지피지기 기출문제|2025년|2회|네트워크 보안","2026 수제비 정보보안기사 필기 기본서 · 지피지기 기출문제 · PDF 302쪽 (인쇄 2-45) · 23번","2025","","","","","information-security-engineer"
"WRITTEN_CBT","네트워크 보안","다음중에서 TCP프로토콜에대한설명으로옳지 않 은 것은?","신뢰성있는연결지향형전달서비스이다.","흐름제어의기능을수행한다.","전송데이터와응답 데이터를 함께 전송할수 있다.","인접한노드사이의프레임전송및오류를제 어한다.","","","","인접한노드 사이의 프레임 전송및 오류제어는 2계층인데이터 링크 계층의 역할이고, TCP는 4계층인 전송 계층(Transport Layer)o다.","medium","","정보보안기사|필기|기출|지피지기 기출문제|2025년|4회|네트워크 보안","2026 수제비 정보보안기사 필기 기본서 · 지피지기 기출문제 · PDF 302쪽 (인쇄 2-45) · 24번","2025","","","","","information-security-engineer"
"WRITTEN_CBT","네트워크 보안","255,255, 255, 248","","","","","","","","/27이므로서브넷 마스크는1을27개채운 주소이다. 2진수 11111111.11111111.11111111.11100000 10진수 255.255.255.224","medium","","정보보안기사|필기|기출|지피지기 기출문제|2025년|4회|네트워크 보안","2026 수제비 정보보안기사 필기 기본서 · 지피지기 기출문제 · PDF 303쪽 (인쇄 2-46) · 4번","2025","","","","","information-security-engineer"
"WRITTEN_CBT","네트워크 보안","Bypass NAT는일부IP주소 대역에대해 NAT 변환적용을제외하는규칙을설정하여규칙을 통해제외된IP주소들은주소변환을하지않 는방식이다.","","","","","","","","하나의공인 IP주소를다수의사설 IP주소에 동적으로할당하여포트번호를기준으로구분하는 방식은PAT(Port Address Translation) 방식이다. Dynamic NAT는공인 IP주소여러개를사설IP 주소여러 개로매핑하여변환하는방식이다","medium","","정보보안기사|필기|기출|지피지기 기출문제|2025년|4회|네트워크 보안","2026 수제비 정보보안기사 필기 기본서 · 지피지기 기출문제 · PDF 303쪽 (인쇄 2-46) · 4번","2025","","","","","information-security-engineer"
"WRITTEN_CBT","네트워크 보안","CIDR(Classless Inter-Domain Routing) 표기로 203.241.132.82/27과 같이 사용되었다면, 다음중 해당 주소의 서브넷 마스크(Subnet Mask)로올바른 것은?","255, 255, 255.0","255, 255, 255, 224","255.255.255.240","","","","","","medium","","정보보안기사|필기|기출|지피지기 기출문제|2025년|4회|네트워크 보안","2026 수제비 정보보안기사 필기 기본서 · 지피지기 기출문제 · PDF 303쪽 (인쇄 2-46) · 25번","2025","","","","","information-security-engineer"
"WRITTEN_CBT","네트워크 보안","다음 중 NAT(Network Address Translation)의동 작방식에 대한 설명으로 옳지 않은 것은 무엇인가?","Static NAT는 특정 사설IP 주소와 공인IP 주소 간에1:1고정매핑을수행하여항상같은공인 주소를사용하는방식이다","Dynamic NAT는하나의 공인IP주소를다수의 사설IP주소에동적으로할당하여포트번호 를기준으로구분하는방식이다.","Policy NAT는 패킷의 출발지와 목적지 IP주소 에기반하여주소를매평하며이매핑규칙은 ACL(Access Control List)에 정의된다.","","","","","","medium","","정보보안기사|필기|기출|지피지기 기출문제|2025년|4회|네트워크 보안","2026 수제비 정보보안기사 필기 기본서 · 지피지기 기출문제 · PDF 303쪽 (인쇄 2-46) · 26번","2025","","","","","information-security-engineer"
"WRITTEN_CBT","네트워크 보안","다음중 프로토콜과 포트주소의연결이 옳지 않은 것은 무엇인가?","HTTP - 80","SMTP - 25","DNS - 53","Telnet - 20","4","","","Telnet은 23번 포트를사용하며, 20번 포트는FTP 데이터 전송에 사용된다.","medium","","정보보안기사|필기|예상|천기누설 예상문제|네트워크 보안","2026 수제비 정보보안기사 필기 기본서 · 천기누설 예상문제 · PDF 304쪽 (인쇄 2-47) · 1번","","","","","","information-security-engineer"
"WRITTEN_CBT","네트워크 보안","다음 중제시된 Well Known Port 번호에해당하는 프로토콜을 순서대로가장 적합하게제시한 것은? 22번포트©53번포트©161번포트","SSH, ©DHCP, ©HTTPS","⑦ SSH, DNS, ©SNMP","FIP, © DHCP, ©SNMP","FIP, CDNS, ©HTTPS","2","","","FTP 20, 21 SSH 22 DNS 53 DHCP 67, 68 SNMP 161, 162 HTTPS 443","medium","","정보보안기사|필기|예상|천기누설 예상문제|네트워크 보안","2026 수제비 정보보안기사 필기 기본서 · 천기누설 예상문제 · PDF 304쪽 (인쇄 2-47) · 2번","","","","","","information-security-engineer"
"WRITTEN_CBT","네트워크 보안","다음문장의괄호안에들어갈포트번호를올바르게 나열한것은? SMTP는전자우편을보내는데사용되는 기본프로토콜 로서TCP()번포트를사용한다. POP3데몬포트는(ㄴ)번을사용해메일서버에서전 자우편을내려받는다",": 25, : 100",":25,:110",": 80, :100",":143,: 110","2","","","메일전송을위한 SMTP는25번 포트,수신을위한 POP3는 110번 포트를 사용한다","medium","","정보보안기사|필기|예상|천기누설 예상문제|네트워크 보안","2026 수제비 정보보안기사 필기 기본서 · 천기누설 예상문제 · PDF 304쪽 (인쇄 2-47) · 3번","","","","","","information-security-engineer"
"WRITTEN_CBT","네트워크 보안","다음설명중 옳지 않은 것은?","인터넷에 연결된2대의 컴퓨터에서동작하는 애플리케이션간의연결을유일하게식별하기 위한출발지/목적지P주소출발지/목적지포 트주소 TCP또는UDP등과 같은 프로토콜종 류등의 정보가이용된다.","포트주소중Well Known Port로불리며해당 포트주소들은서버측에용도별로예약되어 동작한다.","포트주소의 범위는0번에서1023번이며이포 트주소는TCP와UDP 프로토콜에각각부여 된다.","자주이용되는서비스에 대한 포트주소로는 FTP(20, 21번), SSH(22번), SMTP(25번), DNS(53번)등이 있다.","3","","","·포트 주소의 범위는0~65535이다","medium","","정보보안기사|필기|예상|천기누설 예상문제|네트워크 보안","2026 수제비 정보보안기사 필기 기본서 · 천기누설 예상문제 · PDF 304쪽 (인쇄 2-47) · 4번","","","","","","information-security-engineer"
"WRITTEN_CBT","네트워크 보안","다음지문은OSI네트워크 모델에대한설명이다.괄 호안에 들어갈 전송단위로올바른것은? 1계층인물리계층의 전송단위는(⑦)2계층인데이 터 링크계층의전송단위는(⑥) 3계층인네트워크 계층의 전송단위는(©)이다.","ㄱ프레임ㄴ패킷ㄷ세그먼트","프레임ㄴ패킷©데이터","비트ㄴ프레임ㄷ패킷","비트,ㄴ패킷,ㄷ세그먼트","3","","","OSI7계층 전송단위(역캡술화) 데이터(5~7계층) /세그먼트(4계층)/ 데세 패프비 패킨(3계층)/프레임(2계층)/ 비트(1계층)","medium","","정보보안기사|필기|예상|천기누설 예상문제|네트워크 보안","2026 수제비 정보보안기사 필기 기본서 · 천기누설 예상문제 · PDF 305쪽 (인쇄 2-48) · 5번","","","","","","information-security-engineer"
"WRITTEN_CBT","네트워크 보안","다음( )안에 알맞은 OSI계층은? IPSec은 OSI 7 Layer의( )에서 동작하는 프로토콜 이다.","1계층","2계층","3계층","4계층","3","","","·IPSec은OSI7 Layer의3계층에서동작하는 프로토콜이다","medium","","정보보안기사|필기|예상|천기누설 예상문제|네트워크 보안","2026 수제비 정보보안기사 필기 기본서 · 천기누설 예상문제 · PDF 305쪽 (인쇄 2-48) · 6번","","","","","","information-security-engineer"
"WRITTEN_CBT","네트워크 보안","다음중각OS7계층모델중계층과프로토콜이올 바르게 연결된 것은?","L2TP-데이터링크계층","IP-전송계층","Ppp-물리계층","IPSec-데이터링크계층","1","","","1계층 물리계층 •RS-232C 2계층 데이터링크 • HDLC, PPP, L2TP, LLC 계층 3계층 네트워크 • IP, IPSeC, ICMP: IGMP 계층 4계층 전송계층 •TCP, UDP ①인터넷계층 ②전송계층 ③응용계층 ④물리계층 TCP/IP 4계층 응용계층/전송계층/인터넷계층/ 응전인네 네트워크액세스계층","medium","","정보보안기사|필기|예상|천기누설 예상문제|네트워크 보안","2026 수제비 정보보안기사 필기 기본서 · 천기누설 예상문제 · PDF 305쪽 (인쇄 2-48) · 7번","","","","","","information-security-engineer"
"WRITTEN_CBT","네트워크 보안","MTU가 1500인 곳에서 4000바이트의패킷을 전 송할때 단편화가 발생한다.단편화된패킷에대한 , 값은 무엇인가? 순서 Packet Size More Flag Offset 1 1500 1 0 2 1500 1 185 3 ( ⑦ ) 0 (⑥)","1000, 370","1000, 375","1040, 370 1040, 375","","3","","","MTU가1500이므로단편화된패킨의크기는최대 1500바이트이다. 단편화된 패킨에도 헤더는20바이트이므로 1500바이트 패킨은20바이트의 헤더 부분과 최대 1480바이트의 데이터 부분으로 구성된다. 단편화 전에3980바이트의 데이터 부분이 최대 1480바이트씩 단편화되므로1480바이트 1480바이트,1020바이트로 단편화된다. (1480+1480+1020=3980) 1020바이트에헤더20바이트추가로사이즈가 1040바이트이다 단편화이후 헤더 값은 다음과 같다. 단편화 ·하나의 패킨을단편화하여생성된 식별자 3개의 패킨은단편화되기 전의원본 패킨과 동일 단편화 ·현재조각이마지막일경우0,뒤에 플래그의 이어지는조각이있을경우1을사용 3번째 : 단편화된1번째와2번째패킨은1, 비트 단편화된3번째패킨은0 단편화된 1번째패킷은 원본패킨의 0번째바이트부터시작하여 1,479번째바이트까지 위치하므로 오프셋은0 단편화된2번째 패킷은 원본 패킨의 단편화 1,480번째 바이트부터2,959번째 오프셋 바이트까지위치하므로오프셋은 1,480바이트를8로 나눈185 단편화된3번째 패킷은 원본 패킨의 2,960번째바이트부터3,979번째 바이트까지위치하므로오프셋은","medium","","정보보안기사|필기|예상|천기누설 예상문제|네트워크 보안","2026 수제비 정보보안기사 필기 기본서 · 천기누설 예상문제 · PDF 306쪽 (인쇄 2-49) · 10번","","","","","","information-security-engineer"
"WRITTEN_CBT","네트워크 보안","000바이트의ICMP데이터를포함한패킷의 MTU 가1500인네트워크를통해 전송될때세번째패킷 의크기는?","헤더20바이트,ICMP 데이터1048바이트","헤더20바이트, ICMP데이터1056바이트","헤더 40바이트, ICMP데이터 1048바이트 헤더40바이트ICMP 데이터1056바이트","","","","","ICMP헤더 ICMP데이터 8바이트 4000바이트 전송해야할데이터는ICMP 헤더+ICMP 데이터인 8+4000=4008바이트이다. TCP 패킨의 MTU는1500이므로패킨 하나의 크기는최대1500바이트이다 패킨은IP 헤더인20바이트와데이터1480바이트로 구성되어 있으므로 ICMP는패킷 1개당 1480바이트씩 보낼 수 있다. 1번 IP헤더 ICMP 패킷 20바이트 1480바이트 2번 IP헤더 ICMP 패킷 20바이트 1480바이트 3번 IP 헤더 ICMP 패킷 20바이트 1048바이트 3개의 패킷을 통해 ICMP 데이터(1480+1480+ 1048=4008바이트)를 보낸다.","medium","","정보보안기사|필기|예상|천기누설 예상문제|네트워크 보안","2026 수제비 정보보안기사 필기 기본서 · 천기누설 예상문제 · PDF 306쪽 (인쇄 2-49) · 94번","","","","","","information-security-engineer"
"WRITTEN_CBT","네트워크 보안","다음은 TCP 연결 해제 과정의 4-Way Handshaking 과정이다. 괄호 안에 들어갈값으로 적절한 것은? Flag Seq Ack Direction Client→ ACK+FIN 5000 Server ACK 7500 5001 Server→ Client ACK+FIN (",") 5001 Server→ Client ACK ( ) 7501 Client Server",":7500, ©: 5001","⑦:7500, : 5002",": 7501, : 5001","1","","","TCP 4방향 핸드쉐이킹은 다음과 같다. ACK플래그를 보낼때 확인번호는 이전에 받았던 패킨의 Seq 값에 1을 더한 값이다. 플래그 순서 확인 번호 방향 번호 Client ACK+FIN M →Server ACK L M+1 Server →Client ACK+FIN L M+1 Server →Client Client ACK M+1 L+1 →Server","medium","","정보보안기사|필기|예상|천기누설 예상문제|네트워크 보안","2026 수제비 정보보안기사 필기 기본서 · 천기누설 예상문제 · PDF 307쪽 (인쇄 2-50) · 11번","","","","","","information-security-engineer"
"WRITTEN_CBT","네트워크 보안","다음중 TCP 신호를 보내는 플래그 비트에대한설 명으로 옳지 않은 것은?","SYN-초기에세션을설정하는데사용하는플 래그","ACK -상대방으로부터 패킷을받았다는것을 알려주는플래그","FIN-세션연결을종료시킬때사용하는플래그","RST-빠른응답이필요한 프로토콜의 경우데 이터를7계층으로전송하는플래그","4","","","•빠른 응답이 필요한 프로토콜의 경우 데이터를 7계층으로 전송하는플래그는PSH이다","medium","","정보보안기사|필기|예상|천기누설 예상문제|네트워크 보안","2026 수제비 정보보안기사 필기 기본서 · 천기누설 예상문제 · PDF 307쪽 (인쇄 2-50) · 13번","","","","","","information-security-engineer"
"WRITTEN_CBT","네트워크 보안","다음지문에해당하는 ICMP 오류메시지는? 패킨이라우터를 통과할때 TTL의값은1씩감소하며 TTL이0이되면라우터는패킨을폐기한다패킨이폐기 될때라우터는오류메시지를송신측에전송한다","Destination Unreachable","Source Quench","Redirect","Time Exceeded","4","","","시간초과(Time Exceeded)메시지는 목적지에 도달하기 전에 TTL값이 0이되면 보내는 메시지이다.","medium","","정보보안기사|필기|예상|천기누설 예상문제|네트워크 보안","2026 수제비 정보보안기사 필기 기본서 · 천기누설 예상문제 · PDF 308쪽 (인쇄 2-51) · 18번","","","","","","information-security-engineer"
"WRITTEN_CBT","네트워크 보안","다음지문은어떤종류의 ICMP 메시지를설명하는 것인가? 데이터를 보내는 호스트에게 통신량의 폭주로패킨이 손실되고있음을알리기위해라우터가 보내는ICMP메 시지이다","Type 0","Type 3","Type 4","Type 8","3","","","에코 응답메시지 Type 에코응답 0 (Echo Reply) ping에 대한 응답 메시지 목적지 도달 도달할수없는 Type 불가 목적지에 계속하여 3 (Destination 패킨을 보내지 않도록 송신측에주의를주는 Unreachable) 메시지 발신억제 통신량의 폭주로 Type 목적지나라우터의 4 (Source 버퍼를초과하면 Quench) 발생하는메시지 Type 에코 요청 ·에코요청메시지 8 (Echo Request) ping에 대한 요청 메시지","medium","","정보보안기사|필기|예상|천기누설 예상문제|네트워크 보안","2026 수제비 정보보안기사 필기 기본서 · 천기누설 예상문제 · PDF 309쪽 (인쇄 2-52) · 19번","","","","","","information-security-engineer"
"WRITTEN_CBT","네트워크 보안","ICMP에서 TTL=O이 되어 도달할때메시지는무엇 인가?","Destination Unreachable","Source Quench","Redirect","Time Exceeded","4","","","목적지에 도달하기 이전에 TTL 값이 0일 때 발생하는 메시지는 시간 초과(Time Exceeded)o다.","medium","","정보보안기사|필기|예상|천기누설 예상문제|네트워크 보안","2026 수제비 정보보안기사 필기 기본서 · 천기누설 예상문제 · PDF 309쪽 (인쇄 2-52) · 21번","","","","","","information-security-engineer"
"WRITTEN_CBT","네트워크 보안","다음중CIDR 기법을 사용하지 않는라우팅 프로토 콜은?","RIPv1","RIP v2","EIGRP","OSPF","1","","","RIPV1은CIDR 기법이 적용되어 있지 않고, RIPV2부터 CIDR 기법이 적용되어 있다.","medium","","정보보안기사|필기|예상|천기누설 예상문제|네트워크 보안","2026 수제비 정보보안기사 필기 기본서 · 천기누설 예상문제 · PDF 309쪽 (인쇄 2-52) · 22번","","","","","","information-security-engineer"
"WRITTEN_CBT","네트워크 보안","라우팅프로토콜에대한다음설명중가장부적절한 것은?","정적라우팅프로토콜은관리자가수동으로테 이블에각목적지에 대한 경로를입력한다.","정적라우팅 프로토콜은 라우팅 경로가 고정되 어있는네트워크에적용하면라우터의직접적 인처리부하가감소한다","정적라우팅보다는동적라우팅이보안에더 안전하다","동적라우팅 프로토콜은 정적라우팅 프로토콜 보다네트워크환경변화에능동적인대처가 쉽다.","3","","","정적 라우팅 프로토콜은 관리자가 수동으로 테이블에 각 목적지에 대한 경로를 입력하므로 라우터의 처리 부하가 감소 하고 보안이 강화되지만 네트워크 환경 변화에 대처하기가 어렵다","medium","","정보보안기사|필기|예상|천기누설 예상문제|네트워크 보안","2026 수제비 정보보안기사 필기 기본서 · 천기누설 예상문제 · PDF 310쪽 (인쇄 2-53) · 24번","","","","","","information-security-engineer"
"WRITTEN_CBT","네트워크 보안","다음은웹서버 로그에서 볼수있는상태코드로 HTTP/1.1에서정의한것이다.이 중잘못된것은?","304: Not Modified","403: Forbidden","404: Method Not Allowed","504: Gateway Timeout","3","","","404(Not Found)는 요청된 URI가 존재하지 않을 때 보내는 코드이다.","medium","","정보보안기사|필기|예상|천기누설 예상문제|네트워크 보안","2026 수제비 정보보안기사 필기 기본서 · 천기누설 예상문제 · PDF 310쪽 (인쇄 2-53) · 25번","","","","","","information-security-engineer"
"WRITTEN_CBT","네트워크 보안","HTTP 응답상태 코드기술이 잘못된 것은?","200-OK","403 - Bad Gateway","404 - Not Found ) 500 - Intemal Server Error","","2","","","403(Forbidden)은 서버가 허용하지 않는 웹 페이지나미디어를 요청할 때 보내는 코드이다.","medium","","정보보안기사|필기|예상|천기누설 예상문제|네트워크 보안","2026 수제비 정보보안기사 필기 기본서 · 천기누설 예상문제 · PDF 310쪽 (인쇄 2-53) · 27번","","","","","","information-security-engineer"
"WRITTEN_CBT","네트워크 보안","다음은 HTTP접속시노출되는 URL의예를 보여주 고 있다.URL에사용되는메타 문자를 잘못해석한 것은? http://soojebi.com/?gfe_rd=cr&gws_rd=cr#newwin- dow=1&q=%EC%B4+%EB%B3","?:URL과파라미터를구분하는문자","=:파라미터의값을전달하는문자","%:16진수값을표현하는문자","+:파라미터를구분하는데사용하는문자","4","","","? URL과 파라미터를구분하는문자 파라미터의 값을전달하는문자 % 16진수값을표현하는문자 ·공백문자를표현할때사용하는문자 파라미터를구분하는데사용하는문자","medium","","정보보안기사|필기|예상|천기누설 예상문제|네트워크 보안","2026 수제비 정보보안기사 필기 기본서 · 천기누설 예상문제 · PDF 310쪽 (인쇄 2-53) · 28번","","","","","","information-security-engineer"
"WRITTEN_CBT","네트워크 보안","다음 지문에서설명하는 HTTP Method는? 요청 파라미터를Body에붙여서 전송하며 전송할데이 터의양이 많은경우또는민감정보를전송해야할 때 주로사용함","HEAD","GET","TRACE","POST","","","","어떠한데이터를받아올때 주로 사용하는메서드 GET ·GET일 때본문(Body)이 없는 경우가 많음 데이터를생성/수정/삭제할때주로 사용되는메서드 POST 요청 파라미터를 본문(Body)에 붙여서 전송하며, 전송할데이터의 양이 많은 경우또는민감정보를 전송해야할 때 주로사용하는메서드","medium","","정보보안기사|필기|예상|천기누설 예상문제|네트워크 보안","2026 수제비 정보보안기사 필기 기본서 · 천기누설 예상문제 · PDF 311쪽 (인쇄 2-54) · 29번","","","","","","information-security-engineer"
"WRITTEN_CBT","네트워크 보안","HTTP의 요청 방식에 대한 다음설명 중옳지 않은 것은?","GET은요청받은정보를가져오는메서드이다.","POST는서버가 전송된정보를받아들이고서 버에서처리하도록하는메서드이다","PUT은내용이주어진리소스에 저장되기를원 하는요청과관련된메서드이다.","TRACE는요청받은리소스에서가능한통신 옵션에 대한정보를 요청하는메서드이다","","","","•TRACE는웹서버가콘텐츠를서비스하기 위한 환경을확인하기 위한메서드이다","medium","","정보보안기사|필기|예상|천기누설 예상문제|네트워크 보안","2026 수제비 정보보안기사 필기 기본서 · 천기누설 예상문제 · PDF 311쪽 (인쇄 2-54) · 30번","","","","","","information-security-engineer"
"WRITTEN_CBT","네트워크 보안","다음 중 HTTP에 대한 설명으로 옮지 않은 것은?","TCP프로토콜을이용하여HTMIL문서를전송 하는프로토콜이다.","웹브라우저에서URL을입력하여접속한다.","기본포트는433번포트를이용한다.","클라이언트와서버간에연결상태를유지하지 않는프로토콜이다.","","","","HTTP는 인터넷에서 데이터를 주고받을 수 있는 텍스트기반의 프로토콜이다 HTTP는HTML을이용해웹 문서를작성하고, 클라이언트와 서버 간에 연결 상태를 유지하지 않는 프로토콜이다 HTTP는8O번 포트를이용하고, HTTPS가 443번 포트를이용한다.","medium","","정보보안기사|필기|예상|천기누설 예상문제|네트워크 보안","2026 수제비 정보보안기사 필기 기본서 · 천기누설 예상문제 · PDF 311쪽 (인쇄 2-54) · 32번","","","","","","information-security-engineer"
"WRITTEN_CBT","네트워크 보안","요청한리소스가 Location 헤더에 주어진 UR로완 전히옮겨졌다는것을 반환하는 HTTP 응답 코드는?","301","302","403","500","1","","","요청한 리소스가 Location 헤더에 주어진URL로 완전히옮겨졌다는것을 반환하는 HTTP 응답 코드는 3010다.","medium","","정보보안기사|필기|예상|천기누설 예상문제|네트워크 보안","2026 수제비 정보보안기사 필기 기본서 · 천기누설 예상문제 · PDF 312쪽 (인쇄 2-55) · 33번","","","","","","information-security-engineer"
"WRITTEN_CBT","네트워크 보안","다음중HTTPS가사용될시 암호화되어 전송되는 요소를 모두고른것은? 요청된URL주소 ©본문내용 ©HTTP헤더","쿠키정보 ©사용자의 브라우저정보",",","□",",","4","","","•HTTPS가사용될 시 요청라인(Request Line), HTTP 헤더(Cache-Control, Connection, Content-Type, Content-Length, Cookie(쿠정보), Set-Cookie, Host(요청된 URL주소),User-Agent(사용자의 브라우저 정보), Alow 등), HTTP 본문이 암호화된다.","medium","","정보보안기사|필기|예상|천기누설 예상문제|네트워크 보안","2026 수제비 정보보안기사 필기 기본서 · 천기누설 예상문제 · PDF 312쪽 (인쇄 2-55) · 35번","","","","","","information-security-engineer"
"WRITTEN_CBT","네트워크 보안","다음중IP클래스범위로틀린것은?","A 클래스:0.0.0.0~127.255.255,255","B클래스: 128.0.0.0~191.255.255.255","D클래스:225.0.0.0~239.255.255.255","E 클래스: 240,0.0.0~ 255.255,255,255","3","","","A 클래스 0.0.0.0~127.255.255.255 B 클래스 128.0.0.0~ 191.255.255.255 C 클래스 192.0.0.0~ 223.255.255.255 D 클래스 224.0.0.0 239.255.255.255 E클래스 240.0.0.0 ~ 255.255.255.255","medium","","정보보안기사|필기|예상|천기누설 예상문제|네트워크 보안","2026 수제비 정보보안기사 필기 기본서 · 천기누설 예상문제 · PDF 313쪽 (인쇄 2-56) · 37번","","","","","","information-security-engineer"
"WRITTEN_CBT","네트워크 보안","서브네팅에 대한설명 중 틀린 것은?","서브네팅은원본네트워크를여러개의물리적 인서브넷으로분리하는과정이다","서브넷마스크를2진수로 변환했을때8자리 단위로끊는네트워크클래스방식과자릿수로 만표현하는CIDR 방식이있다.","서브넷마스크는P주소를네트워크및호스트 주소와분리하는방식이다","서브넷 마스크는32비트이다.","1","","","서브네팅은 IP 주소고갈 문제를 해결하기위해원본 네트워크를논리적으로여러 개의 서브넷으로 분리하는과정이다 서브넷마스크를2진수로변환했을때8자리 단위로 끝는A, B, C 클래스 등으로구성하는 네트워크 클래스 방식과 자릿수로만 표현하는CIDR 방식이 있다. 서브넷 마스크는IP주소(32비트)에서네트워크 ID 부분은1로,호스트ID부분은0으로나타내어 네트워크 부분과호스트부분을분리하는방식이다.","medium","","정보보안기사|필기|예상|천기누설 예상문제|네트워크 보안","2026 수제비 정보보안기사 필기 기본서 · 천기누설 예상문제 · PDF 313쪽 (인쇄 2-56) · 38번","","","","","","information-security-engineer"
"WRITTEN_CBT","네트워크 보안","IPV6에서 애니캐스트는 무엇인가?","고유주소로식별된하나의네트워크목적지에 1:1로트래픽또는메시지를전송하는프로토 콜이다.","인터넷에서 같은내용의 데이터를여러명의 특정한 그룹의 수신자들에게동시에 전송할 수 있는 프로토콜이다.","하나의송신자가같은서브네트워크상의모든 수신자에게 데이터를 전송하는 프로토콜이다.","하나의 호스트에서그롭 내의가장 가까운곳 에 있는수신자에게 데이터를 전달하는 전송 프로토콜이다","4","","","애니캐스트는 하나의 호스트에서 그룹 내의 가장 가까운 곳에 있는 수신자에게 데이터를 전달하는 전송 프로토콜이다.","medium","","정보보안기사|필기|예상|천기누설 예상문제|네트워크 보안","2026 수제비 정보보안기사 필기 기본서 · 천기누설 예상문제 · PDF 313쪽 (인쇄 2-56) · 39번","","","","","","information-security-engineer"
"WRITTEN_CBT","네트워크 보안","다음중사설 IP 대역에 포함되지않는 것은?","10.0.0.0~10.255.255.255","172, 16.0.0~172.31.255.255","192, 168,0.0~ 192, 168, 255.255 D223, 192, 0,0~ 223, 192, 255, 255","","4","","","A클래스 10.0.0.0~10.255.255.255 B클래스 16개 17216.0.0~ 172.31.255.255 C 클래스256개 192.168.0.0 2 192.168.255.255","medium","","정보보안기사|필기|예상|천기누설 예상문제|네트워크 보안","2026 수제비 정보보안기사 필기 기본서 · 천기누설 예상문제 · PDF 313쪽 (인쇄 2-56) · 40번","","","","","","information-security-engineer"
"WRITTEN_CBT","네트워크 보안","계층물리계층에서스위치포트단위로VLAN을 구성하는방식 일반적으로가장많이 사용하는방식","","","","","","","","","medium","","정보보안기사|필기|예상|천기누설 예상문제|네트워크 보안","2026 수제비 정보보안기사 필기 기본서 · 천기누설 예상문제 · PDF 317쪽 (인쇄 2-60) · 1번","","","","","","information-security-engineer"
"WRITTEN_CBT","네트워크 보안","계층데이터링크계층에서MAC주소를기반으로 VLAN을구성하는방식","","","","","","","","","medium","","정보보안기사|필기|예상|천기누설 예상문제|네트워크 보안","2026 수제비 정보보안기사 필기 기본서 · 천기누설 예상문제 · PDF 317쪽 (인쇄 2-60) · 2번","","","","","","information-security-engineer"
"WRITTEN_CBT","네트워크 보안","계층네트워크계층에서 IP주소를이용하여VLAN을 구성하는방식 같은 통신 프로토콜끼리만 통신할 수 있도록 VLAN을 구성하는방식 Port 기반VLAN 종류 설명 각포트에 VLAN할당이동적으로이루어지는방식 각 포트를원하는VLAN에 배정하는방식 일반적으로많이 사용하는방식 • Access Mode, Trunk Mode가 있음 •하나의 포트에 하나의 VLAN이 속함 • 장치와 직접연결되는포트에사용 Access Mode ·데이터가다른Port로나갈때 태깅정보를 제거하고내보냄 •하나의 포트에 여러개의 VLAN이 속함 Trunk Mode ·다수의 VLAN트래픽을 전달할 수 있음 설명 보안정책에따라 신뢰하지 않는네트워크에서는Native","","","","","","","","","medium","","정보보안기사|필기|예상|천기누설 예상문제|네트워크 보안","2026 수제비 정보보안기사 필기 기본서 · 천기누설 예상문제 · PDF 317쪽 (인쇄 2-60) · 3번","","","","","","information-security-engineer"
"WRITTEN_CBT","네트워크 보안","사용자마다계정 및 패스워드를설정하고원격에서 텔넷으로라우터에 접속할 때, 계정 및패스워드를 이용하여 로그인할수있도록설정한것은무엇인 가?","Router(config)#usemame XXXX password XXXX Router(config)#line vty 0 4 Router(config-line)#login local","Router#userame XxxX password XxxX Router(config)#line vty 0 4 Router(config-line)#login local","Router(config)#line vty 0 4 Router(config-if)#userame XxxX password Xxxx Router(config-line)#login local 4)] Router(config)#password XxxX Router(config)#line vty 0 4 Router(config-line)#login local","","1","","","프롬프트가 Router(config)#인 전역 설정 모드(Global Configuration Mode)에서 계정 및 패스워드를생성해야 한다. •username XxxXpasswordXxxxb통해서 사용자마다 계정 및 계정에 해당하는 패스워드를 설정한다. 원격에서 텔넷으로 라우터에 접속하도록 허용하기 위해서는line vty명령어를 입력해야 한다. •line 명령어가 실행되면 프롬프트는 Router(config line)#로 변경되고,외부에서 접속할 때 계정 및 비밀번호를물어보도록하기위해서는login local 명령어를입력해야한다.","medium","","정보보안기사|필기|기출|지피지기 기출문제|2022년|1회|네트워크 보안","2026 수제비 정보보안기사 필기 기본서 · 지피지기 기출문제 · PDF 329쪽 (인쇄 2-72) · 1번","2022","","","","","information-security-engineer"
"WRITTEN_CBT","네트워크 보안","자신의 컴퓨터가 인터넷을 통해 목적지를찾아가면 서구간의게이트웨이정보나걸리는시간등을표시 해줌으로써인터넷경로상의네트워크경로를파악 할수있게하는 명령어는?","Tcpdump","Ping","Traceroute(Tracert)","Netstat","3","","","Tcpdump 패킨을캡쳐하는도구 Ping 서버의가용상태를확인하는도구 Netstat 네트워크접속,라우팅테이블 통계정보를확인하는도구","medium","","정보보안기사|필기|기출|지피지기 기출문제|네트워크 보안","2026 수제비 정보보안기사 필기 기본서 · 지피지기 기출문제 · PDF 329쪽 (인쇄 2-72) · 3번","","","","","","information-security-engineer"
"WRITTEN_CBT","네트워크 보안","다음문장의괄호안에들어갈명령어를 순서대로나 열한것은? 시스코라우터에서CPU평균사용률을보기위해서는( )의명령어를사용하고라우터 인터페이스하드웨어 정보를보기위해서는(ㄴ)을사용하며,메모리의전체 용량 사용량 남은용량등을 확인하기위해서는(©) 명령어를사용한다.","⑦: show process, : show controllers, ©: show flash",": show process, : show controllers, ©: show memory",": show process, C: show interface, ©: show flash",": show process, C: show interface, ©: show memory","2","","","show • 라우터의 프로세스 CPU사용률을 process 확인하는명령어 라우터의시리얼인터페이스에 show 연결된케이블유무상태,케이블 controllers 타입등인터페이스하드웨어 정보를확인하는 명령어 show 라우터의인터페이스정보를 interface 확인하는명령어 show flash ·플래시메모리에저장된정보를 확인하는명령어 show ·메모리의 전체용량, 사용량,남은 memory 용량 등을확인하는명령어","medium","","정보보안기사|필기|기출|지피지기 기출문제|네트워크 보안","2026 수제비 정보보안기사 필기 기본서 · 지피지기 기출문제 · PDF 330쪽 (인쇄 2-73) · 5번","","","","","","information-security-engineer"
"WRITTEN_CBT","네트워크 보안","네트워크처리능력을개선하고자 VLAN을구성할 때VLAN오/남용을경감시키는방법으로옮지 않은 것은?(단,스위치에 연결된 호스트들을 그룹으로나 누어서 VLAN-1(native)과 VLAN-2로 그룹을설정하 였다고가정한다.)","관리상VLAN관리 정책서버(VMPS)를사용한 다.","관리상VLAN포트(VLAN ID 1)에대한 접근을 제한한다.","트렁크포트들의nativeVLAN에신뢰할수없 는네트워크를붙이지않는다","모든포트에동적트렁킹프로토콜(DIP)을꺼 놓는다.","1","","","·VLAN의오/남용을경감하기위한방안은다음과 같다. 보안정책에따라신뢰하지 신뢰할수없는 않는네트워크에서는 Native 네트워크의 VLAN포트를사용하지 Native VLAN 않도록설정하여,공격 연결차단 경로를사전에차단 DTP(Dynamic Trunking 불필요한 트렁킹 포트 설정을 Protocol) 차단할수있음 비활성화 관리용Native •장비관리용포트에서는 VLAN 접근 VLAN 태그가없는프레임이 제한 들어오는것을차단 관리정책서버(VMPS)는네트워크에연결된 장치의 MAC 주소를확인하여 해당 MAC주소에 맞는 VLAN을자동으로할당하는역할을하지만, MAC 주소는위조될수있기때문에실제로는불필요할수 있다.","medium","","정보보안기사|필기|기출|지피지기 기출문제|네트워크 보안","2026 수제비 정보보안기사 필기 기본서 · 지피지기 기출문제 · PDF 331쪽 (인쇄 2-74) · 8번","","","","","","information-security-engineer"
"WRITTEN_CBT","네트워크 보안","사용자PC에서ping명령을입력하여 다음과 같은 메시지가 출력되었다.다음 중 옳은 것은? C:WUser> ping-n 2 www.soojebi.com Ping www.soojebicom [1.1.1.1] 32H|O|트 데이터사용 1.1.1.1의응답:바이트=32 시간=143msTT=46 1.1.1.1의응답:바이트=32시간=95msTTL=46 CwUser> ping -n 2 www.soojebico.kr Ping www.soojebico.kr [2.2.2.2] 32H|-0[트 데이터사용 2.2.2.2의응답:바이트=32시간=66msTTL=115 2.2.2.2의응답:바이트=32 시간=37msTTL=115","사용자 PC에서 www,soojebi.co.kr이 www. soojebicom보다가깝다.","사용자 PC에서 www, soojebi,com이 www. soojebi,co.kr보다 가깝다.","두사이트의거리는똑같다.","상기출력메시지로는정확한거리를알수없 다.","4","","","응답시간(Time)과 TTL(Time to Live) 값은 네트워크의 상태, 경로 라우터의 수, 서버의부하 등에 따라 달라질 수 있으며 단순히 응답 시간과 TTL 값만으로 물리적인 거리를 정확하게 판단할 수는 없다.","medium","","정보보안기사|필기|기출|지피지기 기출문제|네트워크 보안","2026 수제비 정보보안기사 필기 기본서 · 지피지기 기출문제 · PDF 332쪽 (인쇄 2-75) · 9번","","","","","","information-security-engineer"
"WRITTEN_CBT","네트워크 보안","외부로부터 내부로들어오는공격 Traffic에대해서 IP주소의방향을 바뀌서공격을방어하는 방식은?","Packet Filtering","IP Spoofing","Null Routing","DHCP","3","","","Null F Routing(또는 Blackhole Routing)은 특정 IP 주소로 들어오는 트래픽을 목적지 없이버리는 방식으로 공격 트래픽을 효과적으로 차단할수있다. Packet Filtering은 트래픽을 허용하거나 차단하는 필터링 방식이고,IP Spoofing은 공격자가 자신의 IP 주소를 속이는기법이며,DHCP는 IP주소를자동 할당하는 프로토콜이다 24년1회,25년 4회","medium","","정보보안기사|필기|기출|지피지기 기출문제|네트워크 보안","2026 수제비 정보보안기사 필기 기본서 · 지피지기 기출문제 · PDF 332쪽 (인쇄 2-75) · 10번","","","","","","information-security-engineer"
"WRITTEN_CBT","네트워크 보안","다음중네트워크필터링기술에대한설명으로잘못 된것은?","Egress Filtering은 라우터 내부에서 외부로나 가는패킨의출발지IP주소를확인하여,해당 IP가라우터와같은IP대역일 경우패킷을허 용하고,라우터와다른IP대역일 경우패킨을 차단하는방식이다.","Unicast RPF는 인터페이스를 통해 들어오는 패 낫이들어온인터페이스로다시나가는지확인 하는 기법으로, Access-List나 Blackhole Filter ing을이용하여IP대역을지정하지않고도비 정상 트래픽을 탐지한다.","Standard Access-List는 출발지 및 목적지 IP와 포트정보를기준으로패킷을정교하게 제어하 며, ACL번호는 100~199번을 사용한다.","Blackhole Filtering은 특정 IP 또는 대역에 대한 트래픽을Null인터페이스로보내어실질적인 차단효과를주는기법이다.","3","","","Standard Access-List는 출발지의 IP 주소만으로 접근을 통제하고, Access List 번호 1~99번을","medium","","정보보안기사|필기|기출|지피지기 기출문제|네트워크 보안","2026 수제비 정보보안기사 필기 기본서 · 지피지기 기출문제 · PDF 332쪽 (인쇄 2-75) · 11번","","","","","","information-security-engineer"
"WRITTEN_CBT","네트워크 보안","다음중 VLAN에 대한설명으로 잘못된것은?","VLAN은물리적네트워크구성을기반으로같 은포트에연결된장비간에통신을가능하게 하는기술로,VLAN설정 시장비의 실제위치 에따라네트워크가분리된다.","포트 기반VLAN은물리계층(1계층)에서스위 치의각포트를기준으로VLAN을구성하는방 식으로일반적으로가장널리사용된다","Port 기반 VLAN에서 Trunk 모드는 하나의 포 트를통해여러VLAN의트래픽을 전달할수 있는방식이다.","Port 기반 VLAN에서 Access 모드는 단일 VLAN에 속하는장비가 연결된 포트에 적용되 며, 해당 포트를 통해 나가는 프레임에서 VLAN 태그를제거하여전송한다","1","","","VLAN은 물리적 위치와 무관하게 논리적으로 네트워크를 분리하고 구성할 수 있는 기술이다. 24년2회","medium","","정보보안기사|필기|기출|지피지기 기출문제|2024년|1회|네트워크 보안","2026 수제비 정보보안기사 필기 기본서 · 지피지기 기출문제 · PDF 333쪽 (인쇄 2-76) · 12번","2024","","","","","information-security-engineer"
"WRITTEN_CBT","네트워크 보안","다음과 같은출력결과를확인할수있는라우터명 령어는 무엇인가? Router# Interface IP-Address Method Status Protocol FastEthernet0/0 192.168.1.1 manual up up FastEthernet0/1 unassigned unset administratively down down GigabitEthernetO/O 10.1.1.1 manual up up GigabitEthernetO/1 10.1.2.1 manual up up Serial0/0/0 172.16.1.1 manual up up Serialo/0/1 unassigned unset administratively down down Loopback0 192.168.100.1 manual up up","show ip interfaces","show ip interface brief","show ip route","show running-config","2","","","show ip interface brief 명령어는 간단한 요약 형태로 전체인터페이스의기본상태를한눈에 보여주는명령어이다. 인터페이스 이름,IP주소, 인터페이스 상태(Status/ Protocol) 등을 간략한 요약 형태로 보여주어 빠른 상태 점검,장애추적,인터페이스UP/DOWN상태 확인등이 가능하다 FastEtherneto/O 포트는정상 작동 중 FastEtherneto/1 포트는관리자가shutdown 명령으로비활성화 GigabitEthernetO/0 포트는정상작동 중인 고속기가비트 포트 GigabitEtherneto/1포트는정상 작동 중인 고속 기가비트포트 Serialo/O/o 포트는 시리얼포트가 정상 작동중 Serialo/0/1포트는설정되지 않았고 shutdown 상태 - Loopbacko는가상인터페이스로,항상 ""논리적으로활성화된(up)상태로유지","medium","","정보보안기사|필기|기출|지피지기 기출문제|2025년|2회|네트워크 보안","2026 수제비 정보보안기사 필기 기본서 · 지피지기 기출문제 · PDF 334쪽 (인쇄 2-77) · 16번","2025","","","","","information-security-engineer"
"WRITTEN_CBT","네트워크 보안","다음이설명하고 있는네트워크장비는 무엇인가? -두개의근거리통신망(LAN)을서로연결해주는통신 망연결장치로2계층인데이터링크계층에서사용 하는장치이다","허브","스위치","라우터","브리지","4","","","두개의근거리 통신망(LAN)을 서로 연결해 주는 통신망 연결 장치로2계층인데이터링크계층에서 사용하는 장치는 브리지이다","medium","","정보보안기사|필기|예상|천기누설 예상문제|네트워크 보안","2026 수제비 정보보안기사 필기 기본서 · 천기누설 예상문제 · PDF 336쪽 (인쇄 2-79) · 4번","","","","","","information-security-engineer"
"WRITTEN_CBT","네트워크 보안","다음은DOS 창에서 밑줄친 곳에알맞은명령어는 무엇인가? C>_ soojebico.kr soojebi.co.kr [75.2.0.44]32바이트 데이터 사용: 75.2.0.44의응답:바이트=32 시간=35msTT=114 75.2.0.44의응답:바이트=32 시간=9msTT=114 75.2.0.44의응답:바이트=32시간=7msTTL=114 75.2.0.44의응답:바이트=32시간=6ms TT=114","ping traceroute","date Dnetstat","","","1","","","ping은 다른호스트에 IP데이터그램 도달 여부를 조사하기위한도구로응답시바이트,시간 ,TTL 정보를제공한다 다른호스트에IP데이터그램도달여부를조사하기 위한도구로응답시바이트,시간,TTL정보를 제공한다.","medium","","정보보안기사|필기|예상|천기누설 예상문제|네트워크 보안","2026 수제비 정보보안기사 필기 기본서 · 천기누설 예상문제 · PDF 337쪽 (인쇄 2-80) · 9번","","","","","","information-security-engineer"
"WRITTEN_CBT","네트워크 보안","네트워크 기반 공격 기술 01 보안공격 1 보안공격개요 (1) 보안 공격(Security Attack) 개념 (2) 보안공격 방식[22년2회,23년1회] 학습 Point","소극적공격 소극적공격은정보를몰래 수집하는형태의 공격이고 ⑦소극적 공격(Passive Attack; 수동적공격)개념 적극적 공격은시스템을직 접변조하거나 손상시키는 보를획득하려는공격 방식이다. 공격으로,두유형 모두보안 위협의핵심개념입니다","소극적 공격종류 ·소극적 공격은스니핑, 트래픽 분석등이 있다. 소극적공격종류 종류 스니핑(Sniffing:도청; Eavesdropping) 트래픽 분석 (Traffic Analysis) 개 년 0 박살내기","PoF(Passive OS Fingerprinting) 의 개념","","","","","","medium","","정보보안기사|필기|예상|천기누설 예상문제|네트워크 보안","2026 수제비 정보보안기사 필기 기본서 · 천기누설 예상문제 · PDF 339쪽 (인쇄 2-82) · 2번","","","","","","information-security-engineer"
"WRITTEN_CBT","네트워크 보안","xx오류를다수발생시키는클라이언트를식별해 IP를 차단하고,임계치기반의차단를을 적용 ·동일한URL을반복요청할경우,설정된임계치를초과하면 해당IP를차단 서버 응답 후클라이언트가 쿠키값을제대로반환하지 않으면 비정상 요청으로간주하여차단 ⑦ Slowloris 공격(Slowloris Attack; Slow HTTP Header DoS Attack)의 개념","","","","","","","","","medium","","정보보안기사|필기|예상|천기누설 예상문제|네트워크 보안","2026 수제비 정보보안기사 필기 기본서 · 천기누설 예상문제 · PDF 359쪽 · 4번","","","","","","information-security-engineer"
"WRITTEN_CBT","네트워크 보안","진수로 OA(%OA)입니다. 정 상적인 HTTP 패킨의헤더는 쿠키값확인을통한비정상 Vn이두번나타납니다.첫번 사용자판별 째VVn는헤더의종료이며두 번째 VVn는전체헤더의종료 를의미합니다","Slowloris 공격[25년4회] 만일헤더의마지막에VVn를 하나만 전송하면웹서버는헤","","","","","","","","medium","","정보보안기사|필기|예상|천기누설 예상문제|네트워크 보안","2026 수제비 정보보안기사 필기 기본서 · 천기누설 예상문제 · PDF 359쪽 · 16번","","","","","","information-security-engineer"
"WRITTEN_CBT","네트워크 보안","네트워크에서큰크기의파일을전송할때정상적인 경우에전송가능한최대사이즈로조각화되어전송되 며, 이때 Fragment Number를붙여수신측에서재조 합을 하게 한다.Fragmentation Offset을위조하여중 복되게하거나공간을두어재조합을방해하는공격은 OSI7계층 중 어느 계층에서 발생하는 것인가?","OSI 2계층","OSI3계층","OSI 4계층","OSI5계층","3","","","OSI 3계층인 Network 계층의 IP 프로토콜의 Fragment 재조합 취약점을이용한 Tear Drop 공격에 대한설명이다. 22년1회","medium","","정보보안기사|필기|기출|지피지기 기출문제|네트워크 보안","2026 수제비 정보보안기사 필기 기본서 · 지피지기 기출문제 · PDF 368쪽 · 1번","","","","","","information-security-engineer"
"WRITTEN_CBT","네트워크 보안","다음화면은DoS 공격을실시한 TCPDump이다.네 트워크 패킨들의 특징을보았을 때 무슨 공격을한 것으로 보이는가? 16:50:52.357500 P tos Ox0, ti 64 id 15412 affset 0, flags [nonel. proto ICMP (10, length 28) 192168.0.10> 192.168.0.10 ICMP echorequest. id 6409, seq 8527.length 8 0x0000: 4500 00kc 3c34 0c00 4001bx48 c0a8 000a Ox0010: c0a8 000a 0ac0bda71909 214f 16:5052.357500 P tos Ox0, ti 64 id 61920, ofset 0.flags [none] proto ICMP (t, length 28) 192168.0.10> 192.168.0.10: IOMP echorequest id 6409, seq 9295 length 8 Obx0000: 4500 00kc fle0 0c00 4001070c c0a8 000a Ox0010: c0a8 000a 0ac0 bda71909 244f 16:50:.52.357500 P tos Ox0,ti 64 id 15412 offset 0., flags [nonel. proto ICMP (0 length 28) 192168.0.10> 192.168.0.10: ICMP echo request, id 6409, seq 9607 length 8 0x0000: 4500 00kc 3c34 0c00 4001b048 c0a8 000a 0x0010: c0a8 000a 00c0 bda7 1909 264f 16:50.52.357500 P tos Ox0, ti 64 id 1542 offset Q, flags [nonel. proto ICMP (0, length 28) 192168.0.10> 192.168.0.10: ICMP echorequest,id 6409, seq 10319,length 8 0w0000: 4500 00kc 57ta 0c00 4001a182 d0a8 000a os0010: c08000a00c0bta2500284","UDP 플러딩(Flooding)","SYN 플러딩(Flooding)","Bonk 공격","Land공격","1","","","","medium","","정보보안기사|필기|기출|지피지기 기출문제|2022년|1회|네트워크 보안","2026 수제비 정보보안기사 필기 기본서 · 지피지기 기출문제 · PDF 368쪽 · 2번","2022","","","","","information-security-engineer"
"WRITTEN_CBT","네트워크 보안","다음웹서비스공격 유형으로 적절한것은? POST / HTTP/1.1 Host: vulnerable-website.com Content-Length: 20 Transfer-Encoding; chunked 0 GET /home HTTP/1.1 Host: attacker-website.com Foo:X","XSS","SSRF","HTTP Smuggling","CSRF","1","","","Content-Length와Payload 부분을 변조하여 분리된 Request로 인식하게 만드는공격은 HTTP Smuggling이다.","medium","","정보보안기사|필기|기출|지피지기 기출문제|2022년|1회|네트워크 보안","2026 수제비 정보보안기사 필기 기본서 · 지피지기 기출문제 · PDF 368쪽 · 3번","2022","","","","","information-security-engineer"
"WRITTEN_CBT","네트워크 보안","DDoS 공격형태중자원 소진공격이 아닌것은?","ICMP Flooding","SYN Flooding","ACK Flooding DNS Query Flooding","","2","","","ICMP Flooding 공격은 대역폭 공격이다. DDoS 공격 유형별 분류는 다음과 같다. 대역폭 •UDP Flooding, ICMP Flooding 공격 자원 소진 •TCP SYN Flooding ACK Flooding 공격 DNS Query Flooding 웹/DB • GET Flooding, POST Flooding 부하공격 22년 2회","medium","","정보보안기사|필기|기출|지피지기 기출문제|2022년|2회|네트워크 보안","2026 수제비 정보보안기사 필기 기본서 · 지피지기 기출문제 · PDF 369쪽 · 4번","2022","","","","","information-security-engineer"
"WRITTEN_CBT","네트워크 보안","다음표의소극적·적극적 암호공격방식의 구분이 옳은 것은? 소극적공격 적극적공격 트래픽분석 삽입공격 재생공격 삭제공격 메시지변조 재생공격 메시지변조 삼입공격","","","","","1","","","소극적 스니핑, 트래픽 분석 공격 재생공격, 위변조(메시지 삽입, 메시지 적극적 삭제,메시지변조, 메시지 순서 변경) 공격 위장, 서비스공격 22년 4회,24년2회","medium","","정보보안기사|필기|기출|지피지기 기출문제|2022년|2회|네트워크 보안","2026 수제비 정보보안기사 필기 기본서 · 지피지기 기출문제 · PDF 370쪽 · 7번","2022","","","","","information-security-engineer"
"WRITTEN_CBT","네트워크 보안","Memcached DDoS 공격 기법에대한 설명으로틀 린것은?","공용 네트워크상에 공개되어있는 대량의 Memcached서버(분산식캐시시스템)에존재 하는인증과설계의취약점을이용한다.","스니핑기법을이용해더많은트래픽을발생 시킨다.","공격자는일반적으로UDP 11211포트를이용 하여공격한다.","이러한공격방식을Amplification Attack(증폭 공격)이라고도한다.","2","","","스니핑(Sniffing)은 네트워크 트래픽을 가로채는 기법으로 DDoS 공격에서 트래픽을 증폭시키는 방식과는 직접적으로 관련이 없다.","medium","","정보보안기사|필기|기출|지피지기 기출문제|네트워크 보안","2026 수제비 정보보안기사 필기 기본서 · 지피지기 기출문제 · PDF 370쪽 · 8번","","","","","","information-security-engineer"
"WRITTEN_CBT","네트워크 보안","네트워크기반공격인Smurf 공격의대응방법을모 두고른 것은? 네트워크로유입되는 패킨 중에 Source 주소가 내부 IP인패킨을차단한다 ©라우터에서다른네트워크로부터자신의네트워크로 들어오는 IP Broadcast 패킨을막도록설정한다. © IP Broadcast Address로 전송된 ICMP 패킨에 대해 응 답하지 않도록 시스템을 설정할 수 있다. 사용하지 않는 UDP 서비스를중지한다.",",©","","","","","","","네트워크로 유입되는 패킷 중에 Source 주소가 내부 IP인 패킷을 차단하는 방식은Land Attack의 대응 방법이며 Smurf 공격의 경우에는 UDP 프로토콜이 아닌 ICMP 프로토콜을 활용한다.","medium","","정보보안기사|필기|기출|지피지기 기출문제|네트워크 보안","2026 수제비 정보보안기사 필기 기본서 · 지피지기 기출문제 · PDF 370쪽 · 9번","","","","","","information-security-engineer"
"WRITTEN_CBT","네트워크 보안","2016년에 처음발견되었으며, IP카메라나가정용 라우터와같은loT장치를주요공격대상으로삼는 DDoS 공격용 봇넷은?","님다(Nimda)","미라이(Mirai)","스터스넷(Stuxnet)","SQL슬래머(Slammer)","2","","","2016년에 처음 발견되었으며 IP 카메라나 가정용 라우터와같은loT장치를 주요 공격 대상으로 삼는 DDoS 공격용 봇넷은 미라이(Mirai)이다. 2001년에 유행한 컴퓨터 월으로, 님다 이메일,웹서버,파일공유등 (Nimda) 다양한전파경로를 통해확산 2010년에 발견된산업용 스턱스넷 시스템을공격하는원으로주로 (Stuxnet) 원심분리기같은산업제어 시스템을표적 SQL 2003년에발생한워으로, MSSQL 슬래머 서버의취약점을악용하여네트워크 (Slammer) 대역폭을 고갈시키는 공격","medium","","정보보안기사|필기|기출|지피지기 기출문제|네트워크 보안","2026 수제비 정보보안기사 필기 기본서 · 지피지기 기출문제 · PDF 371쪽 · 10번","","","","","","information-security-engineer"
"WRITTEN_CBT","네트워크 보안","POF(Passive OS Fingerprinting)기능 중인터페 이스를 무차별 모드로설정하는 옵션은?","-r file","-L","-p","-iiface","2","","","POF옵션은 다음과 같다. -i iface 지정된인터페이스에서패킨을수집 -r file 패킷데이터를읽어올파일을지정할 때사용 특정네트워크 인터페이스를 -p 지정하여 무차별(promiscuous) 모드로설정 -L 가능한모든인터페이스의리스트를 확인","medium","","정보보안기사|필기|기출|지피지기 기출문제|2023년|2회|네트워크 보안","2026 수제비 정보보안기사 필기 기본서 · 지피지기 기출문제 · PDF 371쪽 · 12번","2023","","","","","information-security-engineer"
"WRITTEN_CBT","네트워크 보안","공격유형에 따른 대응 방안으로 틀린것은?","대역폭 소진 공격 중 UDP, ICMP Flooding: 웹 서버앞단에위치한방화벽이나상단라우터 (ISP의 협럭 필요)에서 해당 프로토콜을모두 차단하도록ACL설정하여 대응한다","대역폭 소진 공격 중 TCP Flooding: size가 큰 TCP Flooding 공격은 프로토콜을 기준으로 차 단할수없으므로source ip별pps에대한 임계 치정책을설정하여 대응한다","웹 서버 자원소모공격 중Get(Post) Flooding: 웹 서버 OS의 TCP stack 자원을 소모하는공격 으로서source ip별pps에 대한 임계치 정책을 설정하여대응하거나패킷의헤더를검사하여 옵션필드가없는등의 비정상패킨을차단하 여대응한다.","웹 서버자원소모공격중Slow headeror Slow data Flooding: 이공격은 요청을완료하지않 고해당connection을 지속적으로유지하는공 격이므로하나의요청에대한timeout 값을설 정하여특정 시간동안 요청이 완료되지않을 경우connection을강제종료시켜서차단한다","3","","","Get(Post) Flooding 공격은주로웹서버의 애플리케이션레벨에서발생하는HTTP 요청을 대량으로 보내웹서버 자원을 소모하게 하는 공격으로,TCP stack 자원 소모보다는 웹 서버의 HTTP 요청처리 능력을초과하게 하여 서버가 응답하지 못하게 만드는 것이 목적이다 세션 수 기반의 TCP Stack 자원이나PPS 임계치 보다는Payload 검사를 통해서 웹 애플리케이션 방화벽(WAF)이나, HTTP요청 빈도를제한하는등의 애플리케이션레벨 대응이 필요하다","medium","","정보보안기사|필기|기출|지피지기 기출문제|네트워크 보안","2026 수제비 정보보안기사 필기 기본서 · 지피지기 기출문제 · PDF 372쪽 · 13번","","","","","","information-security-engineer"
"WRITTEN_CBT","네트워크 보안","TCP를이용하지 않는 분산서비스거부공격도구 ㄴ?","'TFN","Stacheldraht","Trinoo","TFN2K","3","","","트리누(Trinoo)는 TCP를 사용하지 않으며, UDP 기반의공격만 지원한다. 23년 4회","medium","","정보보안기사|필기|기출|지피지기 기출문제|2023년|2회|네트워크 보안","2026 수제비 정보보안기사 필기 기본서 · 지피지기 기출문제 · PDF 372쪽 · 14번","2023","","","","","information-security-engineer"
"WRITTEN_CBT","네트워크 보안","다음에서 설명하는공격방식은 무엇인가? -출발지와목적지IP주소를공격대상의 IP주소로같 게 만들어보내는공격 -패킨전송시루프상태에빠지게되어결국 P 프로토 콜스택에심각한장애를유발하는공격","Land Attack","Smurf Attack","Ping of Death Attack","Teardrop Attack","","","","출발지와목적지 IP 주소를공격대상의IP주소로 같게 만들어 보내는 공격은랜드 어택(Land Attack)o다.","medium","","정보보안기사|필기|기출|지피지기 기출문제|2023년|4회|네트워크 보안","2026 수제비 정보보안기사 필기 기본서 · 지피지기 기출문제 · PDF 373쪽 · 17번","2023","","","","","information-security-engineer"
"WRITTEN_CBT","네트워크 보안","다음에서설명하는 DDoS 공격 도구는? -UDP Flood를이용하여 DDoS 공격을수행하는 도구 -TCP를사용하지 않으며, UDP기반의공격만지원 -몇개의 서버들(마스터들)과 많은 수의 클라이언트(데 모)로이루어짐","TFN(Tribe Flood Network)","Trinoo","TFN2K","Stacheldraht","","","","UDP Flood를이용하여 1 DDoS 공격을 수행하는 도구로 TCP를 사용하지 않으며, UDP 기반의 공격만 지원하는 도구는 트리누(Trinoo) 도구이다. 24년1회","medium","","정보보안기사|필기|기출|지피지기 기출문제|2023년|4회|네트워크 보안","2026 수제비 정보보안기사 필기 기본서 · 지피지기 기출문제 · PDF 373쪽 · 18번","2023","","","","","information-security-engineer"
"WRITTEN_CBT","네트워크 보안","다음의 빈칸에 올바른 것은? HTTP Request에 있는파라미터가 HTTP Response의 응답헤더로다시 전달되는경우파라미터 내에커서의 위치를현재줄의맨처음으로보내는()와/과커서 를다음줄로옮기는(ㄴ)을/를넣어서응답을분리시 키는취약점공격을HTTP응답분할공격이라고한다.","⑤ %0A, ©%OD","%0D, ©%0A","%0C, %0A","%0D, ©%0C","","","","HTTP 응답 분할(Response Splitting)공격에서는 캐리지 리턴(Carriage Retum;%OD)과줄바꿈(Line Feed;%OA)문자를 사용하여응답 헤더를 분리하고, 악의적인 응답을 추가할 수있다. %OD는 커서를현재 줄의 맨 처음으로 보내며 %OA는커서를 다음 줄로 옮기는기능을한다 이를통해 공격자는의도적으로HTTP 응답을","medium","","정보보안기사|필기|기출|지피지기 기출문제|2024년|1회|네트워크 보안","2026 수제비 정보보안기사 필기 기본서 · 지피지기 기출문제 · PDF 373쪽 · 19번","2024","","","","","information-security-engineer"
"WRITTEN_CBT","네트워크 보안","다음중DDoS 공격 도구에 대한설명으로올바르지 않은 것은?","트리누(Trinoo)는마스터-에이전트 구조로구성 되며, TCP SYN Flooding UDP Flooding Smurf 공격을수행할수있는복합공격도구이다. TFN(Tribe Flood Network) 은 UDP Flooding, TCP SYN Flooding, ICMP Echo 요청 공격, Smurf 공격등을 수행할수있으며,공격 명령 은마스터에서다수의에이전트로 전달된다.","TFN2K는CAST-256알고리즘으로암호화된 명령을 전송하며, 공격 시 TCP, UDP, ICMP 프 로토콜을복합적으로사용하고,포트를임의 로선택한다.","Stacheldraht는 트리누와 TFN의 특성을 계승한 도구로,마스터-데몬 간 통신이 암호화되며 ICMP Flood, SYN Flood, UDP Flood, Smurf 공 격기능을포함한다","","1","","","","medium","","정보보안기사|필기|기출|지피지기 기출문제|2024년|2회|네트워크 보안","2026 수제비 정보보안기사 필기 기본서 · 지피지기 기출문제 · PDF 374쪽 · 21번","2024","","","","","information-security-engineer"
"WRITTEN_CBT","네트워크 보안","다음 중hping3명령어의옵션설명으로 틀린것은?","-a:패키의출발지IP주소를위조할수있으며 IPSpoofing 테스트 등에 활용된다.","-p:송신자의포트번호를설정할수있으며,서 비스 식별을 위한포트스캐닝에사용된다.","-icmp: TCP 대신 ICMP 프로토콜을 사용하여 핑테스트와 유사한 기능을수행할수 있다.","-flood: 대량의패킷을대상에게빠르게 전송 하며, 서비스거부(DoS)공격 시물레이션에활 용된다.","2","","","-p는 목적지(Destination)포트번호를설정하는 옵션이며, 송신자의 포트를 설정하는 기능은 아니다","medium","","정보보안기사|필기|기출|지피지기 기출문제|2024년|4회|네트워크 보안","2026 수제비 정보보안기사 필기 기본서 · 지피지기 기출문제 · PDF 375쪽 · 24번","2024","","","","","information-security-engineer"
"WRITTEN_CBT","네트워크 보안","다음중 Syn Flooding 공격에 대한설명으로옳지않 은 것은 무엇인가?","TCP3-way 핸드쉐이크 과정을악용한다.","공격자는다량의SYN 패킨을보내서버의자 원을고갈시킨다.","UDP 프로토콜을사용하여공격을수행한다.","서버의TCPQueue를가득채워정상적인연결 을방해한다","3","","","Syn Flooding 공격은 TCP 프로토콜의 3-way 핸드쉐이크 과정을 악용하여 다수의SYN 패킨을 서버로보내서버의자원을고갈시키고,TCP Queue를 가득채워 정상적인 연결을 방해한다. Syn Flooding 공격은UDP가 아닌 TCP 프로토콜을","medium","","정보보안기사|필기|기출|지피지기 기출문제|2025년|1회|네트워크 보안","2026 수제비 정보보안기사 필기 기본서 · 지피지기 기출문제 · PDF 376쪽 · 27번","2025","","","","","information-security-engineer"
"WRITTEN_CBT","네트워크 보안","다음 중Ping of Death(PoD) 공격의 원리는?","ICMP Echo Request 패킷을 정상적인 크기로 보내네트워크연결을차단하는공격이다.","ICMIP패킷의크기를 비정상적으로크게조작 하여대상시스템이처리할수없는크기로전 송함으로써 시스템을다운시키는공격이다.","출발지와 목적지의 주소가동일한 패킷을 전송 시켜반복적인처리를시키는공격이다","공격자가다수의좀비컴퓨터를이용하여특정 대상에게과도한UDP 트래픽을전송하여대 역폭을 소진하는공격이다.","2","","","Ping of Death는ICMP 패킨의 크기를비정상적으로 크게 조작하여 대상 시스템이 처리할 수 없는 크기로 전송함으로써 시스템을 다운시키는 공격이다. 과거일부 운영체제 및 네트워크 장비는 65535바이트 이상의ICMP 패킨을처리할 때 오류가 발생하여 시스템이충돌(Crash)하거나다운되는문제가 존재함에 따라 공격자는 이 취약점을 악용하여 비정상적으로큰패킨을 보내 시스템 장애를 유발한다.","medium","","정보보안기사|필기|기출|지피지기 기출문제|2025년|1회|네트워크 보안","2026 수제비 정보보안기사 필기 기본서 · 지피지기 기출문제 · PDF 376쪽 · 28번","2025","","","","","information-security-engineer"
"WRITTEN_CBT","네트워크 보안","80포트를 사용하는 웹 서버에 대한 GET Flooding공격이며, 지정 시간내 임계치를초 과하여동일한 웹 페이지에접속하는 패킷을 차단한다.","","","","","","","","네트워크 패킨은과도한SYN 패킨, 짧은시간 간격 다양한 Source Port 사용 등의 특징을 통해 TCP SYN Flooding 공격임을 식별할 수 있다. TCP SYN Flooding 공격은 TCP 3-Way 핸드쉐이크의 첫 번째 단계인 SYN 패킨을 대량으로 전송하여,서버의 연결 대기 큐를 가득 채움으로써, 정상 사용자의 접속을 방해하는 서비스거부 공격이다. TCP Syn Flooding 공격은 접근 제어 목록(ACL)을 통해 비정상적인소스IP또는포트를차단하거나 SYNCookies 활성화,방화벽/IPS 장비 설정을 통해 대응할 수있다","medium","","정보보안기사|필기|기출|지피지기 기출문제|2025년|2회|네트워크 보안","2026 수제비 정보보안기사 필기 기본서 · 지피지기 기출문제 · PDF 377쪽 · 4번","2025","","","","","information-security-engineer"
"WRITTEN_CBT","네트워크 보안","공격자는다음과같이hping3도구를이용해 네트워 크 브로드캐스트 주소(192.168.0.255)로ICMP 패킨 을 대량 전송하였다.이때 출발지 IP는10.10.10.5로 위조하였다.다음명령과가장 관련이 있는 공격은? hping3 192168.0.255 -a 10.10.10.5 —icmp —flood","Ping of Death","Land Attack","Teardrop","Smurf","4","","","hping3은리눅스(Linux)용 무료패킨생성 및 분석 둘이다. hping3은 TCP, UDP, ICMP 등여러 프로토콜을 지원하며DoS공격을할수있는해킹 도구로도 사용할 수있다 hping3 [브로드캐스트 주소]-a [대상자 IP]-icmp-flood ·IP 10.10.10.5를 목적지로설정하고 브로드캐스트 주소인192.168.0.255를이용하여 다량의 1CMP","medium","","정보보안기사|필기|기출|지피지기 기출문제|2025년|2회|네트워크 보안","2026 수제비 정보보안기사 필기 기본서 · 지피지기 기출문제 · PDF 377쪽 · 31번","2025","","","","","information-security-engineer"
"WRITTEN_CBT","네트워크 보안","다음에서설명하는공격기법으로올바른 것은? HTTP GET메서드를사용하여헤더의최종끝을알리는 개행 문자열인 WrWnWrWn(16진수: OD OA OD OA)을 전송하지 않고, WrWn(16진수: OD OA)만 전송하여 대상 웹서버와연결상태를장시간지속시키고연결자원을 모두소진하게시키는서비스 거부공격이다","Slowloris 공격","RUDY공격","SYN Flooding 공격","CC(Cache-Control) 공격","1","","","HTTP GET메서드를사용하여헤더의 최종끝을 알리는개행문자열인WrWnWrWn을전송하지 않고 WrWn만 전송하여 대상웹서버와 연결상태를 장시간 지속시키고 연결 자원을 모두 소진하게 시키는 서비스 거부 공격은 Slowloris 공격(Slowloris Attack; Slow HTTP Header DoS Attack)ol다.","medium","","정보보안기사|필기|기출|지피지기 기출문제|2025년|4회|네트워크 보안","2026 수제비 정보보안기사 필기 기본서 · 지피지기 기출문제 · PDF 378쪽 · 34번","2025","","","","","information-security-engineer"
"WRITTEN_CBT","네트워크 보안","TCP 연결 과정 중 3-Way Handshaking의 Half Open 취약점을 이용한 공격은?","Land공격","SYN Flooding 공격","Smurf 공격","Trinoo공격","","","","TCP 연결과정 중3-Way Handshaking의 Half Open 취약점을이용한공격은SYNF Flooding 공격이다. SYN Flooding 공격 기법은 SYN Flag만 지속해서 전달하고 돌아오는 SYN/ACK 패킷에 대한 응답을 주지 않아서피해서버의자원을 소모하게 만드는 공격이다.","medium","","정보보안기사|필기|예상|천기누설 예상문제|네트워크 보안","2026 수제비 정보보안기사 필기 기본서 · 천기누설 예상문제 · PDF 382쪽 · 11번","","","","","","information-security-engineer"
"WRITTEN_CBT","네트워크 보안","다음 지문이설명하는 것은 무엇인가? -트리누와TFN을참고하여제작된도구로서이들이가 진특성을대부분가지고있는공격도구이다 -마스터 시스템및에이전트데몬사이에 통신할 때암 호화하는 기능이 추가되었으며, TFN이나 TFN2K와같 O ICMP Flood, SYN Flood, UDP Flood와 Smurt 등의 DDoS 공격을할수있는기능이 있다","Stacheldraht","Targa","Bonk","Boink","2","","","Stacheldraht의 특징은 다음과 같다. 트리누와TFN을참고하여제작된도구로서 이들이가진 특성을대부분 가지고있는공격 도구 마스터 시스템및에이전트데몬사이에통신할 때암호화하는기능이 추가되었으며,TFN이나 TFN2K와 OI ICMP Flood, SYN Flood, UDP Flood와 Smurt 등의DDoS 공격을할수있는 기능이 있음 Targa는 Mixter에 의해 만들어진여러 종류의 서비스","medium","","정보보안기사|필기|예상|천기누설 예상문제|네트워크 보안","2026 수제비 정보보안기사 필기 기본서 · 천기누설 예상문제 · PDF 382쪽 · 12번","","","","","","information-security-engineer"
"WRITTEN_CBT","네트워크 보안","다음은 어떤프로토콜에 대한 DoS 공격인가? -""목적지도달불가(Destination Unreachable)메시지가 일부방화벽에서상당히많은리소스를소비한다는 사실을이용한다 -해당공격은방화벽을트래픽으로뒤덮어버리는방식 이아니라CPU를Hgh Load시키기 때문에공격자입 장에서는 매우 효율적이다","ICMP","HTTP","TCP DSMTP","","1","","","목적지 도달 불가(Destination Unreachable) 메시지는 ICMP 메시지의한종류로패킨이 중도에 폐기될 때사용되는메시지이다. ICMP 메시지의 한 종류인 목적지 도달 불가(Destination Unreachable) 메시지는일부 방화벽에서상당히 많은리소스를 소비하므로DoS 공격에사용된다","medium","","정보보안기사|필기|예상|천기누설 예상문제|네트워크 보안","2026 수제비 정보보안기사 필기 기본서 · 천기누설 예상문제 · PDF 382쪽 · 14번","","","","","","information-security-engineer"
"WRITTEN_CBT","네트워크 보안","다음중랜드 어택에 대한 대응법으로 가장거리가 먼것은?","현재는대부분 패치가완료되었으므로최신 OS및 SW를이용한다.","출발지와목적지IP주소가다른패킨은기본적 으로차단한다","신뢰 된호스트만 접속할 수있도록WhiteList 기반으로정책을운용한다. 침입차단시스템을이용한다.","","2","","","랜드어택은출발지와 목적지 IP 주소가 같은패킨을 기본적으로차단한다 ·TCP 패킷의 출발지와 목적지의 IP 주소 주소 및Port번호가 같은지 확인 확인하고,같으면차단하도록라우터 및침입차단시스템(IPS)설정 최신 최신 OS 및SW를 이용 패치 화이트 ·신뢰 된호스트만 접속할수있도록 리스트 기반 정책운용","medium","","정보보안기사|필기|예상|천기누설 예상문제|네트워크 보안","2026 수제비 정보보안기사 필기 기본서 · 천기누설 예상문제 · PDF 383쪽 · 17번","","","","","","information-security-engineer"
"WRITTEN_CBT","네트워크 보안","다음중Windows 계열의 시스템에 대한 포트 스캐 님을 할 수 없는 것은?","TCP SYN Scan","TCP FIN Scan","TCP Connect Scan","UDP Scan","2","","","TCP FIN Scan의 경우 스텔스 스캔으로 주로 UNIX 계열OS 시스템에 대해서만 사용할 수있다. 22년 1회","medium","","정보보안기사|필기|기출|지피지기 기출문제|네트워크 보안","2026 수제비 정보보안기사 필기 기본서 · 지피지기 기출문제 · PDF 394쪽 · 1번","","","","","","information-security-engineer"
"WRITTEN_CBT","네트워크 보안","N-IDS가 수집하여처리하는패킨들에서다음과같 은형태의패킷들이 발견되었다.이에대한설명으로 가장옳은 것은? 출발지 IP 목적지 IP 출발지 목적지 TCP 포트 포트 세그먼트 S1 D1 P1 P2 SYN S1 D1 P3 P4 SYN D1 S1 P2 P1 SYN, ACK S1 D1 P1 P2 RST D1 S1 P4 P3 SYN, ACK S1 D1 P3 P4 RST S1 D1 P5 P6 SYN D1 S1 P6 P5 RST, ACK","S1시스템이D1시스템에대해SYN Flooding 공격을시도하였다.","S1시스템이D1시스템에 대해 TCP SYN스캔 을시도하였다","S1시스템이D1시스템에 대해TCPCONNECT 스캔을시도하였다.","S1 시스템이D1시스템에대해Stealth 스캔을","2","","","","medium","","정보보안기사|필기|기출|지피지기 기출문제|2022년|1회|네트워크 보안","2026 수제비 정보보안기사 필기 기본서 · 지피지기 기출문제 · PDF 394쪽 · 2번","2022","","","","","information-security-engineer"
"WRITTEN_CBT","네트워크 보안","포트 스캐너로 유명한 Nmap에서 대상시스템의운 영체제를판단할때이용하는기법을가장잘표현하 고 있는 것은?","Telnet접속시운영체제가표시하는고유한문 자열을 분석하는 배너그래빙(banner grab- bing)","운영체제별로 지원하는 서비스및 열려있는포 트의차이","운영체제별로고유한식별자탐지","TCP/IP 프로토콜표준이명시하지않은패킷 처리기능의운영체제별구현","4","","","NMAP은nmap-O명령어를이용하여운영체제를 탐지할 수 있다. NMAP은 TCP/IP프로토콜의 표준에명확히 정의되지 않은패킨 처리방식의 차이를이용하여 운영체제별 고유한 응답 특성을 분석할 수 있고,이를 통해 운영체제 식별 등의 기능을 수행할 수 있다.","medium","","정보보안기사|필기|기출|지피지기 기출문제|네트워크 보안","2026 수제비 정보보안기사 필기 기본서 · 지피지기 기출문제 · PDF 394쪽 · 3번","","","","","","information-security-engineer"
"WRITTEN_CBT","네트워크 보안","다음문장의기능을수행하기위한Nmap의명령옵 션은? 해당스캐닝기법은방화벽이 존재하더라도해당서버 에서비스가 오픈되어 있는지, 필터링이 되어있는지등 을파악하기 위해사용되며,다른 스캔기법보다더비밀 스럽고타켓호스트에 log가남지 않는방법이다","-sU","-sP","sT","","2","","","TCP Half Open Scan은 TCP 패킨 헤더의 제어비트를 조작하여TCP 연결설정과정을 완전하게 수행하지 않기 |때문에로그가 기록되지 않으므로 로그 추적이 불가능하므로다른 스캔보다더비밀스러운 스캔 기법이다. TCP Half Open Scan 명령 옵션은-sSo다 23년1회,24년 1회,4회","medium","","정보보안기사|필기|기출|지피지기 기출문제|2022년|4회|네트워크 보안","2026 수제비 정보보안기사 필기 기본서 · 지피지기 기출문제 · PDF 395쪽 · 4번","2022","","","","","information-security-engineer"
"WRITTEN_CBT","네트워크 보안","정찰공격(Reconnaissance Attack)을 위해 사용되 는 도구가 아닌것은?","핑 스웹(Ping Sweep)","포트 스캔(PortScan)","패킷 스니퍼(Packet Sniffer)","포트 리다이렉션(Port Redirection)","4","","","포트리다이렉션(Port Redirection)한 포트에서 받은트래픽을다른포트로전달하는방식으로,정찰 공격에 사용되기보다는 트래픽우회나 프록시설정 등에 활용되는 방식으로 정찰 공격이 아니다. 정찰 공격의 유형은 핑 스웹(Ping Sweep),포트 스캔(Port Scanning),패키 스니퍼(Packet Sniffer)가 있다.","medium","","정보보안기사|필기|기출|지피지기 기출문제|네트워크 보안","2026 수제비 정보보안기사 필기 기본서 · 지피지기 기출문제 · PDF 395쪽 · 5번","","","","","","information-security-engineer"
"WRITTEN_CBT","네트워크 보안","Stealth 스캐닝 유형이 아닌것은?","X-MAS Scanning","NULL Scanning","FIN Scanning )TCP Open Scanning","","4","","","스텔스 스캔(Stealth Scan)은 TCP FiIN/NULL/Xmas Scan, TCP ACK Scan, Decoy Scanol 있다. 23년4회","medium","","정보보안기사|필기|기출|지피지기 기출문제|네트워크 보안","2026 수제비 정보보안기사 필기 기본서 · 지피지기 기출문제 · PDF 395쪽 · 6번","","","","","","information-security-engineer"
"WRITTEN_CBT","네트워크 보안","네트워크탐색도구인NMAP의스캔타입을지정하 는명령 중 TCP 포트 오픈여부를확인하고자 포트 를완전히 연결하지 않고SYN패킨만보내 오픈여 부를 확인하고자 할 때사용하는 명령어는?","sT","-sF","-SU","","2","","","NMAP의스캔타입을지정하는명령어는다음과 같다. TCP Connect(Open) Scan TCP 포트 오픈 여부를확인하는스캔 -ST ·TCP 연결을완전히 맺어 포트 오픈 여부확인 •TCP SYN(Half-Open) Scan -SS ·TCP 포트 오픈여부를확인하는 스캔 ·포트를완전히 연결하지 않고 SYN 패킨만 보내 오픈 여부확인 UDP Scan -SU UDP 포트 오픈여부를확인하는 스캔 •TCP FIN Scan -SF TCP FIN 제어비트패킨을이용한스캔","medium","","정보보안기사|필기|기출|지피지기 기출문제|2023년|4회|네트워크 보안","2026 수제비 정보보안기사 필기 기본서 · 지피지기 기출문제 · PDF 395쪽 · 7번","2023","","","","","information-security-engineer"
"WRITTEN_CBT","네트워크 보안","다음 스캔 방식 중 스텔스 스캔(Stealth Scan)공격 으로틀린것은?","TCP Half Open 스캔","ICMP Ping 스캔","FIN스캔","XMAS스캔","2","","","스텔스 스캔의 종류에는 TCP FIN/NULL/Xmas Scan, TCP ACK Scan, Decoy ScanoI 있다. 23년4회","medium","","정보보안기사|필기|기출|지피지기 기출문제|네트워크 보안","2026 수제비 정보보안기사 필기 기본서 · 지피지기 기출문제 · PDF 396쪽 · 8번","","","","","","information-security-engineer"
"WRITTEN_CBT","네트워크 보안","다음 중 오픈 스캔(Open Scan)에 대한설명 중올바 르지 않은 것은?","TCP Full Open Scan은 일반 사용자 권한으로 TCP 포트 오픈 여부를 확인하기 위해 con- nect0 시스템 호출을이용하는방식으로 포트 가 닫혀있을때는목표 시스템으로부터ACK 패킷을 전송받는다.","TCP Half Open Scan은 관리자 권한으로 TCP 패킨을조작하여TCP포트 오픈여부를판단 하는 스캔방식으로 포트가닫혀있을때는목 표 시스템으로부터 RST+ACK 패킷을전송받 는다.","UDP Scan은UDP를사용하여 열린 포트를찾 기 위한 스캔방식으로포트가닫혀있을때는 목표 시스템으로부터""ICMP Port Unreacha- ble""에러메시지를받는다.","TCP FIN Scan은 TCP Flag의 FIN 제어비트만을 활성화하여대상포트로 패킷을 전송하는기법 으로포트가닫혀있을 때는목표 시스템으로부 터 RST패킷을 받는다.","1","","","TCP Full Open Scan은 포트가 닫혀있을 때는 목표","medium","","정보보안기사|필기|기출|지피지기 기출문제|2023년|4회|네트워크 보안","2026 수제비 정보보안기사 필기 기본서 · 지피지기 기출문제 · PDF 396쪽 · 9번","2023","","","","","information-security-engineer"
"WRITTEN_CBT","네트워크 보안","다음과 같은동작을하는 Scan 방식으로올바른것 은? 포트가 열려있는 포트가 닫혀있는 상태(Open Port) 상태(Closed Port) 금격자 서버 공적자 세버 SYN SYN+ACR B SYN ACK IBI iEI IRST+ACK RST+ACK","TCP Half Open Scan )TCP Full Open Scan","TCP NULL Scan","TCP FIN Scan","","2","","","TCP Full Open Scan은일반 사용자권한으로 TCP 포트오픈여부를 확인하기 위해connecto 시스템 호출을이용하는 방식이다 포트가 열려있는 상태(Open Port)일 때는 목표 시스템으로부터SYN+ACK 패킨을수신한 후ACK 패킨을 전송하여 TCP 연결설정 완료한 후,공격자의 목적인 포트 오픈 여부를 확인했으므로 연결 중단을 위해 RST+ACK 패킨을 전송하여 연결을 종료한다. 포트가 닫혀있는상태(Closed Port)일 때는 포트가 닫혀있으므로 목표시스템이 연결요청을 받지 못하고 RST+ACK 패킨을 전송받는다. 24년 4회","medium","","정보보안기사|필기|기출|지피지기 기출문제|네트워크 보안","2026 수제비 정보보안기사 필기 기본서 · 지피지기 기출문제 · PDF 396쪽 · 10번","","","","","","information-security-engineer"
"WRITTEN_CBT","네트워크 보안","다음중Nmap을사용하여네트워크패킨을통해 OS 버전 정보를 확인할수 있는 옵션은 무엇인가?","-sS","","","-SN","2","","","Nmap을사용하여네트워크패킨을통해 OS 버전 정보를 확인할 수 있는 옵션은 -0이다.","medium","","정보보안기사|필기|기출|지피지기 기출문제|2024년|4회|네트워크 보안","2026 수제비 정보보안기사 필기 기본서 · 지피지기 기출문제 · PDF 396쪽 · 11번","2024","","","","","information-security-engineer"
"WRITTEN_CBT","네트워크 보안","다음 그림에서설명하고 있는 포트 스캔은 무엇인가? 포트가 열려있는 상태 포트가 닫혀있는 상태 (Open Port) (Closed Port) 공격과 서 금적자 서버 SYN SYN SYN+ACK STeACK AST","TCP Open 스캔","TCP Half Open 스캔","TCP Fragmentation 스캔 TCPFIN스캔","","2","","","TCP Half Open Scan은관리자권한으로 TCP 패킨을 조작하여 TCP 포트 오픈여부를 판단하는스캔 방식이다. TCP 패킷 헤더의 제어비트를조작하여 TCP 연결설정 과정을 완전하게 수행하지 않기 때문에 Half-Open 스캔이라고 한다. TCP Half Open Scan은 포트가 열려있는 상태일 때는SYN+ACK패킨이 전송되고,포트가 닫혀있는 상태일 때는 RST+ACK 패킨이 전송된다.","medium","","정보보안기사|필기|예상|천기누설 예상문제|네트워크 보안","2026 수제비 정보보안기사 필기 기본서 · 천기누설 예상문제 · PDF 398쪽 · 4번","","","","","","information-security-engineer"
"WRITTEN_CBT","네트워크 보안","포트스캔방식중TCP 플래그값을 모두of로설정 한 패킨을 이용한 스캔 기법은?","SYN Scan","Xmas Scan","Null Scan","FIN Scan","","","","TCP Flag를 모두 비활성화(TCP플래그값을 모두 off로설정)하여 대상 포트로 패킷을 전송하여그 응답으로 포트 활성화 여부를 알아내는스캔기법은 NULL Scano다.","medium","","정보보안기사|필기|예상|천기누설 예상문제|네트워크 보안","2026 수제비 정보보안기사 필기 기본서 · 천기누설 예상문제 · PDF 399쪽 · 10번","","","","","","information-security-engineer"
"WRITTEN_CBT","네트워크 보안","다음은 TCP 포트를 탐지한 스캔결과이다. 괄호안 에 들어갈 옵션으로 옳은 것은? #mmap( )64.13.134.52 Starting Nmap (https://nmap.org) Nmap scan report for scanme.nmap.org (64.13.134.52) Not shown: 994 closed ports PORT STATE SERVICE 22/tp open ssh 53/tcp open domain 80/tcp open http Nmap done: 1 IP address (1 host up) scanned in 5.40 seconds","-b","-sT","-dS","-pT","","","","·TCP 포트를 탐지한 스캔 결과를 보면 포트 오픈 여부를확인할 수있으므로-sT옵션이 와야한다는 것을 알 수있다. sT 옵션은 TCP Connect(Open) Scan을 실행한다.","medium","","정보보안기사|필기|예상|천기누설 예상문제|네트워크 보안","2026 수제비 정보보안기사 필기 기본서 · 천기누설 예상문제 · PDF 399쪽 · 11번","","","","","","information-security-engineer"
"WRITTEN_CBT","네트워크 보안","네트워크탐색도구인NMAP의스캔타입을지정하 는명령중TCPFIN, PSH, URG제어비트를조합한 패킨을이용한스캔을하기 위한 명령어는?","-sX","-SN","−sA","-SS","","","","TCP Xmas Scan -sX TCP FIN, PSH, URG제어비트를조합한 패킨을이용한스캔 TCP NULL Scan -SN TCP제어비트설정이 없는 NULL 패킨을 이용한스캔 TCP ACK Scan -SA 방화벽롤셋(필터링정책)을확인하기 위한스캔 TCP SYN(Half-Open) Scan •TCP 포트 오픈여부를확인하는스캔 -SS 포트를완전히 연결하지않고 SYN 패킨만 보내 오픈여부 확인","medium","","정보보안기사|필기|예상|천기누설 예상문제|네트워크 보안","2026 수제비 정보보안기사 필기 기본서 · 천기누설 예상문제 · PDF 400쪽 · 12번","","","","","","information-security-engineer"
"WRITTEN_CBT","어플리케이션 보안","스니핑 공격 (1) 스니핑(Sniffing)개념 •스니핑은공격대상에게 직접공격을하지 않고 데이터만 몰래들여다보는수 동적공격기법이다. 네트워크의 패킷 정보를 가로채어 내용을확인하거나분석한다. 스니핑을 할 수 있도록 하는 도구를 스니퍼(Sniffer)라고 한다. 패킷 전송 송신자 패킷 통신중인 패킷도청 악의적사용자 스니핑개념도 (2) 스니핑 공격의 원리[22년2회,25년4회] 포트 미러링을통해서 스위치의 동일 Segment 내 패킨을복제하여 전달하는 경우Segment 내 모든 트래픽을 확인할 수 있다. 이더넷 인터페이스는 자신의 MAC 주소가 아닌 트래픽을 무시하지만, 모든 트래픽을 볼 수있는 Promiscuous Mode(무차별 모드)를 설정하면 트래픽을 도청한다.","","","","","","","","","medium","","정보보안기사|필기|예상|천기누설 예상문제|어플리케이션 보안","2026 수제비 정보보안기사 필기 기본서 · 천기누설 예상문제 · PDF 404쪽 · 2번","","","","","","information-security-engineer"
"WRITTEN_CBT","네트워크 보안","라는거기억해두세요!","","","","","","","","","medium","","정보보안기사|필기|예상|천기누설 예상문제|2024년|4회|네트워크 보안","2026 수제비 정보보안기사 필기 기본서 · 천기누설 예상문제 · PDF 405쪽 · 5번","2024","","","","","information-security-engineer"
"WRITTEN_CBT","네트워크 보안","세션하이재킹 (1) 세션 하이재킹(Session Hjacking)의 개념[22년1회,2회,23년 4회,24년1회,25년1회2회] 세션하이재킹은사용자와서버 간에이미생성된세션을공격자가가로채서 탈취하거나 가짜로 세션을만들어합법적인사용자로 위장하여 가로천 세션 으로 공격 대상자의 정보를 탈취하는 기법이다 세션하이재킹은인증후발생하는 세션ID를노리는공격이며공격자가 세 선ID를획득하면추가 인증없이 피해자의 권한으로 시스템에접근할 수있 게 된다. •세션하이재킹은TCP 기반의TCP세션하이재킹과웹세션하이재킹이있다. (2) TCP 세션하이재킹","TCP 세션 하이재킹(TCP Session Hijacking)의 개념","","","","","","","","medium","","정보보안기사|필기|예상|천기누설 예상문제|네트워크 보안","2026 수제비 정보보안기사 필기 기본서 · 천기누설 예상문제 · PDF 408쪽 · 3번","","","","","","information-security-engineer"
"WRITTEN_CBT","네트워크 보안","다음중세션 하이재킹(Session Hjacking)에 대한 설명으로 가장 옳지 않은 것은?","클라이언트와서버간의통신을관찰할수있 을뿐만아니라 신뢰(Trust)를 이용한 세션은 물론 Telnet, FTP 등 TCP를 이용한 거의 모든 세션의탈취가 가능하다.","인증에대한문제점을해결하기위해도입된 일회용 패스워드(OTP), Token Based Authen- tication, Kerberos(토큰 기반 인증)를 이용한 세션의탈취도가능하다","서버와클라이언트가 TCP를이용해서통신을 하고 있을때 RST패킷을 보내 일시적으로TCP 세션을끊고,시퀀스넘버를새로생성하여세 션을빼앗고인증을 회피한다.","실제DNS 서버보다도 빨리공격 대상에게 DNS 응답(Response) 패킷을 보내공격 대상이 잘못된IP주소로이름해석을하도록하여잘 못된웹접속을유도하는공격이다.","1","","","DNS응답을먼저빠르게 전송하여잘못된IP주소로 해석하게하는공격은DNS 스푸핑공격이다","medium","","정보보안기사|필기|기출|지피지기 기출문제|네트워크 보안","2026 수제비 정보보안기사 필기 기본서 · 지피지기 기출문제 · PDF 411쪽 · 1번","","","","","","information-security-engineer"
"WRITTEN_CBT","네트워크 보안","다음중원격지서버의 스니핑모니터링 프로그램인 Sentine을 이용하여 스니퍼를 탐지하는 예시와그 에 대한 의미로 틀린것은?","./sentinel -a -t 211, 47.65,4: ARP 테스트","./sentinel –d -f 1.1.1.1 -t 211. 47.65.4 : DNS 테 스트","./sentinel-e -t 211,47.65,4: Ethemet ping 테스 ㅌ","./sentinel-t 211. 47,65.4 -f 1.1.1.1 -d –a– : 37 의테스트중하나만테스트","4","","","/sentinel-t 211.47.65.4 -f 1.1.1.1 -d -a는 문법에 맞지 않는 표현이다 /sentinel [method] [-t <target ip>] [options] method 설명 -a • ARP Test DNS Test -d 존재하지 않는 호스트 추가(-f) -i ICMP Ping Latency Test -e ICMP Etherping Test","medium","","정보보안기사|필기|기출|지피지기 기출문제|2022년|2회|네트워크 보안","2026 수제비 정보보안기사 필기 기본서 · 지피지기 기출문제 · PDF 411쪽 · 2번","2022","","","","","information-security-engineer"
"WRITTEN_CBT","네트워크 보안","TCP세션하이재킹의공격 순서로옮은 것은? 공격자는스니핑을하여세션을확인하고적절한시 퀀스넘버를획득한다 ©서버는새로운시권스넘버를받아들이며 다시세션 을연다. ©RST 패킨을 보내서버 쪽연결만을 끝는다. 서버는잠 시dosed 상태가 되나 클라이언트는그대로 estab- Iished 상태로남는다","공격자는새로시권스넘버를생성하여서버로보낸다 ©공격자는정상적인연결처럼서버와시권스넘버를교 환하고공격자와 서버 모두estabished 상태가 된다","→→©→","→","→","4","","","TCP 세션하이재킹의공격 순서는 다음과 같다. 세션의 ·공격자는 스니핑(ARPSpoofing을 통해 시퀀스 패킨이공격자를지나가게함)을하여 번호획득 세션을확인하고적절한시권스넘버를획득 서버로RST패킨을 보내서버 쪽 연결만을단절 RST 패킷 서버는 잠시Closed상태가 되나 전송 클라이언트는그대로 Established 상태로유지 서버와 ·공격자는새로시권스넘버를생성하고 신규세션 서버와 TCP 3-Way Handshaking을 수행 연결 공격자 ·서버는신규시권스번호수신하여 서버시퀀스 서버의시권스번호를재생성하여 번호사용 공격자에게전달 클라이언트-공격자-서버의 서로간의 중간자 세션Established를 유지하여 2개의 세션생성 다른세션관리 서로간의중간자로서공격자가두개의 통신 시권스번호를가지고통신처리 Relay 기존TCP연결을그대로물려받은 후에 처리","medium","","정보보안기사|필기|기출|지피지기 기출문제|네트워크 보안","2026 수제비 정보보안기사 필기 기본서 · 지피지기 기출문제 · PDF 412쪽 · 3번","","","","","","information-security-engineer"
"WRITTEN_CBT","네트워크 보안","다음 문장의 괄호안에들어갈 말은? Anti Sniffer 도구들의 특징은로컬네트워크에서네트워크 카드의()여부를체크하여 스니퍼가돌고있는지를파 악한다","Duplex Mode","MAC","Promiscuous Mode )ARP","","3","","","무차별 모드(Promiscuous Mode)는 네트워크 인터페이스(NIC)에서 패킷 스니핑을 통해 네트워크 상에 이동하는 다른 수신 대상의 패킷까지 수집하는 모드이다 22년 4,24년4회","medium","","정보보안기사|필기|기출|지피지기 기출문제|네트워크 보안","2026 수제비 정보보안기사 필기 기본서 · 지피지기 기출문제 · PDF 412쪽 · 4번","","","","","","information-security-engineer"
"WRITTEN_CBT","네트워크 보안","스푸핑방법중주로시스템간트러스트(신뢰)관계 를이용하기위해사용되는공격 방법은?","IP스푸핑","DNS스푸핑","ARP스푸핑","Hast 스푸핑","1","","","IP 스푸핑은 시스템 간의 신뢰(Trust)관계를 이용하여자신의 IP 주소가 트러스트관계를 맺은 시스템의 주소로위장하여정보를해킹하는 방식이다. _------","medium","","정보보안기사|필기|기출|지피지기 기출문제|네트워크 보안","2026 수제비 정보보안기사 필기 기본서 · 지피지기 기출문제 · PDF 412쪽 · 5번","","","","","","information-security-engineer"
"WRITTEN_CBT","네트워크 보안","다음 중스니핑(Sniffing) 기법으로 올바르지 않은것 은?","Switch Jamming","SYN Flooding","ARP Redirect","ICMP Redirect","2","","","SYN Flooding는 스니핑 공격이 아니고DDoS 공격의 한 종류이다 스니핑 공격의 유형에는 Switch Jamming ICMP Redirect, ARP Redirect, ARP SpoofingoI 있다. 23년 1회,25년 4회","medium","","정보보안기사|필기|기출|지피지기 기출문제|네트워크 보안","2026 수제비 정보보안기사 필기 기본서 · 지피지기 기출문제 · PDF 413쪽 · 8번","","","","","","information-security-engineer"
"WRITTEN_CBT","네트워크 보안","Tpdump를사용한패킷 스니핑에 관한설명이다. 괄호안에 들어갈 적당한 말은? (): 동일Segment 내패킨을복제하여 정보를수집한다. (): 목적지의 MAC 주소가같지 않아도 패킨을폐기하 지않고수신한다",":포트스캐닝,ㄴ:단일모드",":포트미러링,ㄴ무차별모드","ㅁ:포트미러링,ㄴ:단일모드",":포트스캐닝, ㄴ:무차별모드","2","","","포트미러링은스위치를이용하여전체트래픽을 전달하는 방식이며 무차별 모드를 통해서 자신으로 들어오는 트래픽에 대해서 목적지의 MAC 주소가 같지 않아도 패킷을 폐기하지 않고 수신한다","medium","","정보보안기사|필기|기출|지피지기 기출문제|네트워크 보안","2026 수제비 정보보안기사 필기 기본서 · 지피지기 기출문제 · PDF 413쪽 · 9번","","","","","","information-security-engineer"
"WRITTEN_CBT","네트워크 보안","IP스푸핑공격을수행하기위해시스템간설정되어 야하는 것은?","트러스트","SSL","sO","SSID","","","","IP 스푸핑은 시스템간의 신뢰(Trust;:트러스트) 관계를이용하여 자신의 IP주소가 트러스트관계를 맺은 시스템의 주소로위장하여 정보를해킹하는 방식이다. 신뢰(Trust)관계 설정은로그인 시 아이디/패스워드 방식이 아닌신뢰관계에 있는IP 주소를등록하여 시스템에 접속할 때 등록된IP 주소 인증을 통해서 로그인 없이 접속할 수있도록 해주는 방식이다. 23년2회,25년1회","medium","","정보보안기사|필기|기출|지피지기 기출문제|2023년|2회|네트워크 보안","2026 수제비 정보보안기사 필기 기본서 · 지피지기 기출문제 · PDF 414쪽 · 10번","2023","","","","","information-security-engineer"
"WRITTEN_CBT","네트워크 보안","세션 하이재킹(Session Hijacking)의단계를 순서대 로나열한 것은? 기존 TCP 연결을그대로물려받는다 ©서버로RST 패킨을 전송한다 ©서버와 TCP 3-Way Handshaking을수행한다","ARP Spoofing을 통해패킨이공격자를지나가게한다","0C","","C","","","","","medium","","정보보안기사|필기|기출|지피지기 기출문제|네트워크 보안","2026 수제비 정보보안기사 필기 기본서 · 지피지기 기출문제 · PDF 414쪽 · 11번","","","","","","information-security-engineer"
"WRITTEN_CBT","네트워크 보안","다음중스푸핑(Spoofing)의 특징으로 틀린 것은무 엇인가?","IP주소를위조하여불법적인접근을시도할수 있다.","DDoS공격에많이활용된다.","DNS서버 정보를조작하여사용자를악성사 이트로유도할수 있다.","네트워크에서데이터를가로채어분석하는방 법을의미한다.","","","","네트워크에서데이터를가로채어분석하는방법은","medium","","정보보안기사|필기|기출|지피지기 기출문제|2024년|1회|네트워크 보안","2026 수제비 정보보안기사 필기 기본서 · 지피지기 기출문제 · PDF 414쪽 · 12번","2024","","","","","information-security-engineer"
"WRITTEN_CBT","네트워크 보안","ARP Table을보았을때다른IP에 대한같은 MAC주소가보인다.","공격자는신뢰된MAC주소로위장하고악의 적인공격을한다","","","","","","","ARP 스푸핑 공격을 하면 디폴트 게이트웨이의 ARP Cache 내용 중 공격 대상 시스템의 MAC 주소가 공격 시스템의 MAC 주소로변경된다.","medium","","정보보안기사|필기|기출|지피지기 기출문제|2025년|1회|네트워크 보안","2026 수제비 정보보안기사 필기 기본서 · 지피지기 기출문제 · PDF 415쪽 · 3번","2025","","","","","information-security-engineer"
"WRITTEN_CBT","네트워크 보안","다음중네트워크계층에서수행되는공격기법에대 한 설명으로 옳지 않은 것은?","Switch Jamming은MAC주소테이블을오버플 로우시키기 위해 대량의 위조된MAC주소를 가진프레임을전송하여,스위치를브로드캐 스트허브처럼동작하게만드는공격이다","ICMPRedirect 공격은 라우팅 정보를 위조하여 공격자가 최적 경로인 것처럼보이게 하는 ICMIP Redirect 메시지를 대상 시스템에 전송하 는방식이다.","ARP Redirect 공격은공격자가자신을라우터로 위장하여ARP 요청 패킷을애니캐스트함으로 써,대상의라우팅테이블을조작하는공격이다.","ARP Spoofing은 공격자가 ARP Reply 메시지 를위조하여다른호스트의ARP캐시를변경 시켜통신흐름을탈취하거나중간자공격을","3","","","","medium","","정보보안기사|필기|기출|지피지기 기출문제|2025년|1회|네트워크 보안","2026 수제비 정보보안기사 필기 기본서 · 지피지기 기출문제 · PDF 415쪽 · 14번","2025","","","","","information-security-engineer"
"WRITTEN_CBT","네트워크 보안","다음 중ARP 스푸핑공격에대한설명으로틀린것 은?","공격대상은같은네트워크에 있어야한다.","디폴트 게이트웨이의 ARP Cache 내용 중공격 시스템의MAC주소를공격 대상 시스템의 MAC주소로변경한다.","","","2","","","","medium","","정보보안기사|필기|기출|지피지기 기출문제|2025년|1회|네트워크 보안","2026 수제비 정보보안기사 필기 기본서 · 지피지기 기출문제 · PDF 415쪽 · 15번","2025","","","","","information-security-engineer"
"WRITTEN_CBT","네트워크 보안","다음보기의현상이나타나게된공격에대한설명으 로옳은 것은 무엇인가? CwwiNDOwSwsystem32> arp-a Interface 192.168.200.100 —0x2 Intemet Address Physical Address Type 192168.200.50 20-ec-33-4a-59-all dynamic 192168.200.150 20-ec-33-f6-d2-e3 dynamic 192168.200200 20-ec-33-4a-59-al dynamic","공격성공후패킨은공격자가설정해놓은시 스템으로 전송된다.","ARP Cache Table을정적으로설정하기 위해서 는arp -d옵션을사용한다.","네트워크를주기적으로모니터링한다고해서 예방할수없다","ARP Broadcast를사용하는공격 기법이고 ARP Broadcast 시에 인중을수행한다.","1","","","192.168.200.50과192.168.200.120의 MAC 주소가 같으므로 MAC주소를위조하는 공격인ARP 스푸핑이다 ARP 스푸핑 공격이 성공하면 패킨은 공격자가 설정해 놓은 시스템으로 전송된다. ARP 스푸핑 공격은 네트워크를 주기적으로 모니터링한다고 해서 예방할 수는없고,가장좋은 보안대책은MAC 테이블(ARP Cache 테이블)을 Static으로설정하는 방법이다. ARP Reply메시지의 목적지 MAC 주소는 브로드캐스트가 아닌 유니캐스트 주소로 설정되어 전달된다.","medium","","정보보안기사|필기|예상|천기누설 예상문제|네트워크 보안","2026 수제비 정보보안기사 필기 기본서 · 천기누설 예상문제 · PDF 416쪽 · 1번","","","","","","information-security-engineer"
"WRITTEN_CBT","네트워크 보안","다음에서설명하고있는네트워크공격기법은무엇 인가? -로컬에서통신하고있는서버와클라이언트IP주소에 대한 2계층MAC 주소를공격자의MAC 주소로 속여 클라이언트가서버로가는패킨이나서버에서클라이 언트로가는패킨을중간에서가로채는공격이다","세션하이재킹","IP 스푸핑","ARP스푸핑","스니핑공격","3","","","2계층 MAC주소를 자신의 MAC 주소로 위조하여 패킨을 중간에 가로채는 공격은ARP 스푸핑 공격이다.","medium","","정보보안기사|필기|예상|천기누설 예상문제|네트워크 보안","2026 수제비 정보보안기사 필기 기본서 · 천기누설 예상문제 · PDF 416쪽 · 2번","","","","","","information-security-engineer"
"WRITTEN_CBT","네트워크 보안","다음중 Interface 정보를 확인한 보안담당자는어 떤공격을 대응하기 위하여 조치를취한것인가? Intemet Address Physical Address Type 192168.3.1 00-0c-19-33-2a-01 static 192168.32 00-0c-19-32-2b-1a static 192168.33 00-0c-19-32-2c-3a static","ARP스푸핑","IP스푸핑","DNS스푸핑","E-mail 스푸핑","1","","","MAC 테이블을관리자가 직접 정적(Static)으로 설정하여 4대응하는 방법은 ARP 스푸핑에대한 보안대책이다","medium","","정보보안기사|필기|예상|천기누설 예상문제|네트워크 보안","2026 수제비 정보보안기사 필기 기본서 · 천기누설 예상문제 · PDF 418쪽 · 9번","","","","","","information-security-engineer"
"WRITTEN_CBT","네트워크 보안","네트워크 보안 01 보안프로토를 확습 Point 보안 프로토콜은시험에서 1 보안프로토콜별동작원리및특징 자주출제되는중요한 주제 입니다각계층별보안프로 (1) 2계층프로토콜 토콜의 종류와개념, 특징을 끔끔히 정리해두면 시험준","PPTP(Point-to-Point Tunneling Protocol) [23년 2회] 비에큰도움이될거예요 콜이다. 하였다","L2F(Layer 2 Forwarding) 트워크이외에서도 이용할 수있다.","L2TP(Layer 2 Tunneling Protocol) •L2IP는PPTP와L2F를통합한 프로토콜이다. (2) 3계층 프로토콜-IPSec","IPSec 개념 토콜 세트이다. 2 IPSec 보안 서비스 다.","","","","","medium","","정보보안기사|필기|예상|천기누설 예상문제|네트워크 보안","2026 수제비 정보보안기사 필기 기본서 · 천기누설 예상문제 · PDF 419쪽 · 3번","","","","","","information-security-engineer"
"WRITTEN_CBT","네트워크 보안","다음 중 SSL(Secure Socket Layer) 프로토콜에대 한설명으로 잘못된 것은?","웹서버와브라우저간의안전한통신을위해 넷스케이프사에 의해개발되었다","세션 계층에 적용되며, 응용 계층의FIP, TEL NET,HTIP등의 프로토콜의안전성 보장을위 해사용된다.","SSL 프로토콜은 TCP/IP 상의 444/TCP 포트만 을사용하여야한다.","SSL을사용하기위해서는우리가혼히사용하 는URL 표기방식인""http://*""대신에 ""https://""을사용해야한다.","3","","","SSL(TLS) 프로토콜은TCP의 443 포트를기본으로 사용하며, 포트번호를 변경하여서 접속도가능하다","medium","","정보보안기사|필기|기출|지피지기 기출문제|2022년|1회|네트워크 보안","2026 수제비 정보보안기사 필기 기본서 · 지피지기 기출문제 · PDF 429쪽 · 2번","2022","","","","","information-security-engineer"
"WRITTEN_CBT","네트워크 보안","IPSec의 터널 모드(Tunneling Mode)에서 AH(Au- thentication Header)를추가한 IP Packet 구성순 서로옳은 것은?","New IP Header - AH - Original IP Header = Original Payload","AH – New IP Header - Original IP Header – Original Payload","AH - New IP Header - AH - Original IP Head- er - Original Payload","New IP Header - Original IP Header - Original Payload - AH","1","","","AH 프로토콜의 IP 패킷구성순서는다음과 같다. •IP페이로드에 AH 헤더를 추가 전송 모드일 IP 경우 IP 헤더 AH 헤더 페이로드 기존IP헤더와페이로드에AH 터널 헤더를추가하고새로운IP헤더를 모드일 추가 경우 새로운 AH IP IP헤더 IP 헤더 헤더 페이로드","medium","","정보보안기사|필기|기출|지피지기 기출문제|네트워크 보안","2026 수제비 정보보안기사 필기 기본서 · 지피지기 기출문제 · PDF 430쪽 · 4번","","","","","","information-security-engineer"
"WRITTEN_CBT","네트워크 보안","안드로이드앱의SSL연결시 CA 등록을통한 중간 자공격을방어하기위해도입된 기술은?","App Signing","SSL Pinning","IDS","IPS","2","","","안드로이드애플리케이션의APK ApP 파일에서명하는과정 Signing 애플리케이션의무결성과신뢰성을 보장 SSL ·SSL 연결시CA등록을통한 중간자 Pinning 공격을방어하기위해도입된기술 비인가된사용자가자원의무결성 기밀성,가용성을저해하는일련의 IDS 행동들과 보안정책을위반하는 행위를실시간탐지하는시스템 IDS의 오탐(False Positive)과 미탐(Miss Detection)의 문제 해결을 위해등장한정보시스템 IPS 네트워크에서침입탐지와침입을 사전예방하는능동형정보 보호시스템 ---","medium","","정보보안기사|필기|기출|지피지기 기출문제|2022년|4회|네트워크 보안","2026 수제비 정보보안기사 필기 기본서 · 지피지기 기출문제 · PDF 430쪽 · 5번","2022","","","","","information-security-engineer"
"WRITTEN_CBT","네트워크 보안","다음 IPv4(IP version 4) 데이터그램에 대한설명으 로옳은 것은? IPv4 헤더 AH헤더 TCP 헤더 TCP데이터 (1IPV4 (Authentication (TCP (TCP Data) Header) Header) Header)","IPSec(IP Security) 터널모드(Tunnel)의 데이터 그램이다","IPSec(IP Security)의 AH(Authentication Head- er)가 적용되어 TCP 헤더와 TCP 데이터는암 호화되어 있다.","IPSec(IP Security)의 AH(Authentication Head- er)가 적용되어 SA(Security Association)를 식 별할수있다.","IPSec(IP Security)의 AH(Authentication Head- er)가 적용되어IPV4헤더에무결성, 인증을위 한데이터가추가된데이터그램이다.","3","","","새로운IP 헤더가없고AH 헤더만있으므로AH전송 모드이다. AH가 적용되어 IP 페이로드(TCP 헤더와 TCP 데이터)에무결성, 인증을제공한다. •IP 헤더는 보호되지 않는다.","medium","","정보보안기사|필기|기출|지피지기 기출문제|네트워크 보안","2026 수제비 정보보안기사 필기 기본서 · 지피지기 기출문제 · PDF 431쪽 · 6번","","","","","","information-security-engineer"
"WRITTEN_CBT","네트워크 보안","SSL/TLS에 대한 설명으로옳은 것은?","SSL/TLS를사용하고있는기업은 신뢰할수있 기때문에신용카드번호를 보내도된다.","SSL/TLS에서는 공개키가 서버로부터 오기 때 문에클라이언트는공개키를가지고있지않아 도서버를인증할수있다.","SSL/TLS1.3을사용하면통신의 기밀성을확보 할수있다.","SSL/IILS에서는통신 전의데이터, 통신중의 데 이터,통신후의데이터를 보호해준다.","3","","","현재시점에 SSL/TLS1.3을사용하면통신의 기밀성을확보할수있다 SSL/TLS는기본적인네트워크 암호화기술이지만 이를사용한다고해서기업에대한신뢰가보장되는 것은아니며,공개키가불필요해지거나 통신 전후의 데이터까지보호해주는것은 아니다 23년 2회,25년 4회 는 프로토콜의 연결이 아닌 것은? ① Application Layer – SSL(Secure Socket Layer) ② Application Layer – HTTP(Hyper Text Transfer Protocol) ③ Network Layer - IPSec(Intermet Protocol Secu- rity) Network Layer – PPTP(Point-to-Point Tunne- ling Protocol) PPTP(Point-to-Point Tunneling Protocol)는 2계층인Data Link Layero이다.","medium","","정보보안기사|필기|기출|지피지기 기출문제|2023년|1회|네트워크 보안","2026 수제비 정보보안기사 필기 기본서 · 지피지기 기출문제 · PDF 431쪽 · 7번","2023","","","","","information-security-engineer"
"WRITTEN_CBT","네트워크 보안","SSLProtocol의 Record Layer Length의 최대 길이 2?","210 Byte","212 Byte","21Byte","216 Byte","3","","","SSL Record의 Length에 대한 최대 길이는 214(16,384바이트)까지 가능하다 24년1회","medium","","정보보안기사|필기|기출|지피지기 기출문제|네트워크 보안","2026 수제비 정보보안기사 필기 기본서 · 지피지기 기출문제 · PDF 432쪽 · 9번","","","","","","information-security-engineer"
"WRITTEN_CBT","네트워크 보안","다음중SSL 프로토콜의 Handshake 절차로올바른 것은? 서버가클라이언트에게TLS버전서버와클라이언트가 공통으로지원할 수 있는 최적의 Cpher Suite 압축 방식 등을전달 서버가클라이언트에게서버인증서를전달 클라이언트가서버에게 Random하게 Session ID,CGpher Suite를 전달 2 협상된정보확인완료후서버와클라이언트데이터송 수신","--C-","2 2 2","","","2","","","SSL/TLS Handshake 절차는 다음과 같은순서로 진행된다 •클라이언트가 서버에게 Client Hello Random하게 Session ID, Cipher Suite를 전달 서버가클라이언트에게TLS 버전,서버와클라이언트가 Server Hello 공통으로지원할수있는 최적의 Cipher Suite, 압축 방식등을전달 Server 서버가클라이언트에게 서버 Certification 인증서를전달 Finished 협상완료를클라이언트에 알리는메시지 Communicate 서버와 클라이언트가상호간 데이터송수신","medium","","정보보안기사|필기|기출|지피지기 기출문제|네트워크 보안","2026 수제비 정보보안기사 필기 기본서 · 지피지기 기출문제 · PDF 432쪽 · 11번","","","","","","information-security-engineer"
"WRITTEN_CBT","네트워크 보안","다음은IPSec의AH프로토콜이하는역할에 대한설 명으로 옳은 것은?","라우터와라우터간의IP 패킨을암호화한다","단말과단말간의IP패킨을암호화한다.","단말과라우터간의IP패킷에대한송신인증 및무결성서비스를 제공한다.","단말과라우터간의IP 패킷에대한송신인증, 무결성그리고암호화서비스를제공한다","3","","","•IPSec의AH프로토콜은단말과라우터간의IP 패킷에대한 송신 인증및무결성서비스를 제공하지만 암호화서비스는제공하지 않는다.","medium","","정보보안기사|필기|기출|지피지기 기출문제|네트워크 보안","2026 수제비 정보보안기사 필기 기본서 · 지피지기 기출문제 · PDF 433쪽 · 13번","","","","","","information-security-engineer"
"WRITTEN_CBT","네트워크 보안","다음 중 IPSec의 보안연관(SA)매개변수에 대한설 명으로 잘못된 것은?","보안 매개변수색인(SPI)은수신자가SA를구 분하기위한식별자로, 패킷의재사용방지에 이용된다.","AH정보는무결성과출처인중을위한매개변 수로, IP헤더의변하지않는필드만을무결성 체크에 포함하고,HMAC을 사용해 Authenti- cation Data의 무결성을 검증한다.","재생공격방지 원도우는패킷의중복 전송을 막기위해사용되며, 수신측에서이미수신된 패킷의시권스번호를추적할수있다.","ESP 정보로 데이터 기밀성, 무결성, 출처 인증 을제공하는데필요한설정을수행할수있다","1","","","패킨의 재사용방지에 이용되는것은순서번호 카운터(Sequence Number Counter)o다. 24년2회","medium","","정보보안기사|필기|기출|지피지기 기출문제|네트워크 보안","2026 수제비 정보보안기사 필기 기본서 · 지피지기 기출문제 · PDF 433쪽 · 14번","","","","","","information-security-engineer"
"WRITTEN_CBT","네트워크 보안","다음의 URL로 접근시에사용되는 포트는무엇인 가? https//ftp.soojebicokr","80","22","21","","2","","","https://로별도의포트변경없이SSL을통한 접근시에는 443포트를이용한다","medium","","정보보안기사|필기|기출|지피지기 기출문제|2024년|2회|네트워크 보안","2026 수제비 정보보안기사 필기 기본서 · 지피지기 기출문제 · PDF 433쪽 · 15번","2024","","","","","information-security-engineer"
"WRITTEN_CBT","네트워크 보안","다음 중 SSL/TLS 프로토콜 구조에 대한설명으로옳 지 않은 것은?","Handshake프로토콜은클라이언트와서버간에 보안연결을설정하는과정으로,세션키생성 서버인증,암호알고리즘협상등을포함한다","Change Cipher Spec 프로토콜은 보안 연결이 종료되었음을 나타내며, 이후 전송되는 데이 터는암호화되지 않는다.","Alert프로토콜은오류나상태 변화를알리기 위해사용되며, 메시지에는경고수준과알림 코드가포함된다. 4) Application Data는 TLS 연결이성립된후사용 자데이터를 암호화하여 전송하는 계층으로 Record프로토콜에의해처리된다","","2","","","Change Cipher Spec은 핸드쉐이크 이후,종단 간 협상된 방식으로 통신을 수행하겠다는신호를 주고받는 프로토콜이다. 25년1회","medium","","정보보안기사|필기|기출|지피지기 기출문제|2024년|4회|네트워크 보안","2026 수제비 정보보안기사 필기 기본서 · 지피지기 기출문제 · PDF 434쪽 · 16번","2024","","","","","information-security-engineer"
"WRITTEN_CBT","네트워크 보안","다음중TL에서 암호화수준및 정보를 전달하는단 계는 무엇인가?","Client Hello 2) )Server Hello","Certificate Request","Change Cipher Spec","","1","","","클라이언트가 서버에게 Random에서 Session ID, Cipher Suite와 같은 암호화수준및정보를전달하는 단계는","medium","","정보보안기사|필기|기출|지피지기 기출문제|2025년|4회|네트워크 보안","2026 수제비 정보보안기사 필기 기본서 · 지피지기 기출문제 · PDF 434쪽 · 20번","2025","","","","","information-security-engineer"
"WRITTEN_CBT","네트워크 보안","SSL프로토콜에 대한설명으로가장알맞지 않은것 은?","SSL을사용하기 위해서는URL에""http://""대신 에""https://""을사용한다","SSL 프로토콜은Default로 TCP 443Port를 사용 한다.","SSL프로토콜은암호화통신을하기때문에 침 입탐지방지시스템(IDS/IPS)등의보안장비에 서공격페이로드탐지가쉽다.","SSL은 Record Layer와 HandShake Layer로 구 분한다.","3","","","IDS/IPS는패킨및방화벽단의침입방지 시스템이므로 SSL 패킨단위 탐지와SSL프로토콜의 탐지가 어렵다","medium","","정보보안기사|필기|예상|천기누설 예상문제|네트워크 보안","2026 수제비 정보보안기사 필기 기본서 · 천기누설 예상문제 · PDF 435쪽 · 4번","","","","","","information-security-engineer"
"WRITTEN_CBT","네트워크 보안","다음중SSL프로토콜에대한설명으로올바르지못 한것은?","1994년네스케이프사에서처음제안하였다","대칭키암호화,비대칭키암호화,일방향해시 함수,메시지인중코드,의사 난수 생성기, 전자 서명등다양한암호통신방법을활용한다.","SSL이 적용되었다는 표시로 SHTTP라고 사용 한다.","SSL 프로토콜은 TCP 계층과 응용계층 사이에 서동작한다.","3","","","S-HTTP는웹상에서네트워크 트래픽을 암호화하는 주요방법의하나로클라이언트와서버 간에 전송되는모든메시지를 각각암호화하여 전송하는 기술이다 SSL/TLS를HTTP에 적용하면URL이'httpS://로 시작한다.","medium","","정보보안기사|필기|예상|천기누설 예상문제|네트워크 보안","2026 수제비 정보보안기사 필기 기본서 · 천기누설 예상문제 · PDF 436쪽 · 5번","","","","","","information-security-engineer"
"WRITTEN_CBT","네트워크 보안","다음에서 설명하고 있는 프로토콜은 무엇인가? -1994년네스케이프사의웹브라우저를위한 보안프 로토콜이다 -1999년 TLS(Transport Layer Security)라는 이름으로 표준화되었다 -TCP계층과응용 계층사이에서동작한다.","HTTP","SSL","HTTPS","SET","2","","","SSL은 전송계층(4계층)과 응용계층(7계층) 사이에서 브라우저와 웹서버간의 웹데이터 암호화(기밀성), 상호인증및 전송시데이터무결성을 보장하는보안 프로토콜이다 SSL상에서HTTP를올려서사용할경우‘http5:// 형식으로 표현한다 SET은VISA와Master Card사가신용카드를기반으로 인터넷상의 전자결제를 안전하게 이용할 수있도록","medium","","정보보안기사|필기|예상|천기누설 예상문제|네트워크 보안","2026 수제비 정보보안기사 필기 기본서 · 천기누설 예상문제 · PDF 436쪽 · 6번","","","","","","information-security-engineer"
"WRITTEN_CBT","네트워크 보안","다음 SSL에대한설명중 틀린것은?","SSL은 SSL Handshake Protocol, sSL Change Cipher Spec, SSL Alert Protocol 부분과 실질적 인 보안 서비스를 제공하는 SSL Record Proto col부분으로나누어져 있다","SSL은상호인증과 무결성을위한메시지코드 기밀성을위한암호화방법을제공한다.","실제 SSL Record Protocol 부분은TCP 계층 하 단에서동작한다.","SSL에서는 전자 서명과 키 교환을위해 RSA또 는디피-헬만알고리즘을이용할수있다.","","","","SSL Record Protocol 부분은 TCP 계층 하단이 아닌 상단에서 동작한다.","medium","","정보보안기사|필기|예상|천기누설 예상문제|네트워크 보안","2026 수제비 정보보안기사 필기 기본서 · 천기누설 예상문제 · PDF 437쪽 · 8번","","","","","","information-security-engineer"
"WRITTEN_CBT","네트워크 보안","VPN 터널을 위해사용할 수 없는 것은?","IPSec","PPTP","SSL","RTP","","","","VPN터널을위해사용할수있는프로토콜은 2계층(PPTP), 3계층(IPSec), 4계층 상단(SSL)이 있다. RTP(Realtime Transport Protocol)은 실시간 데이터 전송을위한프로토콜로UDP 위에서구현되는 프로토콜이다.","medium","","정보보안기사|필기|예상|천기누설 예상문제|네트워크 보안","2026 수제비 정보보안기사 필기 기본서 · 천기누설 예상문제 · PDF 437쪽 · 9번","","","","","","information-security-engineer"
"WRITTEN_CBT","네트워크 보안","다음에서설명하는 네트워크는? -일반적으로안전하지않은공용네트워크를이용하여 사설네트워크를구성하는기술로서전용선을이용한 사설네트워크에비해저렴한 비용으로안전한망을 구성할수있다 -공용 네트워크로전달되는트래픽은암호화 및메시지 인증코드등을 사용하여기밀성과무결성을 제공한다","LAN(Local Area Network)","wAN(wide Area Network)","MAN(Metropolitan Area Network) VPN(Virtual Private Network)","","","","","공용네트워크를통해 안전하게사설네트워크를 구성하는 기술은VPN(Virtual Private Network)이다.","medium","","정보보안기사|필기|예상|천기누설 예상문제|네트워크 보안","2026 수제비 정보보안기사 필기 기본서 · 천기누설 예상문제 · PDF 437쪽 · 10번","","","","","","information-security-engineer"
"WRITTEN_CBT","네트워크 보안","IPSec 터널모드와전송모드에 대한설명으로틀린 것은?","터널 모드는 송신 측VPN 장비와수신측VPN 장비에서암호화와복호화를 수행한다","전송모드로구성하는경우IP헤더와TCP/UDP 헤더사이에ESP헤더가위치한다.","전송모드는송신자 호스트와수신자호스트에 서암호화와복호화를수행한다.","전송모드는스니핑공격을최소화하며, 터널 모드에비해개별사용자의설정부담이 적다.","","","","터널모드는전체 원본IP 패킷이 전체 암호화되므로 IP페이로드만 암호화되는전송모드보다더강력한 보안구현이 가능하다. 전송 모드는각 통신하는호스트마다 IPSec을 설정해야 하고 통신참여자 모두가IPSec 모드가 지원되어야하며상호키교환이 필요하므로사용자","medium","","정보보안기사|필기|예상|천기누설 예상문제|네트워크 보안","2026 수제비 정보보안기사 필기 기본서 · 천기누설 예상문제 · PDF 437쪽 · 11번","","","","","","information-security-engineer"
"WRITTEN_CBT","네트워크 보안","SSL에 대한설명으로옳은 것은?","프로토콜 지시자로shttp를사용한다.","110번포트를주로사용한다","record계층에서는 메시지 캡술화를수행한다.","s을통해 웹서버에접근하려면브라우저외에 별도의클라이언트프로그램이설치되어야한 다.","3","","","SSL을사용하기 위해서는URL에""http://""대신에 ""https:/을사용한다. SSL 프로토콜은 Default로 TCP 443 Port를 사용한다. SSL의 record 계층에서는 메시지 캡술화를 수행한다. SSL을통해 웹서버에 접근시브라우저 외에별도의 클라이언트 프로그램설치는 필요 없다","medium","","정보보안기사|필기|예상|천기누설 예상문제|네트워크 보안","2026 수제비 정보보안기사 필기 기본서 · 천기누설 예상문제 · PDF 438쪽 · 13번","","","","","","information-security-engineer"
"WRITTEN_CBT","네트워크 보안","다음 중 VPN에대한설명으로가장옳지 않은 것은?","SSLVPN은웹브라우저만있으면언제어디서 나사용이가능하다.","IPSec VPN은네트워크계층에서안전하게 정 보를전송하는방법이다.","IPSec VPN은운영방식에따라트랜스포트모 드만지원하고암호화여부에따라ESP, AH프 로토콜을사용한다.","기본적으로 SSL VPN과 IPSec VPN은 데이터의 기밀성과무결성은동일하며단지데이터의 암호화구현방식에차이가있다","3","","","IPSec VPN의 동작 모드는 Tunnel 모드, Transport 모드를지원하며 두 가지 모두 전부 ESP, AH 프로토콜을사용한다 22년1회","medium","","정보보안기사|필기|기출|지피지기 기출문제|네트워크 보안","2026 수제비 정보보안기사 필기 기본서 · 지피지기 기출문제 · PDF 467쪽 · 1번","","","","","","information-security-engineer"
"WRITTEN_CBT","네트워크 보안","Snort에서 Rule에 대한 정보제공을위해 사용되며 탐지에영향이 없는 옵션의 명령어 형식은?","msg","rawbytes","drop","reject","1","","","msg 옵션은 탐지되었을 때 탐지가 됐다는 것을 알리기 위한 출력 메시지를 지정하기 위해 사용된다. 22년1회","medium","","정보보안기사|필기|기출|지피지기 기출문제|네트워크 보안","2026 수제비 정보보안기사 필기 기본서 · 지피지기 기출문제 · PDF 467쪽 · 3번","","","","","","information-security-engineer"
"WRITTEN_CBT","네트워크 보안","다음은 IDS Snort Rule이다. Rule이 10~1번째2바 이트의 값이 OXFFFF인지를검사하는 Rule이라할 때~의올바른키워드는 무엇인가? alert tcp any any –> any any ( flow: to_server; :IFF FFi: O:10: ©:2; msg:""Eror: sid: 1000002:)",": value, : offset, ©: content",": value, : content, ©: offset",": content, : depth, ©: offset",": content, ©: offset, ©: depth","4","","","10~11번째의 2바이트값을탐색하므로시작위치인 offset은 10. 10번째부터2바이트값을탐색하므로 depth는 2 탐지하려는 값이 FFFF이므로content는 IFF FFI가 된다. Snort에서 옵션은다음과 같다. 흐름옵션 클라이언트→ to_server 서버방향으로 가는패킷을매칭 서버→ to_client 클라이언트 방향으로가는 flow 패킷을 매칭 • 서버→ 클라이언트 from_server 방향으로가는 패킷을매칭 클라이언트→ from_client 서버 패킷으로 가는 패킷을매칭 content . 탐지하고자 하는 패턴을 설정 offset 지정한 바이트만큼떨어진 위치부터 탐색시작 depth 찾을내용의 범위를 지정하는옵션 msg · 경고 이벤트의 이름","medium","","정보보안기사|필기|기출|지피지기 기출문제|2022년|2회|네트워크 보안","2026 수제비 정보보안기사 필기 기본서 · 지피지기 기출문제 · PDF 468쪽 · 5번","2022","","","","","information-security-engineer"
"WRITTEN_CBT","네트워크 보안","패킷필터링을위한 규칙에 대한설명으로틀린것 은?(단, 서비스에 사용되는포트는 기본값이며, In- ternal은 내부, External은 외부 네트워크를의미한 다.) 번호 From To Service Action --- - Intenal External 80/TCP Allow 2 Any 169.168.2.25 21/TCP Allow 3 Internal 169.168.10.10 53/TCP Allow 4 Any Any Any Deny","내부에서외부로나가는웹 서비스에대해서 허용한다.","서버(169.168.2.25)로FTP서비스 연결은어디 에서나가능하나데이터전송은원활하게이루 어지지않을수 있다.","필터링규칙에명시하지않은모든프로토콜에 대해서는 거부한다.","서버(169. 168, 10,10)로 DNS 서비스는 내부에 서 이용이가능하나 Message정보가 512바이 트보다클경우에는허용하지않는다","4","","","내부에서 169.168.10.10으로 가는DNS(53) 서비스에 대해서허용이 되어 있으며별도의 Message 바이트에대한 통제에 대한 필터링 조건이 존재하지 않으므로 모두 허용한다.","medium","","정보보안기사|필기|기출|지피지기 기출문제|2022년|2회|네트워크 보안","2026 수제비 정보보안기사 필기 기본서 · 지피지기 기출문제 · PDF 468쪽 · 6번","2022","","","","","information-security-engineer"
"WRITTEN_CBT","네트워크 보안","침입 탐지 시스템(Intrusion Detection System)의 이상탐지(Anomaly Detection)방법 중다음 문장 에서설명하는 방법은 무엇인가? -과거의경험적인자료를토대로처리한다 -행위를관찰하고각각의행위에대한프로파일을생성 한다. -프로파일들을주기적으로관찰하여이상을측정한다","예측가능한 패턴 생성(Predictive Pattern Gen- eration)","통계적 접근법(Statistical Approaches)","비정상적인행위측정방법들(AnomalyMeas- ures)의결합","특징 추출(Feature Selection)","2","","","해당 내용은 통계적 접근법(분석)에 대한설명이다. 정상행위로판단되는통계적 통계적 프로파일을생성하고주기적확인후 접근법 이상을판단 일정 기간의 일정한 패턴을 기준으로 예측 사건간의상호관계가달라진경우 패턴생성 이상을판단 인공지능학습을이용해사용자의 신경망 행위를학습하여 만들어진모델을 모델 통해차이를탐지","medium","","정보보안기사|필기|기출|지피지기 기출문제|네트워크 보안","2026 수제비 정보보안기사 필기 기본서 · 지피지기 기출문제 · PDF 469쪽 · 7번","","","","","","information-security-engineer"
"WRITTEN_CBT","네트워크 보안","리눅스환경에서트래픽을 분석하기 위해MRTG(- Multi Router Traffic Grapher)를 사용한다.다음중 MRTG를설치 및 수행하는데 필요 없는 프로그램 은?","C Compiler","Perl","Gd Library","Lil","4","","","MRTG의설치 및 수행을위해서는다음과같은 프로그램이 필요하다 C 프로그램컴파일을위해설치가 Compiler 요구 MRTG스크립트를실행하는데 Perl 사용 그래프를생성하기위한그래픽 Gd Library 라이브러리 22년 2회,23년 2호,24년 2회","medium","","정보보안기사|필기|기출|지피지기 기출문제|네트워크 보안","2026 수제비 정보보안기사 필기 기본서 · 지피지기 기출문제 · PDF 469쪽 · 8번","","","","","","information-security-engineer"
"WRITTEN_CBT","네트워크 보안","침입차단시스템및가상사설망등다양한 보안솔 루션기능을하나로통합한 보안솔루션은?","WAF(web Application Firewall)","UTM(Unified Threat Management)","DLP(Data Loss Prevention)","NAC(Network Access Control)","2","","","UTM은방화벽, IPS등여러보안기능을하나의 장비에 포함하는네트워크 Appliance형태의 보안 시스템이다","medium","","정보보안기사|필기|기출|지피지기 기출문제|네트워크 보안","2026 수제비 정보보안기사 필기 기본서 · 지피지기 기출문제 · PDF 469쪽 · 9번","","","","","","information-security-engineer"
"WRITTEN_CBT","네트워크 보안","다음 문장에서설명하는 보안시스템은? UTM, DLP, SSL Inspection, SSL VPN, Anti APT 등 다양 한기능을통합해지원하며,Laye 까지제어하고암호 화트래픽제어가능한 보안시스템","NGFw(Next Generation Firewall)","NAC (Network Access Control) IPS(Intrusion Prevention System) wIPS(wireless Intrusion Prevention System)","","","1","","","UTM, DLP, SSL Inspection, SSL VPN, ,Anti APT 등 다양한기능을통합해 지원하며 Layer 7까지 제어하고암호화 트래픽 제어 가능한 보안 시스템은 NGFw(Next Generation Firewall)o다. 22년 4회","medium","","정보보안기사|필기|기출|지피지기 기출문제|네트워크 보안","2026 수제비 정보보안기사 필기 기본서 · 지피지기 기출문제 · PDF 470쪽 · 10번","","","","","","information-security-engineer"
"WRITTEN_CBT","네트워크 보안","네트워크 보안솔루션에서 탐지되는특정 패턴과시 계열(Time Series) 데이터의 조합에 의한 보안 상관 분석은?","특정한패턴에대한분석","임계치값에의한분석","정책기반상관분석","시나리오기반상관분석","3","","","특정 패턴과 나시계열데이터의조합에의한 보안 상관분석은정책 기반상관분석이다 보안솔루션에서탐지되는특정 패턴과 시계열(Time Series) 정책기반 데이터의조합에의한 보안 상관분석 상관분석 예평소보다 3배 많은 트래픽이 특정시간대에발생 • 여러 이벤트가 특정 순서로발생할 시나리오 때 이상 징후로판단하는분석방법 기반 상관분석 예로그인성공후,권한상승","medium","","정보보안기사|필기|기출|지피지기 기출문제|2022년|4회|네트워크 보안","2026 수제비 정보보안기사 필기 기본서 · 지피지기 기출문제 · PDF 470쪽 · 11번","2022","","","","","information-security-engineer"
"WRITTEN_CBT","네트워크 보안","다음 문장에서 괄호안에 들어갈단어는? 침입 탐지시스템(IDS; Intrusion Detection System)은 대 상시스템의 보안정책을파괴할수있는침입들을실시 간으로탐지하는 기능을가진 보안시스템이다.탐지영 역을중심으로분류하면시스템 내부에설치되어내부 사용자나 외부 사용자의 비인가적행위나해킹시도를 탐지하는()와네트워크상의 패킨 정보를 분석해서 공격을 탐지하는()로 분류할 수있다. 또한 탐지 방법 을중심으로분류하면알려진 축적된공격정보를이용 해(©)를탐지하는(",")정상행위와 비정상행위를분 류해 이를기준으로 사용자의행위가 정상행위인지에 대한 여부를 조사함으로써()를 탐지하는( )으로 분류할수있다",": Network-based IDS, ©: Host-based IDS, © Behavior-base, @: Misused Detection, ©: Knowledge-base, ©: Anomaly Detection",": Network-based IDS, : Host-based IDS, © Behavior-base, ©: Anomaly Detection, : Knowledge-base, ( ©: Misused Detection",": Host-based IDS, : Network-based IDS, D Knowledge-base, @: Misused Detection, ©: Behavior-base, ©: Anomaly Detection : Host-based IDS, : Network-based IDS, Behavior-base,","3","","","IDS의 유형에대한설명은 다음과 같다. 호스트기반 ·호스트컴퓨터에저장된로그 IDS 정보를이용하여침입을 (HIDS) 탐지하는방식 네트워크 기반 IDS와 통신망을통해 전송되는 IDS 패킷데이터를분석하여침입 (NIDS) 여부를판정 오용침입탐지 ·특정공격에관한축적된 (Misuse) 지식을바탕으로패턴차단 이상침입탐지 사용자의행동 패턴을 분석, 정상 사용패턴과 비교해 이상","medium","","정보보안기사|필기|기출|지피지기 기출문제|네트워크 보안","2026 수제비 정보보안기사 필기 기본서 · 지피지기 기출문제 · PDF 470쪽 · 12번","","","","","","information-security-engineer"
"WRITTEN_CBT","네트워크 보안","방화벽의동적 패킨 필터링 특징으로옳은 것은?","IP주소변환이이루어지므로방화벽내부의네 트워크구성을외부에서숨길수있다","암호화된패킨의데이터부분을디코딩하여허 용된통신인지여부를 결정할 수있다","리턴 패킷에관해서는과거에통과한 요구패 낫에대응하는 패킷만통과시킬수있다.","패킷의데이터부분을확인하여움용프로그램 계층에서무단액세스를방지할수있다.","3","","","동적 패킷 필터링 방식은 방화벽과 IDS를 연동시키는 방식으로 클라이언트의 IP 주소와 포트 번호 같은 통신 정보를 기억해 두고 과거에 허용된 요청에 대한 응답 패킨만 받아들이는 방식이다. 22년 4회","medium","","정보보안기사|필기|기출|지피지기 기출문제|네트워크 보안","2026 수제비 정보보안기사 필기 기본서 · 지피지기 기출문제 · PDF 471쪽 · 13번","","","","","","information-security-engineer"
"WRITTEN_CBT","네트워크 보안","Network-Based IDS에 대한설명으로틀린 것은?","Host-Based IDS에서는 할수없는네트워크전 반에대한감시를할수있다","탐지된침입의실제공격성공여부를알수있 다.","암호화된내용을검사할수없다.","스위칭네트워크에는적용이어럽다.","","","","•Network-Based IDS를통해 탐지된 패킷이 별도의 차단없이통과한경우이후실제공격성공여부는 알수없다","medium","","정보보안기사|필기|기출|지피지기 기출문제|2022년|4회|네트워크 보안","2026 수제비 정보보안기사 필기 기본서 · 지피지기 기출문제 · PDF 471쪽 · 14번","2022","","","","","information-security-engineer"
"WRITTEN_CBT","네트워크 보안","침입 탐지방식에의한 침입 탐지시스템(IDS) 종류 중비정상행위 탐지(AnomalyDetection) 방식의 IDS 특징에 대한설명으로틀린 것은?","일정 기간정당한사용자의정상행위에대한 프로파일을정의하고해당프로파일과의비교 를 통해 침입을 판정하므로 오용탐지(Misuse Detection) 기반 IDS에 비해 False Positive가 낮 다.","오용탐지(Misuse Detection)기반 IDS에 비해 지금까지알려지지않은공격을탐지할가능성 이높다.","오용탐지(Misuse Detection)기반 IDS에 비해 상대적으로False Negative가 낮다.","정당한사용자의정상행위프로파일을정의하 는데사용되는주요 방법들로는HiddenMark- ov Model, 신경망,기계학습방법등이있다.","","","","·비정상행위 탐지(AnomalyDetection)방식의 IDS는 오용탐지(Misuse Detection)기반 IDS에 비해 False Positive가 높다. 오용탐지IDS와이상탐지IDS의오탐,미탐발생 경향은 다음과 같다. 구분 오용 탐지 IDS 이상 탐지 IDS 오탐(False ·적음(낮음) •많음(높음) Positive) (시그니처 (정상행동 발생확률 기반) 패턴기준) ·적음(낮음) 미탐(False ·많음(높음) Negative) (미등록 공격 (비정상 발생확률 탐지 불가) 행위는 대부분 탐지)","medium","","정보보안기사|필기|기출|지피지기 기출문제|네트워크 보안","2026 수제비 정보보안기사 필기 기본서 · 지피지기 기출문제 · PDF 471쪽 · 15번","","","","","","information-security-engineer"
"WRITTEN_CBT","네트워크 보안","리눅스에서방화벽설정시내부로향하는ping패킷 을허용하기 위한 rule은?","iptables -A INPUT -p udp -j ACCEPT","iptables -A INPUT -p tcp -jACCEPT","iptables -A INPUT -p icmp -j ACCEPT","iptables –A INPUT -m state -state NEW –p tcp -jACCEPT","3","","","iptables 물은 다음과 같다. iptables [-t table] [action] [chain] [match] [-] target] iptables -A INPUT -p icmp -j ACCEPT는 내부로 유입되는 ICMP 프로토콜에 대해서 허용하는 방식으로 ICMPO 포함되는 Ping 패킷도 허용된다 22년 4,23년 1회","medium","","정보보안기사|필기|기출|지피지기 기출문제|2022년|4회|네트워크 보안","2026 수제비 정보보안기사 필기 기본서 · 지피지기 기출문제 · PDF 472쪽 · 16번","2022","","","","","information-security-engineer"
"WRITTEN_CBT","네트워크 보안","다음 문장에서설명하는것은? 실시간트래픽분석과 IP네트워크상에서패킨로김이가 능한 가벼운(Lightweight) 네트워크침입 탐지시스템이 다.프로토콜분석 내용검색/매칭을수행할수있으며 오버플로우 Stealth 포트 스캔CGI 공격 SMB 탐색,OS 확인 시도 등의 다양한 공격과 스캔을 탐지할 수 있다.","Tripwire","Wireshark","Snort","iptables","","","","Snort는 일종의 침입탐지시스템(IDS)으로 실시간 트래픽 분석,프로토콜 분석,내용 검색/매칭, 오버플로우,포트스캔,CGI공격,OS 확인 시도 등의 다양한 공격과 스캔을 탐지 솔루션이다.","medium","","정보보안기사|필기|기출|지피지기 기출문제|네트워크 보안","2026 수제비 정보보안기사 필기 기본서 · 지피지기 기출문제 · PDF 472쪽 · 17번","","","","","","information-security-engineer"
"WRITTEN_CBT","네트워크 보안","다음 문장에서설명하는 보안시스템은? -과거P관리시스템에서발전한솔루션으로기본적인 개념은IP관리시스템과거의 같고, IP관리시스템에 네트워크에 대한 통제를 강화한 보안 시스템이다 -접근 통제및인증 기능은일반적으로MAC 주소를기 반으로수행된다","NAC","DRM","SSO","IDS","","","","NAC는 허가되지 않거나원, 바이러스 등 악성 바이러스에 감염된PC, 노트북 모바일 단말기 등이 회사네트워크에접속되는것을 원천적으로 차단해 시스템 전체를 보호하는 솔루션으로,일반적으로 IP와 MAC 주소를 이용해서 통제한다. 접근통제 축면의 인증,권한부여,네트워크 감시/통제","medium","","정보보안기사|필기|기출|지피지기 기출문제|2023년|1회|네트워크 보안","2026 수제비 정보보안기사 필기 기본서 · 지피지기 기출문제 · PDF 472쪽 · 19번","2023","","","","","information-security-engineer"
"WRITTEN_CBT","네트워크 보안","다음문장에서설명하는 VPN(Virtual Private Net- work)으로 옳은 것은? -OSI 7 Layer 중2 Layer에서동작 — IKE(Internet Key Exchange)와 ESP(Encapsulation Se- aurity Payload)를사용 -대부분의 운영체제 및네트워크장비에서 지원","PPIP","L2TP","SSTP","SSH","2","","","VPN의2계층프로토콜은 다음과 같다 CISCO사에서제안한 프로토콜 L2F •여러개연결지원하며, UDP 프로토콜을이용 Microsoft에서 제안한 프로토콜 PPTP 원격사용자 인증을위해서PPP 사용하는프로토콜 •CHAP,PAP를이용한 인증방법을 L2TP 제공하는 프로토콜 ·L2F와PPTP를혼합한방식IP외에 다양한 프로토콜을지원 L2TP가 제조사관계없이 대부분의 운영체제와","medium","","정보보안기사|필기|기출|지피지기 기출문제|네트워크 보안","2026 수제비 정보보안기사 필기 기본서 · 지피지기 기출문제 · PDF 473쪽 · 21번","","","","","","information-security-engineer"
"WRITTEN_CBT","네트워크 보안","다음은 스노트(Snort) 예시이다.ㄹ의 구성에 대 한설명으로 틀린 것은? alert tcp any ary -> any 8O (msg:""HTTP Get Flooding Detect""; content: GET/HTTP1""; depth 13; nocase; threshold: type threshold, track by src, count 10, sec- onds 1; sid:1000001)","alert를발생하고로그를남긴다.","패턴매칭 시 대소문자를구분한다","content를 첫번째바이트로부터13번째바이 트범위안에서검사한다","출발지를기준으로매1초동안10번째이벤트 마다action을수행한다.","2","","","TCP로 발생하는 모든 HTTP(8O) 트래픽에 대해서 ""GET/HTTP1""이라는 Content를 첫 번째부터 13번째 바이트 범위 안에서 탐지하며, 대소문자를 구분하지 않으며 Source 기준 1초에 10번 이상 발생 시마다 alert를 발생시키고 로그를 남기는 Snort 룰이다. 23년 1회,25년1회","medium","","정보보안기사|필기|기출|지피지기 기출문제|2023년|1회|네트워크 보안","2026 수제비 정보보안기사 필기 기본서 · 지피지기 기출문제 · PDF 473쪽 · 22번","2023","","","","","information-security-engineer"
"WRITTEN_CBT","네트워크 보안","네트워크침입탐지와방지를위해ModSecurity를 설치 운용하고자한다.ModSecurity 정책설정을위 해 SecAuditEngine에서 설정할 수 없는 것은?","DetectionOnly","On","Off","RelevantOnly","1","","","ModSecurity의환경설정 중Audit를위한 설정인 SecAuditEngine의 설정 값은 다음과 같다. On . 모든트랜적션로깅 Off • 로깅하지않음 Error, Waming의 트랜책션 SecAuditLogRelevantStatusoll RelevantOnly 정의된상태코드와일치하는","medium","","정보보안기사|필기|기출|지피지기 기출문제|네트워크 보안","2026 수제비 정보보안기사 필기 기본서 · 지피지기 기출문제 · PDF 473쪽 · 23번","","","","","","information-security-engineer"
"WRITTEN_CBT","네트워크 보안","다음 문장의괄호안에들어갈적합한용어는? 침입탐지시스템은호스트 컴퓨터에 저장된로그정보를 이용하여침입을탐지하는()기반 IDS와 통신망을 통해 전송되는패킨데이터를분석하여 침입여부를판 정하는(ㄴ)기반 IDS가 있다","⑦:호스트,:호스트",":호스트,ㄴ:네트워크",":네트워ㅋㄴ:네트워크",":네트워ㅋ,ㄴ:호스트","","","","·호스트컴퓨터에 저장된 로그 호스트기반 정보를이용하여침입을탐지하는 IDS 방식 (HIDS) ·서버에직접설치됨에 따라 네트워크환경과무관 네트워크 ·IDS와통신망을통해전송되는 패킷 기반IDS 데이터를분석하여침입여부를 (NIDS) 판정 23년 2회,25년2회","medium","","정보보안기사|필기|기출|지피지기 기출문제|2023년|2회|네트워크 보안","2026 수제비 정보보안기사 필기 기본서 · 지피지기 기출문제 · PDF 475쪽 · 28번","2023","","","","","information-security-engineer"
"WRITTEN_CBT","네트워크 보안","다음중시스코시스템에서개발한터널링 프로토콜 인 GRE(Generic Routing Encapsulation)에 대한설 명으로 틀린 것은?","라우터간에 생성된가상의링크로통신되는다양 한네트워크계층 프로토콜을캡술화할수있다.","기본적으로송수신되는 데이터를암호화하여 보안을강화하였다.","GRE는 IP 헤더와 GRE 헤더 그리고 Payload로 구성되어있다.","Payload내에실제 전송되는 데이터의 IP 헤더 와프로토콜정보가암호화되지않은상태로 캡슬화된다.","","","","터널링 프로토콜인GRE는 라우터 간에 생성된 가상의링크로통신되는 다양한 네트워크 계층 프로토콜을캡술화할 수 있으며 IP 헤더와 GRE 헤더 그리고Payload로 구성되어 있다. Payload 내에 실제 전송되는 데이터의 IP헤더와 프로토콜정보가 암호화되지 않은상태로 캡슬화된다. 23년2회","medium","","정보보안기사|필기|기출|지피지기 기출문제|네트워크 보안","2026 수제비 정보보안기사 필기 기본서 · 지피지기 기출문제 · PDF 475쪽 · 30번","","","","","","information-security-engineer"
"WRITTEN_CBT","네트워크 보안","다음에서 설명하는 Snort 도구의 룰 액션(Rule Ac- tion)은? -패킨을차단하고로그기록 -프로토콜이TCP인경우TCP Reset 전송 -프로토콜이UDP인경우ICMP Port Unreachable 메시 지전송","sdrop","drop","reject","odrop","","","","Snort Rule의 Action은 Alert(알람&로그), Log(로그만),Pass(통과), Drop(차단)","medium","","정보보안기사|필기|기출|지피지기 기출문제|2023년|2회|네트워크 보안","2026 수제비 정보보안기사 필기 기본서 · 지피지기 기출문제 · PDF 475쪽 · 31번","2023","","","","","information-security-engineer"
"WRITTEN_CBT","네트워크 보안","지역 보안정책에의해정의된트래픽만통과할 수있게설계한다.","여러개의경로를설치하여외부사용자가올 바른접근경로선택이어렵도록설계한다.","","","","","","","IPS의경로가 여러개라면보안관리가복잡해지고 취약점이 증가할 수있다 IPS의설계시고려 사항은다음과 같다. ·안전한운영체제를갖춘신뢰 운영체제 시스템에 침입차단시스템을 신뢰성 설치하도록설계 모든트래픽은반드시침입차단 시스템을 통과하도록설계 트래픽 경로 명확하고단일한접근경로를 제공하여 모든트래픽을중앙에서 통제하고관리 보안정책 ·지역보안정책에의해정의된","medium","","정보보안기사|필기|기출|지피지기 기출문제|2023년|2회|네트워크 보안","2026 수제비 정보보안기사 필기 기본서 · 지피지기 기출문제 · PDF 477쪽 · 3번","2023","","","","","information-security-engineer"
"WRITTEN_CBT","네트워크 보안","다음 중 OSI 7 Layer 중 PPTP(Point to Point Tun- nel Protocol)가 적용되는 계층은?","세션 계층(Session)","전송 계층(Transport)","네트워크계층(Network)","데이터링크계층(Data Link)","4","","","PPTP는 OSI7 Layer 중 2계층 프로토콜이다. 23년2회","medium","","정보보안기사|필기|기출|지피지기 기출문제|2023년|2회|네트워크 보안","2026 수제비 정보보안기사 필기 기본서 · 지피지기 기출문제 · PDF 477쪽 · 35번","2023","","","","","information-security-engineer"
"WRITTEN_CBT","네트워크 보안","침입차단시스템의설계시 고려해야할사항으로 적합하지 않은 것은?","안전한운영체제를갖춘 신뢰 시스템에침입 차단시스템을설치하도록설계한다.","모든트래픽은반드시침입차단 시스템을통 과하도록 설계한다.","","","4","","","","medium","","정보보안기사|필기|기출|지피지기 기출문제|2023년|2회|네트워크 보안","2026 수제비 정보보안기사 필기 기본서 · 지피지기 기출문제 · PDF 477쪽 · 36번","2023","","","","","information-security-engineer"
"WRITTEN_CBT","네트워크 보안","다음 중 SSH 포트를 여는데사용하는 ufw명령은?","$ ufw allow 22","$ uf w permit 22","$ ufw allow 22/tcp","$ ufw permit 22/tcp","3","","","•SSH 포트(22번 포트)를 열기 위해서는 ufw allow를 사용한다. 정책 조회 •ufw show raw 정책설정 ufw default allow 수신 통신 •ufw default deny incoming 차단 프로토콜 •ufw allow https 허용 •ufw allow 443/tcp 23년2회","medium","","정보보안기사|필기|기출|지피지기 기출문제|2023년|2회|네트워크 보안","2026 수제비 정보보안기사 필기 기본서 · 지피지기 기출문제 · PDF 477쪽 · 37번","2023","","","","","information-security-engineer"
"WRITTEN_CBT","네트워크 보안","다음문장의스노트(Snort) 를예시에대한설정으로 옳은 것은? 모든 네트워크 대역에서 텔넷(Telnet)으로접속하는 패킨 중첫 바이트부터 14번째바이트까지anonymous가포 함된트래픽에대해서 Dangerous 메시지로경고한다","alert tcp any any - > any 23 (msg:""Dangerous""; content:""anonymous"";depth:14; sid:1;)","alert tcp any any – > any 80 (msg:Dangerous""; content:""anonymous"";depth:14; sid:1;)","alert tcp any any -> any 23 (msg:Dangerous""; content:""anonymous"";distance:14; sid:1;)","alert tcp any any -> any 80 (msg:Dangerous; content:""anonymous"";distance:14; sid:1;)","1","","","Telnet으로사용하는 경우 TCP 프로토콜의 Destination Port를23번 이용하여 접속하며, depth를 통해 처음부터 14번째 바이트까지 content의","medium","","정보보안기사|필기|기출|지피지기 기출문제|2023년|4회|네트워크 보안","2026 수제비 정보보안기사 필기 기본서 · 지피지기 기출문제 · PDF 478쪽 · 42번","2023","","","","","information-security-engineer"
"WRITTEN_CBT","네트워크 보안","침입차단시스템중라우터2개사이에 하나의 DMZ을두고가장강력한보안기능을구현할수있 는 구조로 구축 비용이 많이 드는 방식은?","듀얼홈게이트웨이(Dual Home Gateway)","스크린드서브넷(Screened Subnet)","스크린드 호스트 게이트웨이(Screened Host Gateway)","스크리닝라우터(Screening Router)","2","","","스크린드 서브넷게이트웨이는외부네트워크와 내부 네트워크 사이에별도의 서브넷을두어완충 하여 구성하는 방식이다. 스크리닝 라우터 2개와 베스천 호스트 1개로 구성한다. 스크리닝 라우터 2개 사이에 하나의 서브넷망(DMZ 망)을 구성하고 서브넷에 베스천 호스트를 적용한다. 23년4회","medium","","정보보안기사|필기|기출|지피지기 기출문제|2023년|4회|네트워크 보안","2026 수제비 정보보안기사 필기 기본서 · 지피지기 기출문제 · PDF 479쪽 · 43번","2023","","","","","information-security-engineer"
"WRITTEN_CBT","네트워크 보안","외부네트워크에대한네트워크카드와내부네트워 크에 대한네트워크 카드를구분하여운영하는방식 으로2개의 네트워크 인터페이스를 가진베스천호 스트를 이용하는 구조는?","듀얼홈게이트웨이(Dual Home Gateway)","스크린드 서브넷(Screened Subnet)","스크린드 호스트 게이트웨이(Screened Host Gateway)","스크리닝 라우터(Screening Router)","1","","","듀얼홈게이트웨이는 외부 네트워크에 대한 네트워크카드와 내부 네트워크에 대한 네트워크 카드를구분하여 운영하는 방식이다. 2개의 네트워크 인터페이스(2개의 랜카드)를 가진 베스천 호스트를 이용하여 구성한다. 24년 1회","medium","","정보보안기사|필기|기출|지피지기 기출문제|2024년|1회|네트워크 보안","2026 수제비 정보보안기사 필기 기본서 · 지피지기 기출문제 · PDF 479쪽 · 45번","2024","","","","","information-security-engineer"
"WRITTEN_CBT","네트워크 보안","다음 중iptables에서 새로운 규칙을 출력하는 옵션은?","-P","-D","-A","-L","4","","","-P Chain의기본정책을설정 -D 특정 규칙 한 줄만삭제(Delete) -A 지정된Chain에 끝에규칙을 추가(Append)","medium","","정보보안기사|필기|기출|지피지기 기출문제|2024년|2회|네트워크 보안","2026 수제비 정보보안기사 필기 기본서 · 지피지기 기출문제 · PDF 480쪽 · 48번","2024","","","","","information-security-engineer"
"WRITTEN_CBT","네트워크 보안","다음은방화벽에 대한설명이다.~","에들어갈 올바른 용어는? -방화벽은패킨차단기능을수행한다.미리정해진기 준을통과하는패키만허용하는()규칙 또는특 정 조건에해당되는패킨만거부하는()규칙을적 용할수있다 방화벽의 방식중 가장 기본적인 형태의 패킷정보를 검사하는(©)에 추가적으로각TP 연결에 대한 정보를기록관리하면서 보다까다로운규칙들을 적용 하고TCP 일련번호를기록하여 Session Hjacking과같 은공격을방어하는(",")방화벽도있다.","Positive, Negative, ©Packet Filtering, 2 Stateful Inspection","Positive, Negative, ©Stateful Inspection,","1","","","방화벽 패킨 차단규칙은negative 규칙과positive 규칙이 있다 Negative 모두허용하고차단할것만 규칙 거부하는정책 Positive 모두차단하고허용할것만 규칙 통과하는정책 방화벽 구현방식유형은 다음과 같다. 수신된패킨의TCP/IP헤더 패킷 필터링 방식 부분만을검사하여침입차단 기능을 수행하는시스템 기존패킷필터링침입차단 스테이트풀 시스템에추가로TCP 연결 패킷검사 방식 정보를활용하여침입차단 기능을 수행하는 시스템","medium","","정보보안기사|필기|기출|지피지기 기출문제|2024년|4회|네트워크 보안","2026 수제비 정보보안기사 필기 기본서 · 지피지기 기출문제 · PDF 481쪽 · 50번","2024","","","","","information-security-engineer"
"WRITTEN_CBT","네트워크 보안","다음 Snort 룰(rule)은 10번째바이트부터 4바이트 범위에""ABCD""라는 ASCII 문자열이 있는지검사하 기위한 를이다. 괄호() 안에들어갈명령어는? alert tcp $EXTERNAL_NET any -> $HOME_NET arly (msg""Chedk ABCD String"": content:ABCD: ( )10: ( © )4; sid:1100002:)","depth, offset","offset, depth","distance, within","within, distance","2","","","snort 옵션 부분 명령어는 다음과 같다. content 옵션으로 지정된 문자열(""ABCD)을 탐색할 때, offset:10 10번째바이트위치부터검색을 시작해야 하므로 offset 명령어가 나와야함 10번째바이트부터 4바이트범위에 문자열을검사해야 하므로지정한 위치부터 얼마나많은바이트만큼 탐색할 것인지 탐색범위를 depth:4: 제한하는명령어인depth가나와 함 depth:4이므로, offset인 10번째 위치부터시작하여총4바이트만 검사","medium","","정보보안기사|필기|기출|지피지기 기출문제|2025년|4회|네트워크 보안","2026 수제비 정보보안기사 필기 기본서 · 지피지기 기출문제 · PDF 482쪽 · 56번","2025","","","","","information-security-engineer"
"WRITTEN_CBT","네트워크 보안","IDS의 동작 순서를 올바르게나열한것은 무엇인가? 데이터수집 ©데이터 가공 및 축약 → 침입분석및탐지","보고및대응","-L-C-","","--c- 2 -C-- 2","1","","","탐지 대상(시스템 사용내역, 데이터 패켓으로부터 생성되는데이터를 수집 수집하는감사데이터수집 데이터 수집된감사데이터를침입판정이 가공및 가능하도록의미있는정보로전환 축약 침입 ·비정상적행위 탐지기법(비정상적인 분석및 행위), 오용 탐지 기법(취약점 버그), 탐지 하이브리드탐지기법을이용 침입으로판정된경우이에 대한 보고및 적절한대응을자동으로취하거나 보안 대응","medium","","정보보안기사|필기|예상|천기누설 예상문제|네트워크 보안","2026 수제비 정보보안기사 필기 기본서 · 천기누설 예상문제 · PDF 483쪽 · 2번","","","","","","information-security-engineer"
"WRITTEN_CBT","네트워크 보안","내부네트워크와외부네트워크사이에위치하여외 부에서의 침입을 을1차로방어하고,허가받지않은사 용자의 접근을 차단하는정책과이를지원하는소프 트웨어 및 하드웨어를 제공하는솔루션은 무엇인가?","IDS","Router","Firewall","Gateway","3","","","방화벽(Firewall)은 외부의 침입과 내부의 정보 유출을 방지하고 내/외부 네트워크의 영향을 차단하기 위한 보안시스템이다.","medium","","정보보안기사|필기|예상|천기누설 예상문제|네트워크 보안","2026 수제비 정보보안기사 필기 기본서 · 천기누설 예상문제 · PDF 483쪽 · 3번","","","","","","information-security-engineer"
"WRITTEN_CBT","네트워크 보안","VPN(Virtual Private Network)에서 제공하는 보안 기능이 아닌것은 무엇인가?","터널링기술:공중망에서전용선과같은보안 효과를얻기위한기술","침입탐지기술:서버에대한침입을판단하여 서버의접근통제를하는기술","인중기술:접속요청자의적합성을판단하기 위한인증기술","암호기술:데이터에대한기밀성과무결성을 제공하기 위해사용되는암호알고리즘적용 기술","2","","","침입 탐지기술은IDS, IPS에서제공하는기능으로 VPN의기본기능으로제공되지 않는다","medium","","정보보안기사|필기|예상|천기누설 예상문제|네트워크 보안","2026 수제비 정보보안기사 필기 기본서 · 천기누설 예상문제 · PDF 484쪽 · 5번","","","","","","information-security-engineer"
"WRITTEN_CBT","네트워크 보안","다음이설명하고있는침입차단시스템방식은무엇 인가? -세션레이어와 애플리케이션레이어에서하나의 Gateway(Proxy)로 동작 -내부의IP주소를숨기기가능 -Gateway사용을위해클라이언트애플리케이션개발 이필요","서킷게이트웨이방식","패킷필터링방식","애플리케이션게이트웨이방식 스테이트풀패킷검사방식","","1","","","5계층(세션 계층)과 7계층(응용 서킷 계층)사이에서접근 통제를 게이트웨이 방식 실시하는 공통의 프록시를 이용하는시스템 수신된패킨의 TCP/IP 헤더 패킷 필터링 방식 부분만을이용하여침입차단 기능을수행하는시스템 필터링 기능이OSI7계층중 응용 애플리케이션 계층에서동작하는 게이트웨이 프록시를 통해서 응용 프로그램이 방식 각서비스요청에 대한 접근규칙 활용하는시스템 스테이트풀 기존패필터링침입차단 패킷 검사 시스템에 추가로 TCP 연결 정보를 방식 활용하여침입차단기능을 수행하는 시스템","medium","","정보보안기사|필기|예상|천기누설 예상문제|네트워크 보안","2026 수제비 정보보안기사 필기 기본서 · 천기누설 예상문제 · PDF 486쪽 · 15번","","","","","","information-security-engineer"
"WRITTEN_CBT","네트워크 보안","서버 시스템의 접근통제관리를위한도구중패킨 필터 도구로 옳지 않은 것은?","ipfwadm","ifconfig","ipchains","iptables","2","","","ifconfig는 패킷 필터 도구가 아니고 Linux 기반 운영체제에서 네트워크 인터페이스 설정 및 상태를","medium","","정보보안기사|필기|예상|천기누설 예상문제|네트워크 보안","2026 수제비 정보보안기사 필기 기본서 · 천기누설 예상문제 · PDF 486쪽 · 16번","","","","","","information-security-engineer"
"WRITTEN_CBT","네트워크 보안","Snort 도구의 옵션 중데이터 계층의 패킨을 포함할 때 사용하는 옵션은?","-e","","","","","","","Snort의 동작옵션은 다음과 같다. Snort를 패킷 Sniffing 모드로 동작(TCP) 모든 네트워크계층을포함 데이터 링크 계층헤더를포함","medium","","정보보안기사|필기|예상|천기누설 예상문제|네트워크 보안","2026 수제비 정보보안기사 필기 기본서 · 천기누설 예상문제 · PDF 487쪽 · 17번","","","","","","information-security-engineer"
"WRITTEN_CBT","네트워크 보안","다음 중 허니짜(Honey Pot)의 요건으로 옮지 않은 것은?","해커에게쉽게 노출되어야한다.","쉽게해킹이가능한것처럼취약해보이면안 된다.","시스템의 모든구성요소를갖추고 있어야한 다.","시스템을통과하는모든패킨을감시해야한 다.","","","","허니짜의요건은쉽게 해킹이 가능한것처럼취약해 보이면안되는 것이아니라쉽게해킹이가능한 것처럼보여야 한다.","medium","","정보보안기사|필기|예상|천기누설 예상문제|네트워크 보안","2026 수제비 정보보안기사 필기 기본서 · 천기누설 예상문제 · PDF 487쪽 · 18번","","","","","","information-security-engineer"
"WRITTEN_CBT","네트워크 보안","다음 문장에서설명하는서버는? 방화벽을우회하기위해서방화벽내부망에있는시스 템의서비스요청을 받은것으로 가장하여 패킨을 전송 한다","프록시서버","WEB서버","WAS 서버","침입탐지시스템","","","","클라이언트가 진짜서버에접속하지않아도 서버로부터제공되는서비스를받도록하는서버는 프록시 서버(Proxy Server)이다. 프록시 서버는 클라이언트의 요청을 대신 전송하고, 응답을받아클라이언트에전달하는중개서버라고 할수있다","medium","","정보보안기사|필기|예상|천기누설 예상문제|네트워크 보안","2026 수제비 정보보안기사 필기 기본서 · 천기누설 예상문제 · PDF 487쪽 · 19번","","","","","","information-security-engineer"
"WRITTEN_CBT","네트워크 보안","다음 중수리카타(Suricata)의 특징으로 틀린 것은?","오픈소스프로젝트","스노트(Snort)호환","싱글코어및단일스레드지원","멀티코어및멀티스레드지원","","","","수리카타는기존 스노트(Snort)의 단일 스레드 방식에서 벗어나대용량 트래픽을 실시간으로 처리할 수있도록 멀티 코어/멀티 스레드를 지원하여 기존 스노트와도 완벽하게 호환하는 장점을 가지고 있다.","medium","","정보보안기사|필기|예상|천기누설 예상문제|네트워크 보안","2026 수제비 정보보안기사 필기 기본서 · 천기누설 예상문제 · PDF 487쪽 · 20번","","","","","","information-security-engineer"
"WRITTEN_CBT","네트워크 보안","비정상행위(Anomaly)기반 IDS에서정상적인 사용 자의 프로파일을 구축할 때 이용되지 않는 기법은?","Threshold Metrics","Statistical Moments )Markov Model DPetri-net","","","4","","","비정상 행위(Anomaly)기반 IDS에서 정상적인 사용자의 프로파일을 구축할때임것값 메트릭(Threshold Metrics),통계적 모멘트(Statistical Moments),마르코프 모델(Markov Model) 등의 기법이 이용된다 페트리 넷(Petri Net)은 분산 시스템을 모델링하는 데 사용되는 수학적모델링 언어 중 하나로IDS에서 정상적인 사용자의 프로파일을 구축할 때 이용되는 기법이아니다","medium","","정보보안기사|필기|예상|천기누설 예상문제|네트워크 보안","2026 수제비 정보보안기사 필기 기본서 · 천기누설 예상문제 · PDF 488쪽 · 22번","","","","","","information-security-engineer"
"WRITTEN_CBT","네트워크 보안","다음 문장은무선랜환경에서 어떠한AP(Access Point)를 설명하고 있는가? 관리자의 허가없이 비인가적으로설치되어 외부인 또 는내부인이악의적인목적으로내부네트워크에침입 D 가능한보안위협성을야기시킬수있는AP","Normal AP","Rogue AP","Honeypot AP","Ad-hoc AP","2","","","Normal AP는정상적인 사용가능한AP, Honeypot AP는 공격자를 유도하는 함정AP, Ad-hoc 모드(AP)는별도의 AP를 사용하지 않고무선 랜카드로접속하도록하는방식이다","medium","","정보보안기사|필기|기출|지피지기 기출문제|2022년|1회|네트워크 보안","2026 수제비 정보보안기사 필기 기본서 · 지피지기 기출문제 · PDF 495쪽 · 1번","2022","","","","","information-security-engineer"
"WRITTEN_CBT","네트워크 보안","무선랜 보안에 대한 설명으로 가장 옮지 않은 것은?","Open System 인증방식은어떤무선단말이라 도AP를 경유하여 인터넷에접속하도록 허용 하는방식을의미하며,실질적인인중을하지 않고무선단말과AP간전달되는 데이터가평 문형태로 전달된다.","Shared Key(SK)인증방식은 무선 단말 사용자 가AP에설정된키와동일한키를입력하는경 우AP를 경유하여인터넷에접속을허용한다.","무선단말과AP간 전달되는데이터를암호화 하는경우WEP 암호방식이이용될수있으며, 이방식은AES대칭키암호알고리즘을이용 하여매우높은강도의비밀성을제공한다.","","3","","","","medium","","정보보안기사|필기|기출|지피지기 기출문제|네트워크 보안","2026 수제비 정보보안기사 필기 기본서 · 지피지기 기출문제 · PDF 495쪽 · 2번","","","","","","information-security-engineer"
"WRITTEN_CBT","네트워크 보안","RSN(Robust Security Network) 에서는 WPA-Personal과 WPA-Enterprise 모드가 있는 데, WPA-Personal 모드에서는 미리 설정된비 밀키를 이용하는반면 WPA Enterprise 모드에 서는RADIUS서버를이용한다.","","","","","","","","무선랜의 암호방식인 WEP(Wired Equivalent Privacy)의 경우에는 RC4 암호화 알고리즘을 사용한다. WPA2에서 AES 암호화를이용한다.","medium","","정보보안기사|필기|기출|지피지기 기출문제|네트워크 보안","2026 수제비 정보보안기사 필기 기본서 · 지피지기 기출문제 · PDF 495쪽 · 4번","","","","","","information-security-engineer"
"WRITTEN_CBT","네트워크 보안","다음 문장은 어떤 인증기법을 설명하고있는가? 무선네트워크에서기기를인증하는EEE표준인증기법 으로서,사용자D인증과동적키관리및계정을지원한 다.PAP, CHAP, RADIUS, PEAP, WEP 등의 프로토콜들이 사용되며포트를기반으로네트워크접근을제어한다","IEEE 802, 1x","IEEE 802, 11i","WiFi Protected Access Extensible Authentication Protocol","","1","","","유무선네트워크의인증을위한 표준규격으로현재는무선LAN 접속방식(접근통제)에 주로 많이 사용됨 사용자ID인증과동적키관리 IEEE 802.1× 및계정을지원 포트기반의네트워크접근 제어표준 IEEE 802.1x 표준 기반으로 PAP, CHAP, RADIUS, PEAP, WEP등의보안프로토콜개발 기존802.11에서의 무선 LAN 보안의취약성을해결하기위한 보안이강화된표준 IEEE 802.11i IEEE802.11i표준기반으로 WPA2 등의 보안 프로토콜 개발 와이파이얼라이언스의 감시하에수행하는 인증 WPA(WiFi 프로그램으로,와이파이 Protected 얼라이언스가책정한보안 Access) 프로토콜네트워크장비가 준수하고있음을나타내는 보안 프로토콜 ·복수의 인증프로토콜을 EAP(Extensible 캡술화시킬 수 있게 함으로써 Authentication 다양한 인증방식을 선택 가능케 Protocol) 하는범용의 인증프로토콜","medium","","정보보안기사|필기|기출|지피지기 기출문제|2022년|1회|네트워크 보안","2026 수제비 정보보안기사 필기 기본서 · 지피지기 기출문제 · PDF 496쪽 · 3번","2022","","","","","information-security-engineer"
"WRITTEN_CBT","네트워크 보안","네트워크 도청을 예방하기위한대책으로틀린것은?","업무용무선AP와방문자용AP를같이사용한 다.","무선AP의비밀번호는쉽게 예측하지못하는 안전한비밀번호로설정한다.","업무용단말기는방문자용AP에 접속하지않 도록조치한다.","중요 정보는암호화 통신을이용하여전송한 다.","1","","","업무용임직원무선AP와방문자용AP를분리하여 방문자가 업무용무선AP에 접근하지 못하도록 통제하여야 한다. 22년 4회,24년1회,4회","medium","","정보보안기사|필기|기출|지피지기 기출문제|네트워크 보안","2026 수제비 정보보안기사 필기 기본서 · 지피지기 기출문제 · PDF 496쪽 · 4번","","","","","","information-security-engineer"
"WRITTEN_CBT","네트워크 보안","무선통신 환경에서사용되는보안 프로토콜중다음 문장에서설명하는 프로토콜은? EEE8021규격을완전히수용하는표준 프로토콜이다 이전 WEP의 취약점을 보완한대안 프로토콜로AES- COMP를통한 암호화 기능 향상,EAP 사용자인증 강화 등이포함된다","WPA","WPA2","SSID","TKIP","2","","","이전 WEP의취약점을보완한대안 프로토콜로 AES-CCMP를 통한 암호화 기능 향상, EAP 사용자 인증 강화등이 포함되고 EEE802.11i규격을완전히 수용하는 표준 프로토콜은 WPA2이다.","medium","","정보보안기사|필기|기출|지피지기 기출문제|네트워크 보안","2026 수제비 정보보안기사 필기 기본서 · 지피지기 기출문제 · PDF 496쪽 · 5번","","","","","","information-security-engineer"
"WRITTEN_CBT","네트워크 보안","WTP(Wireless Transaction Protocol) - IEEE 802,11i표준에정의된보안규격으로RC4알고 리즘을기반으로한다.","","","","","","","","·무선통신보안 프로토콜유형은다음과같다. ·무선환경에최적화된프로토콜 WAP 제한된처리능력을갖는이동 단말기에 적합 ·HTTP1.1과같이 장시간활용세션을 WSP 정리하고세션관리를위해 Suspend/Resume 기능과 프로토콜 기능 협상지원 WAP를사용하며, 데이터의인증 WTLS 부인방지,무결성,기밀성등의 보안 서비스를 제공, TLS 프로토콜에 기반 모바일등에서실행하기적합한작은 WTP 트랜적션형태의 데이터전송기능을 담당","medium","","정보보안기사|필기|기출|지피지기 기출문제|2023년|1회|네트워크 보안","2026 수제비 정보보안기사 필기 기본서 · 지피지기 기출문제 · PDF 497쪽 · 4번","2023","","","","","information-security-engineer"
"WRITTEN_CBT","네트워크 보안","무선LAN 통신에서 패스프레이즈와 같은인증없이 단말과액세스포인트간의무선통신을암호화하는 것은?","Enhanced Open","FIDO2","WebAuthn","WPA3","1","","","Enhanced Open은WPA3의공개네트워크보호 기술로 암호없이연결하더라도개별단말간의 트래픽을암호화하여 보안을강화하는기술이다. 단어 또는문장으로 구성된 긴텍스트 기반의 인증 문자열인 패스프레이즈(passphrase)없이도 단말과 액세스포인트 간자동으로암호화된채연결되어 무선 통신의 보안을강화한다.","medium","","정보보안기사|필기|기출|지피지기 기출문제|네트워크 보안","2026 수제비 정보보안기사 필기 기본서 · 지피지기 기출문제 · PDF 497쪽 · 7번","","","","","","information-security-engineer"
"WRITTEN_CBT","네트워크 보안","다음중 무선 인터넷 보안기술에대한설명이 맞게 짝지어진 것은?","WAP(Wireless Application Protocol) - 무선 전 송계층보안을위해 적용한다","WTLS(Wireless Transport Layer Security) - o] 동형단말기에서인터넷에접속하기위해고안 된통신규약이다","WSP(Wireless Session Protocol) - 장시간 활용 하는세션을정의하고세션관리를위해Sus- pend/Resume 기능과 프로토콜 기능에 대한 협상이가능하다.","","3","","","","medium","","정보보안기사|필기|기출|지피지기 기출문제|2023년|1회|네트워크 보안","2026 수제비 정보보안기사 필기 기본서 · 지피지기 기출문제 · PDF 497쪽 · 8번","2023","","","","","information-security-engineer"
"WRITTEN_CBT","네트워크 보안","다음중무선데이터의 암호화기술에대한설명으로 올바르지 않은 것은?","WEP는RC4(고정암호키)를사용하여AP와단 말기사이에암호화를수행한다.","WPA는 RC4-AES방식을이용하여 초기 벡터 사용하고패킷마다 사용되는 암호키에 새로운 혼합함수를 적용하여 암호화를 수행한다","WPA2는 AES-CCMP 방식으로 128비트의 AES 방식을이용하고48비트의 초기벡터를 사용 하여데이터 영역과헤더의무결성을보장한 다. 4 WPA3는256비트의GCMP-256방식으로암호 화,무결성을보장하기 위해BIP-GMAC-256를 이용한다.","","2","","","WPA는 RC4-TKIP 방식을 이용하여 초기벡터사용하고 패킷마다 사용되는 암호키에 새로운 혼합함수를 적용하여 암호화를 수행한다.","medium","","정보보안기사|필기|기출|지피지기 기출문제|2024년|2회|네트워크 보안","2026 수제비 정보보안기사 필기 기본서 · 지피지기 기출문제 · PDF 498쪽 · 9번","2024","","","","","information-security-engineer"
"WRITTEN_CBT","네트워크 보안","다음 문장은 어떤 프로토콜을설명한 것인가? WEP의취약점대안으로 RC4 암호화 프로토콜과 TKIP 프로토콜을통해데이터 암호화를향상시킨프로토콜","IEEE 802, 1x","EAP(Extensible Authentication Protocol)","WPA (WiFi Protected Access)","WPA2(WiFi Protected Access2)","3","","","네트워크에 접속하는컴퓨터 등의단말을인증하는방법을 정한표준규격 IEEE 802.1x 유무선모든네트워크에 적용 가능하나,현재는무선LAN 접속방식에주로많이사용됨 복수의인증프로토콜을 EAP(Extensible 캡슬화시킬수 있게 함으로써 Authentication 다양한 인증방식을선택 Protocol) 가능케 하는 범용의인증 프로토콜 •와이파이얼라이언스의 감시하에 수행하는 인증 프로그램 ·와이파이얼라이언스가책정한 WPA(WiFi 보안 프로토콜네트워크장비가 Protected 준수하고있음을나타내는 보안 Access) 프로토콜 ·WEP의 취약점대안으로, RC4 암호화프로토콜과TKIP 프로토콜을통해데이터 암호화를향상시킨프로토콜 AES 암호화 알고리즘의 필수 WPA2(WiFi 사용과 TKIP를 대체하는 Protected CCMP(블록체인메시지인증 Access2) 코드프로토콜이있는카운터 암호모드를도입한프로토콜","medium","","정보보안기사|필기|기출|지피지기 기출문제|2024년|2회|네트워크 보안","2026 수제비 정보보안기사 필기 기본서 · 지피지기 기출문제 · PDF 498쪽 · 10번","2024","","","","","information-security-engineer"
"WRITTEN_CBT","네트워크 보안","다음지문의 괄호() 안에들어갈 무선 보안기술은? -초기의 무선데이터 암호화기술은RC4(고정암호키) 를사용하여AP와단말기사이에암호화수행한WEP 암호화를적용했지만 보안취약점의문제점이발생했 다. 무선데이터에 대한보안취약점을해결하기위하여고 정된 키를사용하는기존의스트림사이퍼인WEP를 개량하여각단말마다동적으로생성되는키를사용 하는TKIP을 이용한 보안표준인()와/과 TKIP를 대체하기위해AES에 기반을둔COMP 암호화방식을 사용하는보안표준인(ㄴ)으로발전해나갔다","⑨: WPA, C: WPA2","⑦: EAP-TLS, : WPA2","⑦: WPA, C: EAP-TLS","⑦: WPA2, C: WPA3","1","","","WPA는무선데이터에 대한보안취약점을해결하기 위하여고정된키를사용하는기존의 스트림 사이퍼인 WEP를개량하여각단말마다동적으로생성되는키를 사용하는 TKIP을이용한보안표준이다. WPA2는 TKIP를대체하기위해AES에 기반을둔 CCMP암호화방식을사용하는보안 표준이다 E","medium","","정보보안기사|필기|기출|지피지기 기출문제|2024년|4회|네트워크 보안","2026 수제비 정보보안기사 필기 기본서 · 지피지기 기출문제 · PDF 499쪽 · 11번","2024","","","","","information-security-engineer"
"WRITTEN_CBT","네트워크 보안","다음에서설명하는 무선랜 보안 표준은 무엇인가? -IEEE8021i표준기반 보안프로토콜로강력한 암호 화및무결성제공 -암호화는AES 기반CCMP사용 -IEEE8021x/802.1iEAP 인증을 활용","WEP 인증","WPA1 인증","WPA2 인증","WPA3 인증","3","","","·|EEE80211i표준기반보안 프로토콜로강력한 암호화 및무결성 제공하고암호화는AES 기반 CCMP를사용하는 무선랜 보안표준은WPA2 인증이다 25년1회","medium","","정보보안기사|필기|기출|지피지기 기출문제|2024년|4회|네트워크 보안","2026 수제비 정보보안기사 필기 기본서 · 지피지기 기출문제 · PDF 499쪽 · 12번","2024","","","","","information-security-engineer"
"WRITTEN_CBT","네트워크 보안","Wi-Fi네트워크의 보안설정에대한설명으로틀린 것은?","WPA2는WEP보다 강력한 보안을제공한다.","SSID 브로드캐스팅을 비활성화하면Wi-Fi네 트워크가일반사용자에게보이지않게할수 있다.","MAC주소필터링은특정장치의네트워크접 근을제어하는데사용될수있다","Wi-Fi보안을위해펌웨어를최신상태로유지 할필요는없다.","4","","","Wi-Fi 보안을위해펌웨어를최신상태로유지하기 위한업데이트를 수행해야 한다","medium","","정보보안기사|필기|기출|지피지기 기출문제|2025년|1회|네트워크 보안","2026 수제비 정보보안기사 필기 기본서 · 지피지기 기출문제 · PDF 499쪽 · 13번","2025","","","","","information-security-engineer"
"WRITTEN_CBT","네트워크 보안","다음중무선통신 보안프로토콜에대한설명으로 옳지 않은 것은?","WSP(Wireless Session Protocol)는 HTTP 1,1처 럼세션유지기능을 지원하며, 세션중단(Sus pend)및 재개(Resume),기능 협상을 제공한다.","WTLS(Wireless Transport Layer Security)는 TLS 기반 보안 프로토콜로,무결성과인증은제공하 지만,부인방지 기능은 제공하지않는다.","wTP(wireless Transaction Protocol)는 무선 환 경에 적합하도록설계된 경량트랜책션프로토 콜이며, 요청-응답(Request-Response)기반의 트랜책션을빠르게처리할수있도록설계되어 있다. 4 WAP(Wireless Application Protocol)은 제한된 대역폭과 작은 화면, 낮은 처리능력을가진무 선단말기를고려하여설계된무선응용프로 토콜이다.","","2","","","WTLS는 TLS 기반 보안 프로토콜로,데이터의 인증 부인방지 |,무결성, 1.기밀성등의보안서비스를 제공한다","medium","","정보보안기사|필기|기출|지피지기 기출문제|2025년|4회|네트워크 보안","2026 수제비 정보보안기사 필기 기본서 · 지피지기 기출문제 · PDF 500쪽 · 14번","2025","","","","","information-security-engineer"
"WRITTEN_CBT","네트워크 보안","무선랜 보안에 대한설명으로 옮지 않은 것은?","WEP 보안프로토콜은RC4암호알고리즘을 기반으로개발되었으나암호알고리즘의구조 적취약점으로인해 공격자에의해암호키가 쉽게크래킹되는문제를가지고 있다.","소규모 네트워크에서는 PSK(PreShared Key) 방식의사용자인증이대규모 네트워크인경 우에는별도의인증서버를활용한802,1x방 식의 사용자 인중이많이 활용된다.","WPA/WPA2방식의보안프로토콜은키 도출 과관련된 파라미터 값들이 암호화되지않은 상태로 전달되므로공격자는해당 피라미터값 들을 스니핑한 후사전 공격(Dictionary Attack) 을시도하여암호키를크래킹할수있다.","현재 가장 많이 사용 중인 암호프로토콜은 CCMIP, TKIP이며이중여러개의암호키를사 용하는TKIP이 보안성이 더욱우수하며사용","4","","","","medium","","정보보안기사|필기|예상|천기누설 예상문제|네트워크 보안","2026 수제비 정보보안기사 필기 기본서 · 천기누설 예상문제 · PDF 501쪽 · 2번","","","","","","information-security-engineer"
"WRITTEN_CBT","네트워크 보안","다음중무선 암호프로토콜WPA, WPA2에서 공통 으로사용하는 프로토콜은?","EAP","IEEE 802, 1x IEEE 802, 11","WEP","","1","","","WPA1, WPA2에서공통으로사용하는프로토콜은 IEEE802.1x과 802.11i EAP 인증이다.","medium","","정보보안기사|필기|예상|천기누설 예상문제|네트워크 보안","2026 수제비 정보보안기사 필기 기본서 · 천기누설 예상문제 · PDF 502쪽 · 4번","","","","","","information-security-engineer"
"WRITTEN_CBT","네트워크 보안","802.11i의인증에서 가장 강력한 보안레벨은갖고 있는 것은?","Static WEP Key","Dynamic WEP Key","WPA v1 )WPA v2","","4","","","WPA2는AES 암호화 알고리즘의 필수 사용과 TKIP를대체하는 CCMP(블록체인메시지인증 코드 프로토콜이있는카운터암호모드)를도입한 프로토콜로802.11의인증에서가장강력한 보안 레벨을 가지고있다.","medium","","정보보안기사|필기|예상|천기누설 예상문제|네트워크 보안","2026 수제비 정보보안기사 필기 기본서 · 천기누설 예상문제 · PDF 502쪽 · 5번","","","","","","information-security-engineer"
"WRITTEN_CBT","어플리케이션 보안","단계에서서버가클라이언트로접속을시도하는것이문제 클라이언트PC에방화벽이설치되어 있다면3단계프로세스는 방화벽에의해차단되어 FTP 접속에문제가발생 Data 포트로Active 모드에서 사용했던20번을 사용하지 않고 1024이후의임의의포트사용하므로,서버의임의의 포트(1024~65535)를서버 및네트워크 방화벽에서 모두열어야 한다는 문제가 발생(대부분의 FTP 데몬에서Passive 모드접속시 사용포트제한설정으로해결할수있음) 설명 ·사용자의계정을FTP서버에알리는명령 사용자인증을위한비밀번호를전달하는명령 ·추가적인인증이 필요한경우추가정보를 요구하는명령 현재사용자가위치한디렉터리를출력하는명령 ·현재작업디렉터리를변경하는명령 ·현재작업디렉터리의부모디렉터리로이동하는명령 ·사용자가다른파일시스템 구조를현재연결된FTP 서버에 마운트할수있도록허용하는명령 •현재 FTP세션을종료하고FTP서버로부터로그아웃하는명령 [25년2회] 설명 Active Mode용클라이언트 포트를알리는명령 •Passive Mode용포트를 요청하는 명령","","","","","","","","","medium","","정보보안기사|필기|예상|천기누설 예상문제|어플리케이션 보안","2026 수제비 정보보안기사 필기 기본서 · 천기누설 예상문제 · PDF 507쪽 (인쇄 3-4) · 3번","","","","","","information-security-engineer"
"WRITTEN_CBT","어플리케이션 보안","","1 14 자동으로실행되며특정이 벤트나조건이 발생할때작 업을수행합니다 설명 서버에 접속한 클라이언트의IP주소 기(바이트 단위) 이름 모드(ASCI) 모드(Binary) 작업이 수행 않은파일","","","","","","","","medium","","정보보안기사|필기|예상|천기누설 예상문제|어플리케이션 보안","2026 수제비 정보보안기사 필기 기본서 · 천기누설 예상문제 · PDF 508쪽 (인쇄 3-5) · 1번","","","","","","information-security-engineer"
"WRITTEN_CBT","어플리케이션 보안","FTP공격 유형 (1) TFTP의 취약점 [23년1회,24년2회]","TFTP(Trivial File Transfer Protocol)의 개념 TFIP는 인터넷 파일 전송 프로토콜이다. TFTP는 TCP/IP 프로토콜 스택을 기반으로 하며, 그 중 UDP(User Datagram Protocol)를이용하여작동하는 서비스이다","TFTP 특징 TFTP 특징 특징 UDP 포트69번 사용 기본적으로UDP 포트69번을사용하여 통신 TFTP는FTP보다구조가단순하며, 적은양의데이터를 전송할 때 구조의단순성 사용 작은파일전송에적합 TFTP는작은파일을빠르고 쉽게전송할수있다는장점 속도와 보안문제 없어 보안에취약 개 박살내기 TFTP의 메시지 유형 TFTP 메시지 유형 OPCODE 메시지 유형 1 RRQ ·파일읽기 요청 (Read Request) 2 WRQ ·파일쓰기 요청 (Write Request) 3 DATA 파일데이터블록 4 ACK 데이터블록확인 (Acknowledgment) 5 ERROR 오류메시지 TFTP의취약점및해결방안 TFTP의 취약점및해결방안 구분 취약점 보안기능이 존재하지 않음에따라인증등이부재","","","","","","","medium","","정보보안기사|필기|예상|천기누설 예상문제|어플리케이션 보안","2026 수제비 정보보안기사 필기 기본서 · 천기누설 예상문제 · PDF 512쪽 (인쇄 3-9) · 2번","","","","","","information-security-engineer"
"WRITTEN_CBT","어플리케이션 보안","MB 0내 파일크기제한미존재 간단 복잡한구조 송/수신 송/수신,삭제,폴더 생성등 •FTP Bounce Attack은 FTP 서버가 데이터를 전송할 때 목적지가 어디인지 검 제어/데이터 채널을다르게 사용하며, 데이터채널 생성 시 추가적인 목적지 확인을 하지않는 구조적 취약점을이용한공격이다. 방화벽 공격대상 공격 차단 네트워크스캔 프린터 FTP Bounce Attack 구조 설명 네트워크에열려있는포트를스캐닝하고,익명의 FTP 서버를 경유하여 특정 호스트의 포트를스캐닝","","","","","","","","","medium","","정보보안기사|필기|예상|천기누설 예상문제|어플리케이션 보안","2026 수제비 정보보안기사 필기 기본서 · 천기누설 예상문제 · PDF 513쪽 · 32번","","","","","","information-security-engineer"
"WRITTEN_CBT","어플리케이션 보안","FTP 보안기술 (1) FTPS(FTP Secure)","FTPS(File Transfer Protocol Secure)의 개념 FTPS는TCP/IP 프로토콜을 기반으로하는FTP 프로토콜의확장으로SSL보 안소켓 계층을추가하여 데이터의 안전한 전송을 가능하게 하는파일 전송 프로토콜이다","FTPS 특징 •공개키 기반 인증 방식(RSA), 3가지 인증 모드(익명 모드/서버 인증 모드/ 클라이언트-서버인중모드) 지원,다양한 암호알고리즘 지원,핸드 쉐이크 통신을 지원한다.","FTPS 인증 모드 FTPS 인증 모드 인증 모드 익명 모드(AN;Anonymous) 모드 서버 인증 모드(SA; Server Authentication) 클라이언트-서버 인증모드 (MA; Mutual Authentication) 모드","FTPS 구성 응용계층 HTTP FTP Telnet SSL/TLS Change Hand Cipher Shake Alert Spec Protocol Protocol Protocol Record Protocol","","","","","medium","","정보보안기사|필기|예상|천기누설 예상문제|어플리케이션 보안","2026 수제비 정보보안기사 필기 기본서 · 천기누설 예상문제 · PDF 516쪽 (인쇄 3-13) · 3번","","","","","","information-security-engineer"
"WRITTEN_CBT","어플리케이션 보안","다음문장은 어떤 FTP(File Transfer Protocol)공격 유형을 설명하고 있는가? 이FTP공격은익명FTP서버를이용해그FTP서버를경 유해서 호스트를스캔하며, FTPPORT명령을이용하고 FTP 서버를통해 임의의네트워크접속을릴레이하며네 트워크를포트스캐닝하는데사용하는공격이다","Brute Force 공격","FIP서버자체취약점공격","Anonymous FIP Attack","Bounce Attack","4","","","•FTP Bounce Attack은FTP 서버가 제어채널과 데이터채널을다르게사용하고데이터채널을 생성할 때 목적지를 확인하지 않는 설계상의 문제점을이용하여FTP 서버를거쳐서간접적으로 임의의 IP,포트에 접근할수있는공격이다. •포트 스캐닝 공격에 많이 이용된다.","medium","","정보보안기사|필기|기출|지피지기 기출문제|어플리케이션 보안","2026 수제비 정보보안기사 필기 기본서 · 지피지기 기출문제 · PDF 519쪽 (인쇄 3-16) · 3번","","","","","","information-security-engineer"
"WRITTEN_CBT","어플리케이션 보안","다음 문장에서설명하는FTP 공격은? -FTP서버가데이터를 전송할 때 목적지가 어디인지검 사하지 않는 설계상의 문제점을 이용한 공격이다. -FTP 서버의 전송목적지 주소를임의로 지정하여 FTP 서버를경유해임의의목적지로메시지나자료를 전송 하도록할수있다","FTP Bounce Attack )Anonymous FIP Attack","TFTP Attack","FTP Anyconnect Attack","","1","","","·FTP서버가데이터를전송할 때 FTP Bounce 목적지가어디인지 검사하지 Attack 않는 설계상의문제점을이용한 공격 FTP 사용시사용자들이서버에 Anonymous 자신을 식별시키지 않고서도 FTP Attack 파일에접근할수있는방법을 제공하는방식 23년 1회","medium","","정보보안기사|필기|기출|지피지기 기출문제|2022년|2회|어플리케이션 보안","2026 수제비 정보보안기사 필기 기본서 · 지피지기 기출문제 · PDF 520쪽 (인쇄 3-17) · 4번","2022","","","","","information-security-engineer"
"WRITTEN_CBT","어플리케이션 보안","익명 FTP 보안 대책수립에서 익명 FTP에 불필요한 항목(계정등)을 제거하기위한파일의경로로옳은 것은?","/etc/pam, d/ftp","/etc/ftpusers","$root/etc/passwd","/bin/etc/pub","3","","","익명 FTP 서버를 구축할 때($root)/etc/passwd의 FTP user(ftp,anonymous)에서 계정을 삭제하여 실행할 수 있는 웹(Shel)을 지정하지 않도록 한다.","medium","","정보보안기사|필기|기출|지피지기 기출문제|2023년|1회|어플리케이션 보안","2026 수제비 정보보안기사 필기 기본서 · 지피지기 기출문제 · PDF 520쪽 (인쇄 3-17) · 5번","2023","","","","","information-security-engineer"
"WRITTEN_CBT","어플리케이션 보안","FTP(File Transfer Protocol)명령어 중 접근 제어명 령어로옳지 않은 것은?","USER","ALLO","PASS","ACCT","2","","","FTP의 주요 접근 제어 명령어는 다음과 같다. USER 사용자의계정을FTP서버에 (사용자 이름) 알리는 명령 PASS 사용자인증을위한비밀번호를 (비밀번호) 전달하는명령 ACCT . 추가적인인증이필요한경우 (계정정보) 추가정보를요구하는명령","medium","","정보보안기사|필기|기출|지피지기 기출문제|2023년|2회|어플리케이션 보안","2026 수제비 정보보안기사 필기 기본서 · 지피지기 기출문제 · PDF 521쪽 (인쇄 3-18) · 8번","2023","","","","","information-security-engineer"
"WRITTEN_CBT","어플리케이션 보안","다음중 FTP(File Transfer Protocol)에서 이터 전 송 모드에 관한설명으로 옳은 것은?","default는 active 모드이며, passive 모드로의 변 경은FIP 서버가 결정한다.","default는 active 모드이며, passive 모드로의 변 경은FIP클라이언트가 결정한다.","default는 passive 모드이며, active 모드로의 변 경은FIP서버가결정한다","default는 passive 모드이며, active 모드로의 변 경은FIP클라이언트가결정한다.","2","","","서버에서 Data채널 연결을 Active Mode 시도하는 모드(Default Mode) 클라이언트에서Data채널 Passive Mode 연결을시도하는모드 23년 4회","medium","","정보보안기사|필기|기출|지피지기 기출문제|어플리케이션 보안","2026 수제비 정보보안기사 필기 기본서 · 지피지기 기출문제 · PDF 521쪽 (인쇄 3-18) · 9번","","","","","","information-security-engineer"
"WRITTEN_CBT","어플리케이션 보안","다음은 FTP(File Transfer Protocol) 서비스의 패시 브모드(Passive Mode)로설정하여 서버에명령을 전송한 응답이다.데이터 전송을위한 서버의 포트 번호는? 227 Entering Passive Mode (1,222,15,15O,100,16)","20","21","25616","10016","2","","","클라이언트의 IP 주소와 포트 번호를나타내는 6개의 10진수로 구성된다. 4개의 쉽표로구분된값은클라이언트IP 주소이며 5번째 값× 256+6번째 값으로 데이터 연결 PORT를결정한다. 1,222,15,150,100,16 → 클라이언트 IP 주소는1.222.15.150이고,포트","medium","","정보보안기사|필기|기출|지피지기 기출문제|2023년|4회|어플리케이션 보안","2026 수제비 정보보안기사 필기 기본서 · 지피지기 기출문제 · PDF 521쪽 (인쇄 3-18) · 10번","2023","","","","","information-security-engineer"
"WRITTEN_CBT","어플리케이션 보안","FTP 명령어에 대한 설명이 옳지 않은 것은?","USER-접속할사용자이름","PASS-서버에접속하기 위해비밀번호","PWD-비밀번호변경","QUIT-FIP세션을종료","","","","PWD명령어는현재작업디렉터리를표시하는 명령어이다 24년2회","medium","","정보보안기사|필기|기출|지피지기 기출문제|2024년|1회|어플리케이션 보안","2026 수제비 정보보안기사 필기 기본서 · 지피지기 기출문제 · PDF 522쪽 (인쇄 3-19) · 11번","2024","","","","","information-security-engineer"
"WRITTEN_CBT","어플리케이션 보안","다음 중 TFTP(Trivial File Transfer Protocol)에대 한설명으로 옳지 않은 것은?","TFIP는FIP보다간단하게설계된프로토콜로 주로소형장비에서의파일전송에사용된다","TFIP는 Secure Mode를 통해 인증을통한 안전 한통신이가능하다","TFIP는UDP를기반으로하며, 기본적으로69 번포트를사용한다.","TFTP는부팅 시점에네트워크장비의펌웨어 나설정파일을 전송하는데자주사용된다.","","","","- TFTP는 Secure Mode가 존재하지 않으며, 인증, 암호화등의 보안기능이 존재하지않는 FTP로 보안에취약하다","medium","","정보보안기사|필기|기출|지피지기 기출문제|2024년|2회|어플리케이션 보안","2026 수제비 정보보안기사 필기 기본서 · 지피지기 기출문제 · PDF 522쪽 (인쇄 3-19) · 12번","2024","","","","","information-security-engineer"
"WRITTEN_CBT","어플리케이션 보안","다음중리눅스에서작동되는FTP관련데몬서비스 의내용을 기록하는 로그파일로가장 적절한 것은?","/var/log/messages","/var/log/secure","/var/log/ftp.log","/var/log/xferlog","","","","/var/log/ ·시스템 전반의일반로그,커널및 messages 다양한데몬메시지포함 /var/log/ ·인증관련로그(로그인, su, sudo 등) secure 저장 /var/log! 기본경로로제공되는로그가아님 ftp.log 24년4회","medium","","정보보안기사|필기|기출|지피지기 기출문제|2024년|2회|어플리케이션 보안","2026 수제비 정보보안기사 필기 기본서 · 지피지기 기출문제 · PDF 522쪽 (인쇄 3-19) · 13번","2024","","","","","information-security-engineer"
"WRITTEN_CBT","어플리케이션 보안","다음중 익명 FTP(File Transfer Protocol) 보안대책 수립으로 옳은 것은?","익명사용자의 root 디렉터리, /bin, /etc, /pub 디렉터리의 소유자와권한을관리한다.","/etc/shadow 파일에서 익명FTP에불필요한 항목은제거한다","SSH프로토콜의일부분으로유닉스에서사용 한다.","root, nobody, news, bin, sys, admin, lo 등 계정 은ftpd에 연결을 허용하면안 된다.","","","","·/etc/shadow 파일은 사용자 계정의 암호화된 비밀번호와계정정보를담고있으며,익명FTP와 관련된 불필요한 항목을 제거하는 대상이 아니다. 익명FTP는SSH를사용하지 않으며, 각계정들도 전부fptd의사용을차단하는것이 아닌ftpusers를 통해 시스템계정의 통제를 수행해야 한다.","medium","","정보보안기사|필기|기출|지피지기 기출문제|2024년|4회|어플리케이션 보안","2026 수제비 정보보안기사 필기 기본서 · 지피지기 기출문제 · PDF 522쪽 (인쇄 3-19) · 14번","2024","","","","","information-security-engineer"
"WRITTEN_CBT","어플리케이션 보안","다음은FTP(File Transfer Protocol) 서버에 대한사 이버공격전개도이다.괄호안에들어갈FTP명령 어는? 공격자 ( ) 10,0.0.3,0.80 →27 FTP서베 원격 시스템 200 ( ) OK 21 10.0.0.1 RETR filename →21 10.0.0.2 20 filename 10.0.0.3","STOR","PORT","SITE","NLST","2","","","FTP Bounce Attack으로제어/데이터 채널를다르게 사용하며데이터 채널생성시 추가적인 목적지 확인을 하지않는 구조적취약점을공격하는 방식으로 우회를 통한 원격시스템에 Relay로 접속하는 공격이다 해당 공격은 PORT를 전달시 0* 256 +80으로 80번 포트를 이용하도록 하여 내부망에 80번 포트로공격하는방식을수행한다. 25년1회","medium","","정보보안기사|필기|기출|지피지기 기출문제|2024년|4회|어플리케이션 보안","2026 수제비 정보보안기사 필기 기본서 · 지피지기 기출문제 · PDF 523쪽 (인쇄 3-20) · 15번","2024","","","","","information-security-engineer"
"WRITTEN_CBT","어플리케이션 보안","다음은 FTP서비스로 인한 xferlog의 기록이다.","설명 중 올바르지 못한 것은? Tue Feb 10 20:03:12 2018 2 112.33.2 2740 /home/soojebi/html/indexhtml a U ir soojebi FTP O*c ©","은파일이전송된날짜와시간을의미한다","ㄴ은파일사이즈를말한다","ㄷ은사용자가작업한파일명을의미한다","4","","","XferLog의 액션 플래그에서 U는압축되지 않은 파일을나타낸다 압축된파일은C.Tar로묶여있는경우T로","medium","","정보보안기사|필기|기출|지피지기 기출문제|2025년|1회|어플리케이션 보안","2026 수제비 정보보안기사 필기 기본서 · 지피지기 기출문제 · PDF 523쪽 (인쇄 3-20) · 16번","2025","","","","","information-security-engineer"
"WRITTEN_CBT","어플리케이션 보안","다음중 FTP에서 IP 정보는몇번 포트를 통해 전송 되는가?","4900번포트","20번포트","21번포트","4000번 포트","3","","","제어연결에 사용되는21번 포트를통해 IP 정보 명령어 등이 전송된다.","medium","","정보보안기사|필기|기출|지피지기 기출문제|2025년|2회|어플리케이션 보안","2026 수제비 정보보안기사 필기 기본서 · 지피지기 기출문제 · PDF 523쪽 (인쇄 3-20) · 18번","2025","","","","","information-security-engineer"
"WRITTEN_CBT","어플리케이션 보안","다음그림에서 클라이언트는 서버의21번 포트로 FTP 연결을 설정하고 있다. 그림에 대한설명으로 옳지 않은 것은? 서버(Server) 클라이언트(Client) 데이터20 21명령 4500 4501","두번째 포트 질의 두번매 토트","두번째 포트 알려즘 3800 3 영렴 채널 수신확인","데이터전송을위해클라이언트는서버에게접 속할 포트번호를질의한다.","서버는데이터전송을위한포트를클라이언트 에게응답한다.","3","","","FTP Passive 운영모드의 방식으로써 절차는다음과 같다. 순서 절차 설명 명령채널 •클라이언트는 21번 포트로 ① 접속& 접속을시도하며,Passive 명령어 전달 모드의 사용(PASV)을전달 DTP 서버는서버가사용할 포트전달 DTP 포트를 전달 ·클라이언트는다른DTP 데이터 포트를열어서버가전달한 채널연결 DTP(3267)포트로 접속 시도 서버 ACK 서버가ACK로응답","medium","","정보보안기사|필기|예상|천기누설 예상문제|어플리케이션 보안","2026 수제비 정보보안기사 필기 기본서 · 천기누설 예상문제 · PDF 525쪽 (인쇄 3-22) · 1번","","","","","","information-security-engineer"
"WRITTEN_CBT","어플리케이션 보안","FTP 보안 대책에 대한설명으로 틀린것은?","Anonymous FTP 서버를 구축할 때/etc/pass wd의 FIP user에는 실행할 수 있는 벨(Shell)을 지정하지 않도록 한다.","TFTP가불필요한 경우는 제거하여야하며,필 요한 경우secure mode로운영하여야 한다.","Passive 모드는 데이터 전송을 위해 서버가지 정한1024번이상의 포트를사용한다.","Anonymous FTP의 디렉터리나 파일의 소유주 를ftp로두어FIP보안관리를일관성있게한 다.","1","","","Anonymous FTP의 경우,디렉터리나 파일 소유주를 Root로 설정하여 주요한 파일 및 디렉터리를 변조에서안전하게 보호하는 것을 권고한다. 로 옳은 것은? ①FTP는 TCP와UDP 프로토콜을함께사용한다. ②Default는 Active 모드이며, Passive 모드로의 변경은FIP클라이언트가 결정한다. ③Passive 모드로의 변경은FTP 서버가 결정한 다. ④FIP 명령과데이터가같은포트를사용한다. FTP의 운영 모드는 기본이 Active 모드이며, 클라이언트에서 Passive, Active 모드를 결정해서 요청할 수 있다","medium","","정보보안기사|필기|예상|천기누설 예상문제|어플리케이션 보안","2026 수제비 정보보안기사 필기 기본서 · 천기누설 예상문제 · PDF 525쪽 (인쇄 3-22) · 2번","","","","","","information-security-engineer"
"WRITTEN_CBT","어플리케이션 보안","TFTP에 대한설명으로 옳지 않은 것은?","UDP 69번포트를이용하여데이터를 전송한 다.","데이터의 전송속도가빠르지만, 별도의 인증을 수행하지않는다","FIP 명령어중USER, PASS등 사용자인증과 관련된명령은지원되지않지만, 원격지파일 목록 보기를 위한 LIST,데이터수신을위한 RETR등의 명령어는 지원된다. 4 )TFTP는블라스터월으로악용되어서호스트를 감염시키는데활용될수있다.","","2","","","TFTP는파일전송속도가느리고오류처리기능이 FTP와 비교해인증절차가없어 보안에 취약하나 작은파일을빠르고 쉽게전송할수있다는장점이 있다.","medium","","정보보안기사|필기|예상|천기누설 예상문제|어플리케이션 보안","2026 수제비 정보보안기사 필기 기본서 · 천기누설 예상문제 · PDF 526쪽 (인쇄 3-23) · 7번","","","","","","information-security-engineer"
"WRITTEN_CBT","어플리케이션 보안","FTP 접속시PORT 명령으로다음과 같은 내용을 확 인하였다.다음 접속포트는 및 번인가? 11213.14,9,18","2320","2321","2322","2323","","","","클라이언트의 IP 주소와 포트번호를나타내는6개의 10진수로구성된다. 4개의 쉽표로구분된값은클라이언트 IP 주소이며 5번째 값×256+6번째 값으로 데이터 연결 PORT를결정한다 PORT 1,12,13,14,9,18 클라이언트 IP 주소는1.12.13.14이고,포트 번호는 9×256+18=2322번이다.","medium","","정보보안기사|필기|예상|천기누설 예상문제|어플리케이션 보안","2026 수제비 정보보안기사 필기 기본서 · 천기누설 예상문제 · PDF 527쪽 (인쇄 3-24) · 10번","","","","","","information-security-engineer"
"WRITTEN_CBT","어플리케이션 보안","다음 중 TFTP(Trivial File Transfer Protocol)에 대 한 설명으로 옳지 않은 것은?","하드디스크가없는장비들이네트워크를통해 부팅할 수 있도록 제안된 프로토콜이다.","UDP69번을사용하며특별한 인증절차가없 다,","TFIP 서비스를위한별도의계정파일을사용 하지않는다.","보안상 우수하여 Anonymous FTP 서비스를 대신하여많이사용된다.","","","","TFTP는별도의 인증을수행하지 않기 때문에보안이 취약하다.","medium","","정보보안기사|필기|예상|천기누설 예상문제|어플리케이션 보안","2026 수제비 정보보안기사 필기 기본서 · 천기누설 예상문제 · PDF 527쪽 (인쇄 3-24) · 11번","","","","","","information-security-engineer"
"WRITTEN_CBT","어플리케이션 보안","다음Passive FTP 접속 절차에대한설명으로 올바 르지 못한 것은? 1.클라이언트→서버(제어연결) 2클라이언트-서버데이터 전송 연결) 3.클라이언트→서베(데이터전송)","두번째접속은서버에서클라이언트로한다.","서버는21번포트와 1024이후의포트를연다.","첫번째접속은21번포트인 명령어포트이다.","서버는1024이후의포트를모두 연다.","1","","","Passive Mode의 연결 절차는 다음과 같다. 명령채널 클라이언트는21번 포트로 접속& 접속을시도하며Passive 명령어 전달 모드의 사용을전달 DTP 서버는서버가사용할DTP 포트전달 포트를전달 클라이언트는다른DTP 데이터 포트를열어서버가전달한 채널연결 DTP(3267)포트로 접속시도 서버ACK 서버가ACK로응답 이후두번째데이터채널연결은클라이언트에서 서버로시도한다.","medium","","정보보안기사|필기|예상|천기누설 예상문제|어플리케이션 보안","2026 수제비 정보보안기사 필기 기본서 · 천기누설 예상문제 · PDF 528쪽 (인쇄 3-25) · 12번","","","","","","information-security-engineer"
"WRITTEN_CBT","어플리케이션 보안","다음중FTP명령어의수행기능을올바르게설명한 것은?","RMD:파일다운로드","STOR:원격지파일 저장","CWD:디렉터리생성","MKD:디렉터리목록보기","2","","","· FTP의 명령어에서 명령어별 수행 기능은 RMD(원격지 디렉터리 제거), STOR(원격지 파일 저장), CWD(작업 디렉터리 변경),MKD(원격 디렉터리 |생성)이다.","medium","","정보보안기사|필기|예상|천기누설 예상문제|어플리케이션 보안","2026 수제비 정보보안기사 필기 기본서 · 천기누설 예상문제 · PDF 528쪽 (인쇄 3-25) · 14번","","","","","","information-security-engineer"
"WRITTEN_CBT","어플리케이션 보안","모든사용자에게 접속이허용되기 때문에쓰기권한 을통제하지 않으면불법 파일의삽입등을이용한 공격에노출되는취약점을이용한공격기법으로옳 은 것은?","Bounce Attack","익명 FTP Attack","TFTP Attack FIP서버자체취약점공격","","2","","","익명 FTPAttack은 익명으로 접속이 허용된 FTP 서버에서 발생할 수 있는공격이다. FTP서버가 익명사용자(anonymous)에게 접근을 허용하고,쓰기 권한이 제대로통제되지않으면 공격자가불법파일을업로드하거나악성파일을 삽입하는등의 공격을수행할 수있다.이를 통해 서버의 보안을위협할 수있다. ·FTP 서버가 데이터를 전송할때 Bounce 목적지가 어디인지 검사하지 않는 Attack 설계상의 문제점을이용한공격 TFTP 보안기능이 존재하지 않음에 따라 Attack 인증등이부재","medium","","정보보안기사|필기|예상|천기누설 예상문제|어플리케이션 보안","2026 수제비 정보보안기사 필기 기본서 · 천기누설 예상문제 · PDF 529쪽 (인쇄 3-26) · 17번","","","","","","information-security-engineer"
"WRITTEN_CBT","어플리케이션 보안","이메일 보안 1 이메일 (1) 이메일(e-Mail; Electronic Mail) 개념 이메일은네트워크를이용한 메시지 송수신 프로토콜이다. (2)메일 시스템 구성[25년1회] ""PUSH"" MTA SMTP SMTP MUA MTA MTA 메일서버 Internet 메일시스템구성 메일시스템구성 구성 MUA 일반적으로메일을보내기위해사용하는프로그램 (Mail User Agent) 예 아웃룩 메일서버와메일서버간에메일을전달해주는서버 MTA 메일을라우팅하는역할을하는에이전트 (Mail Transfer Agent) 예 sendmail, qmail, Postfix MDA (Mail Delivery Agent) MAA 가져오는에이전트 (Mail Access Agent) 예 POP3, IMAP4","","","","","","","","","medium","","정보보안기사|필기|예상|천기누설 예상문제|어플리케이션 보안","2026 수제비 정보보안기사 필기 기본서 · 천기누설 예상문제 · PDF 530쪽 (인쇄 3-27) · 2번","","","","","","information-security-engineer"
"WRITTEN_CBT","어플리케이션 보안","메일서비스공격 유형및대책 (1) 스팸메일","스팸메일(Spam Mail) 개념 •스팸메일은전자우편을통해불특정다수의사람에게보내는광고성 메일이다.","스팸메일대책 사용자관점에서의스팸메일대책 사용자관점에서의스팸메일대책 대책 스팸 메일필터링 걸러내도록설정 스팸메일식별 이메일필터링을도울수있음 경고메시지확인 메일에 포함된링크를클릭하지않도록주의 이메일클라이언트업데이트 업데이트","","","","","","","medium","","정보보안기사|필기|예상|천기누설 예상문제|어플리케이션 보안","2026 수제비 정보보안기사 필기 기본서 · 천기누설 예상문제 · PDF 540쪽 (인쇄 3-37) · 3번","","","","","","information-security-engineer"
"WRITTEN_CBT","어플리케이션 보안","DES 이용해보장 ·메시지의정확성,완전성, 고의·악의로변경되거나훼손되지 않음을보장하는성질 MD5이용해 보장 ·메시지전송후에그사실을사후에증명함으로써사실부인을 방지하는기술 DSS,RSA알고리즘을 통해 보장 ·보내는사람의신원을검증 •X.509 인증서를 통해 보장","SPF(Sender Policy Framework)[22년 1회l, 24년 2회], 25년 1회] •SPF는 메일 헤더에 표시된 발송정보가 실제 메일을발송한 서버와 일치하는 지를비교하여발송자 정보의위변조여부를파악할 수있는기술이다 발송자의 서버를DNS에미리 등록하고 수신자의 서버에 메일이 도착하면등 록된서버로부터 발신되었는지확인 후스팸메일을차단하는 기술이다. •발신자인증 메커니즘이 없는SMTP 프로토콜의 취약점을보완한다 DKIM은메일의 송신자가소유한 도메인이름을사용하여메일을서명하는 메일서버 관리자는DKIM을설정하여메일 서버가 전송하는메일이 스팸메 DMARC(Domain-based Message Authentication, Reporting & Conform- •DMARC는도메인 소유자가이메일인증실패 시 어떤 조치를 취할지 정의하 •DMARC는 SPF와 DKIM을 기반으로이메일 인증 정책을 강화하는 프로토콜","","","","","","","","medium","","정보보안기사|필기|예상|천기누설 예상문제|어플리케이션 보안","2026 수제비 정보보안기사 필기 기본서 · 천기누설 예상문제 · PDF 547쪽 (인쇄 3-44) · 3번","","","","","","information-security-engineer"
"WRITTEN_CBT","어플리케이션 보안","SpamAssassin은들어오는 메일을 미리설정해둔 패턴에 따라서스팸으로의심되면 삭제를하거나분 리시키는기능을하는스팸필터링도구이다.이러한 도구에서 스팸 필터링 분류기준이 아닌 것은?","헤더검사","본문내용","IP필터링","첨부파일만필터링가능","2","","","Spam Assassin은 첨부파일만 필터링하는 것이 아니라헤더 검사,본문 내용, IP 필터링 차단 리스트 등 다양한기준을사용하여 스팸 메일을 분류한다. Spam Assassin 스팸필터링 기준 헤더검사/본문검사/베이지안 헤본베협아 필터링/협업필터링/IP필터링 22년 1회","medium","","정보보안기사|필기|기출|지피지기 기출문제|어플리케이션 보안","2026 수제비 정보보안기사 필기 기본서 · 지피지기 기출문제 · PDF 549쪽 (인쇄 3-46) · 1번","","","","","","information-security-engineer"
"WRITTEN_CBT","어플리케이션 보안","PGP서비스와관련하여디지털서명기능을위해사 용되는 알고리즘은?","3DES","DSS/SHA","IDEA","Radix-64","2","","","3DES, IDEA는 기밀성 보장중에서메시지 암호화를 위해,F Radix-64는 호환성을위해사용한다 22년2회","medium","","정보보안기사|필기|기출|지피지기 기출문제|2025년|4회|어플리케이션 보안","2026 수제비 정보보안기사 필기 기본서 · 지피지기 기출문제 · PDF 549쪽 (인쇄 3-46) · 3번","2025","","","","","information-security-engineer"
"WRITTEN_CBT","어플리케이션 보안","SMTP서버의릴레이기능제한 여부점검시틀린 것은?","vi편집기를이용하여sendmail,f 설정파일을 열어아래와같이주석을제거한다. R$* $#error $@ 5.7.1 $: ""550 Relaying denied'","/etc/mail/access 파일을삭제한다.","/etc/mail/access에 특정 IP, Domain Email Ad- dress 및 네트워크에 대한 sendmail 접근제한 을확인한다. localhost.localdomain RELAY localhost RELAY 127.0.0.1 RELAY spam.com REJECT","수정했거나생성했을경우makemap명령으 로DB파일을생성한다. #makemap hash /etc/mail/access.db < /etc/mail/access","2","","","/etc/mail/access 파일을 삭제하면 메일 서버는 이 파일에서 클라이언트 주소를 읽을 수 없게 되어 수신되는 모든 이메일을 거부하며 메일 서버를 사용할 수 없게 된다. 22년 4호,25년2회","medium","","정보보안기사|필기|기출|지피지기 기출문제|2022년|4회|어플리케이션 보안","2026 수제비 정보보안기사 필기 기본서 · 지피지기 기출문제 · PDF 550쪽 (인쇄 3-47) · 5번","2022","","","","","information-security-engineer"
"WRITTEN_CBT","어플리케이션 보안","와이어샤크(WireShark)프로그램을 이용하여 POP3트래픽을점검할때,어떤포트를검색해야하 는가?","143","25","110","125","3","","","25 SMTP 110 POP3 143 IMAP","medium","","정보보안기사|필기|기출|지피지기 기출문제|어플리케이션 보안","2026 수제비 정보보안기사 필기 기본서 · 지피지기 기출문제 · PDF 550쪽 (인쇄 3-47) · 6번","","","","","","information-security-engineer"
"WRITTEN_CBT","어플리케이션 보안","어느회사의메일서버가스팸메일 발송경유지로 악용하는사례가발생하였다.이때 보안관리자는 pcap 파일을통해패킨 분석을 진행하고자 보기와 같은필터링을실행하였다.다음필터링결과에대한 설명으로 옳은 것은? SMTPreqcommand = ""EHLO""","이메일서비스확장지원세션을시작한것을 필터링","SMTP세션을시작한 것을필터링","서버에인증을시작한것을필터링","메일데이터전송을-한것을필터링","1","","","SMTP.req.command = ""EHLO""는 SMTP 프로토콜의 EHLO명령어가사용된패킨을필터링하는조건이다 EHLO 명령어는 SMTP의 I이메일 서비스확장을 지원하기위해 클라이언트가 서버와의세션을 확장하고자할때 사용하는 명령어이다 23년1회,25년 2회","medium","","정보보안기사|필기|기출|지피지기 기출문제|2023년|1회|어플리케이션 보안","2026 수제비 정보보안기사 필기 기본서 · 지피지기 기출문제 · PDF 550쪽 (인쇄 3-47) · 7번","2023","","","","","information-security-engineer"
"WRITTEN_CBT","어플리케이션 보안","PGP(Pretty Good Privacy)에서 사용하는암호알고 리즘이 아닌 것은?","RSA","SHA","Diffie-Hellman","AES","4","","","메시지 : IDEA, CAST, Triple-DES 기밀성 : RSA, Diffie-Hellman, SHA, MD5, 전자서명 RIPEMD-160","medium","","정보보안기사|필기|기출|지피지기 기출문제|어플리케이션 보안","2026 수제비 정보보안기사 필기 기본서 · 지피지기 기출문제 · PDF 550쪽 (인쇄 3-47) · 8번","","","","","","information-security-engineer"
"WRITTEN_CBT","어플리케이션 보안","이메일클라이언트를 이용해 이메일을발송하는경 우SMTP가사용된다.인증절차후이메일을발송하 는 절차로옳은것은?","EHLO > MAIL > RCPT > DATA > QUTT","EHLO > AUTH > RCPT > MAIL > DATA > QUrT","AUTH > EHLO > RCPT > DATA > QUrT","AUTH > EHLO > RCPT > MAIL > DATA > QUIT","2","","","메시지 전송 과정은 연결설정(Connection Establishment) → 인증(Authentication) → 봉투(Envelope) →메시지l(Message)→연결 종료(Connection Termination)순으로 진행한다. 메시지 전송 과정에 사용되는 명령어는 연결 설정에 HELO 또는 EHLO, 인증에AUTH, 봉투에 RCPT 메시지에 DATA 연결 종료에 QUIT을 사용한다. 23년 2회","medium","","정보보안기사|필기|기출|지피지기 기출문제|어플리케이션 보안","2026 수제비 정보보안기사 필기 기본서 · 지피지기 기출문제 · PDF 551쪽 (인쇄 3-48) · 9번","","","","","","information-security-engineer"
"WRITTEN_CBT","어플리케이션 보안","메일에서스크립트처리를막는것은어떤공격을방 어하기 위한 것인가?","스팸메일","Active Content","Buffer Overflow Bounce Attack","","2","","","스크립팅 기능을 사용하지 않도록설정하여활성 콘텐츠(Active Content)공격을 막는다. Active Content는 메일본문에 포함된 스크립트를 통해악성코드를실행하거나사용자의정보를 탈취할수있기때문에 이를차단함으로써보안을 강화할수있다 24년1회","medium","","정보보안기사|필기|기출|지피지기 기출문제|어플리케이션 보안","2026 수제비 정보보안기사 필기 기본서 · 지피지기 기출문제 · PDF 552쪽 (인쇄 3-49) · 13번","","","","","","information-security-engineer"
"WRITTEN_CBT","어플리케이션 보안","다음 중 SMTP(Simple Mail Transfer Protocol)의 특징으로 옳지 않은 것은 무엇인가?","이메일 전송을 위한 프로토콜이다.","기본적으로포트25번을사용한다.","주로이메일수신을위한프로토콜이다","메일서버간의메시지전송에사용된다.","3","","","SMTP는이메일 전송을위한 프로토콜로 클라이언트와서버간또는서버 간의 이메일전송에 사용된다.SMTP는 기본적으로포트25번을 사용하며, 주로메일서버간의메시지 전송에 사용된다. 이메일수신을위한프로토콜은POP3 또는 IMAPO다.","medium","","정보보안기사|필기|기출|지피지기 기출문제|2024년|1회|어플리케이션 보안","2026 수제비 정보보안기사 필기 기본서 · 지피지기 기출문제 · PDF 552쪽 (인쇄 3-49) · 14번","2024","","","","","information-security-engineer"
"WRITTEN_CBT","어플리케이션 보안","다음 중이메일(E-mai) 송수신을 위해서 사용되는 프로토콜로 가장 적절하지 않은 것은?","SMTP","POP3","IMAP","SNMP","4","","","SNMP는 네트워크 관리 프로토콜로, 라우터나 허브 등 네트워크 장치로부터 정보를 수집 및 관리하며 정보를 네트워크 관리 |시스템에보내는데 사용하는 인터넷 !표준프로토콜이다 24년2화","medium","","정보보안기사|필기|기출|지피지기 기출문제|어플리케이션 보안","2026 수제비 정보보안기사 필기 기본서 · 지피지기 기출문제 · PDF 553쪽 (인쇄 3-50) · 16번","","","","","","information-security-engineer"
"WRITTEN_CBT","어플리케이션 보안","다음 문장에서설명하는 인증 기술은? 메일서버정보를사전에DNS에공개등록함으로써수신자 로하여금이메일에표시된발송자정보가실제메일서버 의정보와일치하는지를확인하도록하는인증기술이다","PGP(Pretty Good Privacy)","SPF(Sender Policy Framework)","DKIM(Domain Keys Identified Mail)","DMARC(Domain-based Message Authentica-","2","","","","medium","","정보보안기사|필기|기출|지피지기 기출문제|어플리케이션 보안","2026 수제비 정보보안기사 필기 기본서 · 지피지기 기출문제 · PDF 553쪽 (인쇄 3-50) · 17번","","","","","","information-security-engineer"
"WRITTEN_CBT","어플리케이션 보안","다음 중 POP3(Post Office Protocol version 3)의 특징으로 가장 적절한 것은?","이메일은서버에저장된채클라이언트가메일 을조회하며,다수의장치에서동기화하여사 용하기에 적합하다","클라이언트는서버와의연결을유지한채이메 일을실시간으로주고받으며,상태정보를지 속적으로관리한다.","사용자는이메일을서버에그대로남긴채여 러장소에서동시에접속해사용하는데 최적 화되어 있다.","이메일클라이언트는서버로부터 메일을다운 로드한후서버에서삭제되며,주로고정된위 치에서사용하는데유리하다.","4","","","다수의정 장치에서동기화 사용이 가능하며 연결시간이 종료될 때까지 연결을 유지하며 조회 후에도 이메일이 서버에 존재하는 것은 IMAP의 특징이다.","medium","","정보보안기사|필기|기출|지피지기 기출문제|2025년|1회|어플리케이션 보안","2026 수제비 정보보안기사 필기 기본서 · 지피지기 기출문제 · PDF 554쪽 (인쇄 3-51) · 22번","2025","","","","","information-security-engineer"
"WRITTEN_CBT","어플리케이션 보안","다음중전자메일시스템의 구성요소에 대한설명으 로올바르지 않은 것은?","MUA(Mail User Agent)는 사용자가 이메일을 작성, 송신,수신하는 데사용하는클라이언트 소프트웨어이다","SMTP(Simple Mail Transfer Protocol)는 메일 을송신할때사용되며,일반적으로포트25번 을사용한다.","MTA(Mail Transfer Agent)는 이메일을 사용자 에게 직접보여주는클라이언트로,메일작성 과열람에사용된다.","IMAP(Intemet Message Access Protocol) 은 메 일서버에저장된이메일을여러기기에서동 기화하여관리할수있도록해준다.","3","","","MTA는메일서버와메일서버 간에메일을 전달해주는 서버로서메일을라우팅하는역할을","medium","","정보보안기사|필기|기출|지피지기 기출문제|2025년|1회|어플리케이션 보안","2026 수제비 정보보안기사 필기 기본서 · 지피지기 기출문제 · PDF 555쪽 (인쇄 3-52) · 24번","2025","","","","","information-security-engineer"
"WRITTEN_CBT","어플리케이션 보안","1991년, 프로그래머 필 짐머만(Phil Zimmermann) 이개발한것으로, 이메일 통신에 대해기밀성, 무결 성,인증과 같은 보안 서비스를 제공하는데이터보 호프로그램은드 무엇인가?","SSL(Secure Sockets Layer)","S/MIME(Secure/Multipurpose Internet Mail Extensions)","PGP(Pretty Good Privacy)","IPsec(Intemet Protocol Security)","3","","","SSL 웹브라우저와서버간의 전송계층 보안 프로토콜 S/MIME 이메일 보안을 위한X.509인증기반 표준,기업환경에적합 네트워크계층에서동작하는IP 보안 IPsec 프로토콜 25년1회","medium","","정보보안기사|필기|기출|지피지기 기출문제|2025년|1회|어플리케이션 보안","2026 수제비 정보보안기사 필기 기본서 · 지피지기 기출문제 · PDF 555쪽 (인쇄 3-52) · 25번","2025","","","","","information-security-engineer"
"WRITTEN_CBT","어플리케이션 보안","메일헤더에표시된발송정보가실제메일을발송한 서버와일치하는지를비교하여,발송자정보의위변 조여부를 판별할 수 있는기술은 무엇인가?","SPF(Sender Policy Framework)","S/MIME(Secure/Multipurpose Internet Mail Extensions)","PGP(Pretty Good Privacy)","POP3(Post Office Protocol 3)","1","","","•SPF는메일헤더에표시된발송정보가실제메일을 발송한서버와일치하는지를 비교하여발송자 정보의 위변조 여부를 파악할 수 있는 기술이다. 발송자의 서버를DNS에 미리 등록하고 수신자의 서버에 메일이 도착하면 등록된 서버로부터 발신되었는지 확인 후 스팸 메일을 차단하는 기술이다.","medium","","정보보안기사|필기|기출|지피지기 기출문제|2025년|1회|어플리케이션 보안","2026 수제비 정보보안기사 필기 기본서 · 지피지기 기출문제 · PDF 555쪽 (인쇄 3-52) · 26번","2025","","","","","information-security-engineer"
"WRITTEN_CBT","어플리케이션 보안","PGP의사용자인증을위한전자서명 알고리즘으로 옳지 않은 것은?","RSA","RIPEMD-160","SHA-1","IDEA","4","","","PGP의 알고리즘은 다음과 같다. 전자서명 RSA(키교환), Diffie-Hellman, SHA, MD5, RIPEMD-160 기밀성 IDEA, CAST, Triple-DES 호환성 Radix-64 변환(Radix-64 Conversion) 25년 4회","medium","","정보보안기사|필기|기출|지피지기 기출문제|2025년|4회|어플리케이션 보안","2026 수제비 정보보안기사 필기 기본서 · 지피지기 기출문제 · PDF 556쪽 (인쇄 3-53) · 27번","2025","","","","","information-security-engineer"
"WRITTEN_CBT","어플리케이션 보안","다음설명에 해당하는 프로토콜은 무엇인가? 송신자 측에서는전송할 이메일에 대한 전자서명생성 에사용되며수신자측에서는이메일에 포함된전자서 명의검증작업에사용된다 -비대칭암호기술을사용한다 -이메일애플리케이션에 플러그인방식으로확장할수 있다 최개발자는PhiZmmemann이다","PGP(Pretty Good Privacy)","PKI(Public-Key Infrastructure)","MIME(Multipurpose Internet Mail Extension) )IKE(Internet Key Exchange)","","1","","","PGP는전자서명 작성/검증 기능이있다. •PGP는공개키/개인키(비대칭 암호기술)를 사용한다. PGP는1991년프로그래머 필짐머만(Phil Zimmermann)이 개발한 이메일에 대해 보안 서비스(기밀성, 무결성, 인증)를 제공하는데이터 보호프로그램이다 PGP는다양하게사용되는 이메일 애플리케이션에","medium","","정보보안기사|필기|예상|천기누설 예상문제|어플리케이션 보안","2026 수제비 정보보안기사 필기 기본서 · 천기누설 예상문제 · PDF 557쪽 (인쇄 3-54) · 2번","","","","","","information-security-engineer"
"WRITTEN_CBT","어플리케이션 보안","다음 중 PGP에 대한설명으로 올바르지 못한 것은?","다양하게 사용되는이메일애플리케이션에플 러그인으로사용할수있다.","키분배센터와연결되어공개키취득이어렵 다.","표준은RFC 4880에 기술되어 있다.","필짐머만(Phil Zimmermann)이개발한암호 화와서명기능을제공하는데이터보호프로 그램이다","1","","","PGP는전자메일보안을위한데이터 보호 프로그램으로RFC 4880에 기술되어 있다. 사용자들은자신의 공개키를이메일로공유하거나 키서버에 업로드하여 다른 사용자들이검색해서 받을수있으므로 공개키 취득은 비교적 쉽게 이루어진다","medium","","정보보안기사|필기|예상|천기누설 예상문제|어플리케이션 보안","2026 수제비 정보보안기사 필기 기본서 · 천기누설 예상문제 · PDF 557쪽 (인쇄 3-54) · 3번","","","","","","information-security-engineer"
"WRITTEN_CBT","어플리케이션 보안","다음 중 PGP에대한설명으로 올바르지 못한 것은?","PGP는 메시지인중 기능도 지원한다.","IDEA암호알고리즘을이용하여암호화한다.","세션키로서128비트랜덤키를사용한다.","세션키는수신자가생성한다.","1","","","•PGP는이메일에 대해 보안서비스(기밀성, 무결성, 인증)를제공하는데이터 보호프로그램이다 PGP는기밀성을위한 세션키로128비트의난수를 사용한다. PGP는기밀성을위한메시지암호화로3DES,IDEA AES 알고리즘을 사용한다. ·PGP에서세션키는발신자가세션키를수신자의 공개키로 암호화하여 수신자에게 전송한다","medium","","정보보안기사|필기|예상|천기누설 예상문제|어플리케이션 보안","2026 수제비 정보보안기사 필기 기본서 · 천기누설 예상문제 · PDF 557쪽 (인쇄 3-54) · 4번","","","","","","information-security-engineer"
"WRITTEN_CBT","어플리케이션 보안","인터넷에서 이메일을보내기위해 이용되는기본프 로토콜은 무엇인가?","IMAP","SMIP","POP3 MDA","","2","","","메일서버 내편지의제목과송신자를 IMAP 보고,메일을실제로다운로드할 것인지를결정하는프로토콜 멀리떨어져있는메일 서버에 지정된 POP3 사용자ID로접속해서,메일박스내에 도착한메일을 자신(클라이언트)에게 가져오기위해 사용되는프로토콜 MTA를통해서받은메일을사용자의","medium","","정보보안기사|필기|예상|천기누설 예상문제|어플리케이션 보안","2026 수제비 정보보안기사 필기 기본서 · 천기누설 예상문제 · PDF 558쪽 (인쇄 3-55) · 7번","","","","","","information-security-engineer"
"WRITTEN_CBT","어플리케이션 보안","다음설명하고있는 보안 전자메일 프로토콜은? 메일을안전하게전송하기위한프로토콜 -X509을통해사용자를인증 -메시지암호화기능통해메시지기밀성을제공 -DSS,RSA알고리즘을통해 부인 방지 기능제공","PEM","MIME","S/MIME","PGP","3","","","X.509, 전자서명, RSA알고리즘을 이용해메시지를 안전하게 전송하는 프로토콜은S/MIME이다 인가되지 않은 개인이나시스템에 메시지 의한접근에 따른 메시지 기밀성 공개·노출을차단하는 성질 3DES 이용해기밀성보장 메시지의 정확성, 완전성, 메시지 고의·악의로변경되거나훼손되지 무결성 않음을보장하는성질 MD5 이용해무결성보장 메시지 전송후에그사실을사후에 증명함으로써 사실부인을방지하는 부인방지 기술 DSS, RSA알고리즘을 통해 부인 방지 보장 보내는사람의신원을검증 송신자 인증 X509 인증서를통해 송신자 인증 보장","medium","","정보보안기사|필기|예상|천기누설 예상문제|어플리케이션 보안","2026 수제비 정보보안기사 필기 기본서 · 천기누설 예상문제 · PDF 558쪽 (인쇄 3-55) · 8번","","","","","","information-security-engineer"
"WRITTEN_CBT","어플리케이션 보안","IMAP에 대한설명으로 틀린것은?","IMAP은 사용자에게 원격지서버에 있는 이메 일을제공해주는프로토콜중의하나이다","IMAP으로접속하여메일을읽으면메일서버 에는 메일이 계속존재한다.","IMAP의 경우110번 포트 사용, IMAP 3의 경우 220번 포트를사용한다.","IMAP은SSL/TLS와같은보안 프로토콜을지원 하여보안성을향상시킨다.","3","","","IMAP으로접속하여메일을읽으면메일서버에는 메일이 계속 존재(메일 헤더만 보고읽을 수 있으며, 읽은메일은읽지않은메일과구분되어표시) IMAP은143번 포트 사용하고,IMAP3은220번 포트 사용, POP3가110번 포트를 사용한다. SSL/TLS와 같은보안 프로토콜을지원하여 보안성을 향상시킨다. /etc/mail/access에 관련된설명 중올바르지 못한 것은? ①access 파일은고정IP의릴레이 허용여부를설 정할수있다. ②REJECT옵션은메일의수신과발신을 거부한다 ③DISCARD옵션은 메일을수신하지만받은메 일을통보하고폐기처분한다. ④550옵션은특정도메인에관련된메일을거부 한다. IP,Domain Email Address 및네트워크별로릴레이 허용여부를설정할수 있다. REJECT ·릴레이를허용하지 않음 DISCARD 메일을릴레이하지 않고 폐기함 특정한 도메인에 대해 지정된 550 메시지로거부","medium","","정보보안기사|필기|예상|천기누설 예상문제|어플리케이션 보안","2026 수제비 정보보안기사 필기 기본서 · 천기누설 예상문제 · PDF 559쪽 (인쇄 3-56) · 10번","","","","","","information-security-engineer"
"WRITTEN_CBT","어플리케이션 보안","PGP(Pretty Good Privacy) 시스템의 전자서명(메 시지인증)에사용하는암호알고리즘은?","DES와AES","MD5또는SHA계열과RSA","SEED와 MIME","3DES와 IDEA","2","","","RSA(키교환), Diffie-Hellman, SHA, 전자서명 MD5, RIPEMD-160 기밀성 . IDEA, CAST, Triple-DES 호환성 Radix-64 변환(Radix-64 Conversion)","medium","","정보보안기사|필기|예상|천기누설 예상문제|어플리케이션 보안","2026 수제비 정보보안기사 필기 기본서 · 천기누설 예상문제 · PDF 560쪽 (인쇄 3-57) · 14번","","","","","","information-security-engineer"
"WRITTEN_CBT","어플리케이션 보안","다음 문장에서설명하는메일 보안 프로토콜은? 공인인증서를통해암호화한메일서비스를제공한다 인증메시지무결성, 부인방지메시지암호화등에사용되 며이메일클라이언트에서기본적으로지원한다","MIME","S/MIME PGP","PEM","","3","","","전자우편을 통해 ASC가 아닌 MIME 데이터가송신될수9 있도록하는 부가적인프로토콜 PGP는필짐머만(Phil Zimmermann)이| 개발한 대표적인 전자우편 프로토콜로 PGP 전자우편을암호화하고,받은 (Pretty 전자우편의 암호를해석해주는보안 Good 프로그램 Privacy) 전자서명을 이용하여인증을제공하고 대칭 블록암호를 이용해서 기밀성을 제공 PEM은중앙집중적으로키관리를 PEM 수행하는이메일보안메일 보안 프로토콜","medium","","정보보안기사|필기|예상|천기누설 예상문제|어플리케이션 보안","2026 수제비 정보보안기사 필기 기본서 · 천기누설 예상문제 · PDF 560쪽 (인쇄 3-57) · 15번","","","","","","information-security-engineer"
"WRITTEN_CBT","어플리케이션 보안","a-b1n 01-Jan-2025 12:00 01-Jan-2025 12.00 Vp-centee 01-Jan-2025 12:00 M=includen 01-Jan-2025 12:00 O 01-Jan-2025 12.00 30k 설명 ·적절한 파일및디렉터리권한을설정하여 외부에서접근할수없도록 ·웹서버설정에서인덱싱 옵션을제한 httpd.conf 파일에서 Indexes 옵션은제거하여 인택싱을 제한하도록 httpd.conf 파일에서 FollowSymLinks 옵션을제거하여 시스템에 대한 심볼링링크를허용하지못하도록설정 Options -Indexes -FollowSymLinks","경로 조작(Path/Directory Traversal; 디렉터리 접근) 개념 경로조작은입력값을조작하여접근해서는안되는디렉터리 및파일에 접근 •경로조작은HTTP 기반의 공격으로액세스가제한된디렉터리에접근하여, 서버의 루트 디렉터리에서외부명령을 실행하여파일, 웹 소스등을강제로 ·검증되지않은외부입력값을통해 파일및서버등시스템자원에대한 접근 혹은식별을허용할 경우,입력값 조작을통해시스템이 보호하는 자원에임","","","","","","","","medium","","정보보안기사|필기|예상|천기누설 예상문제|어플리케이션 보안","2026 수제비 정보보안기사 필기 기본서 · 천기누설 예상문제 · PDF 571쪽 (인쇄 3-68) · 99번","","","","","","information-security-engineer"
"WRITTEN_CBT","어플리케이션 보안","웹쿠키(Cookies)에 대한설명 중올바른것은?","쿠키는서버가아닌클라이언트에저장된다.","쿠키는웹서버에저장되므로클라이언트에서 제어할수없다.","쿠키는실행가능한파일로바이러스로동작할 수있다.","쿠키는강력한인증기능을제공한다.","1","","","쿠키는클라이언트가방문한웹사이트와관련해 로컬(클라이언트)에저장되는키와값이 들어있는 데이터파일이다 쿠키는클라이언트에저장되고,텍스트파일이므로 바이러스로동작하기어렵고,인증기능을 제공하지는 않는다. 22년1회","medium","","정보보안기사|필기|기출|지피지기 기출문제|어플리케이션 보안","2026 수제비 정보보안기사 필기 기본서 · 지피지기 기출문제 · PDF 584쪽 (인쇄 3-81) · 1번","","","","","","information-security-engineer"
"WRITTEN_CBT","어플리케이션 보안","다음중관리자페이지노출취약점을제거하기위한 점검방법으로가장 적절하지 않은 것은?","추측하기쉬운관리자페이지경로(/admin,/ managet,/system등)접근을 시도하여 관리자 페이지가 노출되는지확인한다.","추측하기 쉬운 포트(7001, 8080, 8443,8888등) 접속을시도하여관리자페이지가노출되는지 확인한다.","관리자페이지로그인후식별된하위 페이지( admin/main, asp, /admin/menu, html 등) URL 을새 세션에서직접입력하여인중과정없이 접근가능한지 확인한다.","관리자페이지로그인후세션이발행된페이 지의리퀘스트를취득하여일정시간이지난 후에재전송시정상처리가되는지확인한다","4","","","일정시간지난후에리췌스트재전송을통한정상 처리여부확인하는점검의경우세션타임아웃을 점검하는방법이다","medium","","정보보안기사|필기|기출|지피지기 기출문제|어플리케이션 보안","2026 수제비 정보보안기사 필기 기본서 · 지피지기 기출문제 · PDF 585쪽 (인쇄 3-82) · 4번","","","","","","information-security-engineer"
"WRITTEN_CBT","어플리케이션 보안","취약점제거를위해보안사항을고려하여 안전한코 드를작성하였다.다음 코드를통해차단할수있는 보안 취약점은 무엇인가? <%@ tagib prefix=C uri=http:/java_sun.com/jsp/jstl/ core""%> <%@ taglib uri=""http/java.sun.com/jsp/ist/core/func- tions"" prefix=""fn"" %> 검색결과: <c:out value=""${m.content/>","SQL Injection 취약점","XsS(Cross Site Scripting)","부적절한에러처리를통해정보노출","경로 조작(Path Traversal)취약점","2","","","검색결과인m.content에 대해 JSTL의 <c:out> 태그를사용하여 JSP출력시발생할수있는 저장형(Stored) XSs를 방지한다. 22년2회","medium","","정보보안기사|필기|기출|지피지기 기출문제|2022년|1회|어플리케이션 보안","2026 수제비 정보보안기사 필기 기본서 · 지피지기 기출문제 · PDF 585쪽 (인쇄 3-82) · 5번","2022","","","","","information-security-engineer"
"WRITTEN_CBT","어플리케이션 보안","다음중 Directory Traversal 공격에 대한설명으로 옳은 것은?","공격자가 OS의조작 커맨드를 이용하는애플 리케이션에대해서OS의 디렉터리작성커맨 드를삽입하여실행한다.","공격자가입력파라미터등에SQL문을삽입하 여애플리케이션에임의의SQL문을전달하여 실행한다.","공격자가싱글사인온을제공하는디렉터리서 비스에대해 무단으로얻은자격증명을사용 하여로그인하고여러응용프로그램을무단으 로사용한다.","공격자는파일이름을입력하는응용프로그램 에대해 상위디렉터리를의미하는문자열을 사용하여비공개파일에액세스한다.","4","","","경로조작(Path/Directory Traversal)은입력을 조작하여접근해서는안되는디렉터리 및 파일에 접근하는공격방법이다 •웹페이지에 입력한문자열이 커맨드인젝션 Perl의 system 함수나PHP의 (Command exec 함수 등에건네지는 것을 Injection) 이용해 부정하게 쉴스크립트를 실행시키는 공격 데이터베이스와 연동된웹 애플리케이션에서 공격자가 SQL 인적션 입력폼및URL 입력란에 SQL (SQL Injection) 문을삽입하여DB로부터 정보를열람할 수있는공격 기법 E","medium","","정보보안기사|필기|기출|지피지기 기출문제|2022년|4회|어플리케이션 보안","2026 수제비 정보보안기사 필기 기본서 · 지피지기 기출문제 · PDF 587쪽 (인쇄 3-84) · 10번","2022","","","","","information-security-engineer"
"WRITTEN_CBT","어플리케이션 보안","사회공학기법을악용한보이스피싱,전자금융사기등 금융소비자대상의공격이고도화·지능화됨에 따라각 금융회사는금융소비자의재산을보호하기위한시스 템으로오후9시에종로의편의점에서결제된 신용카 드가동일오후9시5분에모스크바에서결제 요청 는등의 이상 금융거래를 탐지해주는 시스템은?","FDS(Fraud Detection System)","DLP(Data Loss Prevention)","RMS(Risk Management System)","ESM(Enterprise Security Management)","1","","","FDS는금융거래등의 이상행위를 탐지하기 위한 시스템으로써,결제자의 다양한정보를수집해 패턴을만든후패턴과 다른이상결제를잡아내고 결제 경로를차단하는보안방식으로,보안솔루션에 의존하던기존보안과달리 빅데이터를바탕으로 적극적인 보안개입을수행","medium","","정보보안기사|필기|기출|지피지기 기출문제|2022년|4회|어플리케이션 보안","2026 수제비 정보보안기사 필기 기본서 · 지피지기 기출문제 · PDF 587쪽 (인쇄 3-84) · 12번","2022","","","","","information-security-engineer"
"WRITTEN_CBT","어플리케이션 보안","서버를 점검하던중다음과같은 문장이 포함된ASP 스크립트가존재하는것을알게되었다.이때의심되 는공격은? <%eval request(""amd) %>","Buffer Overflow","CSRF","웹쉘(WebShell)","DoS/DDoS","3","","","웹 웹(WebShell)은 웹 서버환경에서지원할수있는 웹 애플리케이션 언어를 기반으로 동작되는 파일로써 <%eval request""cmd"" %>과 같은 스크립트를 통해서 명령어를 전달한다. 22년4회","medium","","정보보안기사|필기|기출|지피지기 기출문제|어플리케이션 보안","2026 수제비 정보보안기사 필기 기본서 · 지피지기 기출문제 · PDF 588쪽 (인쇄 3-85) · 13번","","","","","","information-security-engineer"
"WRITTEN_CBT","어플리케이션 보안","웹응용프로그램에서 운영체제명령어삽입취약점 이존재할경우사용할수있는특수문자를사용한 명령어 조합으로 틀린 것은?","pwd;ls-al:pwd명령과ls 명령이순차적으로 실행된다.","pwd 1s -al :pwd명령이실패해야 s -al명령 이실행된다.","ls -al|more:ls명령의결값을more명령의 입력값으로사용한다.","ls&&pwd:Is 명령이실패해야pwd 명령이실 행된다.","4","","","·&&는앞의명령이 성공했을때만뒤의명령을 실행하는 논리적 AND 연산자이다 Is &&pwd는Is 명령이성공해야pwd명령이 실행된다.","medium","","정보보안기사|필기|기출|지피지기 기출문제|2022년|4회|어플리케이션 보안","2026 수제비 정보보안기사 필기 기본서 · 지피지기 기출문제 · PDF 588쪽 (인쇄 3-85) · 14번","2022","","","","","information-security-engineer"
"WRITTEN_CBT","어플리케이션 보안","검색엔진에서자동으로사이트를수집및등록하기 위해서 사용하는크롤러(Crawler)로부터 사이트를 제어하기 위해서 사용하는 파일은?","crawler, txt access, conf","httpd conf robots,txt","","","4","","","검색엔진에서 자동으로사이트를수집및등록하기 위해서 사용하는 크롤러(Crawler)로부터 사이트를 제어하기위해서 사용하는 파일은 robots.txt이다. crawler.txt는 존재하지 않는 파일이며, access.conf는 웹 서버의 접근 제어설정 파일이며 httpd.conf는 Apache 웹 서버 설정파일로 전체","medium","","정보보안기사|필기|기출|지피지기 기출문제|2023년|1회|어플리케이션 보안","2026 수제비 정보보안기사 필기 기본서 · 지피지기 기출문제 · PDF 588쪽 (인쇄 3-85) · 16번","2023","","","","","information-security-engineer"
"WRITTEN_CBT","어플리케이션 보안","웹사이트의 쿠키(Cookie)에 대한설명으로틀린것 은?","Set-Cookie 헤더를통해쿠키를설정","여러개의값을추가시""/""특수문자를사용","쿠키의구조는이름=값형태로구성","사용자PC에저장","2","","","쿠키의여러값이존재하는경우세미콜론(:)을 사용해서 값을 구분한다","medium","","정보보안기사|필기|기출|지피지기 기출문제|2023년|1회|어플리케이션 보안","2026 수제비 정보보안기사 필기 기본서 · 지피지기 기출문제 · PDF 589쪽 (인쇄 3-86) · 18번","2023","","","","","information-security-engineer"
"WRITTEN_CBT","어플리케이션 보안","경로조작(Path Traversal)이란 입력값을 조작하여 접근해서는 안되는 디렉터리및파일에 접근하는것 을말한다. 다음 중 이를 막기 위해필요한필터링문 자는?",": (colon)",".. (dot dot)","; (semicolon)","– (hyphen)","2","","","경로조작에대한대응방안으로는파일명에 /(Slash), \(Backslash), …(Dot Dot) 문자는 필터링한다","medium","","정보보안기사|필기|기출|지피지기 기출문제|어플리케이션 보안","2026 수제비 정보보안기사 필기 기본서 · 지피지기 기출문제 · PDF 589쪽 (인쇄 3-86) · 20번","","","","","","information-security-engineer"
"WRITTEN_CBT","어플리케이션 보안","File Incusion 취약점에 대한설명으로옳은것을모 두고른것은? LFl(Local File Inclusion)는 로컬에 있는 파일을 노출하 거나실행시킬 수있는공격 기법이다. RFl(Remote Fle Inclusion)는원격에 있는 파일을노 출하거나실행시킬수있는공격기법이다 파일을읽을수있는AP는모두공격대상이 된다","Path Traversal 패턴을 사용하여 공격을 시도해볼 수 있다. 심각도에 따라 XSS,DoS 같은공격을야기할수있다","","","","4","","","파일삽입 취약점은공격자가 악성 서버스크립트를 서버에 전달하여 해당페이지를 통해 악성 코드가 실행되도록 하는 취약점이다 파일을 읽을 수 있는 AP는 모두 공격 대상이 되며, Path Traversal 패턴을사용하여 공격을시도가 가능하며, 심각도에 따라 XSS, DoS 공격이 발생하기도한다. 23년 2회","medium","","정보보안기사|필기|기출|지피지기 기출문제|2023년|2회|어플리케이션 보안","2026 수제비 정보보안기사 필기 기본서 · 지피지기 기출문제 · PDF 591쪽 (인쇄 3-88) · 23번","2023","","","","","information-security-engineer"
"WRITTEN_CBT","어플리케이션 보안","다음 문장에서설명하는 것은? HTML 문서내에서링크(target이_blank인태그)를클릭 했을 때 새롭게 열린 탭(페이지)에서 기존의 문서인 ko- cation을피싱사이트로 변경해정보를 탈취하는공격 기술을말한다.이공격은메일이나SNS와같은오픈커 뮤니티에서 사용될 수있다.사용자의 클릭을 유도하여 웹브라우저의 탭을피싱 사이트로이동시키는기존의 피싱기법과달리사용자가페이지에서 아무런행위를 하지않아도사용자의눈을피해열린 탭중하나를피싱 페이지로로드한다","Tabphishing Tabnabbing","Tabsmishing )TabSnooping","","","2","","","탑내빙(Tabnabbing)은HTML문서 내에서 링크(target이_blank인 태그)를 클릭했을 때새롭게 열린 탭(또는 페이지)에서 기존의 문서인location을","medium","","정보보안기사|필기|기출|지피지기 기출문제|2023년|2회|어플리케이션 보안","2026 수제비 정보보안기사 필기 기본서 · 지피지기 기출문제 · PDF 591쪽 (인쇄 3-88) · 24번","2023","","","","","information-security-engineer"
"WRITTEN_CBT","어플리케이션 보안","다음은시큐어코딩을통해 보안약점을제거하였다. 코드에 대한 설명으로옳은 것은? public static void main(String args) throws IOExcep- tion{ List<String> allowedCommands = new ArrayList<String>0: allowedCommands.add('notepad'); allowedCommands.add(""calc); String amd = args[O]: if(allowedCommands.contains(cmd) System.errprintin(""허용되지 않은 명령어입니다.): retum; ± Process ps = null; try{ ps = Runtime.getRuntimeQexec(cmd): (생략)","허용된프로그램이아닌 경우에러메시지를 출력한다.","실행할수있는프로그램을제한하였다","보안약점이제거되지않아추가수정이 필요 하다.","해당애플리케이션에서노트패드를실행할수 있다.","3","","","실제로는허용된프로그램일때에러메시지를 출력하는프로그램이다 실행할 수있는 프로그램을제한하려고했으나 잘못된 조건문으로허용되지 않은 프로그램이 실행될 수있으며, 리스트에 존재하는notepad는 실행될수 없다. 조건문이잘못된보안약점이제거되지않은 코드로써 다음과 같은수정이 필요하다 if(allowedCommands.contains(cmd))→ if(lallowedCommands.contains(cmd))","medium","","정보보안기사|필기|기출|지피지기 기출문제|2023년|2회|어플리케이션 보안","2026 수제비 정보보안기사 필기 기본서 · 지피지기 기출문제 · PDF 591쪽 (인쇄 3-88) · 25번","2023","","","","","information-security-engineer"
"WRITTEN_CBT","어플리케이션 보안","관리자페이지 노출취약점에 대한대응이 아닌것 은?","관리자계정이름바꾸기","IP접근제어","접근권한통제","역할에따른관리자수증가","4","","","관리자수를증가시키는것은취약점대응이되지 않으며, 오히려 보안 위험을증가시킬수 있다 24년1회","medium","","정보보안기사|필기|기출|지피지기 기출문제|어플리케이션 보안","2026 수제비 정보보안기사 필기 기본서 · 지피지기 기출문제 · PDF 592쪽 (인쇄 3-89) · 26번","","","","","","information-security-engineer"
"WRITTEN_CBT","어플리케이션 보안","다음중웹페이지태그의기능에대한설명으로옳지 않은 것은 무엇인가?","<script> - JavaScript 코드를 웹페이지에 포함 하여동적기능을추가한다","<iframe>-악성스크립트의삽입을방지한다.","<meta>-웹페이지의 메타데이터를 제공한다.","<link> - 외부 스타일시트나 리소스를 페이지 에연결하여스타일을 적용한다.","2","","","<iframe>태그는웹페이지 내에외부웹페이지나 콘텐츠를삽입하는데사용되며,자체적으로악성 스크립트삽입을방지하지 않는다.오히려악성 콘텐츠가 포함될수있는페이지를임베드할 수 있기 때문에 보안에 주의가 필요한 태그이다 24년1회","medium","","정보보안기사|필기|기출|지피지기 기출문제|2024년|1회|어플리케이션 보안","2026 수제비 정보보안기사 필기 기본서 · 지피지기 기출문제 · PDF 592쪽 (인쇄 3-89) · 27번","2024","","","","","information-security-engineer"
"WRITTEN_CBT","어플리케이션 보안","다음 중 SQL Injection에 대한 대응 방안이 아닌것 은 무엇인가?","입력값을사전에검증하여위험한문자를필 터링한다.","준비된퀴리(Prepared Statements)를사용한다.","전송되는 데이터를SSL 암호화한다.","","1","","","","medium","","정보보안기사|필기|기출|지피지기 기출문제|2024년|1회|어플리케이션 보안","2026 수제비 정보보안기사 필기 기본서 · 지피지기 기출문제 · PDF 592쪽 (인쇄 3-89) · 28번","2024","","","","","information-security-engineer"
"WRITTEN_CBT","어플리케이션 보안","다음 취약한예시코드에대한설명으로틀린것은? String nm = props.getProperty('name""): String pw = props.getPropertyC'password); ·(중략) XPathFactory factory = XPathFactorynewinstanceQ: XPath xpath = factory.newXPathO: …(중략) XPathExpression expr = xpath.compile( users/user[login/text0=""+nm+* and password/text0="" +pw+""/home_dir/textO""); Object result = expr.evaluate(doc XPathConstants NODESET); Nodel ist nodes = (NodeList) resuit for (int i=O; i<nodes.getLength(); i++){ String value = nodes item(i.getNodeValue0): if (valueindexOf(>) < 0){ } }","XPath를이용한삽입공격이다.","입력값검증미흡으로인한공격이가능하다.","다른경로에대한접근이가능하다","Command를통해OS명렁어가수행된다.","4","","","이코드는XPath를사용하여XML 문서를쿼리하는 코드로, XPath삽입 공격에취약할 수 있다. ·입력값검증이미흡하여인증시에 사용자입력을 제대로 필터링하지 않으면 악의적인 입력으로 다른 경로에 접근할 가능성이 있다. ·이코드에서는OS 명령어를 수행하거나 Command","medium","","정보보안기사|필기|기출|지피지기 기출문제|어플리케이션 보안","2026 수제비 정보보안기사 필기 기본서 · 지피지기 기출문제 · PDF 592쪽 (인쇄 3-89) · 29번","","","","","","information-security-engineer"
"WRITTEN_CBT","어플리케이션 보안","다음설명에 해당하는 SQL Injection 공격의 유형으 로가장 적절한 것은? DB쿼리에대한오류메시지를 반환하지않더라도 퀴리 결과의참과거짓을이용해의도하지않은SQL문을실행 함으로써데이터베이스를비정상적으로공격하는기법","Union-Based SQL Injection","Eror-Based SQL Injection","Mass SQL Injection Blind SQL Injection","","4","","","·퀴리의 UNION연산자를이용하여 Union SQL 한 쿼리의결과를다른 쿼리의 Injection 결과에결합하여공격하는 기법 Error- •DB쿼리에 대한에러값을기반으로 Based SQL 한단계씩점진적으로DB정보를 Injection 획득할수있는공격기법 ·기존 SQL Injection의 확장된 Mass SQL 개념으로한번의공격으로대량의 Injection DB 값이 변조되어 홈페이지에 치명적인영향을미치는공격기법","medium","","정보보안기사|필기|기출|지피지기 기출문제|2024년|4회|어플리케이션 보안","2026 수제비 정보보안기사 필기 기본서 · 지피지기 기출문제 · PDF 594쪽 (인쇄 3-91) · 35번","2024","","","","","information-security-engineer"
"WRITTEN_CBT","어플리케이션 보안","검증되지 않은외부입력값이운영체제명령문생성 에사용되어악의적인OS명령어가실행될수있는 보안 취약점은?","SQL Injection","Command Injection","XSS )SSRF","","","","","SQL질의문을생성할때 SQL삽입 검증되지 않은 외부 입력 값을 (SQL 허용하여악의적인질의문을 Injection) 실행할수있는 보안약점 사용자 브라우저에검증되지 크로스 사이트 않은 외부입력값을허용하여 스크립트 악의적인스크립트를실행할수 (XSS) 있는 보안약점 운영체제 운영체제명령어를생성할 때 명령어삽입 검증되지 않은 외부 입력값을 (Command 허용하여 악의적인명령어를 Injection) 실행할수있는보안약점 서버간처리되는요청에 서버 사이드 검증되지 않은 외부 입력값을 요청 위조 허용하여공격자가의도한 (SSRF) 서버로전송하거나 변조하는 보안약점","medium","","정보보안기사|필기|기출|지피지기 기출문제|2024년|4회|어플리케이션 보안","2026 수제비 정보보안기사 필기 기본서 · 지피지기 기출문제 · PDF 595쪽 · 3번","2024","","","","","information-security-engineer"
"WRITTEN_CBT","어플리케이션 보안","SQL Injection에 대한해결방법의 하나로사용자가 입력한 값을별도의매개변수로전달하여데이터베 이스로정적인SQL질의가전달되도록하는기법 은?","특수문자검증","매개변수바인딩","인스턴스검증","충돌회피","2","","","·SQL Injection에 대응하기 위해 동적 SQL 쿼리를 사용하지 않는다 외부입력값이삽입되는SQL 쿼리문을동적으로 생성해서 실행하지않도록해야하므로,매개 변수화된 쿼리인준비된 명령문(Prepared Statement)을 사용한다. 24년4회","medium","","정보보안기사|필기|기출|지피지기 기출문제|어플리케이션 보안","2026 수제비 정보보안기사 필기 기본서 · 지피지기 기출문제 · PDF 595쪽 · 36번","","","","","","information-security-engineer"
"WRITTEN_CBT","어플리케이션 보안","","","","","","2","","","","medium","","정보보안기사|필기|기출|지피지기 기출문제|2024년|4회|어플리케이션 보안","2026 수제비 정보보안기사 필기 기본서 · 지피지기 기출문제 · PDF 595쪽 · 38번","2024","","","","","information-security-engineer"
"WRITTEN_CBT","어플리케이션 보안","다음 문장은 어떤취약점에대한설명인가? 웹애플리케이션에서사용자입력값에대한필터링이제 대로 이루어지지 않을경우공격자는 사용자입력값을받 는게시판URL등에 악의적인스크립트(avascipt VB- Saript ActivexX Flash 등)를 삽입하여 게시글이나이메일 을읽는사용자의쿠키(세션를탈취하여 도용하거나악 성코드유포사이트로 Redrect할수있다","LDAP인적션","크로스사이트스크립팅","버퍼오버플로우","SSI인적션","2","","","LDAP명령문을생성할때 검증되지 않은 외부 입력 값을 LDAP삽입 허용하여 악의적인명령어를 실행할수있는 보안 약점 사용자 브라우저에 검증되지 않은 크로스사이트 외부입력값을허용하여악의적인 스크립트 스크립트를실행할수있는보안 (XSS) 약점 메모리버퍼의경계값을넘어서 메모리버퍼 메모리값을읽거나저장하여 오버플로우 예기치 않은결과가발생하는 보안 약점 SSI인적션 서버에서처리하는SSI명령어를 (Server-Side 조작하여명령어실행유도하는 Includes) 취약점","medium","","정보보안기사|필기|기출|지피지기 기출문제|어플리케이션 보안","2026 수제비 정보보안기사 필기 기본서 · 지피지기 기출문제 · PDF 596쪽 (인쇄 3-93) · 39번","","","","","","information-security-engineer"
"WRITTEN_CBT","어플리케이션 보안","SQLInjection 공격과관련한설명으로틀린것은?","SQL Injection은임의로 작성한 SQL구문을애 플리케이션에삽입하는공격방식이다.","SQL Injection 취약점이발생하는곳은 주로 웹 애플리케이션과데이터베이스가 연동되는부 분이다.","DBMS의 종류와 관계없이 SQL Injection 공격 기법은모두동일하다","로그인과같이 웹에서사용자의입력값을받아 데이터베이스SQL 문으로데이터를요청하는 경우SQLInjection을수행할수있다.","3","","","SQL 삼입 공격은 데이터베이스종류에 따라 약간씩 다른 공격기법을 필요로 하며 로그인하는웹 애플리케이션에서 패스워드 부분에XXOR 1=1--와 같은 쿼리를 삽입하여 DB가 연동될때참으로 인식하여 로그인을 통과한다. 25년1회","medium","","정보보안기사|필기|기출|지피지기 기출문제|2025년|1회|어플리케이션 보안","2026 수제비 정보보안기사 필기 기본서 · 지피지기 기출문제 · PDF 596쪽 (인쇄 3-93) · 40번","2025","","","","","information-security-engineer"
"WRITTEN_CBT","어플리케이션 보안","다음은SQL Injection 공격에 대한 예시이다. 이공 격방식으로가장 적절한SQL 인적션 유형은? 1 AND (SELECT COUNT(*) FROM users WHERE user_ id=admin' AND SUBSTR(password,1.1)=a) > 0 --","Mass SQL Injection","Union SQL Injection","Blind SQL Injection","Stored Procedure SQL Injection","3","","","해당공격방식은퀴리결과의참과거짓을통해 의도하지 않은SQL을실행하는 Blind SQL InjectionO다. Error Based SQL injection과 동일한 방식을 이용할 수도 있으나 별도의 에러 페이지가 없이 참/거짓 시간차이 등을이용한경우BlindSQL","medium","","정보보안기사|필기|기출|지피지기 기출문제|2025년|1회|어플리케이션 보안","2026 수제비 정보보안기사 필기 기본서 · 지피지기 기출문제 · PDF 596쪽 (인쇄 3-93) · 41번","2025","","","","","information-security-engineer"
"WRITTEN_CBT","어플리케이션 보안","다음에서설명하는보안대책은어떤공격에 대한보 안대책인가? 사용자가 입력한문자열의<>&""""등을문자변환 함수나메서드를사용하여&it&gt&amp로치환한 다. 사용자입력값에 대한검증은반드시서버단에서해 야한다 HTML 태그를허용하는게시판에서는지원하는 HTML 태그의리스트를선정한후,해당태그만허용 하는방식을 적용한다","XsS(Cross-Site Scripting)","GET Flooding","SQL Injection","","1","","","","medium","","정보보안기사|필기|기출|지피지기 기출문제|2025년|2회|어플리케이션 보안","2026 수제비 정보보안기사 필기 기본서 · 지피지기 기출문제 · PDF 597쪽 (인쇄 3-94) · 43번","2025","","","","","information-security-engineer"
"WRITTEN_CBT","어플리케이션 보안","다음 파일이제한하려고하는 것은 무엇인가? User-Agent: Disallowed /owner Disallowed: /manager Disallowed /admin Disallowed /m/admin","관리자페이지경로에대한접근을금지","검색엔진이관리자페이지경로를크롤링하는 것을금지","사용자계정생성을금지","","2","","","","medium","","정보보안기사|필기|기출|지피지기 기출문제|2025년|2회|어플리케이션 보안","2026 수제비 정보보안기사 필기 기본서 · 지피지기 기출문제 · PDF 598쪽 (인쇄 3-95) · 46번","2025","","","","","information-security-engineer"
"WRITTEN_CBT","어플리케이션 보안","다음의 웹 로그에 대한설명으로 옮지 않은것은? 192.168.1.10 - - [09/Mar/2025:10:15:32 +0900] ""GET/ login.php?username=admin'--&password=1234 HTTP/1.1"" 200 512 ""-"" ""Mozila/5.O"" 192.168.1.11 - - [09/Mar/2025:10:16:10 +0900] ""GET / searchphp7query=%27+OR+1%3D1-- HTTP/1.1"" 200 340 """"Mozilla/5.O"" 192.168.1.12-- [09/Mar/2025:10:16:45 +0900]""P0ST/ loginphp HTTP/1.1"" 500 O ""-""curl/7.68.O"" 192.168.1.12-- [09/Mar/2025:10:16:46 +0900]""P0ST/ loginphp HT TP/1.1 200 512 """"""cur/7.68.O"" 192.168.1.20 - - [ [09/Mar/2025:11:02:10 +0900] ""GET/ product.php7id=1+UNION+SELECT+1,usermame,pass- word+FROM+userS- HTTP/1.1"" 20O 1024 ""_"" ""Mozil- la/5.0"" 192.168.1.21 - - [09/Mar/2025:11:03:45 +0900] 'GET/ profile.php?user_id=-1+UNION+SELECT+1,email.pass- word+FROM+users- HTTP/1.1 200 890 *-""Mozil- la/5.0""","해당로그를보아admin으로비밀번호없이로 그인을하는행위를시도하였다.","쿼리에or 1=1를통해서뒤에퀴리부의무효화 를시도하였다.","Union Select를 사용해 Usemame과 Password 를조회 시도한대표적인SQLInjection 방식이 다.","DoS공격의한유형으로써, 서버의 가용성을 공격하였다.","1","","","주어진웹로그에서나타난 것은DoS 공격이 아닌 SQL Injection 공격이며 이는 사용자의 Usernameol나 Password와 같은 데이터탈취 또는 인증우회를목적으로 한다.","medium","","정보보안기사|필기|기출|지피지기 기출문제|2025년|4회|어플리케이션 보안","2026 수제비 정보보안기사 필기 기본서 · 지피지기 기출문제 · PDF 600쪽 (인쇄 3-97) · 51번","2025","","","","","information-security-engineer"
"WRITTEN_CBT","어플리케이션 보안","웹서버 유형이 아닌것은?","nginx","apache","openstack","tomcat","3","","","openstack은웹서버가 아닌클라우드컴퓨팅 플랫폼이다. --","medium","","정보보안기사|필기|기출|지피지기 기출문제|어플리케이션 보안","2026 수제비 정보보안기사 필기 기본서 · 지피지기 기출문제 · PDF 600쪽 (인쇄 3-97) · 52번","","","","","","information-security-engineer"
"WRITTEN_CBT","어플리케이션 보안","다음은웹 보안공격방지에 대한설명을나열한것 이다.어떤 웹 보안 공격을 방지하기 위한설명인가? 모든정보를서버 내에서저장 관리하는Server Side Session방식을사용한다 SMS인증과 같은 2차 인증을 이용하도록 구현한다. 사용자 PC에 저장되는쿠키정보는안전하지 않으ㅁ 로암호화하여변조를방지한다","SQL Injection","XSS","Cookie 보안취약점","위험한형식의파일업로드","3","","","Cookie 중요정보 포함 대응 방안은 다음과 같다. Client Side Session 방식인 Cookie는 그구조상 다양한취약점에 노출될 수있으므로가능한웹 서버에서제공되는 Server Side Session을 을사용","medium","","정보보안기사|필기|예상|천기누설 예상문제|어플리케이션 보안","2026 수제비 정보보안기사 필기 기본서 · 천기누설 예상문제 · PDF 601쪽 (인쇄 3-98) · 1번","","","","","","information-security-engineer"
"WRITTEN_CBT","어플리케이션 보안","웹 응용프로그램에서사용자로부터입력문자열을 처리하기 전에<>등을 치환하는것은어떤공격에 대응하기 위한 것인가?","xsS(Cross-Site Scripting)","SQL Injection","Buffer Overflow","Race Condition","1","","","입력값에대해 특수문자들을변환 변경전 변경후 XSS &lt; > &gt; & &amp: SQL 사용자입력시특수문자""/W;:Space 삽입 등)가 포함되어있는지 검사","medium","","정보보안기사|필기|예상|천기누설 예상문제|어플리케이션 보안","2026 수제비 정보보안기사 필기 기본서 · 천기누설 예상문제 · PDF 601쪽 (인쇄 3-98) · 3번","","","","","","information-security-engineer"
"WRITTEN_CBT","어플리케이션 보안","다음중웹을 통한 SQL Injection 공격방지 방법으 로가장 부적절한것은?","원시ODBC 에러를사용자가볼수없도록코 딩","데이터베이스애플리케이션을최소권한으로 구동","데이터베이스확장프로시저사용","테이블이름,컬럼이름등이외부에노출되지 않도록설정","3","","","확장 프로시저는 SQLServer에서 외부 프로그램을 실행하거나시스템리소스에 접근하는 기능으로 잘못사용될경우 보안취약점을유발할수있다. 불필요한 확장 프로시저의 사용은SQL Injection 공격의 가능성을 높일 수 있다.","medium","","정보보안기사|필기|예상|천기누설 예상문제|어플리케이션 보안","2026 수제비 정보보안기사 필기 기본서 · 천기누설 예상문제 · PDF 602쪽 (인쇄 3-99) · 5번","","","","","","information-security-engineer"
"WRITTEN_CBT","어플리케이션 보안","웹과데이터베이스를연동한 애플리케이션에서 SQL Injection공격을방어하기위한방지법이 아닌 것은?","로그인창에특수기호를넣지못하도록한다","인증시에2채널인증을한다.","원시 ODBC에러를출력한다.","스니핑을통해서모니터링을하고취약점을개 선한다.","3","","","원시 ODBC에러를출력하게 되면 공격자도에러 내용을 알게 된다.","medium","","정보보안기사|필기|예상|천기누설 예상문제|어플리케이션 보안","2026 수제비 정보보안기사 필기 기본서 · 천기누설 예상문제 · PDF 602쪽 (인쇄 3-99) · 6번","","","","","","information-security-engineer"
"WRITTEN_CBT","어플리케이션 보안","다음은웹서비스에대한 SQL Injection 공격에 대한 내용이다.아래 내용을 분석할 때 공격자가알수있 는 정보가 아닌 것은? [SQL Injection] /readasp?Id=10 UNION SELECT TOP 1 login_name FROM admin_login-- [Eror Message] Microsoft OLE DB Provider for ODBC Drivers error '80040e08' [Microsoft[ODBC SQL Server Driver][SQL Server] Syntax error converting the mvarchar value K test"" to a columnof data type int /readasp. line 5","피해시스템은MSSQL을데이터베이스로사 용하고있다.","admin_login에k_test라는계정이있는것을알 수있다.","read,asp의 id 파라미터에 SQL Injection 취약점 이 존재한다. 4 )admin_login 테이블의 login_name 컬럼의 data type은 nvarchar 타입이다.","","2","","","admin_login에 k_test라는 계정이있는지는 알수 없다.","medium","","정보보안기사|필기|예상|천기누설 예상문제|어플리케이션 보안","2026 수제비 정보보안기사 필기 기본서 · 천기누설 예상문제 · PDF 602쪽 (인쇄 3-99) · 7번","","","","","","information-security-engineer"
"WRITTEN_CBT","어플리케이션 보안","다음중파일업로드공격에대한대응방법이아닌 것은?","저장경로는비공개 디렉터리에 위치시켜웹을 이용한 직접접근을차단한다","업로드되는 파일을 저장할 때에는 파일명과 확 장자를외부사용자가 추측할수없는문자열 로변경하여저장한다.","화이트리스트방식으로업로드를허용한다.","웹인터페이스를이용하여서버내부로시스템 명령어를전달시키지않도록 웹애플리케이션 을구성한다","","","","웹인터페이스를이용하여서버내부로시스템 명령어를 전달시키지 않도록 웹 애플리케이션을 구성하는 방식은 OS 명령어 주입 공격에 대한 대응방법이다.","medium","","정보보안기사|필기|예상|천기누설 예상문제|어플리케이션 보안","2026 수제비 정보보안기사 필기 기본서 · 천기누설 예상문제 · PDF 604쪽 · 11번","","","","","","information-security-engineer"
"WRITTEN_CBT","어플리케이션 보안","웹애플리케이션취약점중운영체제명령실행취약 점의 대응 방법으로옳지 않은 것은?","애플리케이션은운영체제로부터명령어를 직 접적으로 호출되지 않도록 구현한다.","입력값에대한파라미터데이터의&,문자 에대한필터링처리를한다.","명령실행제한을두기위해디렉터리에는실 행설정을제거한다.","명령어를 직접호출하는 것이필요한 경우데 이터가OS의 명령어해석기에 전달되기 전에 입력값을 검증하도록구현한다.","","","","디렉터리의 실행 설정을 제거하는 것은 운영체제 명령실행취약점에대한해결책이아니라위험한 형식 파일 업로드약점에 대한 대응 방법이다.","medium","","정보보안기사|필기|예상|천기누설 예상문제|어플리케이션 보안","2026 수제비 정보보안기사 필기 기본서 · 천기누설 예상문제 · PDF 604쪽 · 12번","","","","","","information-security-engineer"
"WRITTEN_CBT","어플리케이션 보안","홈페이지에 대한 변조공격의원인 및 대응방안에 대한설명으로 틀린것은?","서버운영자의잘못된보안설정으로홈페이지 디렉터리에 쓰기 권한이 부여된 경우 공격할 수있다.","확장자,쓰기권한,첨부파일기능등을제한하 여파일업로드를제한하도록한다.","서비스운영시GET이나POST메서드를제한 한다.","업로드파일에대한실행권한을제거한다.","","","","서버 운영자의잘못된보안설정으로홈페이지 디렉터리에 쓰기권한이 부여된경우위험한형식 파일이업로드가 가능하다 업로드취약점에 대응하기위해 확장자,쓰기 권한 첨부파일 기능등을제한하여파일업로드를 제한하며,업로드파일에 대한 실행권한을제거한다. 서비스운영시GET이나POST메서드를제한을 하는경우 정상적인웹서비스제공이불가하다","medium","","정보보안기사|필기|예상|천기누설 예상문제|어플리케이션 보안","2026 수제비 정보보안기사 필기 기본서 · 천기누설 예상문제 · PDF 604쪽 · 13번","","","","","","information-security-engineer"
"WRITTEN_CBT","어플리케이션 보안","대구성시장애 대비를위해각각다른네트워크에 배치하는 것이좋음 DNS요청및 응답 처리를 위해방화벽에서포트","","","","","","","","","medium","","정보보안기사|필기|예상|천기누설 예상문제|2024년|2회|어플리케이션 보안","2026 수제비 정보보안기사 필기 기본서 · 천기누설 예상문제 · PDF 607쪽 · 2번","2024","","","","","information-security-engineer"
"WRITTEN_CBT","어플리케이션 보안","번(UDP/TCP)을허용해야함 웹서버나DB서버 등과혼합사용을피하고DNS용도로만 사용하는것이 안정성측면에서유리함","","","","","","","","","medium","","정보보안기사|필기|예상|천기누설 예상문제|2024년|2회|어플리케이션 보안","2026 수제비 정보보안기사 필기 기본서 · 천기누설 예상문제 · PDF 607쪽 · 53번","2024","","","","","information-security-engineer"
"WRITTEN_CBT","어플리케이션 보안","DNS서비스운영 (1) DNS 질의 종류[24년 4회] DNS 질의 종류 종류 구성도 지역네임 리졸ㅂ 루트네임 서버 서버 재귀질의 (Recursive 호스트 TLD 네임 Query) 서버 책임네임 서버 루트네임 서버 반복질의 (Iterative 스트 서버 재역네임 TLD 네임 서버 Query) 7 책임 네임 서버 (2) DNS 응답 종류 DNS 응답 종류 종류 권한 있는응답 (Authoritative Answer) 응답하는방식 권한 없는응답 질의를위임받은권한없는네임서버의캐시에서찾은결과를 (Non-Authoritative","","","","","","","","","medium","","정보보안기사|필기|예상|천기누설 예상문제|어플리케이션 보안","2026 수제비 정보보안기사 필기 기본서 · 천기누설 예상문제 · PDF 608쪽 · 2번","","","","","","information-security-engineer"
"WRITTEN_CBT","어플리케이션 보안","과목에 스푸핑공격들 기억 속하게 만드는 공격기법이다. 나시나요? 스푸핑 중에 ARP 스푸핑IP스푸핑DNS 스푸","","","","","","","","","medium","","정보보안기사|필기|예상|천기누설 예상문제|어플리케이션 보안","2026 수제비 정보보안기사 필기 기본서 · 천기누설 예상문제 · PDF 613쪽 · 2번","","","","","","information-security-engineer"
"WRITTEN_CBT","네트워크 보안","DNS보안 •DNSSEC은IP 네트워크를통해 전송되는 데이터의 보안을 위해 DNS 레코드 에추가되는 암호화 서명이다. ·DNSSEC은DNS가 가지고 있는 보안 취약점을 극복하기 위한 DNS 확장 표준 프로토콜이다 •DNSSEC은 전자 서명을 통해 모든 데이터를 인증(Authentication), 데이터 위 조-변조공격방지를통한무결성(Integrity)을 제공한다. (2) DNS싱크홀","DNS 싱크흘(DNS Sinkhole) 개념[23년1회, 25년2회] ·DNS 싱크홀은악성 봇에감염된PC인봇넷이 해커의명령을받기 위해C&C","","","","","","","","medium","","정보보안기사|필기|예상|천기누설 예상문제|네트워크 보안","2026 수제비 정보보안기사 필기 기본서 · 천기누설 예상문제 · PDF 618쪽 · 5번","","","","","","information-security-engineer"
"WRITTEN_CBT","어플리케이션 보안","DNS 유틸리티 [24년2회,4회] (1) nslookup","nslookup 개념 nslookup은DNS 서버를 통해 도메인이름과 IP 주소 간의 변환 정보인 DNS 록업을 확인할 수있는 명령어이다. nslookup 명령어 nslookup [도메인이름 또는 IP 주소] 파라미터 도메인 이름 또는 검색하려는도메인이름이나 IP 주소를지정 IP주소 도메인이름과IP주소중어느하나를사용할수있음 예 www.soojebi.com사이트에대한nslookup명령어실행 C:w> nslookup www.soojebi.com 서버: www.soojebi.com Address: 1.2.3.4 nslookup 명령어에서set type을 통해 유형에 대한 값을 확인할 수있다. (2) dig","dig(Domain Information Groper) 개념 •dig명령어는DNS네임서버에쿼리를보내기위한 명령어이다.","dig 명령어 dig [도메인 이름][쿼리 유형] 파라미터 도메인 이름 ·검색하려는도메인 이름을지정","","","","","","medium","","정보보안기사|필기|예상|천기누설 예상문제|어플리케이션 보안","2026 수제비 정보보안기사 필기 기본서 · 천기누설 예상문제 · PDF 620쪽 · 6번","","","","","","information-security-engineer"
"WRITTEN_CBT","어플리케이션 보안","다음중리버스도메인에 대한설명이잘못된것은?","도메인이름을IP주소로변환하기위해네임 서버에설정하는특수도메인이다.","IP주소를도메인이름으로변환하기위해네임 서버에설정하는특수도메인이다.","""역질의""라고도한다.","IP주소에 해당하는숫자와특수문자열in-ad- dr.apa로구성되어 있다.","","","","도메인이름을 IP 주소로변환하는방식은DNS의 기본질의방식이다. 리버스도메인은IP주소를도메인이름으로 변환하기위해네임서버에설정하는특수 도메인으로 역질의라고도 한다. IP주소를리버스도메인으로변환하려면IP주소를 역으로나열하고 in-addr.arpa라는 특수 도메인을 붙인다.","medium","","정보보안기사|필기|기출|지피지기 기출문제|2022년|1회|어플리케이션 보안","2026 수제비 정보보안기사 필기 기본서 · 지피지기 기출문제 · PDF 622쪽 · 1번","2022","","","","","information-security-engineer"
"WRITTEN_CBT","어플리케이션 보안","DNS서버가 알고있는모든 유형의레코드를리턴 하고DNS관련DoS(서비스거부)공격에 많이이용 되는 질의 유형은?","NS","ANY 3 )TXT","","","","","","ANY는 해당도메인에대한모든유형의레코드 정보를 요청하는 질의 유형으로DNS관련DoS 공격에 많이 이용되는 질의 유형이다 도메인 이름을 책임 네임서버의호스트 NS 이름으로매핑하는레코드 DNS 질의(Query)에서만 사용되는 질의 유형 해당 도메인에대한 모든유형의레코드 ANY 정보를요청하는질의 유형 응답 시 크기가크기 때문에DNS 증폭 공격에 주로사용 ·호스트 이름을IPV4주소로매핑하는 A 레코드 도메인 이름을텍스트 문자열에 매치하는데사용하는레코드 TXT 일반적으로SPF(Sender Policy Framework)레코드를 등록하는 데 사용","medium","","정보보안기사|필기|기출|지피지기 기출문제|2022년|1회|어플리케이션 보안","2026 수제비 정보보안기사 필기 기본서 · 지피지기 기출문제 · PDF 622쪽 · 2번","2022","","","","","information-security-engineer"
"WRITTEN_CBT","어플리케이션 보안","DNS(Domain Name System)에 대한 설명으로틀 린것은?","DNS서비스는클라이언트에해당하는리졸버 (Resolver)와 서버에 해당하는 네임서버 (Name Server)로 구성되며, DNS 서비스에 해 당하는 포트는53번이다.","주(Primary) 네임 서버와 보조(Secondary) 네 임서버는DNS서비스제공에필요한 정보가 포함된존(Zone)파일을 기초로 리졸버로부터 의요청을처리한다.","ISP등이운영하는캐시네임서버가관리하는 DNS 캐시에 IP주소, UDP 포트 번호,DNS 메 시지ID값이조작된정보를추가함으로써 DNS캐시 포이즈닝(Poisoning)공격이 가능하 다.","DNSSEC 보안 프로토콜은 초기 DNS서비스가 보안 기능이포함되지않았던문제점을해결하 기위해 개발되었으며, DNS데이터의비밀성, 무결성, 출처인증등의기능을제공한다.","4","","","•DNS 구성 요소는 네임 서버, 리졸버이다 보조DNS서버는주DNS 서버로부터 존전송을 이용해주기적으로도메인의업데이트된정보를 가져와 동기화한다. DNS 스푸핑(DNS캐시 포이즈닝)은 DNS 응답을 조작하거나DNS서버의캐시 정보를조작하여 사용자가의도하지 않은 웹 사이트로접속하게 만드는 공격 기법이다. DNSSEC은DNS클라이언트에게 DNS 데이터의 메시지인증, 실체에 대한 인증 거부,데이터 무결성을 제공하지만가용성이나 비밀보장을 제공하지는 않는다.","medium","","정보보안기사|필기|기출|지피지기 기출문제|2022년|2회|어플리케이션 보안","2026 수제비 정보보안기사 필기 기본서 · 지피지기 기출문제 · PDF 623쪽 · 3번","2022","","","","","information-security-engineer"
"WRITTEN_CBT","어플리케이션 보안","DNS서비스를위해 BIND설치 시관련이 없는 항목은?","/etc/named conf","/etc/named iscdlv, key","/etc/named, rfc1912, zones","/etc/root, mdc,key","1","","","BIND설치항목은 다음과 같다. named.conf . DNS서버의전반적인환경 설정을담당하는파일 named.iscdlv. • ISC DLV 서비스를사용하는 경우필요한 키를 바인드할 때 key 사용하는파일 . 개별 도메인에 대한설정을 named.rfc1912. 담당하는파일 zones 존파일을설정할때사용 BIND서버와RNDC 도구와의 rndc.key","medium","","정보보안기사|필기|기출|지피지기 기출문제|2022년|4회|어플리케이션 보안","2026 수제비 정보보안기사 필기 기본서 · 지피지기 기출문제 · PDF 623쪽 · 5번","2022","","","","","information-security-engineer"
"WRITTEN_CBT","어플리케이션 보안","다음 문장에서설명하는공격 대응 방법은? 악성봇에감염된PC를해커가제어하지못하도록하는 방법으로악성봇이해커의제어서버에연결시도시특 정서버로우회접속되도록하여해커의악의적인명령 을 전달받지못하도록 한다","DNS라우팅","DNS스푸핑","DNS 워홀","DNS싱크홀","4","","","","medium","","정보보안기사|필기|기출|지피지기 기출문제|어플리케이션 보안","2026 수제비 정보보안기사 필기 기본서 · 지피지기 기출문제 · PDF 624쪽 · 7번","","","","","","information-security-engineer"
"WRITTEN_CBT","어플리케이션 보안","다음 중 DNS 증폭공격(DNS Amplification DDoS Attack)에 대한설명으로 틀린것은?","DNS질의는DNS질의량에비하여DNS서버 의 응답량이훨씬크다는점을이용한다.","DNS프로토콜에는 인증 절차가 없다는 점을 이용한다.","Open DNS Resolver 서버에 DNS Query의 Type을""Any""로 요청한다. 4 대응방안으로DNS서버 설정을통해내부사 용자의 주소만반복 쿼리(Iterative Query)를 허 용한다.","","4","","","·공격자는작은크기의DNS질의패킨을 증폭 보내면서,DNS서버의 취약점을 효과 이용하여 응답을증폭 ·증폭을위해DNS 질의로ANY 유형 이용 공격자는공격트래픽의출처 IP주소를 피해 대상의IP 주소로위조하여 요청을 오픈 전송 DNS 서버 DNS 프로토콜에는 인증 절차가 없기 때문에 공격자의 변조된 DNS 질의에 응답 DNS서버설정을 통해 인증되지 않은 외부 사용자의 경우에도 재귀 질의(Recursive Query)를 금지하고","medium","","정보보안기사|필기|기출|지피지기 기출문제|2023년|1회|어플리케이션 보안","2026 수제비 정보보안기사 필기 기본서 · 지피지기 기출문제 · PDF 624쪽 · 8번","2023","","","","","information-security-engineer"
"WRITTEN_CBT","어플리케이션 보안","다음 중DNS Cache Poisoning에의해 유발될수 있 는공격으로가장 적절한 것은?","DoS(Denial of Service)","Phaming )Zero-day Ransomware","","","2","","","DNS Cache Poisoning은 공격자가 DNS 응답을 조작하여DNS 서버나 클라이언트의 캐시에 악성 IP 정보를저장하게 하는 공격으로 이로 인해 사용자가 정상적인 도메인을 입력해도 공격자가 설정한 악성 웹사이트로리디렉션된다. 이와 같은 방식으로 합법적인웹사이트를위조 사이트로유도된다","medium","","정보보안기사|필기|기출|지피지기 기출문제|2024년|2회|어플리케이션 보안","2026 수제비 정보보안기사 필기 기본서 · 지피지기 기출문제 · PDF 626쪽 · 14번","2024","","","","","information-security-engineer"
"WRITTEN_CBT","어플리케이션 보안","다음중DNS 대상의 데이터 위조-변조공격을방지 하기 위한인터넷 표준기술은?","AES","DNSSEC","HTTPS","TLS/SSL","2","","","DNSSEC은IP 네트워크를통해 전송되는데이터의 보안을위해DNS레코드에추가되는암호화 서명이다 전자서명을통해모든데이터를 인증(Authentication), ""데이터 위조-변조 공격""을 방지를 통한무결성(Integrity)을 제공한다.","medium","","정보보안기사|필기|기출|지피지기 기출문제|어플리케이션 보안","2026 수제비 정보보안기사 필기 기본서 · 지피지기 기출문제 · PDF 626쪽 · 16번","","","","","","information-security-engineer"
"WRITTEN_CBT","어플리케이션 보안","다음중 특정 도메인의 위임권한을가진 Authorita- tive 네임 서버(DNS) 구성 시 기본 충족요건에 대한 설명으로 틀린 것은?","Failover를 위해 1차는 해당 도메인의 Zone 설 정을 가지고 있는 Authoritative로 구성하고, 2 차는 ISP에서 제공하는 리커시브(Recursive)로 구성하는것이좋다.","2대로구성시에는서로다른네트워크로분산 구성하는것이좋다.","방화벽을구성한다면inbound 53/udp 및53/ tcp에 대해허용하여야 한다.","가급적DNS서버에는웹서버나DB등다른용 도와혼합하여사용하지않는 것이 좋다.","1","","","재귀(리커시브)DNS는캐시기반 질의응답을위한 서버이지,도메인 네임을 Authoritative하게 관리하지 않는다 1차(Primary)와 2차(Secondary)는 모두 해당 도메인의 존정보를 가지고있어야 하며,2차도 반드시 권한 있는(Authoritative) DNS여야 Failover 시올바르게 응답할 수 있다 24년 4회","medium","","정보보안기사|필기|기출|지피지기 기출문제|어플리케이션 보안","2026 수제비 정보보안기사 필기 기본서 · 지피지기 기출문제 · PDF 627쪽 · 17번","","","","","","information-security-engineer"
"WRITTEN_CBT","어플리케이션 보안","다음은 중간자공격를 이용한 DNS 스푸핑(DNS Spoofing) 공격의절차를 설명한 것이다. 이를 올바 른순서대로나열한 것은? 해커는악성DNS서버 또는조작된IP주소를포함한 응답을 사용자에게 전송한다 ©사용자의웹브라우저는위조된 IP주소또는악성웹 사이트로접속된다 ©사용자가 특정도메인에대한DNS 질의를보낸다","해커는사용자의DNS 질의를감지하여가짜응답을 준비한다","→©→","→","©→","2","","","중간자 공격을 이용한DNS스푸핑의공격절차는 다음과 같다. ·사용자가네임서버로DNS 질의를보내는 1 것을확인하고있다가 질의를하면해커가 감지 해커는자신이설정한악성네임서버 또는 조작된 IP주소를사용자에게응답으로제공 2 사용자는정상적인DNS 응답을받더라도 해커의DNS 응답이먼저 도착하면해커의 DNS 응답을DNS 질의에 대한 유효한 응답으로받아들임 사용자의웹 브라우저는 악성 웹사이트 또는 3 위조된IP 주소로 리디렉션되어 사용자는 의도하지 않은 악성 사이트에 접속","medium","","정보보안기사|필기|기출|지피지기 기출문제|2025년|1회|어플리케이션 보안","2026 수제비 정보보안기사 필기 기본서 · 지피지기 기출문제 · PDF 628쪽 · 21번","2025","","","","","information-security-engineer"
"WRITTEN_CBT","어플리케이션 보안","다음 중DNS(Domain Name System)에 대한설명 으로가장적절한것은?","DNS는IP주소를사람이기억하기쉬운MAC 주소로변환하는역할을한다.","DNS는이메일을송수신하는프로토콜로, 포트 25번을사용한다.","DNS는도메인이름을IP주소로변환해주는시 스템으로,인터넷통신의 기본 인프라 역할을 한다.","DNS는클라이언트가 인터넷에 직접연결되지 않고서버를대신사용하는보안터널기술이다.","3","","","DNS는호스트의 도메인 이름을호스트의 네트워크 주소로바꾸거나그 반대의 변환을 수행하는 프로토콜이다 일반적으로UDP 53번 포트를 사용하지만,패킨의 크기가512바이트를초과하거나기타특수한 경우에는 TCP 53번 포트를 사용한다. 25년4회","medium","","정보보안기사|필기|기출|지피지기 기출문제|2025년|1회|어플리케이션 보안","2026 수제비 정보보안기사 필기 기본서 · 지피지기 기출문제 · PDF 628쪽 · 22번","2025","","","","","information-security-engineer"
"WRITTEN_CBT","어플리케이션 보안","클라이언트는DNS 질의가 요청되었을경우제일먼 저DNS Cache를 확인하게되는데,다음에서수행된 DNS Cache를 확인하는명령어는? ds.kisa.orkr 데이터 이름 ds.kisaor.kr 데이터유형1 TTL(Time To Live) 7972 데이터길이4 색션응답 (호스트)레코드123.123.123.123","ipconfig /dnsdisplay","ipconfig /displaydns","ipconfig /flushdns","ipconfig /dnsflush","2","","","시스템의 모든네트워크 인터페이스에대한상세 정보를 ipconfig /all 출력 • DNS 구성정보도포함 ipconfig . DNS캐시를비움 /flushdns ipconfig 시스템의DNS캐시에저장된모든 /displaydns DNS레코드를출력 ipconfig . 시스템이로컬DNS서버에자신의 /registerdns 이름을 등록하도록 요청","medium","","정보보안기사|필기|예상|천기누설 예상문제|어플리케이션 보안","2026 수제비 정보보안기사 필기 기본서 · 천기누설 예상문제 · PDF 630쪽 · 3번","","","","","","information-security-engineer"
"WRITTEN_CBT","어플리케이션 보안","DNS를이용해 다른대상을공격하는기법이 다.","","","","","3","","","DNS Water Torture 공격은실제로랜덤한 하위 도메인 질의를 직접수행하는방식의공격으로 별도의 IP위조가 불필요하다. DNS 증폭 DNS질의보다 응답패킨의 공격 사이즈가 큰것을이용한다. DNS 캐시 ·DNS 캐시 테이블에공격자가 포이즈닝 의도한피싱 사이트를캐싱한다 Reflection DNS를이용해 다른대상을 공격 공격하는 기법이다.","medium","","정보보안기사|필기|예상|천기누설 예상문제|어플리케이션 보안","2026 수제비 정보보안기사 필기 기본서 · 천기누설 예상문제 · PDF 631쪽 · 4번","","","","","","information-security-engineer"
"WRITTEN_CBT","어플리케이션 보안","DNS Water Torture 공격에 대한 설명으로옳은 것 은?","DNS질의에출발지IP를 위조할필요가없다.","DNS질의보다응답 패킷의사이즈가큰것을 이용한다.","DNS캐시 테이블에공격자가 의도한 피싱사 이트를캐싱한다","","1","","","","medium","","정보보안기사|필기|예상|천기누설 예상문제|어플리케이션 보안","2026 수제비 정보보안기사 필기 기본서 · 천기누설 예상문제 · PDF 631쪽 · 6번","","","","","","information-security-engineer"
"WRITTEN_CBT","어플리케이션 보안","데이터베이스 보안 (1) 데이터베이스보안의 개념 •데이터베이스 보안은데이터베이스에 저장되어 있는 데이터가 기밀성,무결 성,가용성이 침해당하지않도록안전하게 보호하기 위한활동이다. •허가받지않은접근이무단으로데이터베이스를사용하거나변경/파괴/유출 하는행위로부터 보호하기 위한행위이다. 애플리케이션 네트워크 서베 서버 인터페이스 사용자 DBMS DBMS 데이터베이스 데이터 데이터베이스 데이터","","","","","","","","","medium","","정보보안기사|필기|예상|천기누설 예상문제|어플리케이션 보안","2026 수제비 정보보안기사 필기 기본서 · 천기누설 예상문제 · PDF 634쪽 · 2번","","","","","","information-security-engineer"
"WRITTEN_CBT","어플리케이션 보안","데이터베이스 공격 (1) 데이터베이스보안 위협 요소 데이터베이스 보안위협 요소 위협 설명 데이터 노출 ·정보의일부 또는전체가데이터 소유자나관리자의 (Disclosure) 의사에반하여고의적으로공유되거나공개되는행위 데이터의 데이터가정당한권한을가지지 부적절한변경 애플리케이션 또는프로세스에의해우발적/부당한 (Modification) 방법이나절차에의해 악의적으로바뀌는행위 정보시스템의데이터나자원을정당한사용자가 적절한 서비스 거부 대기시간내에사용하는것을방해하는행위 (DoS) DB의세션자원 소진,옵티마이저오작동등 (2) 데이터베이스공격 유형 [23년2회,25년4회] 데이터베이스 공격 유형 공격 설명 ·낮은보안등급의정보 조각을 집합성(Aggregation) 조합하여높은 등급의 정보를 공격 알아내는공격 ·보안으로분류되지 않은정보에 추론(Inference) 공격 접근한후기밀정보를유추하는 공격 데이터디들링 처리할자료를다른자료와바뀌서 (Data Diddling) 처리하는공격 데이터베이스 보안 기술 (1) )데이터베이스 보안 통제 [22년4회] 데이터베이스보안통제 통제 설명 데이터베이스는사용자가 가진접근 접근통제 권한에 따라서논리적으로분리 간접적으로노출된데이터노출을 추론 통제 통해다른데이터를추론하여다른 데이터가 공개되는것을방지","","","","","","","","","medium","","정보보안기사|필기|예상|천기누설 예상문제|어플리케이션 보안","2026 수제비 정보보안기사 필기 기본서 · 천기누설 예상문제 · PDF 636쪽 · 3번","","","","","","information-security-engineer"
"WRITTEN_CBT","어플리케이션 보안","MS SQL서버의인증모드에대한설명중성격이다 른하나는?","SQL Server 기본 인증 모드이다.","데이터베이스관리자가사용자에게접근권한 부여가가능하다.","원도우즈인증로그온추적시SID값을사용한 다. 트러스트되지않은연결(QL 연결)을사용한 다.","","4","","","트러스트되지 않은 연결(SQL연결)을 사용하여 접속하는 방식은MS SQL 서버의 인증모드중 혼합모드이며 나머지는 윈도우 인증(기본 인증)의 설명이다. 22년 2회","medium","","정보보안기사|필기|기출|지피지기 기출문제|2022년|2회|어플리케이션 보안","2026 수제비 정보보안기사 필기 기본서 · 지피지기 기출문제 · PDF 645쪽 · 2번","2022","","","","","information-security-engineer"
"WRITTEN_CBT","어플리케이션 보안","다음 중데이터베이스 보안 유형에해당하지 않는 것은?","접근 제어(Access Control)","허가 규칙(Authorization Rule)","암호화(Encryption)","정보 집계(Aggregation)","4","","","정보 집계(Aggregation)는 데이터베이스의 공격 유형에 속한다 데이터베이스 보안 기술 접근 제어/암호화/작업 결재/ 접암작취 취약점 분석/허가 규칙/가상 허가인 테이블/ 인증 22년 4회","medium","","정보보안기사|필기|기출|지피지기 기출문제|어플리케이션 보안","2026 수제비 정보보안기사 필기 기본서 · 지피지기 기출문제 · PDF 646쪽 · 4번","","","","","","information-security-engineer"
"WRITTEN_CBT","어플리케이션 보안","다음 중DDL(Data Definition Language)에 포함되 는쿼리는?","CREATE","SELECT","INSERT","UPDATE","1","","","GRANT, REVOKE, DENY, COMMIT, DCL ROLLBACK DDL •CREATE, ALTER, ADD, DROP, MODIFY DML •SELECT, INSERT, ,UPDATE, DELETE","medium","","정보보안기사|필기|기출|지피지기 기출문제|2023년|2회|어플리케이션 보안","2026 수제비 정보보안기사 필기 기본서 · 지피지기 기출문제 · PDF 646쪽 · 7번","2023","","","","","information-security-engineer"
"WRITTEN_CBT","어플리케이션 보안","다음중데이터베이스 보안을위한설정및명령어의 의미로 틀린 것은?","alter login sa with password-'test_password'; S계정암호변경","ExEC sp_dropsrvrolemember 'user01', 'sysad- min′; user01및 sysadmin 계정을 삭제","CREATE PROFILE grace_5 LIMIT FAILED_LOGIN_ATTEMPTS 3; →lock걸리기전까지패스워드실패3번까지만 가능","CREATE PROFILE grace_5 LIMIT PASSWORD_LOCK_TIME 1; 암호입력실패하였을경우1일동안해당계 정에대해kock유지","2","","","EXEC sp_dropsrvrolemember'userO1, 'sysadmin':는 userO1을 sysadmin 역할에서 제거하는 명령어이다. 계정을삭제하는것이아니라해당역할을제거하는 명령어이다.","medium","","정보보안기사|필기|기출|지피지기 기출문제|2023년|4회|어플리케이션 보안","2026 수제비 정보보안기사 필기 기본서 · 지피지기 기출문제 · PDF 647쪽 · 10번","2023","","","","","information-security-engineer"
"WRITTEN_CBT","어플리케이션 보안","다음중관계형데이터베이스의용어설명이옳은것 은?","튜플(Tuple): 릴레이션의 각 열(Column)","속성(Attribute):수학의관계개념을이용해데 이터들을정의하고설명한모델","스키마(Schema): 테이블의구조","널(Null):각필드에입력가능한값들의범위","3","","","속성 ·데이터에대한고유한특성을 (Attribute) 나타내는테이블의열 튜플 ·테이블의각행 (Tuple) 스키마 데이터베이스에저장되는 (Schema) 데이터 구조와제약조건 널 데이터베이스의해당항목에 (Null) 값이없음을표현 24년 1회,25년 2회","medium","","정보보안기사|필기|기출|지피지기 기출문제|어플리케이션 보안","2026 수제비 정보보안기사 필기 기본서 · 지피지기 기출문제 · PDF 648쪽 · 11번","","","","","","information-security-engineer"
"WRITTEN_CBT","어플리케이션 보안","DB 접근제어 유형이 아닌것은?","Gateway","Sniffing","Agent","TDE","4","","","TDE방식은DB 접근제어방식이 아닌데이터베이스 내 데이터를암호화하여 보호하는DB암호화 방식이다.","medium","","정보보안기사|필기|기출|지피지기 기출문제|어플리케이션 보안","2026 수제비 정보보안기사 필기 기본서 · 지피지기 기출문제 · PDF 648쪽 · 12번","","","","","","information-security-engineer"
"WRITTEN_CBT","어플리케이션 보안","DBMS(Database Management System) 보안관리 로옳은것을 모두 고른것은? 설치 후root 계정에 대한 비밀번호를새로설정한다 ©일반사용자에게모든테이블에대한모든접근권한 을부여한다 ©불필요한 데이터베이스는삭제한다","데이터베이스에대해최신보안패치와벤더권고사 항을모두적용한다","","","","4","","","DBMS의보안관리를위해서root의Default 비밀번호를변경하여야 하며,불필요한 데이터베이스는 삭제하여 노출되지 않게 하며 데이터베이스에 대해 최신 보안 패치 및제품벤더의 권고사항은 모두 적용해야 한다.","medium","","정보보안기사|필기|예상|천기누설 예상문제|어플리케이션 보안","2026 수제비 정보보안기사 필기 기본서 · 천기누설 예상문제 · PDF 649쪽 · 3번","","","","","","information-security-engineer"
"WRITTEN_CBT","어플리케이션 보안","데이터베이스의 권한 관리를 위한 DCL(Data Con- trol Language)에 해당하는 질의문이아닌 것은?","GRANT","DENY REVOKE","SELECT","","4","","","SELECT는 대표적인 DML(Data Manipulation Language)이다. GRANT ·사용권한부여 DENY ·사용권한차단 REVOKE ·사용권한취소 COMMIT ·조작 작업 정상완료 ROLLBACK ·조작 작업 비정상적 종료","medium","","정보보안기사|필기|예상|천기누설 예상문제|어플리케이션 보안","2026 수제비 정보보안기사 필기 기본서 · 천기누설 예상문제 · PDF 650쪽 · 4번","","","","","","information-security-engineer"
"WRITTEN_CBT","어플리케이션 보안","다음 중괄호 안에 들어갈 내용으로옳은 것은? 데이터베이스내부에서자체 암호화는일반적으로DB 에서의 암호화는 Procedure, View,( )를활용하여 수행하는데 DBMS 제조사에 따라기능적 차이가있다","Columns","Row Table","Trigger","","4","","","TDE를 통한DB 암호화는Procedure, View, Trigger를 활용하여 수행하는 데 구현 방식은 DBMS의 제조사에 따라 기능적 차이가 있다.","medium","","정보보안기사|필기|예상|천기누설 예상문제|어플리케이션 보안","2026 수제비 정보보안기사 필기 기본서 · 천기누설 예상문제 · PDF 650쪽 · 5번","","","","","","information-security-engineer"
"WRITTEN_CBT","어플리케이션 보안","다음 문장에서설명하고있는 데이터베이스위협은? -가장널리 사용되며위협적인 네트워크기반보안공 격이다 -웹 응용프로그램 페이지의 특성을 활용하여 조작된 SQL명령어를데이터베이스서버에 전송한다 -데이터의 삭제/변경및조건에 따라임의의OS명령수 행등이가능하다 일반적으로대량의데이터추출을위해해당공격이 이용된다. DSQL Injection","SQL Scanning","SQL Parser","Web Shell","","1","","","SQL Injection은웹응용프로그램의 취약점을 이용해조작된SQL명령어를삽입함으로써 데이터베이스서버를공격하는기법이다. SQLInjection은데이터의 삭제/변경및조건에 따라 임의의 OS 명령수행한다.","medium","","정보보안기사|필기|예상|천기누설 예상문제|어플리케이션 보안","2026 수제비 정보보안기사 필기 기본서 · 천기누설 예상문제 · PDF 651쪽 · 10번","","","","","","information-security-engineer"
"WRITTEN_CBT","어플리케이션 보안","다음중DB정보의위험평가절차를순서대로나열 한것은? 자산식별 ㄴ위험식별 ©발생가능성식별","영향도식별 ©위험도식별 ©보안대책식별","결과식별","ㄱ→ㄴ→©→","→→θ→¸","1","","","데이터베이스정보위험평가 절차 자산식별/위험식별/발생가능성 자위발영 위보결 식별/영향도식별/위험도식별/ 보안대책식별/결과식별","medium","","정보보안기사|필기|예상|천기누설 예상문제|어플리케이션 보안","2026 수제비 정보보안기사 필기 기본서 · 천기누설 예상문제 · PDF 652쪽 · 12번","","","","","","information-security-engineer"
"WRITTEN_CBT","어플리케이션 보안","애플리케이션 01 애플리케이션 1 애플리케이션 변보안 (1) CVE와 CWE CVE의구문 학습 Point CVE의알려진취약점공격 구문 에 대한 익스플로잇 모듈을 제공하는 침투 테스트 CVE-YYYY-NNNN.N PoC(Proof of Concept)을 할 수 있도록 제공되는 도구는 Metasploit입니다 CVE-2024-0001, CVE-2024-123456","CwE(Common Weakness Enumeration) 개념 분류하기 위한 표준 공개 카테고리 체계이다. 주요 CWE 분류체계 분류 체계 CWE-699 CWE-700 CWE/SANS Top 25 CWE-900 - OWASP Top 10 CWE-928 CWE-1000 취약점에","","","","","","","","medium","","정보보안기사|필기|예상|천기누설 예상문제|어플리케이션 보안","2026 수제비 정보보안기사 필기 기본서 · 천기누설 예상문제 · PDF 653쪽 · 2번","","","","","","information-security-engineer"
"WRITTEN_CBT","어플리케이션 보안","애플리케이션보안취약점사례 (1) 하트 블리드(CVE-2014-0160)","하트 블리드(Heartbleed) 개념 하트 블리드는OpenSSL 암호화 라이브러리의 하트비트라는 확장 모들에서 클라이언트요청메시지를처리할 때 데이터길이 미검증으로64KB크기의 데이터를외부에서제한없이 탈취할 수 있는 취약점이다.","하트블리드공격절차 사이즈 데이터 Heartbeat_request 40 00 -ABCD"" 사이즈 검증x 공격자 사이즈 데이터 OpenSSL서버 40 00 Heartbeat_response 시스템 메모리 내용 + “ABCD"" 하트블리드의공격절차도 하트블리드공격절차 순서 공격 절차 1 Request 공격 서버에전송 서버는공격자가 요청한길이(최대64KB)만큼메모리에서 2 Response 데이터를추출하여공격자에게 응답 하트블리드대응방안 하트블리드대응방안 확인방법 설명 영향을받지 않는 버전으로OpenSSL업데이트 영향받는버전 버전업데이트 영향 받지 않는 버전 Heartbeat Rule •IDS 및 IPS에서 Heartbeat Request에서 Request 페o로드의 탐지 길이(Payload Length)필드와실제 데이터 길이 간의 불일치를확인 ssl/d1_bothc 파일확인하여취약점이존재하는지 여부를 확인하여 소스코드 확인 커스터마이징이된부분은직접소스코드를수정","","","","","","","medium","","정보보안기사|필기|예상|천기누설 예상문제|어플리케이션 보안","2026 수제비 정보보안기사 필기 기본서 · 천기누설 예상문제 · PDF 654쪽 · 2번","","","","","","information-security-engineer"
"WRITTEN_CBT","어플리케이션 보안","다음중산업용 장비의 제어에사용되는PLC(Pro- grammable Logic Controller) 시스템을공격 대상 으로 한 악성 코드는?","스덕스넷(Stuxnet)","크립토로커(CryptoLocker)","코드레드(CodeRed)","슬래머(Slammer)","1","","","스터스넷은 독일 지멘스사의 SCADA(산업용 감시 관리) 및PLC(산업용 장비 제어)시스템을 목표로 제작된 악성 코드로원자력, 전기, 철강,반도체화학 등주요산업기반 시설의 제어 시스템에침투해 오작동을일으키는 악성 코드이다","medium","","정보보안기사|필기|기출|지피지기 기출문제|어플리케이션 보안","2026 수제비 정보보안기사 필기 기본서 · 지피지기 기출문제 · PDF 661쪽 · 1번","","","","","","information-security-engineer"
"WRITTEN_CBT","어플리케이션 보안","다음 문장에서설명하는 취약점은? 키교환과정에서RSA기반의취약한암호화를사용함 으로써 TLS Connection 정보가 탈취되고, 탈취한 TLS Connection 정보에 Brute-Force 복호화공격을 통해 비 밀키정보가유출되어다른사람의통신을읽거나홈칠 수있는 공격","DROwN(Decrypting RSA with Obsolete and Weakened eNcryption) ) Poodle(Padding Oracle On Downgraded Leg- acy Encryption)","Hearbleed","Shellshock","","1","","","DROWN은 키 교환 과정에서RSA기반의 취약한 암호화를 사용함으로써 TLS Connection 정보가 탈취되고,탈취한 TLSConnection 정보에 Brute-Force 복호화 공격을 통해 비밀키 정보가 유출되어 다른 사람의 통신을읽거나홈칠 수 있는 공격이다.","medium","","정보보안기사|필기|예상|천기누설 예상문제|어플리케이션 보안","2026 수제비 정보보안기사 필기 기본서 · 천기누설 예상문제 · PDF 662쪽 · 2번","","","","","","information-security-engineer"
"WRITTEN_CBT","어플리케이션 보안","다음문장에서설명하는내용에대한조치 방법으로 틀린것은? 웹사이트에중요정보(개인정보, 계정정보,금융정보 등)가 노출되거나에러발생 시과도한 정보(애플리케이 선정보,DB정보,웹서버 구성정보,개발과정의코멘 트등)가노출될경우공격자들의2차공격을위한정보 로활용될수있다","사용자가주민등록번호뒷자리,비밀번호입력 시별표표시하는등마스킹처리를하여주변 사람들에게노출되지않도록 한다.","웹페이지를운영서버에이관시주석은모두 제거하여이관한다.","중요정보(개인정보, 계정정보금융정보등)를 HIML소스에포함하지않도록 한다","로그인실패시반환되는에러메시지는회원 을위해특정D의가입여부를식별할수있게 구현한다","4","","","보안기능의대응방안에서중요정보 마스킹 처리하고 운영이관시주석제거하고,중요정보의 하드코딩을제거해야 한다. 사용자가 주민등록번호 뒷자리, 중요정보 비밀번호입력시별표표시하는등 마스킹 마스킹처리를하여주변사람들에게 처리 노출되지 않도록 수정 운영이관 웹페이지를운영서버에이관시 시주석 제거 주석은모두제거하여이관 중요정보 ·중요정보(개인정보,계정정보 하드코딩 제거 금융정보등)를HTML 소스에서제거 로그인실패시반환되는에러메시지는회원을위해 특정ID의가입여부를식별할수있게구현하는","medium","","정보보안기사|필기|기출|지피지기 기출문제|2023년|4회|어플리케이션 보안","2026 수제비 정보보안기사 필기 기본서 · 지피지기 기출문제 · PDF 667쪽 · 2번","2023","","","","","information-security-engineer"
"WRITTEN_CBT","어플리케이션 보안","다음 문장의 괄호안에들어갈적당한용어는? ( )취약점은클라이언트에서 애플리케이션템플릿 (Template)을처리할 때발생하는공격이다. ( )취약점은서버가 아닌웹브라우저나모바일앱 등 사용자가 대상이되며, XSS 등 클라이언트 측(Cli- ent-Side)에서 발생할 수있는공격들로 연계된다","sSTI(Server-Side Template Injection)","CSTI(Client-Side Template Injection)","SSRF(Server Side Request Forgery)","","2","","","","medium","","정보보안기사|필기|기출|지피지기 기출문제|2024년|4회|어플리케이션 보안","2026 수제비 정보보안기사 필기 기본서 · 지피지기 기출문제 · PDF 668쪽 · 4번","2024","","","","","information-security-engineer"
"WRITTEN_CBT","어플리케이션 보안","실행경로에대해서 접근제어를검사하지 않거나불 완전하게구현하여공격자로하여금값을변조하여 중요정보에접근가능해지는취약점인 파라미터변 조취약점에 대한 보안대책으로 맞지 않는 것은?","소스코드가공개된잘알려진라이브러리나 프레임워크를사용","클라이언트입력값에대해서버측에서사용자 검증구현","사용자의 권한에 따른ACL(Access Control List) 관리 중요한정보가있는페이지는재인증적용","","1","","","입력값 ·클라이언트입력값에대해서버 검증 측에서사용자검증구현 최소 권한 사용자의 권한에 따른ACL(Access 관리 Control List)관리 재인증 중요한정보가있는 페이지는 적용 재인증을 적용","medium","","정보보안기사|필기|예상|천기누설 예상문제|어플리케이션 보안","2026 수제비 정보보안기사 필기 기본서 · 천기누설 예상문제 · PDF 669쪽 · 3번","","","","","","information-security-engineer"
"WRITTEN_CBT","어플리케이션 보안","전자상거래 보안","","","","","","","","","medium","","정보보안기사|필기|예상|천기누설 예상문제|어플리케이션 보안","2026 수제비 정보보안기사 필기 기본서 · 천기누설 예상문제 · PDF 670쪽 · 1번","","","","","","information-security-engineer"
"WRITTEN_CBT","어플리케이션 보안","전자지불시스템 (1)전자지불시스템(Electronic Payment System)개념 ·전자지불 시스템은현금,수표 신용카드등 기존의 화페개념을네트워크상 으로 옮겨 디지털화한 무형의 화폐 또는 지불 수단을 이용하여 상품 구매및 서비스 이용에 대한 대금 지불을 전자적인방법으로 처리하는시스템이다 (2) 전자 지불 시스템 분류 전자지불 시스템은전자화폐 시스템과지불브로커 시스템으로분류할수있 다.","전자화페시스템 ⑦전자화폐 시스템(Digital Currency System) 개념 ·전자화폐 시스템은지불브로커없이 독립적인 신용 구조를 가진형태로현금 과유사한 개념의 전자적 지불 수단이다. 4전자화폐안전성 요구사항 ·전자화폐의안전성 요구사항은N회 사용가능성,이중 사용 방지 독립성,양 도성, 오프라인성, 분할성,익명성,익명성 취소가능성이 있다. 전자화폐 안전성 요구사항 요구사항 N회사용가능성 여러번나누어사용할수있어야하는성질 (N-Spendability) 이중사용방지 불법 사용자가 전자화폐를 복사 및위조하여사용하는행위를 (복사 및 위조 방지) 방지할 수있어야 하는성질 독립성 ·다른물리적 매체에의존하지 않고 디지털데이터자체로 (완전정보화) 화폐가치를가져야하는성질 양도성","","","","","","","","medium","","정보보안기사|필기|예상|천기누설 예상문제|어플리케이션 보안","2026 수제비 정보보안기사 필기 기본서 · 천기누설 예상문제 · PDF 670쪽 · 1번","","","","","","information-security-engineer"
"WRITTEN_CBT","어플리케이션 보안","전자상거래","","","","","","","","","medium","","정보보안기사|필기|예상|천기누설 예상문제|어플리케이션 보안","2026 수제비 정보보안기사 필기 기본서 · 천기누설 예상문제 · PDF 670쪽 · 3번","","","","","","information-security-engineer"
"WRITTEN_CBT","어플리케이션 보안","전자상거래 지불 프로토콜 (1) SET","SET(Secure Electronic Transaction) 개넘 [25년1] SET은VISA와Master Card 사가 신용카드를기반으로 인터넷상의 전자 결제 를안전하게이용할 수있도록마련한 전자 결제 프로토콜이다 ·SET은 온라인 비즈니스 지불 구조를 정의한 종합적인 보안 프로토콜이다. •SET은 전자봉투 기술과이중서명 기술을사용한다.","SET 장단점[22년 4회, 23년2회] SET장단점 장점 암호프로토콜이너무복잡 ·전자거래의사기를방지 ·기존의신용카드 기반을그대로 활용 •상점에 소프트웨어를 요구 상인에게지불정보 노출을해결","","","","","","","medium","","정보보안기사|필기|예상|천기누설 예상문제|2025년|1회|어플리케이션 보안","2026 수제비 정보보안기사 필기 기본서 · 천기누설 예상문제 · PDF 674쪽 · 2번","2025","","","","","information-security-engineer"
"WRITTEN_CBT","어플리케이션 보안","전자상거래응용보안 (1) 전자문서","전자문서의개념 전자 문서는 정보처리시스템에 의하여 전자적 형태로 작성,송신,수신 또는 저장된 정보를말한다.","전자문서의유형[25년4회] 전자문서의 유형 유형 거래당사자가 직접송수신하는정보전달방식 ·주문서·납품서·청구서 등 무역에 필요한 각종 서류를 표준화된 EDI(Electronic Data Interchange) 컴퓨터 통신망을이용하여거래처에 전송","","","","","","","medium","","정보보안기사|필기|예상|천기누설 예상문제|어플리케이션 보안","2026 수제비 정보보안기사 필기 기본서 · 천기누설 예상문제 · PDF 676쪽 · 3번","","","","","","information-security-engineer"
"WRITTEN_CBT","어플리케이션 보안","다음 문장에서설명하는것은? -카드사용자상점,지불-게이트웨이간에안전한채널 을제공한다 -신용카드번호가상점에는알려지지 않고 지불-게이트 웨이에알려진다 -상점에의한사기가능성이감소한다 -서명 기능이 있어부인방지서비스를제공한다","SSL(Secure Socket Layer)","SET(Secure Electronic Transaction)","SOC(Security Operation Center)","Lattice Security Model","3","","","SET은VISA와 Master Card 사가 신용카드를 기반으로 인터넷상의 I전자 결제를안전하게이용할 수 있도록 마련한 전자 결제과정 표준안이자 프로토콜이다 SET의 특징에는 트랜책션 정보의 기밀성 보장 데이터의 무결성,카드소지자 및 상점의 상호 인증이 있다. SET은온라인 비즈니스지불구조를 정의한 종합적인 보안 프로토콜이다. SET은전자봉투 기술과이중서명 기술을사용한다.","medium","","정보보안기사|필기|기출|지피지기 기출문제|어플리케이션 보안","2026 수제비 정보보안기사 필기 기본서 · 지피지기 기출문제 · PDF 680쪽 · 2번","","","","","","information-security-engineer"
"WRITTEN_CBT","어플리케이션 보안","다음은 전자화폐에서사용되는 프로토콜에대한설명이 다.지문에서설명한프로토콜을올바르게나열한것은? (가) 사용자와은행 사이에서 수행되는프로토콜로은행 이사용자에게전자화폐를발급해 주는절차를명 세한프로토콜이다 (나) 사용자와상점사이에서 수행되는프로토콜로사용 자가구매대금으로자신의전자화폐를상점에지 불하는과정을명세한프로토콜이다 (다)상점과은행사이에서수행되는프로토콜로상점이 사용자로부터 받은 전자화폐를 은행이 결제해 주는 프로토콜이다","(가): 인출 프로토콜(나): 지불 프로토콜(다): 예치프로토콜","(가): 인출 프로토콜(나): 예치 프로토콜(다): 지불프로토콜","(가): 지불 프로토콜(나): 인출 프로토콜(다): 예치프로토콜","(가): 예치 프로토콜(나): 지불 프로토콜(다): 인출프로토콜","1","","","전자화페시스템은 사용자,상점서버, 금융기관으로 구성되어 있다. 상점과은행사이에서수행되는 예치 프로토콜 프로토콜 (Deposit : 상점이 사용자로부터 받은 Protocol) 전자화폐를은행이결제해주는 프로토콜 • 사용자와상점사이에서 지불 프로토콜 수행되는 프로토콜 (Payment : 사용자가구매대금으로자신의 Protocol) 전자화폐를상점에지불하는 과정을명세한 프로토콜 : 사용자와은행사이에서 인출 프로토콜 수행되는 프로토콜 (Withdrawal : 은행이 사용자에게전자화폐를 Protocol) 발급해주는절차를명세한 프로토콜","medium","","정보보안기사|필기|기출|지피지기 기출문제|2025년|2회|어플리케이션 보안","2026 수제비 정보보안기사 필기 기본서 · 지피지기 기출문제 · PDF 683쪽 · 9번","2025","","","","","information-security-engineer"
"WRITTEN_CBT","어플리케이션 보안","다음중 가치 저장형 전자화페 프로토콜이 아닌것 은?","몬덱스","Visa Cash","K-Cash","Millicent","4","","","IC 카드형과 가치저장형은동일한용어이다. 전자화폐 시스템 종류는 다음과 같다. IC 카드형 몬덱스(Mondex),비자캐시(Visa Cash), PC Pay . E-Cash, NetCash, Payme, 네트워크형 Millicent","medium","","정보보안기사|필기|예상|천기누설 예상문제|어플리케이션 보안","2026 수제비 정보보안기사 필기 기본서 · 천기누설 예상문제 · PDF 684쪽 · 3번","","","","","","information-security-engineer"
"WRITTEN_CBT","어플리케이션 보안","다음중가치저장형 전자화폐프로토콜이아닌것은 무엇인가?","몬덱스","Visa Cash","PC Pay","Milicent","4","","","전자화폐 시스템 종류는 다음과 같다. 몬택스(Mondex),비자캐시(Visa IC 카드형 Cash), PC Pay . E-Cash, NetCash, Payme, 네트워크형","medium","","정보보안기사|필기|예상|천기누설 예상문제|어플리케이션 보안","2026 수제비 정보보안기사 필기 기본서 · 천기누설 예상문제 · PDF 684쪽 · 5번","","","","","","information-security-engineer"
"WRITTEN_CBT","어플리케이션 보안","다음은SET에서 사용하는 보안메커니즘에대한설 명이다.다음의 내용에해당하는 것은 무엇인가? 고객의결제정보가판매자를통하여해당지급정보중계 기관(PG)으로전송됨에 따라고객의결제정보가판매자 에게 노출될가능성과판매자에의한결제정보의위변 조의 가능성이 있으므로판매자에게 결제정보를 노출 시키지 않으면서도 판매자가 해당 고객의 정당성및구 매내용의 정당성을 확인할 수 있고PG는판매자가전송 한결제요청이실제고객이의뢰한전문인지를확인할 수있도록하였다","전자서명","이중서명","은닉서명","비밀서명","2","","","이중서명은 판매자에게결제정보를 노출하지 않고 고객의 구매정보를 검증할 수 있고,PG 사에게 판매자의결제요청 정보에 대한위/변조 검증을 확인할수 있는 전자상거래 서명 기법이다. ≤ 전자상거래 프로토콜중에서 주문 정보와 지불 정보를 안전하게 이용할 수있도록 하는서명 기법이다.","medium","","정보보안기사|필기|예상|천기누설 예상문제|어플리케이션 보안","2026 수제비 정보보안기사 필기 기본서 · 천기누설 예상문제 · PDF 686쪽 · 10번","","","","","","information-security-engineer"
"WRITTEN_CBT","어플리케이션 보안","다음중 전자화폐 시스템의 특징으로올바르지않은 것은?","독립적인신용구조를가진다","실제화폐를대체할수있다.","사용자의거래추적가능성으로프라이버시우 려가있다. )IC카드형 전자화폐로Mondex, Visa Cash등이 있다.","","3","","","전자화폐 시스템은 지불 브로커 없이 독립적인 신용구조를가진형태로현금과유사한개념의 전자적 지불 수단이다. 전자화폐 시스템은 사용자 프라이버시를 보호하고 실제 화폐를 대치할 수 있고,기밀정보의 노출 위험성이 적고,오프라인 방식으로사용할 수 있다. IC카드에 화폐가치를 저장하여 지급수단으로 사용하는IC 카드형(가치저장형)과 네트워크상에서 화폐가치를 전송하는 네트워크형이 있다. IC 카드형 몬택스(Mondex),비자캐시(Visa (가치저장형) Cash), PC Pay : E-Cash, NetCash, Payme, 네트워크형 Millicent","medium","","정보보안기사|필기|예상|천기누설 예상문제|어플리케이션 보안","2026 수제비 정보보안기사 필기 기본서 · 천기누설 예상문제 · PDF 686쪽 · 12번","","","","","","information-security-engineer"
"WRITTEN_CBT","어플리케이션 보안","다음에서설명하는전자거래문서의유형은무엇인 가? 데이터의저장및교환을위한 대표적문서교환표준 인 SGML(Standard Generalized Markup Language)과 HTML(HyperText Markup Language)의 장점을 모두 가지고 있다 1996년 W3C에서제안하였으며,웹상에서 구조화된 문서를전송할수있도록설계된웹 표준이며,최근전 자거래 및각종업무에서 표준으로폭넓게채택되어 사용되고있다","SWIFT","ebXML","EDI(Electronic Data Interchange)","XML(eXtensible Markup Language)","4","","","웹상에서 구조화된 문서를 전송할 수 있도록 설계된 웹표준이며,최근전자거래 및각종업무에서 표준으로폭넓게채택되어사용되고있는전자거래 문서는 XML이다. ·각국의 주요은행 상호간의지불·송금 업무 등 국제 금융 거래를 중개하는 것을목적으로하는비영리법인 SWIFT 1973년 벨기에에서 발족되고 유럽과 북아메리카의 주요 은행이 가맹하고 있음 UN/CEFACT와 OASIS가 주도하여 기업의규모나지역적위치에상관없이 ebXML 인터넷을통해거래할수있도록하는 규약들의 모음 기업간거래에관한데이터와문서를 표준화하여 컴퓨터 통신망으로거래 EDI 당사자가 직접 송·수신하는정보전달 방식","medium","","정보보안기사|필기|예상|천기누설 예상문제|어플리케이션 보안","2026 수제비 정보보안기사 필기 기본서 · 천기누설 예상문제 · PDF 688쪽 · 20번","","","","","","information-security-engineer"
"WRITTEN_CBT","정보보안 일반","정보보호관리이해 5-2 1.정보보호의 목적및 특성 5-2 2.정보보호의 목적 및 특성 5-3 3.정보보호거버넌스 5-5 4.정보보호구성 5-8 지피지기 기출문제 5-10","","","","","","","","","medium","","정보보안기사|필기|예상|천기누설 예상문제|정보보안 일반","2026 수제비 정보보안기사 필기 기본서 · 천기누설 예상문제 · PDF 692쪽 · 1번","","","","","","information-security-engineer"
"WRITTEN_CBT","정보보안 일반","보안 요소 기술 4-112 01인증 4-112 1.사용자인증방식 4-112 2.인증시스템 4-119 3.디바이스인증기술 4-123 지피지기 기출문제 4-126 천기누설예상문제 4-138 02 접근통제 4-144 1.접근통제개요 4-144","","","","","","","","","medium","","정보보안기사|필기|예상|천기누설 예상문제|정보보안 일반","2026 수제비 정보보안기사 필기 기본서 · 천기누설 예상문제 · PDF 692쪽 · 2번","","","","","","information-security-engineer"
"WRITTEN_CBT","정보보안 일반","정보보호위험평가 5-15 1.위험 5-15 2.위험분석 5-18 3.위험처리 5-24 지피지기 기출문제 5-26 천기누설 예상문제 5-33","","","","","","","","","medium","","정보보안기사|필기|예상|천기누설 예상문제|정보보안 일반","2026 수제비 정보보안기사 필기 기본서 · 천기누설 예상문제 · PDF 692쪽 · 2번","","","","","","information-security-engineer"
"WRITTEN_CBT","정보보안 일반","정보보호대책구현및운영 5-38 1.관리적보호 5-38 2.물리적보호대책 5-46 3.업무연속성관리 5-47 4. 침해사고 5-52","","","","","","","","","medium","","정보보안기사|필기|예상|천기누설 예상문제|정보보안 일반","2026 수제비 정보보안기사 필기 기본서 · 천기누설 예상문제 · PDF 692쪽 · 3번","","","","","","information-security-engineer"
"WRITTEN_CBT","정보보안 일반","정보보안윤리 5-97 1.사이버윤리 5-97 2.사이버 폭력 5-97 지피지기 기출문제 5-98","","","","","","","","","medium","","정보보안기사|필기|예상|천기누설 예상문제|정보보안 일반","2026 수제비 정보보안기사 필기 기본서 · 천기누설 예상문제 · PDF 693쪽 · 1번","","","","","","information-security-engineer"
"WRITTEN_CBT","정보보안 일반","정보보호 관련 윤리 및 법규 5-97","","","","","","","","","medium","","정보보안기사|필기|예상|천기누설 예상문제|정보보안 일반","2026 수제비 정보보안기사 필기 기본서 · 천기누설 예상문제 · PDF 693쪽 · 2번","","","","","","information-security-engineer"
"WRITTEN_CBT","정보보안 일반","정보보호관련법규 5-99 1.정보통신기반보호법 5-99 2.정보통신망이용촉진및정보보호등에관한 법률(정보통신망법) 5-103 3.개인정보보호법 5-106 4.전자서명법 5-129 5.(개인정보보호위원회)개인정보의안전성 확보조치기준 5-130 6.국내대리인지정제도 5-135 7.전자금융감독규정 5-137 지피지기 기출문제 5-138 천기누설예상문제 5-165","","","","","","","","","medium","","정보보안기사|필기|예상|천기누설 예상문제|정보보안 일반","2026 수제비 정보보안기사 필기 기본서 · 천기누설 예상문제 · PDF 693쪽 · 2번","","","","","","information-security-engineer"
"WRITTEN_CBT","정보보안 일반","클라우드관련법제 5-176 1.클라우드컴퓨팅법 5-176 2.클라우드보안인증제 5-179 지피지기 기출문제 5-182 백전백승 기출문제 6-3","","","","","","","","","medium","","정보보안기사|필기|예상|천기누설 예상문제|정보보안 일반","2026 수제비 정보보안기사 필기 기본서 · 천기누설 예상문제 · PDF 693쪽 · 3번","","","","","","information-security-engineer"
"WRITTEN_CBT","정보보안 일반","정보보호인증제도 5-78 1.정보보호관리체계인증 5-78 2.정보보호제품인증 5-85 지피지기 기출문제 5-90","","","","","","","","","medium","","정보보안기사|필기|예상|천기누설 예상문제|정보보안 일반","2026 수제비 정보보안기사 필기 기본서 · 천기누설 예상문제 · PDF 693쪽 · 4번","","","","","","information-security-engineer"
"WRITTEN_CBT","정보보안 일반","대칭키암호기술 (1) 고전적 암호기술 분류","대치 암호(Substitution Cipher; 치환 암호) 대치 암호는 비트, 문자또는 문자의 블록을 다른 비트, 문자 또는 블록으로 대체하는방법이다. S J E R R M H","전치 암호(Transposition Cipher) 전치암호는평문의문자를재배열하여암호문을생성하는암호화방법이다. (2) 현대적 암호 기술 분류[25년2회]","S-박스(Substitution-Box) •S-박스는입력된비트열을치환, XOR, 시프트,교환, 분할 결합연산을통해 서다른 비트열로 대치하는 함수이다 •S-박스종류는 치환, XOR, 시프트, 교환, 분할, 결합이 있다.","","","","","","medium","","정보보안기사|필기|예상|천기누설 예상문제|정보보안 일반","2026 수제비 정보보안기사 필기 기본서 · 천기누설 예상문제 · PDF 701쪽 (인쇄 4-7) · 2번","","","","","","information-security-engineer"
"WRITTEN_CBT","정보보안 일반","대칭키 암호시스템 (1) 대칭키 암호시스템(Symmetric Key Cryptography System)개념 ·대칭키 암호시스템은암호화와복호화에동일한비밀키(대칭키)를사용하는 암호화 방식이다. ·송신자와 수신자만이키를공유하고암복호화가 가능한 암호화 방식이다. (2) 대칭키 암호 시스템구조","","","","","","","","","medium","","정보보안기사|필기|예상|천기누설 예상문제|정보보안 일반","2026 수제비 정보보안기사 필기 기본서 · 천기누설 예상문제 · PDF 705쪽 (인쇄 4-11) · 3번","","","","","","information-security-engineer"
"WRITTEN_CBT","정보보안 일반","개의 48비트서브키로생 2 페이스텔구조라운드 성하는알고리즘이다 암호화 키는64비트인데8 비트당1비트씩패리티비트 를사용하므로패리티비트 를제거한56비트를라운드 키생성기의입력값으로사 용한다 3 역초기 치환(Inverse Initial Permutation)","DES복호화 절차 64비트 암호문 초기치환 Feistel 암호 (라운드 16) Feistel 암호 (라운드 15) Feistel 암호 (라운드 1) 역초기치환","","","","","","","","medium","","정보보안기사|필기|예상|천기누설 예상문제|정보보안 일반","2026 수제비 정보보안기사 필기 기본서 · 천기누설 예상문제 · PDF 716쪽 (인쇄 4-22) · 16번","","","","","","information-security-engineer"
"WRITTEN_CBT","정보보안 일반","DES에서 복호화할 때는역 순으로합니다 DES 암호화 ·3개 키로암호화할때는K 키로암호화,K,키로복호 3개의 키를 화K,키로암호화순으로 사용하는 DES 복호화 동작하는데,3개 키로복호 방식 화할 때는K키로복호화 K,키로암호화,K,키로복 DES 암호화 호화순으로동작합니다","","","","","","","","","medium","","정보보안기사|필기|예상|천기누설 예상문제|정보보안 일반","2026 수제비 정보보안기사 필기 기본서 · 천기누설 예상문제 · PDF 718쪽 (인쇄 4-24) · 3번","","","","","","information-security-engineer"
"WRITTEN_CBT","정보보안 일반","Round Key | N-1 Round Key N Round Key","","","","","","","","","medium","","정보보안기사|필기|예상|천기누설 예상문제|정보보안 일반","2026 수제비 정보보안기사 필기 기본서 · 천기누설 예상문제 · PDF 721쪽 · 1번","","","","","","information-security-engineer"
"WRITTEN_CBT","정보보안 일반","차원바이트행렬로 4×4크 기의행렬이다 ·각요소는1바이트로구성 어있고 총 16개 요소이므로 행렬은 총16바이트(128비트) 이다. [학습Point] 3 N라운드 평문이나라운드키는항상4 x4크기를가진상태행렬로 변환하여연산합니다","ARIA ⑦ ARIA(Academy, Research Institute, Agency) OK 잠깐! 알고가기 Involutional SPN SPN 구조의변형으로,연산 즘이다. 을두번 적용하면원래의입 력값으로 돌아오는 성질을 가진블록암호화구조이다","ARIA 스펙[22년1회] ARIA 스펙 학습Point 항목 ARIA라는 이름은 학계(Acad- 블록크기 emy), 연구소(Research Insti- tute) 정부 기관(Agency)에서 키크기 따서 만들었습니다 라운드","","","","","","","medium","","정보보안기사|필기|예상|천기누설 예상문제|정보보안 일반","2026 수제비 정보보안기사 필기 기본서 · 천기누설 예상문제 · PDF 722쪽 (인쇄 4-28) · 2번","","","","","","information-security-engineer"
"WRITTEN_CBT","정보보안 일반","스트림 암호기반 대칭키 암호방식 (1) 동기식 스트림 암호(Synchronous Stream Cipher)방식 [24년1회] •동기식 스트림 암호는 랜덤한 스트림을 생성하기 위해내부 상태(Internal State)를 유지하며, 이전 내부 상태에서새로운 내부 상태와유사난수를 얻는 방식이다. 동기식 스트림 암복호화 암호화 평문 일회용패드 키스트림생성기 암호문","","","","","","","","","medium","","정보보안기사|필기|예상|천기누설 예상문제|정보보안 일반","2026 수제비 정보보안기사 필기 기본서 · 천기누설 예상문제 · PDF 723쪽 · 5번","","","","","","information-security-engineer"
"WRITTEN_CBT","정보보안 일반","d mod 72 =1 d = 29일 때 5 × 29 mod72 = 1을만족하므로d =29 Alice가Bob에게 N = 91, e = 5을전달 Alice가 알고 있는 값은 N = 91, e = 5, d = 29 Bob이 알고 있는 값은 N = 91, e = 5 예제에서는공유비밀키M을6으로생성 공유비밀키M=6의암호키e=5의제곱을한값을N=","","","","","","","","","medium","","정보보안기사|필기|예상|천기누설 예상문제|정보보안 일반","2026 수제비 정보보안기사 필기 기본서 · 천기누설 예상문제 · PDF 732쪽 (인쇄 4-38) · 5번","","","","","","information-security-engineer"
"WRITTEN_CBT","정보보안 일반","으로 나누었을 때나머지가 암호문c c= 65 mod 91 65 = 7776이므로7776을91로나누면나머지는 41이므로c = 41 Bob이Alice에게c = 41을전달 Alice가 알고 있는 값은 N = 91, e = 5, d = 29, c = 41 Bob이 알고 있는 값은 N = 91, e = 5, c = 41, M = 6 암호문c =41에d =29제급한값을N =91으로나누었을 때나머지가공유비밀키인M M = 41^9 mod 91 4129mod 91은 6이므로M = 6 Alice, Bob모두M= 6이라는공유비밀키를가짐","","","","","","","","","medium","","정보보안기사|필기|예상|천기누설 예상문제|정보보안 일반","2026 수제비 정보보안기사 필기 기본서 · 천기누설 예상문제 · PDF 732쪽 (인쇄 4-38) · 91번","","","","","","information-security-engineer"
"WRITTEN_CBT","정보보안 일반","mod 91 = 1 mod 91 OK 잠깐! 알고가기 비결정적 알고리즘(Nonde- terministic Algorithm) 동일한입력이주어지더라도 매번 다른과정을 거쳐다른 결과를도출하는알고리즘이 다. 비결정적 알고리즘은복호화 했을때여러개의평문이도","","","","","","","","","medium","","정보보안기사|필기|예상|천기누설 예상문제|정보보안 일반","2026 수제비 정보보안기사 필기 기본서 · 천기누설 예상문제 · PDF 733쪽 (인쇄 4-39) · 64번","","","","","","information-security-engineer"
"WRITTEN_CBT","정보보안 일반","c{(+1)od qq","","","","","","","","","medium","","정보보안기사|필기|예상|천기누설 예상문제|정보보안 일반","2026 수제비 정보보안기사 필기 기본서 · 천기누설 예상문제 · PDF 734쪽 (인쇄 4-40) · 1번","","","","","","information-security-engineer"
"WRITTEN_CBT","정보보안 일반","이면서p, q는 소수 ·p와q를곱해서N을계산 •N은공개키로상대방이 암호화할 때사용해야하기때문에전달 ""p. q는복호화할 때 사용할 개인키이므로전달하지 않고 보관 설명 ·N을공개키로전달받음 메시지(M)는N보다작은값이어야함 메시지(M)의 제곱을한 값을N으로나누었을때나머지가암호문c c = M2 mod N 암호문c를전송 설명 암호문c를전달받음 ·평문을계산하기위한 중간값인Mp, Mq를계산 4 =","","","","","","","","","medium","","정보보안기사|필기|예상|천기누설 예상문제|정보보안 일반","2026 수제비 정보보안기사 필기 기본서 · 천기누설 예상문제 · PDF 734쪽 (인쇄 4-40) · 3번","","","","","","information-security-engineer"
"WRITTEN_CBT","정보보안 일반","과목의 인증부 분에서 상세하게 다룹니다 키를 계산할 수있도록 설계된방식이다 그때다시 봐두세요 A KA {A, B] KA {KAB. B. N} OK 잠깐! 알고가기 KDC를이용한방식의키분배절차 Nonce(비표) 순서 절차 임의로생성되는값이다 : 0 사전절차 학습 Point KDC는두사용자가세션을 맺을 때마다키를생성하고 1 초기 요청 보관해야하기때문에사용 (A → KDC) 전송 자수가증가하면KD가관 리해야할키의개수가증가 2 세션키 전송 합니다 (KDC → A)","","","","","","","","","medium","","정보보안기사|필기|예상|천기누설 예상문제|정보보안 일반","2026 수제비 정보보안기사 필기 기본서 · 천기누설 예상문제 · PDF 746쪽 (인쇄 4-52) · 4번","","","","","","information-security-engineer"
"WRITTEN_CBT","정보보안 일반","KDC를 이용한키분배 방식에대한설명중옮지 않 은것은?","사용자들은사전에 KDC와마스터키를공유해 야한다.","사용자의요청이 있는 경우,KDC는일회용 세 션키를생성한다.","사용자들간에는사전에공유한비밀정보가 필요하지않다","KDC는일회용세션키를사용자의공개키로 암호화하여전송한다.","4","","","KDC를 이용한방식의 키 분배 절차는 다음과 같다. 사전절차 KDC와A, B 사이에마스터키(K. Kg)를사전에공유 자신의 ID인A,상대방 ID인B를 초기 요청 KDC에전송 KDC는일회용세션키(K)를 생성하고,세션키와 임의값인 세션키 Nonce를K,.K로암호화해서 전송 A와B에게 각각 전송 세션키는대칭키 기반 두사용자사이의일회용세션키를 상호인증 이용해 Nonce가 맞는지 인증","medium","","정보보안기사|필기|기출|지피지기 기출문제|정보보안 일반","2026 수제비 정보보안기사 필기 기본서 · 지피지기 기출문제 · PDF 750쪽 · 1번","","","","","","information-security-engineer"
"WRITTEN_CBT","정보보안 일반","Rabin 암호시스템에서 암호문의제곱근을구하여 복호화하면 평문 후보가 몇 개 나오는가?","1","2","3","4","4","","","Rabin암호체계는 소인수 분해 기반 공개키 암호(비대칭 암호)이다. 중국인의나머지 정리를활용하여 4개의 평문을 만들 수있다 Rabin 암호 복호화 절차는 다음과 같다. 평문을계산하기위한중간값인 Mp, Mq를 계산 Mp, Mq 계산 M P mod p M C4 1 (g+1) mod q 4 확장 유클리디안 알고리즘(Extended Euclidean yp{yq산 Algorithm)을 이용해서yp ×p + yq × q = 1을 만족하는 yp′ yq 값을 계산 중국인의 나머지 정리(CRT; Chinese Remainder Theorem)를 활용하여4개의평문을만들수 있고, 4개 평문중 하나가 B가 생성한평문 r1 = (Yp × p ×Mq + yq× q × 메시지 M p) mod N (M) 복호화 r2 = (− yp × p ×Mq − y,q× q × M p) mod N = N-r1 r3 = (yp × p ×Mq − yq × q × Mp) mod N r4 = (− y p× p ×Mq +yq×q × Mp) mod N = N-r3","medium","","정보보안기사|필기|기출|지피지기 기출문제|정보보안 일반","2026 수제비 정보보안기사 필기 기본서 · 지피지기 기출문제 · PDF 750쪽 · 2번","","","","","","information-security-engineer"
"WRITTEN_CBT","정보보안 일반","8차 기약 다항식으로 만든 LFSR(Linear Feedback Shift Register)의 출력이가질 수 있는 주기는 어느 것인가?","8","16","17","127","3","","","8차다항식은 다음과 같다. f(x) = ax3 + α¬x′ + .. + αx′ + α0(qj는 0, 1의| 값을 가짐) 기약다항식(lrreducible Polynomials)은 더 이상 인수분해가되지 않는 다항식으로대표적인 8차 기약항식은X^+X^+X^+X+1등이있다. - 8차기약다항식에서LFSR의 출력이가질 수있는 주기는 17이다 22년1회","medium","","정보보안기사|필기|기출|지피지기 기출문제|정보보안 일반","2026 수제비 정보보안기사 필기 기본서 · 지피지기 기출문제 · PDF 751쪽 · 3번","","","","","","information-security-engineer"
"WRITTEN_CBT","정보보안 일반","다음에서설명하는블록 암호알고리즘은 무엇인가? 입출력크기(bit): 128 비밀키| 크기(bit):128/192/256 참조규격: KATS KS X.1213-1","SEED","HIGHT","ARIA","TDEA","3","","","","medium","","정보보안기사|필기|기출|지피지기 기출문제|2022년|1회|정보보안 일반","2026 수제비 정보보안기사 필기 기본서 · 지피지기 기출문제 · PDF 751쪽 · 4번","2022","","","","","information-security-engineer"
"WRITTEN_CBT","정보보안 일반","암호문에대응하는일부평문이 가용한상황에서의 암호공격 방법은?","암호문단독공격","알려진평문공격","선택평문공격","선택 암호문공격","2","","","공격자가 일부 암호문-평문 쌓을 가지고있을 때 암호시스템을해독하려는공격은알려진평문 공격(KPA)이다.","medium","","정보보안기사|필기|기출|지피지기 기출문제|정보보안 일반","2026 수제비 정보보안기사 필기 기본서 · 지피지기 기출문제 · PDF 751쪽 · 5번","","","","","","information-security-engineer"
"WRITTEN_CBT","정보보안 일반","다음 문장과 같이처리되는 프로토콜은? A는자신의 비표인 R 자신의 ID, B의 ID가포함된 메시지를 KDC에전송한다. ©KDC는 암호화된메시지를 A에게 전송한다. 이 안에 는A의 비표, B의 ID.A와 B의세션키 및B에게 줄암 호화된티켓이 포함되어있다 전체메시지는A의키 로암호화되어있다. ©A는B의 티켓을B에게보낸다.","B는자신의시도인R를A와B의세션키로암호화 한뒤에A에게보낸다 ©A는B의 시도에 대한응답으로R-1을A와B의세 션키로암호화한뒤에 B에게 보낸다","Diffie-Hellman","Needham-Schroeder","Otway-Rees","2","","","","medium","","정보보안기사|필기|기출|지피지기 기출문제|2022년|2회|정보보안 일반","2026 수제비 정보보안기사 필기 기본서 · 지피지기 기출문제 · PDF 752쪽 (인쇄 4-58) · 6번","2022","","","","","information-security-engineer"
"WRITTEN_CBT","정보보안 일반","키를 분배하는 방법이 아닌것은?","KDC(Key Distribution Center)","공개키암호시스템","Diffie-Hellman키분배알고리즘","Kerberos","4","","","각개체간에안전한통신을위해 사전에키를 모든개체 조합에대해공유된 공유하는방식 비밀키를사전에공유하는방식 대칭키 분배 : KDC를이용해 대칭키를공유하는 방식 방식 공개키암호에대한시초가 키 교환을 되었으며 이산로그문제를 이용한방식 기반으로두사용자가안전하게 키를교환하는방식 공개키 암호를 ·암호화할때와복호화할때의 이용한방식 서로다른키를사용하는방식 22년 2회","medium","","정보보안기사|필기|기출|지피지기 기출문제|2022년|2회|정보보안 일반","2026 수제비 정보보안기사 필기 기본서 · 지피지기 기출문제 · PDF 753쪽 · 9번","2022","","","","","information-security-engineer"
"WRITTEN_CBT","정보보안 일반","다음은 특정 블록 암호 운영 모드의 암호화 과정이 다. 해당하는 모드는? 보기(화 백V) 키 임효화 키 음효화 키1 음효화 평운불록1 명문물록2 ↑m 명문블록3 D → Tm CLD m 암효은물록1 암효운물록2 암효운불록3","ECB 모드(Electronic Code Book Mode)","CBC 모드(Cipher Block Chaining Mode)","CFB 모드(Cipher FeedBack Mode)","OFB 모드(Output FeedBack Mode)","3","","","첫 번째블록은 초기벡터를암호화하고,나머지 블록은 이전블록의 암호문을 암호화하는 방식은","medium","","정보보안기사|필기|기출|지피지기 기출문제|2022년|2회|정보보안 일반","2026 수제비 정보보안기사 필기 기본서 · 지피지기 기출문제 · PDF 753쪽 · 10번","2022","","","","","information-security-engineer"
"WRITTEN_CBT","정보보안 일반","다음 문장에서 설명하는 것은? -메시지전체를대칭 암호로암호화하고대칭 암호키 만을공개키로암호화한다 -대칭 암호키를메시지로간주하고 이것을공개키로 암호화한것이다","타원곡선암호시스템","하이브리드암호시스템","세션키(의사난수생성기)","이중암호시스템","2","","","타원 곡선 ·타원곡선 군의연산에서 정의되는 암호 이산대수 문제의 어려움의이용을 시스템(ECC) 기초로하는공개키암호방식 대칭키 암호와공개키 암호를 하이브리드 결합하여 안전하고 효율적인 암호시스템 암호화방식을제공하는시스템 일회성으로생성되어메시지를 세션키 암복호화할목적으로만사용하는 키","medium","","정보보안기사|필기|기출|지피지기 기출문제|정보보안 일반","2026 수제비 정보보안기사 필기 기본서 · 지피지기 기출문제 · PDF 754쪽 · 12번","","","","","","information-security-engineer"
"WRITTEN_CBT","정보보안 일반","CTR(CounTeR) 모드에 대한설명으로 틀린 것은?","이전암호문블록과독립적인키스트림을생 성하지않는다.","키스트림의의사난수성은카운터를사용함으 로써성취될수있다.","암호화시 피드백이존재하지않는다","서로독립적인n비트암호문블록을생성한다.","1","","","CTR의 특징은 다음과 같다 카운터의 초깃값은Nonce를기초로 Nonce 해서만들 사용 키 스트림의 의사난수성은카운터를 사용함으로써 성취될수있음 • 암호화 시 피드백이 존재하지 않고 암/복호화모두병렬처리가가능 병렬 처리 서로독립적인n비트암호문블록을 생성(이전 암호문블록과독립적인키 스트림을생성) 22년 4회","medium","","정보보안기사|필기|기출|지피지기 기출문제|2022년|4회|정보보안 일반","2026 수제비 정보보안기사 필기 기본서 · 지피지기 기출문제 · PDF 755쪽 · 13번","2022","","","","","information-security-engineer"
"WRITTEN_CBT","정보보안 일반","다음 문장에서설명하는 프로토콜은? 공개키 암호에대한시초가 되었으며두사용자가안전 하게키를교환하는방식으로이프로토콜의효용성은 이산대수계산의 어려움에의존한다","Needham-Schroeder 프로토콜","RSA프로토콜","Diffie-Hellman프로토콜","커버로스프로토콜","3","","","Needham- 프로토콜은네트워크에서안전한 Schroeder 통신을위한암호프로토콜로키 프로토콜 배포에사용되는프로토콜 1977년3명의 MIT 수학 교수가 RSA 고안한큰인수의곱을소인수 프로토콜 분해하는 수학적알고리즘 이용하는 공개키 암호화 알고리즘 -- Diffie- 공개키암호에대한시초가 Hellman 되었으며두사용자가 안전하게 프로토콜 키를교환하는방식 사용자나 서비스가 안전하게 커버로스 인증을 수행할 수 있도록MIT에서 프로토콜 개발한클라이언트-서버로설계된 인증방식 22년 4,24년 1회","medium","","정보보안기사|필기|기출|지피지기 기출문제|2022년|4회|정보보안 일반","2026 수제비 정보보안기사 필기 기본서 · 지피지기 기출문제 · PDF 755쪽 · 15번","2022","","","","","information-security-engineer"
"WRITTEN_CBT","정보보안 일반","대칭키암호알고리즘중국내에서권고하고있지않 은알고리즘이아닌것은?","SEED","HIGHT","LEA-128/192/256","DES","4","","","DES는평문을64비트로나눠56비트의 키를 이용하여 다시 64비트의 암호문을 만들어 내는 암호 알고리즘으로 보안에 취약하기 때문에 국내에서","medium","","정보보안기사|필기|기출|지피지기 기출문제|정보보안 일반","2026 수제비 정보보안기사 필기 기본서 · 지피지기 기출문제 · PDF 755쪽 · 16번","","","","","","information-security-engineer"
"WRITTEN_CBT","정보보안 일반","RSA공개키 암호화방식의키 교환방식에대한설 명으로 틀린 것은?","RSA는공개키/개인키쌍인 KUa = e, n, KRa= dn를사용한다.","A는암호화되지않은평문으로A의공개키를 B에게 전송한다.","B는공유비밀키를생성, A에게서받은A의공 개키로암호화 전송한다","암호화할 때의키를개인키(Private Key), 복호 화할때의키를공개키(Public Key)라고한다.","4","","","•N.e는공개키쌓으로e,N와같이표기한다. ·복호화할 때개인키인d를modN연산하므로d, N을사용하기때문에개인키쌓을d,N이라고 표기한다. A는암호화되지 않은 평문으로 자신의 공개키e, N를B에게 전송한다. B는공유비밀키를생성하고,A로부터받은A의 공개키e,N를사용하여해당공개키로암호화하여 A에게 전송한다 암호화할 때의 키를 공개키(Public Key), 복호화할 때의 키를 개인키(Private Key)라고 합니다.","medium","","정보보안기사|필기|기출|지피지기 기출문제|2022년|4회|정보보안 일반","2026 수제비 정보보안기사 필기 기본서 · 지피지기 기출문제 · PDF 756쪽 (인쇄 4-62) · 17번","2022","","","","","information-security-engineer"
"WRITTEN_CBT","정보보안 일반","Diffe-Hellman키 분배 프로토콜을 이용하여송신 자""A""와 수신자""B""간에 동일한 비밀키를 분배하고 자한다.다음과 같은조건이 주어졌을 때, 송신자 ""A""와수신자""B""가분배받는비밀키 값은? Diffie-Helman키 분배프로토콜에서사용하는 이산대 수:gd 7 modp 송신자A:g = 3,p = 7,q = 2 수신자B:g = 3,p = 7,a = 3","1","3","5","7","1","","","•A, B는 g gmopa을공유키로가진다 g=3xq=2xβ=3,p =7이로음과같이 계산한다. mod p = 32xmod 7 = 35 mod7 = 729 mod7 = 1","medium","","정보보안기사|필기|기출|지피지기 기출문제|2022년|4회|정보보안 일반","2026 수제비 정보보안기사 필기 기본서 · 지피지기 기출문제 · PDF 756쪽 (인쇄 4-62) · 18번","2022","","","","","information-security-engineer"
"WRITTEN_CBT","정보보안 일반","다음그림의 Needham-Schroeder 프로토콜에대한 설명으로틀린것은? Alke KDC Bob N1,I wymt to soeak to Bob Generates key K,0N1.Rst- Bob, Ticket61 ab Tickely = RKat.Akcel fm Ake, Tickelb. Kat 0N21 Kx6,N2-1,N3] KIN3-1]","사용자Alice는사용자Bob과공유할대칭키를 KDC에게생성해주도록요청한후사용자Bob 과안전하게공유하게된다.","사용자Alice와KDC,사용자 Bob과KDC간에 전달되는 메시지는사전에공유된대칭키인마 스터키를이용하여암호화되어전달되므로안 전하게보호된다.","사용자Alice와Bob이난수N2와N3를암호화 해서교환하고암호화된N2-1과N3-1을받는 이유는 상호인증 기능을 수행하는데 목적이있 다.","이방식은공격자가Ticket,와Kab{N2를 스니 핑하여복제한후복제된메시지와Alice로위 장한자신의신분 정보를보내는 재전송공격 에취약한 단점이있다.","4","","","공격자가 Ticket,와 K_{N2)를 스니핑하여 복제한 후 복제된메시지와Alice로위장한자신의신분정보를 보내는재전송공격을 방지하기위해서 Bob이 N3를 세션키로 암호화해서 Alice에게 보내고,Alice는 N3-1을 보내는 과정을 수행한다. Alice와 Bob 사이에 통신이 안전하지 않다는 전제로 만들어졌음에도 불구하고, Ticket,와 K,{N2)를 보낸 것은 스니핑공격에 어느정도 안전하다는 의미이다.","medium","","정보보안기사|필기|기출|지피지기 기출문제|2023년|1회|정보보안 일반","2026 수제비 정보보안기사 필기 기본서 · 지피지기 기출문제 · PDF 757쪽 (인쇄 4-63) · 19번","2023","","","","","information-security-engineer"
"WRITTEN_CBT","정보보안 일반","RSA암호시스템에서 다음의 값을이용한 암호문C 값은? 조건:공개값e =2,비밀값d=3,평문p =5,모둘러n =4 암호문C =P modn","1","3","5","7","1","","","메시지(M)의e제곱한 값을N으로 나누었을 때 나머지가 암호문c이다. c = M mod N = 52 mod4 = 1 23년1회","medium","","정보보안기사|필기|기출|지피지기 기출문제|정보보안 일반","2026 수제비 정보보안기사 필기 기본서 · 지피지기 기출문제 · PDF 758쪽 (인쇄 4-64) · 21번","","","","","","information-security-engineer"
"WRITTEN_CBT","정보보안 일반","합성수n=143을사용하는 RSA 암호알고리즘을사 용한다고할때, 다음중공개키e로사용할수없는 것은?","e =7","e = 15","e = 23","e = 770","2","","","RSA키생성은서로다른두개의큰 소수p와q를선택 소수 선택, p≠q N계산 p와q를곱해서N을계산 N = pq p-1, q-1의곱인(N)를계산 p(N) 계산 (N) = (p-1), (q−1) p-1, q-과각각서로소인정수e를 준비(p-1과e의 최대공약수가1, q-1과 e의최대공약수가 1) e 준비 GCD(p-1, e)= 1 GCD(q-1, e)= 1 ed를(N)로나눈 나머지가 1이 되도록하는d를찾기 d찾기 ed mod (p-1)(q-1) = 1 N =143이므로 N =143 =11 × 13이기 때문에p =11, q = 13이다. 공개키e는소수p-1, q-1과서로소이어야하므로10, 12와최대공약수가 1이면 안된다. e=7이면7과10의 최대 공약수는1,7과12의 최대 공약수는 1이므로 사용할 수 있다. e=15이면15과10의 최대공약수는5,15과12의 최대공약수는3이므로사용할 수 없다. e=23이면 23과10의 최대 공약수는1,23과12의 최대공약수는1이므로사용할수 있다. e=77이면77과10의 최대 공약수는1.77과12의 최대공약수는1이므로사용할 수 있다.","medium","","정보보안기사|필기|기출|지피지기 기출문제|2023년|2회|정보보안 일반","2026 수제비 정보보안기사 필기 기본서 · 지피지기 기출문제 · PDF 758쪽 (인쇄 4-64) · 23번","2023","","","","","information-security-engineer"
"WRITTEN_CBT","정보보안 일반","암호시스템의 구성요소로옳은 것은?","평문,암호문,암호/복호알고리즘키","메시지, 해시함수, 해시코드","메시지,키,해시함수, 메시지인중코드","SEED값, 의사난수생성알고리즘, 난수","1","","","암호 시스템 구성요소는 평문(Plaintext),암호 알고리즘(Encryption Algorithm)복호 알고리즘(Decryption Algorithm),암호화 키(Encryption Key), 복호화 (Decryption Key)가 있다. ·암호화되지 않은원본 평문(Plaintext) 데이터 암호문(Ciphertext) ·평문을암호화하여 얻은암호화된데이터 암호화(Encryption)/ 암호 데이터를암호화하는 알고리즘(Encryption 알고리즘 Algorithm) 복호화(Decryption)/ 암호문을원래의 복호 평문으로복원하는 알고리즘(Decryption Algorithm) 알고리즘 암호화키 ·암호화과정에서 (Encryption Key) 사용되는값 ·암호문을평문으로 복호화키 복원하기위해 (Decryption Key) 사용되는값","medium","","정보보안기사|필기|기출|지피지기 기출문제|정보보안 일반","2026 수제비 정보보안기사 필기 기본서 · 지피지기 기출문제 · PDF 759쪽 · 24번","","","","","","information-security-engineer"
"WRITTEN_CBT","정보보안 일반","소인수분해의문제해결에대한어려움을이용한공 개키 기반 알고리즘은?","RSA","DSA","ECC","ElGamal","1","","","DSA는 1991년8월에 국립 표준기술 연구소(NIST)가 미국 전자 서명 표준(DSS)에서 사용하기위하여 발표한 정부용전자서명 알고리즘으로이산대수 문제의 어려움에기반하고 있다. 소인수분해의 •RSA, Rabin 어려움을이용한방식 이산대수의어려움을 •Diffie-Hellman, 이용한방식 ElGamal, ECC, ECDH","medium","","정보보안기사|필기|기출|지피지기 기출문제|정보보안 일반","2026 수제비 정보보안기사 필기 기본서 · 지피지기 기출문제 · PDF 760쪽 · 27번","","","","","","information-security-engineer"
"WRITTEN_CBT","정보보안 일반","다음은하나의키 분배방식을설명한것이다.해당 방식에 대한 설명으로 틀린 것은? 효스트B 스트 A 흐스트C 애플리게이션 에플리게이션 보안서비스 보안세버스","대칭키기반 키분배방식의설명이다","호스트B는키분배 센터라고불린다.","그림의","에서호스트A와호스트B사이통신 은미리 저장된키로암호화한다","4","","","·KDC를이용한 방식의키 분배절차이다 ·호스트 B는KDC이다 K,Kc는사전에공유 사전절차 K.1 •KDC와A사이에대칭키 Kc •KDC와C사이에 ㅣ대칭키 초기 요청 A는 C와 통신하겠다는 의미로 (A → 자신의 ID인 A, 상대방ID인C를 KDC) KDC에전송 KDC는 임의값 Nonce N,A와C의 세션키 세션키인Kc를생성 전송 A와C의세션키인 Kuc C의ID. (KDC → Nonce N를KDC와 A사이에 A) 대칭키인K로암호화해서A에게 전송 세션키 A와 C의세션키인 Kuc A의 ID, 전송 Nonce N를 KDC와C사이에 (KDC→ 대칭키인K로암호화해서C에게 C) 전송 상호인증 A는 A의 ID, KDC가생성한 Nonce (A→ C) 값인N을세션키인K로암호화 C는C의ID,KDC가생성한 Nonce 상호인증 값인N에1을뺀N-1을세션키인","medium","","정보보안기사|필기|기출|지피지기 기출문제|2023년|2회|정보보안 일반","2026 수제비 정보보안기사 필기 기본서 · 지피지기 기출문제 · PDF 760쪽 · 28번","2023","","","","","information-security-engineer"
"WRITTEN_CBT","정보보안 일반","대칭키 암호알고리즘들로만구성된 것은?","DES, AES, ECC","RC5, AES, RSA","SEED, DES, IDEA","Rabin, ECDSA, ARIA","3","","","대칭키 암호알고리즘은다음과 같다 페이스텔 기반의 DES, 3DES, Blowfish, RC5, 대칭키 암호 방식 RC6, SEED, HIGHT, LEA SPN 구조 기반의 AES, ARIA, IDEA 대칭키 암호방식 ECC,RSA는 공개키 암호 방식,ECDSA는 전자 서명 알고리즘이다.","medium","","정보보안기사|필기|기출|지피지기 기출문제|2023년|4회|정보보안 일반","2026 수제비 정보보안기사 필기 기본서 · 지피지기 기출문제 · PDF 761쪽 (인쇄 4-67) · 30번","2023","","","","","information-security-engineer"
"WRITTEN_CBT","정보보안 일반","다음중 블록 암호동작모드가 아닌것은?","ECC(Eror Correction Code) 방식","CFB(Cipher Feedback) 방식","CBC(Cipher Block Chaining) 방식","OFB(Output Feedback) 방식","1","","","블록암호동작모드는ECB, CFB, CBC, OFB, CTRO 있다. --_-- 23년 4회","medium","","정보보안기사|필기|기출|지피지기 기출문제|2023년|4회|정보보안 일반","2026 수제비 정보보안기사 필기 기본서 · 지피지기 기출문제 · PDF 761쪽 (인쇄 4-67) · 31번","2023","","","","","information-security-engineer"
"WRITTEN_CBT","정보보안 일반","스트림 암호시스템에 대한설명 중 옳지 않은 것은?","스트림의LFSR은특정비트들을 선형으로연 산하는 피드백(Feedback) 연산을 반복하여스 트림암호를생성하는방식이다","스트림암호는비트단위로암호화하기때문에 블록암호에비해속도가빠르다","다른 암호 알고리즘과달리 수학적 분석이가 능하다.","대표적인암호화알고리즘은DES이다.","4","","","스트림 암호는평문과 같은길이의 키 스트림을 연속적으로생성하여 평문과 이진수열을비트 단위로XOR 연산하여 암호문을생성하는 암호화 기법이다 스트림암호특징은다음과같다. •스트림 암호는 입력 데이터를 비트단위 비트단위로처리 암호화 입력데이터와암호화키를XOR 연산으로암호화 빠른암호 : 비트연산이기때문에암호 속도 속도가빠름 오류발생시해당비트만 에러 전파 손상되고,다른 비트는영향을 현상이 없음 받지 않음","medium","","정보보안기사|필기|기출|지피지기 기출문제|2023년|4회|정보보안 일반","2026 수제비 정보보안기사 필기 기본서 · 지피지기 기출문제 · PDF 761쪽 (인쇄 4-67) · 32번","2023","","","","","information-security-engineer"
"WRITTEN_CBT","정보보안 일반","다음이 설명하고있는 암호 분석 공격은? -공격자가자유롭게선택한평문을암호화하여 해당 암호문을얻을수있는상황에서,암호시스템을공격 하는기법","암호문단독공격","알려진평문공격","선택평문공격","선택암호문공격","3","","","","medium","","정보보안기사|필기|기출|지피지기 기출문제|정보보안 일반","2026 수제비 정보보안기사 필기 기본서 · 지피지기 기출문제 · PDF 762쪽 (인쇄 4-68) · 34번","","","","","","information-security-engineer"
"WRITTEN_CBT","정보보안 일반","다음은공개키암호알고리즘에대한설명이다.올바 른것은어느것인가?","ElGamal은이산대수의어려움을이용한공개 키암호알고리즘이다.","Diffie-Hellman의알고리즘은 소인수분해의 어려움을이용한것이다.","RSA는정보의비밀성보장을위한 암호화에만 사용된다.","ECC는RSA에비하여사용되는키의길이가길다.","1","","","디피-헬만 알고리즘은공개키암호에대한시초가 되었으며이산로그문제를기반으로두사용자가 안전하게 ㅣ키를교환하는 방식이다 항목 RSA ECC ElGamal 수학적 . 소인수 타원곡선 이산 방식 분해 이산 대수 대수 키크기 . 큼 적음 큼 속도 . 상대적 : 빠름 상대적 느림 느림","medium","","정보보안기사|필기|기출|지피지기 기출문제|2024년|1회|정보보안 일반","2026 수제비 정보보안기사 필기 기본서 · 지피지기 기출문제 · PDF 763쪽 · 36번","2024","","","","","information-security-engineer"
"WRITTEN_CBT","정보보안 일반","Diffie-Hellman키 분배 프로토콜을 이용하여 송신 자""A""와수신자""B""간에 동일한비밀키를 분배하고 자 한다.송신자""A""로부터 g T mod p = 5를전달받 았고,소수p = 11이고,B의개인키×g =2일때, 송신 자 A와 수신자 B의 공유키는?","1","3","5","11","2","","","A = g^mod p일때수신자B는 A^*mod p라는 공유키를 가진다 modp = (qτ)∗ modp = g∗∗ modp x =2,p = 11이므로다음과같이계산한다. mod p = 52 mod 11 = 3 24년1회","medium","","정보보안기사|필기|기출|지피지기 기출문제|2024년|1회|정보보안 일반","2026 수제비 정보보안기사 필기 기본서 · 지피지기 기출문제 · PDF 763쪽 · 37번","2024","","","","","information-security-engineer"
"WRITTEN_CBT","정보보안 일반","다음중AES알고리즘의설명중틀린것은?","128비트,192비트,256비트의키단위로암호화 를수행할수있다","마지막을 뺀라운드들은 SubBytes, ShiftRows MixColumns, AddRoundKey 연산을 수행한다.","마지막라운드에서는MixColumns을수행하지 않는다.","AES는페이스텔 구조이기 때문에복호화과정 은암호화과정과같다.","4","","","AES는 128비트키의경우10라운드,192비트 키의 경우12라운드,256비트 키의 경우14라운드가 수행한다. 라운드마다SubBytes, ShiftRows,MixColumns, AddRoundKey 연산을 수행 마지막 라운드에서는MixColumns을 거치지 않고 SubBytes, ShiftRows, AddRoundKey만을 수행 AES (Advanced Encryption Standard)는 페o|스텔 구조가 아니며, 복호화 과정은 암호화 과정과다르다. 24년 2회","medium","","정보보안기사|필기|기출|지피지기 기출문제|2024년|1회|정보보안 일반","2026 수제비 정보보안기사 필기 기본서 · 지피지기 기출문제 · PDF 764쪽 (인쇄 4-70) · 39번","2024","","","","","information-security-engineer"
"WRITTEN_CBT","정보보안 일반","암호 공격 유형에 대한설명 중 적절하지못한 것은?","암호문 단독 공격(Ciphertext-Only Attack):공 격자가암호문만을가지고암호 시스템을분 석하거나 평문을추측하는 공격","알려진 평문 공격(Known-Plaintext Attack):공 격자가일부 암호문-평문 쌍을 가지고 있을때, 암호 시스템을해독하려는공격","선택 평문 공격(Chosen-Plaintext Attack): 공격 자가선택한 평문에대한 키를얻을수있어서 키암호문의쌍을이용하는공격기법","선택 암호문 공격(Chosen-Ciphertext Attack): 공격자가자유롭게선택한암호문을복호화하 여해당하는평문을얻을수있는상황에서암 EE","3","","","","medium","","정보보안기사|필기|기출|지피지기 기출문제|2024년|2회|정보보안 일반","2026 수제비 정보보안기사 필기 기본서 · 지피지기 기출문제 · PDF 764쪽 (인쇄 4-70) · 40번","2024","","","","","information-security-engineer"
"WRITTEN_CBT","정보보안 일반","스트림 암호 방식의설명으로 옳지 않은 것은?","입력데이터와암호화 키를XOR 연산으로암 호화한다. 2 해시함수를이용한해시암호화방식을사용 한다.","RC4는스트림암호화방식에해당한다.","비트 연산이기 때문에암호속도가빠르다","","2","","","해시함수를이용한해시 암호화방식은일방향암호 방식이고스트림 암호화 방식은양방향 대칭 키암호 방식이다.","medium","","정보보안기사|필기|기출|지피지기 기출문제|2024년|2회|정보보안 일반","2026 수제비 정보보안기사 필기 기본서 · 지피지기 기출문제 · PDF 765쪽 (인쇄 4-71) · 43번","2024","","","","","information-security-engineer"
"WRITTEN_CBT","정보보안 일반","다음중에서블록알고리즘종류와특징을옮게설명 한것은?","IDEA는DES를대체하기 위해스위스 연방기 술기관에서개발한8라운드의알고리즘이다","AES는미국연방 표준알고리즘으로 DES를대 신할64비트암호알고리즘이다","SEED는128비트암호알고리즘으로NIST에서 개발한대칭키암호알고리즘표준이다","DES의취약점을보완하기 위하여3-DES가개 발되었고,3DES는 AES 보다 보안성이 뛰어나 3DES사용을권장한다.","1","","","·DES를대체하기 위해 스위스연방기술 기관에서개발한 암호알고리즘 IDEA 64비트 블록 암호,128비트 키. 8라운드로구성되어 있음 DES의 안전성에문제가 제기됨에 따라 AES 2000년새로운미국표준블록 암호로 채택된128비트블록암호 전자상거래, 금융, 무선통신 등에서 전송되는 개인정보와 같은 중요한 SEED 정보를보호하기위해1999년2월 KISA와 국내 암호전문가들이 순수 국내기술로개발한128비트블록암호 알고리즘 DES가더 이상 안전하지 않다는 것이 3DES 증명되어DES를보완하기위해고안된 알고리즘 3DES는 DES보다는 안전하지만,보안성이 낮기 때문에 3DES보다는 AES 사용을권장한다.","medium","","정보보안기사|필기|기출|지피지기 기출문제|2024년|2회|정보보안 일반","2026 수제비 정보보안기사 필기 기본서 · 지피지기 기출문제 · PDF 766쪽 (인쇄 4-72) · 44번","2024","","","","","information-security-engineer"
"WRITTEN_CBT","정보보안 일반","다음은RSA공개키 암호의시스템변수와 관련된내 용으로 잘못된 것은?","공개키 e와 개인키 d는 ed mod (p-1)(q-1) = 1 을만족한다.","암호화의 속도를증가하기위하여공개키의크 기를작게선택하면일반적으로복호화는암호 화보다속도가느리다.","두소수p와g는 거의같은크기로선택한다","p-1과q-1은작은소인수들로이루어져야 한 다.","4","","","공개키e를작은값으로선택하면개인키d를큰 값으로선택하기 때문에 복호화속도는상대적으로 느리다 ·p와q를 유추하기어렵게p와q는 거의 같은크기로 선택하는것이 좋고,p-1과q-1은보안성을높이기 위해큰소인수가포함되어야 한다 24년 4회","medium","","정보보안기사|필기|기출|지피지기 기출문제|2024년|4회|정보보안 일반","2026 수제비 정보보안기사 필기 기본서 · 지피지기 기출문제 · PDF 766쪽 (인쇄 4-72) · 45번","2024","","","","","information-security-engineer"
"WRITTEN_CBT","정보보안 일반","DES에 대한 설명으로 옳지 않은 것은?","Feistel 암호방식을따른다.","1970년대록암호알고리즘이다.","한블록의크기는64비트이다","한번의암호화를거치기위하여10라운드를 거친다.","4","","","DES는평문을64비트로나눠56비트의 키를 이용하여다시64비트의 암호문을만들어 내는암호 알고리즘이다 1977년에미국국립 표준기술연구소(NIST)에서 표준으로채택한알고리즘이다 DES는16라운드를거친다 24년4회","medium","","정보보안기사|필기|기출|지피지기 기출문제|2024년|4회|정보보안 일반","2026 수제비 정보보안기사 필기 기본서 · 지피지기 기출문제 · PDF 767쪽 · 47번","2024","","","","","information-security-engineer"
"WRITTEN_CBT","정보보안 일반","다음은DES 알고리즘에 대한 내용을 설명한 것이다. 괄호 안에 들어가야할 내용은? -DES는평문을()비트로나눈후( ㄷ)비트의키 를이용하여다시( ©)비트의암호문을만들어내는 암호알고리즘이다 -1977년에미국국립 표준기술연구소(NIST)에서 표준 으로채택한알고리즘이다. -키의길이가56비트이드로키가많지않기때문에전 사공격(Brute Force)에 취약하다","56, 56, ©56","64, 56, ©64","64, 64, ©56","64, 64, ©64","2","","","DES는평문을64비트로나눈후56비트의키를 이용하여다시64비트의 암호문을만들어내는암호","medium","","정보보안기사|필기|기출|지피지기 기출문제|2024년|4회|정보보안 일반","2026 수제비 정보보안기사 필기 기본서 · 지피지기 기출문제 · PDF 767쪽 · 48번","2024","","","","","information-security-engineer"
"WRITTEN_CBT","정보보안 일반","다음 중 SPN(Substitution-Permutation Network) 구조의 암호화 알고리즘과 찍지어진 것은 무엇인가?","DES - Blowfish","RSA - Diffie-Hellman","AES - ARIA","3DES - SEED","3","","","SPN 구조 AES, ARIA, IDEA 페이스텔 DES, 3DES, Blowfish, RC5, RC6, 구조 SEED, HIGHT, LEA Diffie-Hellman은키교환 알고리즘, RSA는 공개키 알고리즘이다. 25년1회","medium","","정보보안기사|필기|기출|지피지기 기출문제|2025년|1회|정보보안 일반","2026 수제비 정보보안기사 필기 기본서 · 지피지기 기출문제 · PDF 767쪽 · 49번","2025","","","","","information-security-engineer"
"WRITTEN_CBT","정보보안 일반","FSR(Feedback Shift Register) 암호화설명중 틀린 것은?","구현이간단한암호화방식이다.","하드웨어에서구현시에유리하다","OTP방식을사용한다","선형/비선형모두지원된다.","3","","","·FSR는구현이간단하며주로하드웨어에서 효율적으로구현할수있고,선형/비선형방식모두를 지원할 수있는 암호화 방식이다. OTP(One-Time Pad)방식과는 다르다.","medium","","정보보안기사|필기|기출|지피지기 기출문제|2025년|1회|정보보안 일반","2026 수제비 정보보안기사 필기 기본서 · 지피지기 기출문제 · PDF 767쪽 · 50번","2025","","","","","information-security-engineer"
"WRITTEN_CBT","정보보안 일반","키의사전공유방식을이용하고자한다.10명의사 원이있는회사에서사원끼리암호화통신을할경우 관리해야할 전체 키의 개수는?","10","45","90","100","2","","","·2명의사용자마다하나의 키를 공유해야하기때문에 n(n-1) n명이있을 경우 2 -개의 키를 관리해야한다 n = 10이므로 10(10-1) =45이다. 2 25년1회","medium","","정보보안기사|필기|기출|지피지기 기출문제|2025년|1회|정보보안 일반","2026 수제비 정보보안기사 필기 기본서 · 지피지기 기출문제 · PDF 768쪽 · 51번","2025","","","","","information-security-engineer"
"WRITTEN_CBT","정보보안 일반","다음은특정 블록 암호 운영 모드의 암호화 과정이 다. 해당하는 모드는? 평문 평문 초기벡터 # 키1 불록암호 탈고리를 기1 불암 알그리즘 암효문 알효문","ECB 모드(Electronic Code Book Mode)","CBC 모드(Cipher Block Chaining Mode)","CFB 모드(Cipher FeedBack Mode)","OFB 모드(Output FeedBack Mode)","2","","","이전블록의 암호문을현재 블록의평문과 XOR 연산한결과를현재의 블록 암호알고리즘의 입력으로 하여 암호문으로 만드는 방식은CBC 모드이다. ]","medium","","정보보안기사|필기|기출|지피지기 기출문제|2025년|1회|정보보안 일반","2026 수제비 정보보안기사 필기 기본서 · 지피지기 기출문제 · PDF 768쪽 · 52번","2025","","","","","information-security-engineer"
"WRITTEN_CBT","정보보안 일반","다음중알려진정보를통해서로간의키교환을하 는방식은 무엇인가?","AES","RSA","Diffie-Hellman","SHA-256","2","","","Diffie-Hellman알고리즘은 공개된정보를통해서로 간의 비밀 키를 안전하게 교환하는방식이다. AES는 대칭 암호화 알고리즘이고, RSA는 공개키 암호화 알고리즘이며 SHA-256은 해시 함수이다. 25년2회","medium","","정보보안기사|필기|기출|지피지기 기출문제|2025년|2회|정보보안 일반","2026 수제비 정보보안기사 필기 기본서 · 지피지기 기출문제 · PDF 769쪽 · 55번","2025","","","","","information-security-engineer"
"WRITTEN_CBT","정보보안 일반","다음중암호화알고리즘강도가가장높은알고리즘 은 무엇인가?","2TDEA","AES 128","3TDEA","DES","2","","","DES 자체가 암호화 알고리즘의 강도가 낮기때문에 TDEA, 2TDEA, 3TDEA보다AES가강력하다. 2TDEA TDES를두번실행하는알고리즘 (Two-key 112비트의 암호화강도를가지고 Triple DES) 있는알고리즘 128비트키를사용하는강력하고 효율적인 현대적인 암호화 AES 128 알고리즘 보안성과성능면에서강력함 3TDEA •TDES를세번실행하는알고리즘 (Three-key Triple DES) 168비트의암호화강도를제공 DES 56비트키를사용하는알고리즘","medium","","정보보안기사|필기|기출|지피지기 기출문제|2025년|2회|정보보안 일반","2026 수제비 정보보안기사 필기 기본서 · 지피지기 기출문제 · PDF 769쪽 · 56번","2025","","","","","information-security-engineer"
"WRITTEN_CBT","정보보안 일반","RSA키 생성 과정에서 N=2419, φ(N)=2320일 때, 두소수p와q의 합인p+q은 얼마인가?","49","82","100","2419","3","","","RSA키생성 절차에서 N,(N)계산은 다음과 같다. RSA키생성은서로다른두개의큰 소수p와q를선택 소수 선택, p≠q N계산 ·p와q를급해서N을계산 N = pq p-1, q-1의 곱인(N)를계산 (N) 계산 φ(N) = (p-1), (q−1) ·N=pq = 2419이ㅁ로$(N)는 다음과 같다. φ(N) = (p−1)(q-1) = pq−p−q+1 = pq−(p+q) = 1 = 2419 − (p=q)+1 = 2420-(p+q) φ(N) = 23200고 (N) =2420- (p+q)이|로 2320 =2420- (p+q)이로p+q = 1000다.","medium","","정보보안기사|필기|기출|지피지기 기출문제|2025년|4회|정보보안 일반","2026 수제비 정보보안기사 필기 기본서 · 지피지기 기출문제 · PDF 769쪽 · 58번","2025","","","","","information-security-engineer"
"WRITTEN_CBT","정보보안 일반","다음의 암호 관련용어에 대한설명 중옮지 않은 것은?","평문은송신자와수신자사이에주고받는일반 적인문장으로서암호화의대상이 된다","암호문은송신자와 수신자사이에주고받고자 하는내용을제3자가이해할수없는 형태로변 형한문장이다","암호화는평문을제3자가알수없도록암호문 으로변형하는과정으로서수신자가수행한다.","공격자는암호문으로부터평문을해독하려는 제3자를가리키며,특히송/수신자사이의암 호통신에직접관여하지않고,네트워크상의 정보를관찰하여공격을수행하는공격자를도 청자라고한다.","3","","","평문 암호화되지 않은원본데이터 (Plain- 암호학을이용하여보호해야할 text) 데이터 평문을 암호화하여 얻은 암호화된 암호문 데이터 (Cipher- 송신자와 수신자사이에 주고받고자 text) 하는데이터를제3자가이해할수 없는형태로 변형한데이터 암호화 ·데이터를암호화하는알고리즘 (Encryp- ·암호화는송신자가수행 tion) 암호문으로부터평문을해독하려는 제3자 • 송/수신자사이의 암호통신에 직접 도청자 관여하지 않고 (Eaves- 네트워크상의 dropper) 정보를관찰하여 공격자 공격을 수행하는 (Attacker) 소극적인 공격자 • 악의적인의도를 악의를가 가지고 시스템 진공격자 네트워크데이터 (Malicious 등에대한공격을 Attacker) 수행하는 적극적인 공격자","medium","","정보보안기사|필기|기출|지피지기 기출문제|2025년|4회|정보보안 일반","2026 수제비 정보보안기사 필기 기본서 · 지피지기 기출문제 · PDF 770쪽 (인쇄 4-76) · 59번","2025","","","","","information-security-engineer"
"WRITTEN_CBT","정보보안 일반","다음에서설명하는암호화알고리즘으로올바른것 은? 전자상거래 금융,무선통신 등에서 전송되는 개인정보 와같은중요한정보를보호하기위해1999년2월KISA 와국내암호전문가들이순수국내기술로개발한128비 ㄷ블록암호알고리즘이다","RC5","Blowfish","SEED","AES","3","","","전자상거래, 금융, 무선통신 등에서 전송되는 개인정보와 같은 중요한 정보를 보호하기위해 1999년2월 KISA와 국내 암호 전문가들이 순수 국내기술로 개발한 128비트 블록 암호 알고리즘은 SEEDO다.","medium","","정보보안기사|필기|기출|지피지기 기출문제|2025년|4회|정보보안 일반","2026 수제비 정보보안기사 필기 기본서 · 지피지기 기출문제 · PDF 770쪽 (인쇄 4-76) · 61번","2025","","","","","information-security-engineer"
"WRITTEN_CBT","정보보안 일반","다음 AES를 암호화할 때 사용되는 변환연산중복 호화를하기위해사용되는역변환을요구하지 않는 연산은?","바이트 치환 변환(Substitute Bytes)","행 이동(Shift Row)","열혼합(MixColumns)","라운드키 더하기(Add Round Key)","","","","라운드키더하기(Add Round Key)는상태행렬과 라운드키에 대해 XOR을 수행하는연산으로 XOR 연산의 특성상, 동일한키로다시 XOR 하면원래의 값을복원할수있기 때문에 별도의 역변환이 필요하지 않다. 25년4회","medium","","정보보안기사|필기|기출|지피지기 기출문제|2025년|4회|정보보안 일반","2026 수제비 정보보안기사 필기 기본서 · 지피지기 기출문제 · PDF 771쪽 · 62번","2025","","","","","information-security-engineer"
"WRITTEN_CBT","정보보안 일반","다음 문장에서 설명하고 있는 특성은? 비밀키가노출되더라도그전의키분배과정에서얻는 새로운세션키정보가수학적으로예전의키정보와관 련이없기때문에 예전키의 안전성에는영향을미칠수 없어야한다는 암호학적성질","기밀성","절대안전성","계산상안전성","완전순방향비밀성","4","","","·해당 암호기법으로생성된 암호문을아무리많이 절대 안전성 사용하더라도해당암호문에 (Unconditionally 평문을알아낼수있는 Secure) 충분한정보를포함하지 않는 안전성 : 현재기술로는해독이 불가능한 수준의 안전성 계산상 안전성 (Computationally 암호해독비용이암호화된 Secure) 정보의가치를초과하거나 암호해독시간이정보의 유효기간초과 비밀키가 노출되더라도 그 전의키 분배과정에서 얻는 완전순방향 새로운세션키정보가 비밀성(PFS; 수학적으로예전의키 Perfect Forward 정보와관련이 없기 때문에 Secrecy) 예전키의 안전성에는 영향을미칠수없어야 한다는암호학적성질","medium","","정보보안기사|필기|예상|천기누설 예상문제|정보보안 일반","2026 수제비 정보보안기사 필기 기본서 · 천기누설 예상문제 · PDF 772쪽 (인쇄 4-78) · 2번","","","","","","information-security-engineer"
"WRITTEN_CBT","정보보안 일반","다음 중 Feistel 구조와 SPN 구조에 대한 설명으로 틀린것은?","Feistel구조는두개의블록으로나누고, 한쪽은 배타적 논리합연산을 수행한다.","Feistel 구조는 전형적인라운드 함수로 DES알 고리즘은16라운드를거친다.","SPN구조는 역 변환 함수에제약이없다.","SPN 구조는S-BOX와P-BOX를 사용한다.","3","","","페이스텔암호 동작 방식은 다음과 같다 오른쪽데이터는 가공없이 다음 L,+1 = Ri 라운드의왼쪽데이터로이동 왼쪽데이터의 값과오른쪽 데이터,키를F라는함수로 R,+1 = L,④F 연산한 값을 XOR(배타적 논리합) (R, K) 연산한 값을다음라운드의 오른쪽데이터로 이동 DES 알고리즘은16라운드를거친다. SPN 구조에서는 역변환함수에 제약이 있다. SPN 구조는 입력 데이터를S-Box,P-Box등의 암호 연산을 연속적으로 적용하여 암호화하는 방식이다.","medium","","정보보안기사|필기|예상|천기누설 예상문제|정보보안 일반","2026 수제비 정보보안기사 필기 기본서 · 천기누설 예상문제 · PDF 773쪽 · 5번","","","","","","information-security-engineer"
"WRITTEN_CBT","정보보안 일반","다음 중 대칭키 방식인 DES(Data Encryption Standard)에 대한 설명으로 틀린 것은?","긴평문은64비트블록으로나눔","키의길이는56비트로구성","암호화과정은초기 전치와최종전치의P-박스 로구성","Feistel라운드함수는10, 12, 14라운드를사용","4","","","DES는평문을64비트로나눈후56비트의키를 이용하여다시64비트의 암호문을만들어내는암호 알고리즘이다. DES는16라운드페이스텔암호를 사용한다.","medium","","정보보안기사|필기|예상|천기누설 예상문제|정보보안 일반","2026 수제비 정보보안기사 필기 기본서 · 천기누설 예상문제 · PDF 774쪽 · 8번","","","","","","information-security-engineer"
"WRITTEN_CBT","정보보안 일반","블록암호화 모드중 암호문블록이 파손되면2개의 평문블록에영향을끼치는블록암호화운영모드는 무엇인가?","ECB","CBC","CFB","OFB","2","","","CBC의 특징은 다음과 같다. CBC는 암호화 입력값이 이전 결과에 의존하기 때문에 병렬화할 수 없지만 복호화 복호화의 경우 각 블록을 복호화한 병렬화 다음 이전 암호화 블록과 XOR 연산하여복구할 수있기 때문에 병렬화가가능 ·CBC모드에서는 이전 블록의 암호문이현재블록과XOR연산이 블록간 되므로동일한평문블록이라도 상호 암호문에서의 패턴이전혀예측하기 의존성 어려움 ·암호문 블록이 파손되면 2개의 평문 블록에영향을끼침","medium","","정보보안기사|필기|예상|천기누설 예상문제|정보보안 일반","2026 수제비 정보보안기사 필기 기본서 · 천기누설 예상문제 · PDF 774쪽 · 9번","","","","","","information-security-engineer"
"WRITTEN_CBT","정보보안 일반","다음이설명하고 있는 공격기법은? Diffie와 Helman이 제안했으며 암호화할 때 일어날 수있는모든가능한경우에 대해 조사하는공격기법 이다 경우의수가 적을때는좋은방법이지만 경우의수가 많은 경우에실현이 어렵다","Exhaustive Key Search","Statistical Analysis","Differential Cryptanalysis","Linear Cryptanalysis","","","","전수 공격 가능한모든키조합을 (Brute Force 시도하여암호를해독하는 Attack; 방법 Exhaustive Key 1977년 디피(Diffie)와 Search) 헬만(Hellman)이 제안한 방법 수학적분석공격중의하나로 통계적 분석 공격 암호문에 대한통계적 (Statistical Analysis Attack) 데이터를 이용해서해독하는 방법 차분 암호 분석 공격 암호화 알고리즘의 입력과 (Differential 출력사이의차분을분석하여 Cryptanalysis 키를추론하는방법 Attack) 선형 암호 분석 공격 암호화 알고리즘의 선형 (Linear 관계를활용하여암호 해독 Cryptanalysis 방법 Attack)","medium","","정보보안기사|필기|예상|천기누설 예상문제|정보보안 일반","2026 수제비 정보보안기사 필기 기본서 · 천기누설 예상문제 · PDF 775쪽 · 11번","","","","","","information-security-engineer"
"WRITTEN_CBT","정보보안 일반","다음은IDEA에대한설명이다.잘못된것은어느것 인가?","DES를대체하기위해서스위스에서개발한알 고리즘이다. 128비트키를사용하여128비트블록을암호화 한다.","하나의블록을4개의서브블록으로나눈다","4개의서브블록은각라운드에입력값으로들 어가며총8개의라운드로구성되어있다.","","","","","IDEA는DES를대체하기위해 스위스 연방 기술 기관에서 개발한 암호알고리즘이다. IDEA는 64비트블록 암호,128비트 키,8라운드로 구성되어있다. IDEA는 하나의 블록을4개의 서브 블록으로나누고, 4개의 서브블록은각라운드에 입력값으로 들어가며 총8개의라운드로구성된다.","medium","","정보보안기사|필기|예상|천기누설 예상문제|정보보안 일반","2026 수제비 정보보안기사 필기 기본서 · 천기누설 예상문제 · PDF 775쪽 · 12번","","","","","","information-security-engineer"
"WRITTEN_CBT","정보보안 일반","다음중대칭키 암호알고리즘이 아닌것은?","Blowfish","SEED","Diffie-Hellman","3DES","","","","대칭키 암호알고리즘은다음과 같다. 페이스텔 기반의 DES, 3DES, Blowfish, RC5, 대칭키 암호 방식 RC6, SEED, HIGHT, LEA SPN 구조 기반의 • AES, ARIA, IDEA 대칭키 암호방식 Diffie-Hellman는공개키기반의키 교환방식으로 대칭키암호 알고리즘이아니다","medium","","정보보안기사|필기|예상|천기누설 예상문제|정보보안 일반","2026 수제비 정보보안기사 필기 기본서 · 천기누설 예상문제 · PDF 775쪽 · 13번","","","","","","information-security-engineer"
"WRITTEN_CBT","정보보안 일반","다음이설명하고 있는 공격 기법은 무엇인가? 1990년Biham과Shamir에 의해 개발된선택 평문 공격 법으로,두개의평문블록의비트차이에대하여대응되 는암호문블록들의비트차이를이용하여암호키를찾 아내는공격기법이다","전수 공격(Exhaustive Key Search)","통계적 분석 공격(Statistical Analysis)","차분 공격(Differential Cryptanalysis)","선형공격(Linear Cryptanalysis)","3","","","가능한모든 키조합을시도하여 전수 공격 암호를해독하는방법 수학적분석공격중의하나로 통계적 분석 암호문에 대한 통계적데이터를 공격 이용해서해독하는방법 암호화 알고리즘의 입력과출력 차분암호 사이의차분을분석하여키를 분석 공격 추론하는방법 선형암호 암호화알고리즘의선형관계를 분석 공격 활용하여 암호해독방법","medium","","정보보안기사|필기|예상|천기누설 예상문제|정보보안 일반","2026 수제비 정보보안기사 필기 기본서 · 천기누설 예상문제 · PDF 776쪽 (인쇄 4-82) · 14번","","","","","","information-security-engineer"
"WRITTEN_CBT","정보보안 일반","다음중 블록 암호알고리즘이 아닌것은?","DES","RC5","MD5","IDEA","3","","","MD5는 해시 함수이다","medium","","정보보안기사|필기|예상|천기누설 예상문제|정보보안 일반","2026 수제비 정보보안기사 필기 기본서 · 천기누설 예상문제 · PDF 776쪽 (인쇄 4-82) · 16번","","","","","","information-security-engineer"
"WRITTEN_CBT","정보보안 일반","그림은사용자A가사용자B에게 암호문을전달하 는과정이다. Key×와 Keyy가 동일하다면 이에 대 한 설명으로 옳지 않은 것은? Key_x Key_x 팽문(M) Encrypt(M) 암호문(C) Decrypt(C) 평문(M) →B","n명의사용자가암호화시스템에참여하는경 우n(n-1)/2개의 키가 필요하다.","암호화 시스템 사용자가 1명씩증가할 때마다 키의 개수는기하급수적으로증가한다","동일한키를사용함으로써비밀성및부인방 지의기능을제공한다","Decrypt(C)의알고리즘은Encrypt(M)알고리 즘의 역순이다.","3","","","Key_x와 Key_y가 동일하다면 대칭키 암호이다. 대칭키암호에서는2명의 사용자마다하나의 키를 공유해야하기때문에n명이있을경우 n(n-1) 개의 2 키를관리해야하므로사용자가증가할수록키의 개수는 기하급수적으로 증가한다 부인방지기능은공개키방식에서제공한다 대칭키암호에서는 암호화와 복호화가 반대 연산이다.","medium","","정보보안기사|필기|예상|천기누설 예상문제|정보보안 일반","2026 수제비 정보보안기사 필기 기본서 · 천기누설 예상문제 · PDF 779쪽 · 25번","","","","","","information-security-engineer"
"WRITTEN_CBT","정보보안 일반","다음중하이브리드암호시스템에서 암·복호화과 정에사용된기술로만 묶인 것은? 해시함수","대칭키암호 ©공개키암호","의사난수생성기 ⑥인증서 ⑤세션키","-©-","H","1","","","세션키는 공개키 암호방식으로암호화하고 메시지를 세션키를 이용한 대칭키암호 방식으로 암호화한다.","medium","","정보보안기사|필기|예상|천기누설 예상문제|정보보안 일반","2026 수제비 정보보안기사 필기 기본서 · 천기누설 예상문제 · PDF 779쪽 · 28번","","","","","","information-security-engineer"
"WRITTEN_CBT","정보보안 일반","대칭키암호방식과공개키 암호방식에대한설명으 로틀린것은?","RSA, ElGamal, ECC 암호알고리즘은공개키알 고리즘이다.","비밀키암호알고리즘방식은암호화와복호화 에동일한키를사용한다.","대칭키암호알고리즘은스트림암호방식과 블록암호알고리즘으로나눌수있다.","공개키암호알고리즘은대칭키암호알고리즘 보다연산 속도가빠르다","4","","","공개키 암호 알고리즘은 대칭키암호 알고리즘보다 연산 속도가느리다 대칭키암호방식과 공개키암호방식은 다음과 같다. 항목 대칭키 암호방식 공개키 암호방식 암호화키사전 공유 불필요 장점 빠른계산속도 관리해야할키 개수가적음 소인수분해의 어려움을이용한 분류 블록 암호, 스트림 방식이산대수의 암호 어려움을이용한 방식 + RSA, Rabin, 종류 DES, AES, OTP, 디피-헬만, LFSR 등 ElGamal, ECC등","medium","","정보보안기사|필기|예상|천기누설 예상문제|정보보안 일반","2026 수제비 정보보안기사 필기 기본서 · 천기누설 예상문제 · PDF 780쪽 (인쇄 4-86) · 29번","","","","","","information-security-engineer"
"WRITTEN_CBT","정보보안 일반","다음중괄호안에 들어갈용어로 적합한것은? ()기술은암호화와복호화에 서로다른키를이용 하는암호기법으로메시지의기밀성을제공하기위해 사용되며, 이는()기술에 비해속도가매우느리기 때문에 하이브리드암호방식으로사용된다 ()기술은()의키분배문제를해결할수있지만 중간자 공격에 의해 위장 공격이 가능하기 때문에(©) 을/를이용한공개키인증이필요하다","일방향해시함수ㄴ대칭키암호ㄷ공개 키암호기술","ㄱ일방향해시함수,ㄴ메시지인증코드 ©전자서명","공개키암호ㄴ메시지인중코드ㄷ대칭키 암호기술","공개키암호ㄴ대칭키암호ㄷ전자서명","4","","","공개키암호방식은서로다른키(암호화키≠ 복호화키)를이용한다 항목 대칭키 암호 방식 공개키 암호 방식 키 ·대칭키(비밀키) ·비대칭키(공개키, 개인키) 키의 ·암호화키= 암호화키 관계 복호화키 복호화키 ※ 암호화키사전 공유 불필요 장점 빠른계산속도 관리해야할키 개수가적음 ·느린계산속도 •키분배및관리 단점 어려움 중간자공격에 취약 전자서명을이용해공개키에 대한 인증을할수 있다.","medium","","정보보안기사|필기|예상|천기누설 예상문제|정보보안 일반","2026 수제비 정보보안기사 필기 기본서 · 천기누설 예상문제 · PDF 780쪽 (인쇄 4-86) · 30번","","","","","","information-security-engineer"
"WRITTEN_CBT","정보보안 일반","다음공개키암호알고리즘중에서이산대수의어려 움을 이용한 암호 방식이 아닌 것은?","Diffie-Hellman","ElGamal","DSA","Rabin","","","","4 Rabin은소인수 분해의어려움을이용한 암호 방식이다. 소인수분해의 어려움을이용한암호 •RSA, Rabin 방식 이산 대수(이산로그)의 Diffie-Hellman, 어려움을이용한암호 ElGamal, ECC, ECDH 방식 지못한것은? ①이산대수어려움에기반한암호알고리즘이 다. ②1978년 Rivest, Shamir, Adleman에 의해 만들어 졌다. 공개키암호시스템은사전의키분배문제를 해결하였다. ④전자서명과같은새로운개념을출현시켰다 RSA(Rivest-Shamir-Adleman)는 소인수 분해의 어려움을이용한 암호방식이다. 공개키 암호시스템은대칭키 암호시스템이 가지고 있는키 배송 문제를해결하였다.","medium","","정보보안기사|필기|예상|천기누설 예상문제|정보보안 일반","2026 수제비 정보보안기사 필기 기본서 · 천기누설 예상문제 · PDF 781쪽 (인쇄 4-87) · 31번","","","","","","information-security-engineer"
"WRITTEN_CBT","정보보안 일반","다음공개키암호시스템중 복호화과정에서결정적 알고리즘이 아닌것은?","RSA 암호시스템","Rabin암호시스템","ElGamal 암호시스템","Knapsack 암호시스템","","","","Rabin은 비결정적 알고리즘이다. 비결정적 알고리즘(Nondeterministic Algorithm)은 동일한입력이주어지더라도 매번 다른과정을거쳐 다른 결과를도출하는 알고리즘으로 복호화를 했을 때여러 개의 평문이 도출된다.","medium","","정보보안기사|필기|예상|천기누설 예상문제|정보보안 일반","2026 수제비 정보보안기사 필기 기본서 · 천기누설 예상문제 · PDF 781쪽 (인쇄 4-87) · 33번","","","","","","information-security-engineer"
"WRITTEN_CBT","정보보안 일반","Diffie-Hellman 키교환에 대한설명중옮지 않은 것은?","인수분해의어려움에기반한다.","중간자공격에취약하다.","키교환에사용할소수와원시근을사전에결 정해야한다.","인증메시지에비밀세션키를포함하여전달할 필요가없다.","","","","· 디피-헬만 알고리즘은공개키 암호에 대한시초가 되었으며이산로그문제를기반으로두사용자가 안전하게키를 교환하는방식이다. 소수p.원시근(Primitive Root) g를선택하여키 교환을수행한다 디피-헬만 알고리즘은상대방에 대한 인증이 보장되지 않기때문에 신분 위장이가능하고 그로인해 중간자 공격(MTM;Man-In-The-Middle Attack)에 취약하다.","medium","","정보보안기사|필기|예상|천기누설 예상문제|정보보안 일반","2026 수제비 정보보안기사 필기 기본서 · 천기누설 예상문제 · PDF 781쪽 (인쇄 4-87) · 34번","","","","","","information-security-engineer"
"WRITTEN_CBT","정보보안 일반","보기 지문의,","에 적절한것은? 소인수 분해는하나의()를소인수로분해하는과정 이다충분히큰두개의( ㄴ)를급하는것은쉽지만,곱 한결과를소인수분해하는것이매우어렵다.일부공개 키암호알고리즘은소인수분해의어려움을기반으로 설계되었다","정수,ㄴ소수","정수,ㄴ대수","실수,ㄴ소수","1","","","매우큰소수를곱하는것은 쉽지만,곱한결과를 소인수분해의 소인수(주어진정수를 나누어 어려움을이용한 떨어지는 약수 중에서 소수인 방식 약수)로분해하기가매우 어렵다는점을이용한 암호화 방식 주어진a, p에대해y= a mod p형태의방정식에서x를알고 이산 대수 있을때amodp를계산하는 (이산로그)의 어려움을이용한 것은쉽지만, y, a,p를이용해서 방식 x를찾는이산로그문제가매우 어렵다는점을이용한 암호화 방식","medium","","정보보안기사|필기|예상|천기누설 예상문제|정보보안 일반","2026 수제비 정보보안기사 필기 기본서 · 천기누설 예상문제 · PDF 782쪽 (인쇄 4-88) · 35번","","","","","","information-security-engineer"
"WRITTEN_CBT","정보보안 일반","다음 중공개키 암호알고리즘의 특징으로 틀린것은?","대칭키보다키길이가길고속도가느림","전자서명에사용되는검증키가대칭키암호보 다큼","수학적어려움에기반하여활용","공개키가변조된다면전체인중체계에문제발생","2","","","전자서명에검증키(공개키)는공개키 암호에서 사용되지만, 대칭키 암호에서는 사용하지 않는다. EE","medium","","정보보안기사|필기|예상|천기누설 예상문제|정보보안 일반","2026 수제비 정보보안기사 필기 기본서 · 천기누설 예상문제 · PDF 782쪽 (인쇄 4-88) · 36번","","","","","","information-security-engineer"
"WRITTEN_CBT","정보보안 일반","다음중Diffie-Hellman키 교환 프로토콜에대한설 명으로 올바르지 못한 것은?","1976년에 발표되었으며,공개키 암호에대한 시초가 되었다.","신분 위장이나 중간자(Man-ln-The-Middle)공 격에강하다.","이산로그문제의어려움에의존한다.","네트워크상에서A와B가서로만나지않고도 키를공유하는방법을제시하였다.","2","","","디피-헬만 알고리즘은공개키 암호에 대한시초가 되었으며이산로그문제를기반으로두사용자가 안전하게키를교환하는방식이다. 디피-헬만 알고리즘은 상대방에 대한 인증이 보장되지 않기 때문에 신분 위장이 가능하고 그로인해 중간자 공격(MITM;Man-In-The-Middle Attack)에 취약하다.","medium","","정보보안기사|필기|예상|천기누설 예상문제|정보보안 일반","2026 수제비 정보보안기사 필기 기본서 · 천기누설 예상문제 · PDF 782쪽 (인쇄 4-88) · 37번","","","","","","information-security-engineer"
"WRITTEN_CBT","정보보안 일반","다음 중 KDC기반키 분배에 대한설명으로틀린것은?","Key Domain Center의 약자이다.","믿을만한제 3자즉, Trusted Third Authority로 도불린다.","암호통신을원하는두가입자사이에공통의 암호키를소유할수있도록키를분배한다.","KDC를 구축하기 위해 Kerberos가 사용되기도 한다.","1","","","KDC(Key Distribution Center)는 이용한 방식은 중앙의 신뢰된 제3자(Trusted Third Authority)에 의해개인과키배포센터사이에서만키를공유하는 방식이다.","medium","","정보보안기사|필기|예상|천기누설 예상문제|정보보안 일반","2026 수제비 정보보안기사 필기 기본서 · 천기누설 예상문제 · PDF 783쪽 (인쇄 4-89) · 43번","","","","","","information-security-engineer"
"WRITTEN_CBT","정보보안 일반","n명의사람이대칭키암호화통신을할경우몇개의 대칭키가 필요한가?","n (n+1)/2","n (n-1)/2","n (n-1)","n(n+1)","2","","","대칭키암호화에서는2명의 사용자마다 하나의 키를 공유해야 하기 때문에n명이 있을 경우 n(n-1) 개의 2 키를관리해야한다.","medium","","정보보안기사|필기|예상|천기누설 예상문제|정보보안 일반","2026 수제비 정보보안기사 필기 기본서 · 천기누설 예상문제 · PDF 784쪽 · 44번","","","","","","information-security-engineer"
"WRITTEN_CBT","정보보안 일반","사용자 수가 증가될 때 KDC(Key Distribution Center)에 영향을 미치는 올바르지 못한 것은?","가입자n의증가에따른키관리가복잡해진 다.","장기간사용시세션키가노출될위험성이발 생한다.","KDC가관리해야할키의 개수가증가하지않는 다","가입자수n에따라한가입자마다 상대가입자 수(n-1)만큼의상호세션키를비밀리에보관 해야한다.","3","","","KDC는 두사용자가 세션을 맺을 때마다 키를 생성하고 보관해야 하기 때문에 사용자 수가 증가하면 KDC가 관리해야 할 키의 개수가 증가한다","medium","","정보보안기사|필기|예상|천기누설 예상문제|정보보안 일반","2026 수제비 정보보안기사 필기 기본서 · 천기누설 예상문제 · PDF 784쪽 · 45번","","","","","","information-security-engineer"
"WRITTEN_CBT","정보보안 일반","해시함수개요 (1) 해시 함수(Hash Function) 개념 •해시함수는임의의 길이를갖는임의의데이터를고정된길이의데이터로매 핑하는 단방향 함수이다 ·해시함수를이용한해시알고리즘은일방향암호방식으로임의길이의정보 를입력받아,고정된길이의암호문(해시값)을출력하는암호 방식이다. 해시 함수가 적용된 정보는복호화가불가능하다 임의길이 정보 해시함수 비밀번호등 임의길이 정보 X 해시함수 비밀번호등 (2) 해시 함수 특징[22년1회,23년4회,24년1회,4회] 해시함수 특징 특징 설명 압축 ·해시값의길이는입력값의길이에상관없이항상일정 충돌회피 서로다른입력값이동일한해시값을만들확률은낮음 (충돌내성) 일방향 해시 값을통해입력값으로복원할수없어야함 계산용이성 ·해시 함수의계산 효율이 좋아야함 해시함수 공개 해시함수자체는공개되어있음 쇄도효과 (Avalanche ·해시 함수의 입력값에 미세한 변화를줄경우출력값에상당한 변화가 Effect;산사태 일어나는성질 효과)","","","","","","","","","medium","","정보보안기사|필기|예상|천기누설 예상문제|정보보안 일반","2026 수제비 정보보안기사 필기 기본서 · 천기누설 예상문제 · PDF 785쪽 · 1번","","","","","","information-security-engineer"
"WRITTEN_CBT","정보보안 일반","해시 함수","","","","","","","","","medium","","정보보안기사|필기|예상|천기누설 예상문제|정보보안 일반","2026 수제비 정보보안기사 필기 기본서 · 천기누설 예상문제 · PDF 785쪽 · 2번","","","","","","information-security-engineer"
"WRITTEN_CBT","정보보안 일반","해시암호방식 (1) MDC","MDC(Modification Detection Code; 변경감지 코드)[22년 2회] MDC는 키를 사용하지 않는 변경 감지코드로수신자는받은데이터로부터 새로운코드를 생성하여송신자에게받은코드와비교하여 경되지 않았음(메시지의 무결성)을 보장하는 방식이다. Alice 안전하지않은 통신채널 메시지 해시 MDC 안전한통신채널 MDC구조","MDC 종류[22년2회,23년4회,24년1회,25년2회] MDC 종류는 MD, SHA, LSH, RIPEMD, HAS, HAVAL 등이 있다. MDC종류 종류 파일의무결성검사에사용하는해시함수 MD5(Message- 각각의512비트짜리입력메시지블록에 대해차례로동작하여","","","","","","","medium","","정보보안기사|필기|예상|천기누설 예상문제|정보보안 일반","2026 수제비 정보보안기사 필기 기본서 · 천기누설 예상문제 · PDF 789쪽 · 2번","","","","","","information-security-engineer"
"WRITTEN_CBT","정보보안 일반","다음 중해시함수의 조건이 아닌것은?","압축","일방향","생일공격 충돌회피","","3","","","해시함수의 조건은 다음과 같다. 해시값의 I길이는입력값의 압축 길이에상관없이항상일정 서로다른입력이동일한해시 충돌회피 값을 만들 확률은낮음 해시값을통해입력값으로 일방향 복원할수없어야함 계산용이성 ·해시함수의계산 효율이좋아야 함","medium","","정보보안기사|필기|기출|지피지기 기출문제|정보보안 일반","2026 수제비 정보보안기사 필기 기본서 · 지피지기 기출문제 · PDF 794쪽 · 2번","","","","","","information-security-engineer"
"WRITTEN_CBT","정보보안 일반","해시함수의 분류 중MDC(Modification Detection Cryptography)에 포함되지 않는 알고리즘은?","MD (Message Digest)","SHA(Secure Hash Algorithm)","LSH(Lightweight Secure Hash)","H-MAC(Hash-MAC) MDC 알고리즘의 종류는 MD(Message Digest), SHA(Secure Hash Algorithm), LSH(Lightweight Secure Hash), HAS(Hash Algorithm Standard)가 있다. H-MAC(Hash-based MAC)은 MAC 알고리즘이다. 22년2회","4","","","","medium","","정보보안기사|필기|기출|지피지기 기출문제|2022년|2회|정보보안 일반","2026 수제비 정보보안기사 필기 기본서 · 지피지기 기출문제 · PDF 795쪽 · 4번","2022","","","","","information-security-engineer"
"WRITTEN_CBT","정보보안 일반","해시 함수 h와 주어진 입력값x에 대해h(x)=h(x)을 만족하는×’(≠×)를 찾는 것이 계산적으로 불가능한 것을의미하는 것은?","압축성","일방향성","두번째역상저항성","충돌저항성","3","","","","medium","","정보보안기사|필기|기출|지피지기 기출문제|2022년|2회|정보보안 일반","2026 수제비 정보보안기사 필기 기본서 · 지피지기 기출문제 · PDF 795쪽 · 5번","2022","","","","","information-security-engineer"
"WRITTEN_CBT","정보보안 일반","메시지 출처인증(Message Origin Authentication) 에활용되는암호기술중 대칭키 방식에해당하는 것은?","전자서명","해시함수","이중서명","메시지인중코드","4","","","서명을통해 메시지의 무결성과 전자서명 출처 인증을 보장하는방법(공개키) 고정된길이의해시값을 해시함수 생성(단방향암호화) ·전자서명방식을이용해서 분리 이중 서명 서명(공개키) 메시지 인증 메시지와비밀키를입력하여 코드 인증값으로사용될고정된길이의 (MAC) 코드를생성하는방식(대칭키)","medium","","정보보안기사|필기|기출|지피지기 기출문제|정보보안 일반","2026 수제비 정보보안기사 필기 기본서 · 지피지기 기출문제 · PDF 795쪽 · 6번","","","","","","information-security-engineer"
"WRITTEN_CBT","정보보안 일반","SHA-384(Secure Hash Agorithm)의 Block Size 2?","160","224","512","1024","4","","","SHA-2 함수의 스펙은 다음과 같다. 종류 해시값 블록크기 연산수 크기 SHA-224 224 512 64 SHA-256 256 512 64 SHA-384 384 1024 80 SHA-512 512 1024 80 22년 4회,24년 4회,25년 2회","medium","","정보보안기사|필기|기출|지피지기 기출문제|2022년|4회|정보보안 일반","2026 수제비 정보보안기사 필기 기본서 · 지피지기 기출문제 · PDF 796쪽 · 8번","2022","","","","","information-security-engineer"
"WRITTEN_CBT","정보보안 일반","메시지에 대한충돌저항성을갖는해시함수를설계 할경우공격자가초당22개의해시값을계산할수 있는능력이 있고 정보의가치가1,024초이후에는 위조가 되어도 된다고 하면공격자가충돌성을갖지 못하도록하는 최소 해시값의 비트 수는?","32","64","84","96","3","","","1초에 2의 해시값을 을계산하고,공격자가1,024초 동안 공격하므로 1,024초동안계산할수있는 해시값은24개다 232× 1024 = 232× 210 = 2ψ2 생일공격에 의해 충돌을방지하기위해서는2*2≥ 24이어야 하므로최소84비트이다 2n′2 ≥ 24, n/2 ≥ 42, n ≥ 84","medium","","정보보안기사|필기|기출|지피지기 기출문제|정보보안 일반","2026 수제비 정보보안기사 필기 기본서 · 지피지기 기출문제 · PDF 796쪽 · 9번","","","","","","information-security-engineer"
"WRITTEN_CBT","정보보안 일반","일방향해시함수에 대한설명으로 틀린 것은?","SHA-256의 해시값은 32바이트이다.","일방향해시함수를사용해서메시지인증코 드를구성할수있다.","SHA-1에대한충돌내성은해치지않아안전하 게사용할수없다","일방향해시함수를통해파일의무결성을보 장할수있다.","3","","","SHA-256의 해시값은256비트이므로 32바이트(=256/8)이다. 일방향해시함수를이용해메시지인증 코드를 구성하고,파일의해시값을이용해서파일의 무결성을 보장할 수 있다. SHA-O과 SHA-1에 대한 공격(충돌 발생)은 이미 발견되었다. 23년1회","medium","","정보보안기사|필기|기출|지피지기 기출문제|2022년|4회|정보보안 일반","2026 수제비 정보보안기사 필기 기본서 · 지피지기 기출문제 · PDF 797쪽 · 10번","2022","","","","","information-security-engineer"
"WRITTEN_CBT","정보보안 일반","해시값과 메시지 인증 코드(Message Authentica- tion Code; MAC)에 대한 설명으로틀린 것은?","해시값만을통해두사람이문서를주고받았을 때MITM(Man-In-The-Middle, 중간자 공격)공격 을받을수있다.즉,해시값만을보고수신된문 서위변조에대한상호신뢰를확신할수없다.","해시값에암호개념을도입한 것이HMAC(Hash Message Authentication Code)이며, 이때 메시 지송수신자는 비밀키(Encryption Key)또는 세 션키(Sesseion Key)를 사전에안전한 채널을통 해공유해야한다.","메시지 인증을 위해서 사용되는 Message Di- gest(해시값)는 메시지 저장소에파일이 위변 조되지않았다는것을보장하기위해서사용하 기도한다.","메시지크기와상관없이MAC생성과정,즉해 시값 생성,암호화등의속도는균일하여다른","4","","","","medium","","정보보안기사|필기|기출|지피지기 기출문제|2023년|1회|정보보안 일반","2026 수제비 정보보안기사 필기 기본서 · 지피지기 기출문제 · PDF 797쪽 · 11번","2023","","","","","information-security-engineer"
"WRITTEN_CBT","정보보안 일반","해시함수 h의성질에 관한설명중틀린것은?","역상저항성은임의의해시값H(X)에대해서X 값을계산하기가어렵다는성질이다","두번째 역상저항성은X를알고있을때해시 값H(X)에 대해서 같은 해시값(H(X) = H(X)) 을갖는X를계산하기가어럽다는성질이다","충돌 저항성은H(X) = H(X)를 만족하는X, X 를계산하기가어렵다는성질이다","충돌저항성은 역상저항성을보장한다.","4","","","암호화 해시함수 특성은 다음과 같다. 임의의길이를가진입력 압축성 데이터를고정된크기의 (Compression) 해시값으로변환하는특성 해시 값이주어졌을 때그 해시 값을생성하는입력값을 역상 찾기가어렵다는특성 저항성(Pre- Image 임의의해시값HX)에 대해서 Resistance) X값을계산하기가어렵다는 특성(제1역상 공격에 대해 안전해야함) : 해시값과 입력값이 주어졌을 때해시을생성하는또 다른입력값을찾는것이 제2역상 어렵다는 특성 저항성(2nd Pre- ·X를알고있을때해시값 Image HX에 대해서같은 Resistance; 약한 충돌 내성) 해시값(HX) = HX)을 갖는 X를계산하기가어렵다는 특성(제2역상 공격에 대해 안전해야함) 같은해시을생성하는두 충돌 개의 입력값을찾는것이 어렵다는 특성 저항성(Collision Resistance; ·HX) = HX)를 만족하는X 강한 충돌 내성) X를계산하기가어렵다는 특성(해시 충돌에 대해 안전해야함) 암호화해시함수 특성간관계는 다음과 같다. ·충돌저항성은제2역상저항성을보장한다. ·제2역상저항과 역상저항성이서로를보장하지 못한다","medium","","정보보안기사|필기|기출|지피지기 기출문제|2023년|4회|정보보안 일반","2026 수제비 정보보안기사 필기 기본서 · 지피지기 기출문제 · PDF 798쪽 · 14번","2023","","","","","information-security-engineer"
"WRITTEN_CBT","정보보안 일반","다음중일방향해시 함수 알고리즘이 아닌 것은?","MD5","SHA","HAS-160","DSA","4","","","DSA는1991년8월에 국립 표준기술연구소(NIST: National Institution of Standard and Technology)가 미국 전자 서명 표준(DSS;Digital Signature Standard)에서 사용하기 위하여 발표한 정부용 전자 서명 알고리즘이다. DSA는 이산 대수의 어려움을 이용한 전자서명 알고리즘이다. 24년1회","medium","","정보보안기사|필기|기출|지피지기 기출문제|2023년|4회|정보보안 일반","2026 수제비 정보보안기사 필기 기본서 · 지피지기 기출문제 · PDF 799쪽 · 15번","2023","","","","","information-security-engineer"
"WRITTEN_CBT","정보보안 일반","해시(Hash) 기법에 대한설명으로틀린것은?","해시값의길이는입력값의길이에상관없이 항상일정하다.","주로공개키암호화방식에서키생성을위해 사용한다","대표적인해시알고리즘으로MD5, SHA-1등 이있다.","서로다른입력값이동일한해시값을만들확","2","","","","medium","","정보보안기사|필기|기출|지피지기 기출문제|2024년|2회|정보보안 일반","2026 수제비 정보보안기사 필기 기본서 · 지피지기 기출문제 · PDF 799쪽 · 17번","2024","","","","","information-security-engineer"
"WRITTEN_CBT","정보보안 일반","원소가집합에 속하는지여부를검사하는데 사용되 는확률적자료구조로사용자가회원가입을할때 공격자가 가지고 있는 레인보우테이블에있는비밀 번호에 대하여사용을금지시키는 방법은?","Key Stretching","Salt Key","Bloom Filter","Birthday Paradox","3","","","솔트(Salt)키 : 난수를비밀번호와같이해시값에 포함시키는방식 해시값을알아보지못하도록하기 키 스트레칭 위해서원문의해시값을 (Key 입력값으로,다시그해시값을 Stretching) 다시입력값으로n번 반복해서 적용하는방법 : 원소가집합에속하는지여부를 검사하는데 사용되는 확률적 자료 블륨필터 구조 (Bloom 사용자가회원가입을할때 Filter) 공격자가 가지고 있는 레인보우 테이블에 있는비밀번호에 대하여 사용을금지시킴","medium","","정보보안기사|필기|기출|지피지기 기출문제|2024년|2회|정보보안 일반","2026 수제비 정보보안기사 필기 기본서 · 지피지기 기출문제 · PDF 799쪽 · 18번","2024","","","","","information-security-engineer"
"WRITTEN_CBT","정보보안 일반","임의의길이를정해진크기로만드는해시함수의특 징은?","강한충돌저항성","약한충돌저항성","압축성","일방향성","3","","","해시 함수의 압축성은 임의의 길이를 가진입력 데이터를 고정된 크기의 해시값으로 변환하는 특징이다 24년 4회","medium","","정보보안기사|필기|기출|지피지기 기출문제|정보보안 일반","2026 수제비 정보보안기사 필기 기본서 · 지피지기 기출문제 · PDF 800쪽 · 19번","","","","","","information-security-engineer"
"WRITTEN_CBT","정보보안 일반","SHA-2에 해당하지 않는 것은?","SHA-128","SHA-256","SHA-384","SHA-512","1","","","SHA-2는 SHA-224, SHA-256, SHA-384, SHA-512, SHA-512/224, SHA-512/256가 있다. 25년2회","medium","","정보보안기사|필기|기출|지피지기 기출문제|2025년|2회|정보보안 일반","2026 수제비 정보보안기사 필기 기본서 · 지피지기 기출문제 · PDF 801쪽 · 24번","2025","","","","","information-security-engineer"
"WRITTEN_CBT","정보보안 일반","일방향해시함수MD5의출력해시의크기는?","128비트","256비트","512비트","1024비트","1","","","MD5는 1991년 R.rivest가 MD4를 개선한 암호화 알고리즘으로프로그램이나 파일의 무결성 검사에 사용하는해시함수로 각각의 512비트짜리 입력 메시지블록에대해 차례로 동작하여 128비트의 해시값을생성하는 해시 함수이다. 25년 4회","medium","","정보보안기사|필기|기출|지피지기 기출문제|2025년|2회|정보보안 일반","2026 수제비 정보보안기사 필기 기본서 · 지피지기 기출문제 · PDF 801쪽 · 25번","2025","","","","","information-security-engineer"
"WRITTEN_CBT","정보보안 일반","다음 중해시함수의 특징이 아닌 것은?","고정된크기의해시코드를생성함","일방향성성질을가짐","강·약충돌회피성이보장됨","안전한 키를사용하면결과값의안전성이보장 됨","4","","","해시함수 조건은다음과 같다. ·서로다른입력값이동일한해시 충돌 회피 값을만들확률은낮음 •해시값의길이는입력값의 압축 길이에상관없이항상일정 ·해시값을통해입력값으로 일방향 복원할수없어야함 ·해시 함수의계산 효율이 좋아야 계산 용이성 함 해시함수는 키를사용하지 않으며,안전성은 해시 알고리즘자체의설계와구현에의해결정된다.","medium","","정보보안기사|필기|예상|천기누설 예상문제|정보보안 일반","2026 수제비 정보보안기사 필기 기본서 · 천기누설 예상문제 · PDF 803쪽 · 4번","","","","","","information-security-engineer"
"WRITTEN_CBT","정보보안 일반","다음 중 SHA-1의성질로 옳지 않은 것은?","메시지를512비트블록단위로나눈다.","해시값의길이는160비트이다","4라운드로구성되며각라운드당20번반복동 작한다.","기약논리함수를5개사용한다.","4","","","SHA-1은4개의라운드에서 4개의 기약논리함수(f. f2,f3.f4)사용한다.","medium","","정보보안기사|필기|예상|천기누설 예상문제|정보보안 일반","2026 수제비 정보보안기사 필기 기본서 · 천기누설 예상문제 · PDF 803쪽 · 5번","","","","","","information-security-engineer"
"WRITTEN_CBT","정보보안 일반","다음중 해시 알고리즘인""SHA-1에 대한설명으로 틀린것은?","최대26비트미만의길이메시지입력","512비트의블록단위로처리","160비트메시지다이제스트출력","16단계의4라운드를사용","4","","","SHA-1은 4라운드로 구성되며 각 라운드당 20번 반복 동작(20단계의 4라운드를 사용)","medium","","정보보안기사|필기|예상|천기누설 예상문제|정보보안 일반","2026 수제비 정보보안기사 필기 기본서 · 천기누설 예상문제 · PDF 803쪽 · 6번","","","","","","information-security-engineer"
"WRITTEN_CBT","정보보안 일반","해시함수가 아닌 것은?","SHA","MD4","MD5","DES","4","","","DES(Data Encryption Standard; 데이터 암호 표준)는블록 암호기반 대칭키암호방식으로해시 함수가 아니다","medium","","정보보안기사|필기|예상|천기누설 예상문제|정보보안 일반","2026 수제비 정보보안기사 필기 기본서 · 천기누설 예상문제 · PDF 803쪽 · 7번","","","","","","information-security-engineer"
"WRITTEN_CBT","정보보안 일반","다음중MD5가 사용하는 4개의 32비트레지스터 (A, B, C, D) 초기화 값으로 옳지 않은 것은?","A=01234567","B=510e527f","C-fedcba98","D=76543210","2","","","AB,C,D의32비트레지스터 초기변수값은 16진수로다음과 같다. A 01 23 45 67 B 89 ab cd ef C fe dc ba 98 D 76 54 32 10","medium","","정보보안기사|필기|예상|천기누설 예상문제|정보보안 일반","2026 수제비 정보보안기사 필기 기본서 · 천기누설 예상문제 · PDF 803쪽 · 8번","","","","","","information-security-engineer"
"WRITTEN_CBT","정보보안 일반","해시함수충돌원리 중해시값의 입력값이 많아질 경우해시값이같은두입력값을발견할확률이 빠르 게 증가하는 것은?","Pigeonhole Principle","Least Privilege","Birthday Paradox )Pesticide Paradox","","3","","","n개의 비둘기집에n+1마리의 비둘기를넣으면적어도하나의 비둘기집에는2 2마리이상의 비둘기집원리 비둘기가들어간다원리 (Pigeonhole 해시값의경우의 Principle) 수(비둘기집)보다 더 많은 입력 데이터(비둘기)가 있을경우 적어도두개이상의입력 데이터가동일한해시 값을가짐 365일중23명만모여도생일이 같은두사람이 있을 확률이 50%가 넘어가고,57명이 모이면 생일공격 99%가 넘어간다는문제 (Birthday 해시 함수의 입력값(사람의 수)이 Attack; 많아질경우해시값이 같은두 Birthday 입력값(생일이 같은사람)을 Paradox) 발견할확률이빠르게 증가 출력이 n비트인해시 함수는 경우의수가2""이고,2""2일때 해시 충돌을찾을수있음","medium","","정보보안기사|필기|예상|천기누설 예상문제|정보보안 일반","2026 수제비 정보보안기사 필기 기본서 · 천기누설 예상문제 · PDF 804쪽 · 11번","","","","","","information-security-engineer"
"WRITTEN_CBT","정보보안 일반","메시지 인증 코드(Message Authentication Code) 에서 재전송공격(Replay Attack)을 방지하는방법 으로틀린것은?","순서 번호(Sequence Number):송신메시지에 매회 1씩증가하는순서번호를붙이고MAC 값의계산에서는순서번호도 메시지에포함시 킨다.","타임스탬프(TimeStamp):송신 메시지에현재 시각을넣기로약속해두고그이전의메시지가 왔을 때는MAC값이올바르더라도오류라고 판단한다.","비표(Nonce):메시지를 수신하기에앞서수신 자는송신자에게일회용의랜덤한값을 건네준 다.송신자는 메시지안에그비표를 포함해서 MAC값을계산한다. 4 암호화(Encryption):대칭키를이용해서메시 지를한번더암호화해서송신자에게 전달한 다.","","4","","","암호화만으로는 재전송 공격을 막을 수 없으며 Nonce, 시권스 번호,타임스탬프 등과 같은 추가적인 요소가 필요하다.","medium","","정보보안기사|필기|예상|천기누설 예상문제|정보보안 일반","2026 수제비 정보보안기사 필기 기본서 · 천기누설 예상문제 · PDF 805쪽 · 12번","","","","","","information-security-engineer"
"WRITTEN_CBT","정보보안 일반","해시함수를사용하여변환가능한모든해시값을저 장하고이를이용하여저장된비밀번호로부터원래 의 비밀번호를 추출하는데 사용되는 것은?","User Table","Whitelist Table","Blacklist Table Rainbow Table","","4","","","레인보우테이블공격은해시함수를사용했을때 변환가능한모든 해시 값을저장시켜놓은표를","medium","","정보보안기사|필기|예상|천기누설 예상문제|정보보안 일반","2026 수제비 정보보안기사 필기 기본서 · 천기누설 예상문제 · PDF 805쪽 · 13번","","","","","","information-security-engineer"
"WRITTEN_CBT","정보보안 일반","다음 중 변조 감지 코드(Modification Detection Code; MDC)와 메시지 인증 코드(Message Au- thentication Code; MAC)의 공통점은 무엇인가?","메시지에대한무결성을 제공한다","사전에키를공유해야한다.","안전한채널을사용해서송·수신해야한다","데이터에대한 인증을제공한다.","1","","","MDC는 키를 사용하지 않는 변경 감지 코드로 수신자는 받은 데이터로부터 새로운 코드를 생성하여 송신자에게 받은 코드와 비교하여 해당 메시지가 변경되지 않았음(메시지의 무결성)을 보장하는 방식이다. MAC은 데이터가 불법적으로 수정,삭제 삽입되었는지를 검증(무결성 검증)할 목적으로 데이터에 덧붙이는 코드이다.","medium","","정보보안기사|필기|예상|천기누설 예상문제|정보보안 일반","2026 수제비 정보보안기사 필기 기본서 · 천기누설 예상문제 · PDF 805쪽 · 14번","","","","","","information-security-engineer"
"WRITTEN_CBT","정보보안 일반","인증시스템 (1) 커버로스[22년4회,23년4회,24년2회]","커버로스(Kerberos) 개념 커버로스는 사용자나서비스가안전하게 인증을 수행할 수있도록MIT에서 개발한 클라이언트-서버로설계된인증프로토콜이다 ·커버로스는분산 컴퓨팅 환경에서 대칭키를이용하여사용자 인증을제공하 는 중앙 집중형 인증 방식이다 커버로스는 SSO(Single Sign On)의 솔루션으로 SSO 기능을 제공한다.","커버로스특징 커버로스는 패스워드 추측 공격에 취약하다. •사용자의 비밀키가 침입자에 의해 유출될가능성이 있다 •커버로스프로토콜은데이터의 기밀성과무결성을보장한다.","커버로스구성요소 [22년1회,2회,25년1회] 커버로스구성요소 구성요소 설명 클라이언트 커버로스영역에속한서비스를사용하는사용자 (Client) ·신뢰할수있는제3의기관으로서티켓을 KDC 인증서버(AS; Authentication (Key Distribution Server) Center;키분배 서버) 티켓발급서비스(TGS;Ticket Granting Service) 서비스 서버(SS; 클라이언트가사용하기원하는서비스를제공하는서버 Service Server)","","","","","","medium","","정보보안기사|필기|예상|천기누설 예상문제|정보보안 일반","2026 수제비 정보보안기사 필기 기본서 · 천기누설 예상문제 · PDF 813쪽 · 2번","","","","","","information-security-engineer"
"WRITTEN_CBT","정보보안 일반","커버로스절차 설명 클라이언트가User ID를AS로전송 User ID가 DB에 있는지 검색 후DB에 존재하면 TGT 암호화된TGS세션키를전송 ·티켓을발급할 수있는티켓 TGT(Ticket ·클라이언트가 접속하기원하는 Granting Ticket) 서버 ID,클라이언트ID, 클라이언트 주소,티켓유효기간등이포함됨 TGS 세션키 TGS와통신을위한임시 비밀키 클라이언트는TGS세션키를복호화한 후,User ID와 타임스탬프로 만든인증자(Authenticator)를 TGS세션키로 암호화하여, 가공하지 않은 TGT와 함께 TGS에 전송 TGT안에포함된Client ID가일치할경우SGT, 암호화된SS 세션키를전송 ·사용자에 대해 신원과 인증을 확인하는토큰 SGT(Service Granting Ticket) ·클라이언트가 접속하기 원하는 서버 ID,클라이언트 ID, 클라이언트 주소,티켓유효기간등이포함됨 SS 세션키 •SS와 통신을위한임시 비밀키 클라이언트는SS 세션키를복호화한 후,User ID와 타임스탬프로 만든 인증자(Authenticator)를SS 세션키로 암호화하여, 가공하지 않은 SGT와 함께 SS에 전송","","","","","","","","","medium","","정보보안기사|필기|예상|천기누설 예상문제|정보보안 일반","2026 수제비 정보보안기사 필기 기본서 · 천기누설 예상문제 · PDF 814쪽 · 6번","","","","","","information-security-engineer"
"WRITTEN_CBT","정보보안 일반","디바이스인증기술 (1) 디바이스 인증(Device Authentication)의 개념 디바이스인증은네트워크에참여하는다양한기기의안전한운영을위하여 해당 기기를식별하고진위를판단할수있는신뢰된인증방법이다. (2) 디바이스인증기술 도입장점 디바이스인증기술도입장점 장점 설명 보안성 디바이스에대해검증된 보안수준을구축함으로써보안을강화","","","","","","","","","medium","","정보보안기사|필기|예상|천기누설 예상문제|정보보안 일반","2026 수제비 정보보안기사 필기 기본서 · 천기누설 예상문제 · PDF 817쪽 · 3번","","","","","","information-security-engineer"
"WRITTEN_CBT","정보보안 일반","다음 중 Kerberos V4의 단점을개선한 Kerberos V5의 장점으로옳지 않은 것은 무엇인가?","Kerberas V4는 암호화시스템으로DES만을사 용하였지만, Kerberos V5는 모든 종류의 암호 화시스템을사용할 수 있다.","Kerberos V4는 인터넷 프로토콜(IP)주소 외에 다른특정네트워크주소를사용하지못하였지 만, Kerberos V5는 어떤 유형의네트워크주소 도사용될수있다.","Kerberos V4는인증 서버로부터클라이언트로 가는메시지에 패스워드에기초한키로암호화 된 내용들을 포함하고 있어패스워드 공격 (Password Attacks)에 취약하였으나, Kerberos V5는메시지에암호화된내용을포함하지않 아패스워드공격에취약하지않다","Kerberos V4의 티켓 유효기간(Ticket Lifetime) 의 값은 최대 시간이 제한되어 있었으나,Ker- beros V5는 유효기간이따로 없다.","3","","","","medium","","정보보안기사|필기|기출|지피지기 기출문제|정보보안 일반","2026 수제비 정보보안기사 필기 기본서 · 지피지기 기출문제 · PDF 820쪽 · 2번","","","","","","information-security-engineer"
"WRITTEN_CBT","정보보안 일반","다음 중커버로스(Kerberos)의 구성요소가 아닌것은?","KDC(Key Distribution Center)","TGS(Ticket Granting Service)","AS(Authentication Server) TS(Token Service)","","4","","","커버로스 구성요소는 다음과 같다 키분배서버 KDC •모든사용자와서비스의 (Key 비밀키를보관 Distribution 신뢰할수있는제3의 Center) 기관으로서티켓을생성, 인증서비스를제공 AS 실질적인인증을수행 (Authentication 사용자에대한인증을 Server) 수행한다. TGS (Ticket Granting 티켓부여서비스 Service) •사용자에대해신원과 인증을확인하는 토큰 티켓(Ticket) 사용자가 다른주체와 통신할 때마다 패스워드를 입력하지 않게 도와즘 22년 2회,24년 4회","medium","","정보보안기사|필기|기출|지피지기 기출문제|2022년|2회|정보보안 일반","2026 수제비 정보보안기사 필기 기본서 · 지피지기 기출문제 · PDF 822쪽 · 6번","2022","","","","","information-security-engineer"
"WRITTEN_CBT","정보보안 일반","IAM(Identity Access Management)에 대한설명으 로틀린것은?","전사적계정관리,권한관리의구현에필요한 모든 요소를 일반적으로IAM이라고 부른다.","IAM은계정관리를담당하는IM분야와권한 봉제를담당하는AM으로나눠진다","사용자가시스템을사용하기 위해로그인D를 발급하는과정을프로비저닝이라고한다.","사용자가시스템에로그인할때본인임을중빙","4","","","","medium","","정보보안기사|필기|기출|지피지기 기출문제|정보보안 일반","2026 수제비 정보보안기사 필기 기본서 · 지피지기 기출문제 · PDF 822쪽 · 7번","","","","","","information-security-engineer"
"WRITTEN_CBT","정보보안 일반","패스워드입력방식에대한단점을개선한인증기술 로스마트폰과 같은디바이스에서사용하는인증수 단을온라인에연동하여 사용자를인증하는 기술은?","HSM","mOTP","지문","FIDO","4","","","·암호화,복호화,전자서명등의암호 관련 연산을 빠르게 수행하고 암호키의 생성 및 안전한 보관을할수있는 HSM 하드웨어장치 안정성 인증 적용 표준은FIPS 140-2 ·공개키사용 ·스마트폰에 일회용 비밀번호를 mOTP 발행하는소프트웨어를 탑재한사용자 인증방식 손가락 끝 피부에있는 땀샘의 입구가 지문 융기한 선(용선)에 따라만들어지는 모양을이용한 인증방식 ·스마트폰과 같은 디바이스에서 사용하는 인증수단을온라인에연동하여 FIDO 사용자를인증하는기술 패스워드입력방식에대한단점을 개선한인증기술","medium","","정보보안기사|필기|기출|지피지기 기출문제|정보보안 일반","2026 수제비 정보보안기사 필기 기본서 · 지피지기 기출문제 · PDF 823쪽 · 9번","","","","","","information-security-engineer"
"WRITTEN_CBT","정보보안 일반","생체 인증기술의 정확성을나타내는FRR(False Re- jection Rate)와 FAR(False Acceptance Rate)o 디 한설명으로 틀린것은?","시스템에접근하려할때FAR이높으면사용자 편의성이 증대된다.","시스템에접근하려할때FRR이낮으면사용자 편의성이 증대된다.","시스템의생체인증보안성을강화하게되면 FRR이높아진다.","시스템의 생체인증보안성을강화하게 되면 FAR이높아진다.","4","","","시스템의 보안성을 높이면 FAR은 낮아진다. 실제로 권한이 있는사용자가 시스템에 |접근하려고 할때 시스템이 이를거부하는 비율 부정 거부율 FRR이 낮으면 사용자편의성이 (FRR; False 증대 Rejection Rate) 시스템의 보안성을높이면 FRR이 높아짐 시스템의 보안성을낮추면 FRR은낮아짐 실제로권한이 없는사용자가 시스템에 접근하려고할 때 시스템이 이를허용하는 비율 부정 허용률 FAR이 높으면사용자편의성이 (FAR; False 증대 Acceptance Rate) 시스템의 보안성을높이면 FAR은낮아짐 시스템의 보안성을낮추면 FAR이 높아짐","medium","","정보보안기사|필기|기출|지피지기 기출문제|정보보안 일반","2026 수제비 정보보안기사 필기 기본서 · 지피지기 기출문제 · PDF 823쪽 · 10번","","","","","","information-security-engineer"
"WRITTEN_CBT","정보보안 일반","다음중온라인 열쇠 분배방법인 Kerberos 방식에 대한 설명으로 틀린 것은?","분산컴퓨팅환경에서대칭키를이용하여사용 자인증을제공하는중앙집중형인증방식이 다.","데이터의 기밀성은보장되지만무결성은보장 하지못하는 치명적인단점이있다.","사용자의 비밀키가사용자의워크스테이션에 임시로저장되므로침입자에의해유출될가능 성이 있다. 패스워드추측공격에 취약하다.","","2","","","커버로스는데이터의 기밀성뿐만아니라무결성도 보장한다 커버로스는 데이터가 전송되는 동안 변조되지 않도록 보호하며,데이터의무결성을 확인하는 메커니즘을포함한다 23년1회,24년 2회","medium","","정보보안기사|필기|기출|지피지기 기출문제|2022년|4회|정보보안 일반","2026 수제비 정보보안기사 필기 기본서 · 지피지기 기출문제 · PDF 824쪽 · 11번","2022","","","","","information-security-engineer"
"WRITTEN_CBT","정보보안 일반","다음 문장은 어떤 인증 방식을설명한것인가? 원격사용자 인증시유발되는패스워드재사용공격을 방어하기위한기술이며,사용시마다매번 바뀌는일회 성사용자 인증암호및체계로사용자의관리 소홀이나 패스워드가 노출되는 것을 방지하기 위한 인증방식이다.","OIP","UTP","SEP","전자화폐","1","","","사용 시마다 매번 바뀌는일회성사용자인증암호 및 체계는 OTP(One Time Password)o다.","medium","","정보보안기사|필기|기출|지피지기 기출문제|정보보안 일반","2026 수제비 정보보안기사 필기 기본서 · 지피지기 기출문제 · PDF 824쪽 · 12번","","","","","","information-security-engineer"
"WRITTEN_CBT","정보보안 일반","OTP(One Time Password)와 HSM(Hardware Se- curity Module)에 대한 설명으로 틀린 것은?","OTP는공개키를사용한다.","OIP는PKI를개별 연동한다.","HSM의안정성 인증 적용 표준은FIPS140-2이다.","HSM은공개키를사용한다","1","","","OTP 자체는공개키를사용하지 않지만,PKI 환경에서 보안 강화 목적으로함께사용할수있다 23년 1회","medium","","정보보안기사|필기|기출|지피지기 기출문제|2023년|1회|정보보안 일반","2026 수제비 정보보안기사 필기 기본서 · 지피지기 기출문제 · PDF 824쪽 · 13번","2023","","","","","information-security-engineer"
"WRITTEN_CBT","정보보안 일반","다음중2-Factor 인증이 아닌것은?","지문비밀번호","음성인식,서명","USB토큰,비밀번호","스마트카드, PIN(Personal Identification Number)","2","","","음성인식,서명은 둘다 존재 기반 인증으로같은 인증 요소이기때문에 이중 요소인증에 해당하지 않는다. 23년 4회","medium","","정보보안기사|필기|기출|지피지기 기출문제|정보보안 일반","2026 수제비 정보보안기사 필기 기본서 · 지피지기 기출문제 · PDF 826쪽 · 19번","","","","","","information-security-engineer"
"WRITTEN_CBT","정보보안 일반","OTP(One Time Password) 사용 절차순서가 올바 른것은? OTP번호입력","OTP생성 ©인증서버에서비교분석","웹서버OTP인증서버 전송 ⑥결과리턴","ㄴ→©→→","→","4","","","","medium","","정보보안기사|필기|기출|지피지기 기출문제|2023년|4회|정보보안 일반","2026 수제비 정보보안기사 필기 기본서 · 지피지기 기출문제 · PDF 826쪽 · 20번","2023","","","","","information-security-engineer"
"WRITTEN_CBT","정보보안 일반","커버로스(Kerberos)에 대한설명으로올바르지 못 한것은?","비밀키인증프로토콜이다.","SSO기능을 지원한다.","사용자와네트워크서비스에대한인증이가능 하다.","커버로스V4에서는암호화방식으로RSA를사 용한다.","4","","","커버로스는 대칭키(비밀키)를 이용한다. 커버로스는 SSO의 솔루션으로 SSO기능을 제공한다. 커버로스는 안전하지 않은 네트워크에서 아용자를 인증하며,커버로스 V4에서는 DES 암호화 기법을 기반으로 인증한다. 커버로스 V4, V5비교는 다음과 같다. 항목 커버로스 V4 커버로스 V5 암호화 DES만사용 ·모든종류의 암호 방식 알고리즘사용 ·몇가지 IP 어떤유형의 네트워크 주소 및기타 네트워크주소 주소 주소만포함 사용가능 유효기간 ·최대시간 없음 제한 패스워드 ·취약 ·취약 공격","medium","","정보보안기사|필기|기출|지피지기 기출문제|2023년|4회|정보보안 일반","2026 수제비 정보보안기사 필기 기본서 · 지피지기 기출문제 · PDF 827쪽 · 22번","2023","","","","","information-security-engineer"
"WRITTEN_CBT","정보보안 일반","EAM(Extranet Access Management) 기술에 대한 설명으로 틀린 것은?","EAM은프로비저닝기능을포함한다","EAM의권한관리는같은플랫폼또는서로다 른플랫폼에 대해사용자권한을모니터링하고 제어할수있다.","EAM은사용자별/서비스별/역할별 접근 제어 를통한정책수립할수있다","EAM은사용자권한을중앙에서모니터링하고 시스템접근을제어하는통합인증관리용솔루 션이다.","1","","","EAM은프로비저닝기능을포함하지못하고,IAM이 프로비저닝의 기능을 포함한다. EAM은 각종시스템 접근을위한사용자인증및 접근권한관리를통합적으로수행하며 보안정책 수립을지원하는통합보안관리솔루션이다. EAM은사용자권한을중앙에서모니터링하고 시스템 접근을 제어하는 통합인증관리용 솔루션이다 EAM=SSO+권한관리등 24년2회","medium","","정보보안기사|필기|기출|지피지기 기출문제|2024년|1회|정보보안 일반","2026 수제비 정보보안기사 필기 기본서 · 지피지기 기출문제 · PDF 828쪽 · 24번","2024","","","","","information-security-engineer"
"WRITTEN_CBT","정보보안 일반","사용자의 신원을확인할때OTP, 비밀번호등여러 방식을 이용하여 인증하는 방식은?","2FA","SSL 3SSO","IPSec","","1","","","이중요소 인증 사용자의신원을확인할 때 (2FA; Two Factor 2가지 인증 요소를 Authentication; 2단계 인증) 포함하는 인증방식 프로토콜은두당사자가 서로를식별하고인증하며 SSL(Secure 기밀성 및 데이터 무결성과 Sockets Layer) 통신할 수있도록 하는 프로토콜 한번의시스템 인증을 통하여접근하고자 하는 SSO(Single Sign 다양한 정보시스템에 On) 재인증 절차 없이 접근할 수있도록하는 통합 로그인솔루션 네트워크에서의안전한 IPSec 연결을설정하기 위한 통신 규칙","medium","","정보보안기사|필기|기출|지피지기 기출문제|2024년|4회|정보보안 일반","2026 수제비 정보보안기사 필기 기본서 · 지피지기 기출문제 · PDF 828쪽 · 26번","2024","","","","","information-security-engineer"
"WRITTEN_CBT","정보보안 일반","커버로스(Kerberos) 절차 순서가 올바른 것은? User ID가 DB에 있는지 검색 후DB에 존재하면 TGT(Ticket Granting Ticket),암호화된 TGS(Ticket Granting Service)세션키를 전송 ©클라이언트가UserID를AS로전송 © TGT 안에 포함된Client ID가 일치할경우 SGT(Ser- vice Granting Tidket),암호화된 SS(Service Server) 세 션키를전송","클라이언트는TGS 세션키를복호화한 후, UserID와 타임스탬프로 만든 인증자(Authenticator)를 TGS 세 션키로 암호화하여,가공하지않은 TGT와함께 TGS 에전송 ©클라이언트는SS세션키를복호화한 후, User ID와타 임스탬프로만든 인증자를SS 세션키로암호화하여 가공하지 않은 SGT와 함께 SS에 전송 ©클라이언트가 보낸정보가일치할경우실제 서비스 를제공","ㄴ→©→→","→→","→©→","4","","","","medium","","정보보안기사|필기|기출|지피지기 기출문제|2024년|4회|정보보안 일반","2026 수제비 정보보안기사 필기 기본서 · 지피지기 기출문제 · PDF 829쪽 · 27번","2024","","","","","information-security-engineer"
"WRITTEN_CBT","정보보안 일반","다음 문장에서설명하는 용어는? 암호화복호화전자서명등의암호관련연산을빠르 게수행하고암호키의생성 및 안전한 보관을할 수있는 하드웨어장치를의미한다","HSM(Hardware Security Module)","비트로커(BitLocker)","OTP(One Time Password)","TCB(Trusted Computing Base)","1","","",". 윈도우 운영체제(Windows Vista 비트락커 (BitLocker) 이상)에서제공하는볼륨단위 데이터 암호화 기능 사용시마다매번 바뀌는일회성 OTP 사용자 인증 암호및체계로 (One Time 사용자의관리소홀이나 Password) 패스워드가 노출되는 것을 방지하기위한인증방식 TCB : 운영체제와 하드웨어,펌웨어 (Trusted 소프트웨어등이포함된컴퓨터 Computing 시스템내의 총제적인 보호 Base) 메커니즘 25년2회","medium","","정보보안기사|필기|기출|지피지기 기출문제|2025년|1회|정보보안 일반","2026 수제비 정보보안기사 필기 기본서 · 지피지기 기출문제 · PDF 830쪽 · 28번","2025","","","","","information-security-engineer"
"WRITTEN_CBT","정보보안 일반","다음중 Kerberos 버전 5에 대한설명으로올바르지 않은 것은?","Kerberos버전5는암호문에 암호 유형구별자 를붙이기때문에모든종류의암호기술을사 용할수있다","Kerberos버전5는 데이터 유형을 기술하는데 다른프로토콜을사용한다","Kerberos버전5는네트워크주소에그유형과 길이를표시하게되어있어어떤유형의네트 워크주소도사용될수있다.","Kerberos 버전 5의 티켓은 21시간을 조금 넘는 시간동안유효하다.","4","","","커버로스버전5는티켓에정확한시작시간과만료 시간을명시하므로유효기간이따로없다 커버로스 V4, V5를비교하면 다음과 같다. 항목 커버로스 V4 커버로스 V5 암호화 DES만지원 다양한 방식 알고리즘지원 네트워크 IPV4만지원 •IPV4와IPV6 주소 모두지원 티켓 유효 고정,갱신불가 ·갱신가능 기간 최대시간제한 데이터 자체정의된 유형 기술 간단한형식 ·ASN.1사용 프로토콜","medium","","정보보안기사|필기|기출|지피지기 기출문제|2025년|2회|정보보안 일반","2026 수제비 정보보안기사 필기 기본서 · 지피지기 기출문제 · PDF 830쪽 · 31번","2025","","","","","information-security-engineer"
"WRITTEN_CBT","정보보안 일반","다음 문장에서 설명하고 있는 OTP(One-Time Pass- word)의생성방식은? -OTP 토큰과OTP 인증 서버의 동기화된 인증 횟수 (Counter)를 기준으로 사용자가 인증을 요청할때마다 OTP값을생성한다 서버와 클라이언트가카운트값을동일하게 증가시켜 가며해당카운트 값을입력값으로OTP를생성해인 증하는 방식이다","질의-응답방식","이벤트동기화방식","시간동기화방식","S/KEY 방식","2","","","서버와클라이언트가 카운트값을동일하게 증가시켜가며 해당 카운트 값을 입력값으로OTP를 생성해 인증하는 방식은 이벤트 동기화방식(Event Synchronous Method)o다. E","medium","","정보보안기사|필기|기출|지피지기 기출문제|2025년|4회|정보보안 일반","2026 수제비 정보보안기사 필기 기본서 · 지피지기 기출문제 · PDF 831쪽 · 33번","2025","","","","","information-security-engineer"
"WRITTEN_CBT","정보보안 일반","커버로스(Kerberos)에 대한 설명으로 올바르지 못 한것은?","패스워드추측공격에 취약하다","커버로스는공개키방식을이용하여티켓을발 급한다.","MIT에서개발한분산환경하에서개체인증서 비스를제공한다.","커버로스는4개의개체로구성된다.","2","","","커버로스는대칭키(비밀키)를이용한다.","medium","","정보보안기사|필기|예상|천기누설 예상문제|정보보안 일반","2026 수제비 정보보안기사 필기 기본서 · 천기누설 예상문제 · PDF 832쪽 · 3번","","","","","","information-security-engineer"
"WRITTEN_CBT","정보보안 일반","다음 중 Kerberos 인증프로토콜에 대한설명으로 옳지 않은 것은?","중앙서버개입없이분산형태로인증을수행한 다.","티켓안에는자원활용을위한키와정보가포 함되어있다.","대칭키알고리즘을사용한다.","TGT를이용해자원사용을위한티켓을획득 한다.","","","","커버로스는 분산 컴퓨팅 환경에서 대칭키를 이용하여 사용자 인증을 제공하는 중앙 집중형 인증 방식이다. ①네트워크응용프로그램이상대방의신원을식 별할수있도록한다. ②파일서버,터미널서버,데이터베이스서버등 다양한서버들을지원할수있다. ③기밀성,가용성,무결성과같은보안서비스를 제공한다. ④한번의인중으로여러서버에접근할수있다 커버로스프로토콜은데이터의기밀성과무결성은 보장하지만, 가용성은 보장하지못한다.","medium","","정보보안기사|필기|예상|천기누설 예상문제|정보보안 일반","2026 수제비 정보보안기사 필기 기본서 · 천기누설 예상문제 · PDF 833쪽 · 4번","","","","","","information-security-engineer"
"WRITTEN_CBT","정보보안 일반","커버로스프로토콜에서 티켓에포함되는사항이아 닌것은?","서버ID","클라이언트ID","서버의네트워크주소","티켓의유효기간","","","","티켓은 클라이언트가 접속하기 원하는 서버 1ID, 클라이언트 ID, 클라이언트 주소, 티켓 유효 기간 등이 포함된다.","medium","","정보보안기사|필기|예상|천기누설 예상문제|정보보안 일반","2026 수제비 정보보안기사 필기 기본서 · 천기누설 예상문제 · PDF 833쪽 · 6번","","","","","","information-security-engineer"
"WRITTEN_CBT","정보보안 일반","행위 기반 인증 기술에해당하지 않는 것은?","음성","얼굴인식","키보드입력","지문","","","","얼굴은생체기반인증이다. 지식 기반 인증 비밀번호,PIN 공인인증서, OTP, 스마트카드 소지기반 인증 USB 토큰 생체기반인증 ·홍채정맥,얼굴,지문 특징(행위) ·음성인식,서명, 발걸음,몸짓 기반 인증","medium","","정보보안기사|필기|예상|천기누설 예상문제|정보보안 일반","2026 수제비 정보보안기사 필기 기본서 · 천기누설 예상문제 · PDF 833쪽 · 7번","","","","","","information-security-engineer"
"WRITTEN_CBT","정보보안 일반","다음 문장에서설명하고 있는 OTP(One-Time Pass- word)의생성방식은? -OTP 토큰과OTP 인증 서버의 동기화된인증횟수 (Counter)를기준으로사용자가 인증을 요청할때마다 OTP값을생성한다 -서버와클라이언트가카운트 값을 동일하게증가시켜 가며, 해당카운트값을입력값으로OTP를생성해인 증하는방식이다","질의-응답방식","이벤트동기화방식","시간동기화방식","S/KEY 방식","2","","","서버가생성한질의(난수)를 질의-응답 클라이언트에게 전송하면, 방식 클라이언트는이를암호화하여 (Challenge- Response 서버에응답하고,서버는그 Method) 응답의정상여부를확인하여 인증하는방식 서버와클라이언트가 카운트값을 동일하게 증가시켜가며해당 이벤트동기화 카운트값을입력값으로OTP를 방식 생성해 인증하는방식 (Event Synchronous OTP 토큰과OTP 인증서버의 Method) 동기화된 인증횟수(Counter)를 기준으로 사용자가 인증을 요청할 때마다OTP 값을생성 시간동기화 방식 서버와클라이언트간에동일한 (Time 시간값을기준으로OTP를 Synchronous 생성하고 인증하는 방식 Method) . 유닉스 시스템의 로그인에 S/KEY방식 사용하기위한목적으로 해시체인을 을이용한OTP","medium","","정보보안기사|필기|예상|천기누설 예상문제|정보보안 일반","2026 수제비 정보보안기사 필기 기본서 · 천기누설 예상문제 · PDF 835쪽 · 14번","","","","","","information-security-engineer"
"WRITTEN_CBT","정보보안 일반","EAM(Extranet Access Management) 기술에 대한 설명으로 틀린 것은?","EAM은 SSO기술을포함한다.","EAM은시스템 접근을제어하는 기능이포함 된다.","서로다른플랫폼에 대한사용자권한관리시 동작하지않는단점이존재한다.","사용자권한을중앙에서모니터링하고제어하 는통합인증관리용 시스템이다.","3","","","•EAM은 SSO기술을포함한다 EAM은보안정책을통해시스템 접근을제어하고 권한관리를 통해 같은플랫폼 또는서로다른 플랫품에 대해 사용자 권한을 모니터링하고 제어할 수 있다.","medium","","정보보안기사|필기|예상|천기누설 예상문제|정보보안 일반","2026 수제비 정보보안기사 필기 기본서 · 천기누설 예상문제 · PDF 836쪽 · 17번","","","","","","information-security-engineer"
"WRITTEN_CBT","정보보안 일반","다음 문장에서설명하고있는전자상거래 보안 기술 은? -동일한패스워드를보안상취약점을극복하여일회성 의 서로다른패스워드를생성하게 함으로써 안전한 전자상거래를진행한다 -온라인뱅킹,전자상거래, 온라인게임,기업 네트워크 에서사용한다 -하드웨어적또는소프트웨어적으로구현가능하다","스마트토큰","One-Time Pad","One-Time Password","보안카드","3","","","스마트 보안기능과 IC카드기능을하나로 토큰 통합한 USB 토큰 일회용 암호화를 수행할 때마다랜덤하게 패드 선택된키스트림을사용하여 (One- Time Pad) 암호화하는방식 원격사용자인증시 유발되는 패스워드 재사용 공격을 방어하기 위한기술이며, 사용시마다매번 One-Time 바뀌는 일회성 사용자 인증 암호및 Password 체계로사용자의관리 소홀이나 패스워드가 노출되는것을방지하기 위한인증방식 . 금융 거래나 온라인 서비스에서 보안카드 사용자인증을강화하기위해 사용되는물리적인 카드","medium","","정보보안기사|필기|예상|천기누설 예상문제|정보보안 일반","2026 수제비 정보보안기사 필기 기본서 · 천기누설 예상문제 · PDF 837쪽 · 19번","","","","","","information-security-engineer"
"WRITTEN_CBT","정보보안 일반","다음 중 아이디/패스워드기반 인증이 아닌 것은?","무선네트워크아이디(SSID) 이용","MAC주소값인증","무선단말과AP(Access Point)간WEP 키이용 HashLock 기반의RFID 태그와리더간인증","","3","","","아이디/패스워드기반 인증은 다음과 같다. 무선랜 고유식별자인 SSID를 무선 네트워크 AP와무선단말기간에 아이디(SSID) 이용 공유하여인증 무선단말과 무선단말과AP간에공유키 AP(Access Point) 인증 방식으로올바른 간WPA3/WEP키 WPA3(최신)/WEP(과거)를 이용 갖지 못하면인증에실패 RFID태그식별자인아이디 RFID 태그와 리더 또는태그마다저장하고있는 간인증 유일한키을통해인증 휴대 사용자아이디/패스워드를 인터넷(와이브로) 이용한상호인증을위해해시 간상호인증 또는대칭키 암호를 이용","medium","","정보보안기사|필기|예상|천기누설 예상문제|정보보안 일반","2026 수제비 정보보안기사 필기 기본서 · 천기누설 예상문제 · PDF 837쪽 · 20번","","","","","","information-security-engineer"
"WRITTEN_CBT","정보보안 일반","접근통제보안모델 (1) 벨-라파둘라 모델(BLP; Bell-LaPadula Policy) [24년2회, 25년4회] 벨-라파들라모델은미국방성지원보안모델로보안요소중 기밀성을강조 하며접근을 통제하는 모델이다 •벨-라파들라 모델은다중등급보안 정책에 대한 최초의 수학적 모델로 강제 적 정책에 의해 접근을통제하는 모델이다 ·시스템보안을위한 규칙 준수규정과 주체의 객체 접근 허용범위를 규정하 는 모델이다 •상태 머신 모델이고 정보 흐름모델이다. 보안 정책은 정보가 높은레벨에서낮은레벨로 흐르는것을방지한다. 상위 레벨문서읽기금지 높음 (No Read Up) 보안레벨1 : 4 I I READ 보안레벨2 : I I I I 보안레벨3 낮음 하위레벨문서읽기허락 (Read Down) 벨-라파둘라모델 벨-라파둘라모델의속성 속성 No Read Up (단순 보안 속성) ·상위레벨문서읽기금지하위레벨문서읽기허용 No Write Down (스타(*) 보안 속성) ·하위레벨문서쓰기금지,상위 특수 스타() 속성 (The Strong Star 동일레벨에서만읽기,쓰기가능 Property Rule) 벨-라파들라 모델은 낮은등급의 주체가 상위등급의 객체를 보지않은상태 에서 수정하여덮어쓰기가가능하므로문서가비인가자로부터 변경될 가능 성이 있으므로 무결성이 보장되지는 않는다.(Blind Write 가능)","","","","","","","","","medium","","정보보안기사|필기|예상|천기누설 예상문제|정보보안 일반","2026 수제비 정보보안기사 필기 기본서 · 천기누설 예상문제 · PDF 847쪽 · 3번","","","","","","information-security-engineer"
"WRITTEN_CBT","정보보안 일반","다음은 접근 통제 모델에대한설명이다.~©에 들어갈 말을 옮게 나열한 것은? -()모델은주체와객체의등급을비교하여접근권 한을부여하는방식으로관리자만이정보자원의분 류를 설정하고 변경하는 방법이다 -일반적으로ACL을사용하는(©)모델은주체의신 분에 근거하여 접근 통제를 적용한다. -(©)모델은()모델과( ㄴ)모델의 단점을 보완 한접근통제모델로서,역할에기반을두고접근을통 제하는 모델이다","⑦RBAC ©MAC ΘDAC","RBAC ©DAC ©MAC","DAC ©MAC ©RBAC","MAC ©DAC ©RBAC","4","","","접근 통제 정책(기술)의 유형은다음과 같다. ·객체에 포함된정보의허용 강제적 등급과접근정보에대하여 접근통제 주체가갖는접근허가권한에 (MAC) 근거하여객체에 대한 접근을 제한하는방법 임의적 . 주체나그룹의신분(신원,ID)에 접근통제 근거하여객체에 대한 접근을 (DAC) 제한하는방법 중앙관리자가 사용자와 시스템의 상호관계를통제하며주체의 역할기반 역할(Role)에 기초하여 자원에 접근통제 대한접근을제한하는방법 (RBAC) 강제적 접근 통제(MAC)와 임의적 접근 통제(DAC)의 단점을 보완한 통제 방법","medium","","정보보안기사|필기|기출|지피지기 기출문제|정보보안 일반","2026 수제비 정보보안기사 필기 기본서 · 지피지기 기출문제 · PDF 850쪽 · 1번","","","","","","information-security-engineer"
"WRITTEN_CBT","정보보안 일반","다음중 ACL(Access Control List)에 대한 설명으로 옳지 않은 것은?","어떤사용자들이ACL타겟에서어떤행위를할 수있는지나타낸다.","ACL은관련된객체에대하여접근행렬에서열 의내용을반영한다.","접근권한의취소가쉽다.","게시자또는게시자의그룹이다수일때 편리 하다.","4","","","ACL은효과적으로권한 부여 정책을정의할수 있지만 주체와객체의수가 많아질경우, 관리가 어렵다. 접근 가능 한주체가접근이가능한객체와 자격 목록 권한을연결하는리스트 (CL; * 주체의관점에서접근권한을 Capability 부여하는방식으로접근행렬의 List) 행을표현 한객체에 대해 접근이 가능한 주체와권한을연결하는리스트 접근 통제 객체의 관점에서 객체에 어떤 목록 주체가어떤접근권한을갖는지 (ACL; 명시하는 방식으로 접근 행렬의 Access Control 열을표현 List) 효과적으로권한부여정책을 정의할 수있지만 주체와객체의 수가많아질경우 관리가 어려움 주체의접근허가를객체와 연관시키는데 사용되는 메커니즘으로 행(Row)인CL과 접근통제 열(Column)인 ACL로 구성 행렬 * 행렬을이용하여주체,객체접근 (Access 권한의관계를기술하는방법으로 Control 주체를행으로객체를열로 Matrix) 구성하고주체가객체에수행할수 있는접근권한을주체의행과 객체의 열이 만나는셀에 기록하여","medium","","정보보안기사|필기|기출|지피지기 기출문제|2022년|1회|정보보안 일반","2026 수제비 정보보안기사 필기 기본서 · 지피지기 기출문제 · PDF 850쪽 · 2번","2022","","","","","information-security-engineer"
"WRITTEN_CBT","정보보안 일반","접근 통제 모델에 대한 각각의설명으로옮은 것은?","비바(Biba)모델: 임의적 접근통제(DAC;Dis cretionary Access Control)를 기반으로 하는 상 태머신모델이다.","벨-라파둘라(Bell-LaPadula) 모델: 객체에대한 무결성또는가용성을 유지하는 데중점을두 고있으며, 기밀성의측면에는대처하지않는 다.","비바(Biba) 모델: 비밀채널을방지하며, 내부 및 외부객체일관성을 보호한다.","클락-월슨(Clark-Wilson) 모델: 허가받은사용 자가허가받지않고 데이터를수정하는것을 방지한다.","4","","","클락-월슨 무결성 모델은상업용으로설계한 것으로 조금더정교하고실제적인 무결성 모델로 애플리케이션의 보안 요구사항을 다루는 모델이다. 클락-월슨 무결성 모델은 무결성의 3가지 목표인 비인가자에 의한 부적절한 변조방지,내부및 외부 객체 일관성유지,합법적인사람의불법적인수정 방지를 제공한다.","medium","","정보보안기사|필기|기출|지피지기 기출문제|2022년|2회|정보보안 일반","2026 수제비 정보보안기사 필기 기본서 · 지피지기 기출문제 · PDF 851쪽 · 4번","2022","","","","","information-security-engineer"
"WRITTEN_CBT","정보보안 일반","역할 기반 접근 통제(Role-based Access Con- trol)","","","","","","","","임의적접근 ·주체나 그룹의 신분(신원 통제(DAC) 아이디(D)에근거하여객체에 대한접근을제한하는방법 객체에포함된정보의허용등급과 강제적 접근 접근정보에대하여주체가갖는 통제I(MAC) 접근허가권한에근거하여객체에 대한접근을제한하는방법 중앙관리자가사용자와 시스템의 역할기반 상호관계를통제하며 주체의 접근 통제(RBAC) 역할(Role)에 기초하여 자원에대한 접근을제한하는방법","medium","","정보보안기사|필기|기출|지피지기 기출문제|2022년|4회|정보보안 일반","2026 수제비 정보보안기사 필기 기본서 · 지피지기 기출문제 · PDF 852쪽 · 4번","2022","","","","","information-security-engineer"
"WRITTEN_CBT","정보보안 일반","접근 통제모델 중 주체나그들이소속되어 있는그 롭들의D에근거하여객체에대한접근을제한하는 접근 통제 방식은?","임의적 접근 통제(Discretionary Access Con- trol)",")강제적 접근 통제(Mandatory Access Control)","직무 기반 접근 통제(Task-based Access Con- trol)","","1","","","","medium","","정보보안기사|필기|기출|지피지기 기출문제|2022년|4회|정보보안 일반","2026 수제비 정보보안기사 필기 기본서 · 지피지기 기출문제 · PDF 852쪽 · 7번","2022","","","","","information-security-engineer"
"WRITTEN_CBT","정보보안 일반","다음 문장에서설명하는 원칙은? 모든사용자는현재 작업을완료하는데필요한최소한 의권한만가진사용자계정으로로그온해야하며그이 상의 권한을 부여하지 않는다","최소권한","필요권한","불필요권한 4 등급권한","","1","","","접근통제 요구사항에는최소권한의원칙,직무 분리의 원칙이 있다. ·사용자가 작업을수행하는데 최소 권한의 필요한 최소한의 자원과 원칙 최소한의접근만부여 (Least ·사용자가의도적혹은실수로 Privilege) 자원에 대해줄수있는피해를 최소화 직무 분리의 한개인이 전체업무를 원칙 파괴하는사고를방지하기 (Separation 위해시스템기능의 단계를 of Duty) 개인들에게 나눠야함","medium","","정보보안기사|필기|기출|지피지기 기출문제|2023년|1회|정보보안 일반","2026 수제비 정보보안기사 필기 기본서 · 지피지기 기출문제 · PDF 853쪽 · 9번","2023","","","","","information-security-engineer"
"WRITTEN_CBT","정보보안 일반","다음 문장에서설명하는 접근 통제 구성요소는? 시스템자원에접근하는사용자접근모드및모든접근 통제 조건등을정의","정책","메커니즘","보안모델","OSI보안구조","1","","","·시스템자원에 접근하는사용자 정책 접근모드및모든접근통제조건등을 정의 ·보안정책을논리적으로표현하는 모델 추상적모델로정책을기술적으로 구현하기위한이론적구조 ·정책을실제로구현하는도구나 메커니즘 절차로써,요청을규칙에대응시켜 검사및제한 OSI보안구조의 경우OS 모델에 기반한네트워크 구조로 접근 통제와는관련이없다.","medium","","정보보안기사|필기|기출|지피지기 기출문제|정보보안 일반","2026 수제비 정보보안기사 필기 기본서 · 지피지기 기출문제 · PDF 853쪽 · 11번","","","","","","information-security-engineer"
"WRITTEN_CBT","정보보안 일반","접근 통제 단계중인가(Authorization)에 대한설명 으로옳은 것은?","인증서비스에스스로를확인시키기위해정보 를공급하는주체의활동이다.","접근매체로는비밀번호, Smart Card, 홍채,음 성등이 있다.","접근하고자하는사용자가본인이맞다는것을 시스템이 인정해주는활동이다.","접근 매체로는 접근 제어목록(ACL; Access Control List), 보안레이블등이 있다.","4","","","주체의신원을검증하기 인증 위한사용증명 활동 (Authentication) 예패스워드, 스마트카드 생체인증 ·인증된주체에게 접근을 허용하고 특정업무를 수행할권리를부여하는 과정 인가 인증을통해식별된주체의 (Authorization) 실제접근 가능여부와 주체가 수행할 수 있는 일을 결정하는 과정 예 접근 제어 목록(ACL), 보안등급","medium","","정보보안기사|필기|기출|지피지기 기출문제|2023년|2회|정보보안 일반","2026 수제비 정보보안기사 필기 기본서 · 지피지기 기출문제 · PDF 854쪽 · 12번","2023","","","","","information-security-engineer"
"WRITTEN_CBT","정보보안 일반","비밀 등급(기밀성등급)에 따라 자원 접근을 통제하 는방식으로,주체와객체에대한 보안레이블을기 반으로중앙에서통제를수행하는접근통제 모델은 무엇인가?","DAC(Discretionary Access Control)","RBAC(Role-Based Access Control)","MAC(Mandatory Access Control)","NAC(Network Access Control)","","","","접근 통제정책(기술)의 유형은 다음과 같다. ·객체에포함된정보의허용 강제적접근 등급과접근 정보에대하여 통제 주체가갖는접근허가권한에 (MAC) 근거하여객체에 대한 접근을 제한하는방법 임의적접근 주체나그룹의 신분(신원 통제 아이디(D)에 근거하여 객체에 (DAC) 대한접근을제한하는방법 중앙관리자가사용자와 시스템의상호관계를통제하며 주체의 역할(Role)에 기초하여 역할 기반 자원에대한접근을제한하는 접근통제 방법 (RBAC) 강제적 접근 통제(MAC)와 임의적 접근 통제(DAC)의 단점을 보완한통제방법","medium","","정보보안기사|필기|기출|지피지기 기출문제|2024년|1회|정보보안 일반","2026 수제비 정보보안기사 필기 기본서 · 지피지기 기출문제 · PDF 855쪽 · 15번","2024","","","","","information-security-engineer"
"WRITTEN_CBT","정보보안 일반","접근통제절차에대한설명중괄호안에 들어갈용 어는? 사용자는시스템을사용하기위하여식별과인증과정을 거친다인증에성공하면각시스템자원에대한사용자 의 요청을접근통제정책에따라 허용여부를( )받 는다","식별","인증","인가","책임추적성","","","","식별및인증을 통하여사용자가정보자원에 접근하여 무엇을할 수있거나가질 수있도록권한을 부여하는 과정은 인가(Authorization)이다. 24년 4회","medium","","정보보안기사|필기|기출|지피지기 기출문제|2024년|1회|정보보안 일반","2026 수제비 정보보안기사 필기 기본서 · 지피지기 기출문제 · PDF 855쪽 · 16번","2024","","","","","information-security-engineer"
"WRITTEN_CBT","정보보안 일반","비바 모델의설명으로틀린 것은?","사용자 집단에주어진무결성등급보다낮은 무결성등급의 데이터는읽을수없다.","기밀성보다무결성을우선하며,정보의불법 변경을방지하기위해사용된다.","비인가된사용자집단에의해발생하는데이터 변조를방지한다","사용자는프로그램을통해서만객체에접근할 수있다.","","","","·비바 모델은벨-라파들라모델의단점을보완한 무결성을 보장하는최초의 상업용 모델이다. ·비바 모델은무결성목표중비인가자에의한 부적절한 변조방지만을목적으로하는 모델이다 ·클락-월슨 무결성 모델에서 사용자는 프로그램을 통해서만객체에 접근할 수있다","medium","","정보보안기사|필기|기출|지피지기 기출문제|2024년|4회|정보보안 일반","2026 수제비 정보보안기사 필기 기본서 · 지피지기 기출문제 · PDF 855쪽 · 17번","2024","","","","","information-security-engineer"
"WRITTEN_CBT","정보보안 일반","다음이설명하는 모델은 무엇인가? -12.3등급으로구성되어있고,1등급이가장높고3등 급이 가장 낮은 시스템이 있다 -이시스템에서2등급은1등급의객체를읽을수있으 나수정할수없다반대로2등급은3등급의객체를읽 을수없으나수정할수있다","벨-라파들라모델","비바모델","클락-월슨모델 4 만리장성모델","","2","","","•비바 모델의 속성은 다음과 같다. No Read 높은등급의 주체는낮은 Down 등급의객체를읽을수없음 (단순 무결성 하위레벨문서읽기금지,상위 속성) 레벨문서읽기허용 ·낮은 등급의주체는상위 No Write Up 등급의객체를수정할수없음 (스타(*) 무결성 속성) 상위레벨 문서쓰기금지하위 레벨문서쓰기허용","medium","","정보보안기사|필기|기출|지피지기 기출문제|2025년|1회|정보보안 일반","2026 수제비 정보보안기사 필기 기본서 · 지피지기 기출문제 · PDF 856쪽 · 19번","2025","","","","","information-security-engineer"
"WRITTEN_CBT","정보보안 일반","다음 중 MAC(Mandatory Access Control)에 대한 설명으로 옳지 않은 것은 무엇인가?","시스템관리자에의해접근제어규칙이강제 된다.","주로정부기관이나군사시스템에서사용된다.","잦은인사변경시유용하게사용된다","보안등급에따라사용자의 접근권한을제어 한다.","3","","","MAC(Mandatory Access Control)은 보안 등급에 따라엄격하게 접근권한을제어하는정책으로, 시스템관리자가설정한규칙에의해접근이 강제된다. 주로정부기관이나 군사시스템과 같은 높은 보안 요구사항을 가진 환경에서 사용된다. MAC은 보안 규칙이 엄격하게 고정되어 있어,잦은 인사변경에 따라 유연하게 권한을변경하기에는 적합하지 않으며 상대적으로 관리가 복잡하다. 25년1회,4회","medium","","정보보안기사|필기|기출|지피지기 기출문제|2025년|2회|정보보안 일반","2026 수제비 정보보안기사 필기 기본서 · 지피지기 기출문제 · PDF 856쪽 · 20번","2025","","","","","information-security-engineer"
"WRITTEN_CBT","정보보안 일반","다음 중DAC(Discretionary Access Control)의 특징 으로 옮지 않은 것은 무엇인가?","개별사용자에게권한을할당할수있다.","객체의소유자가접근권한을설정할수있다.","유연한권한관리가가능하다.","보안등급에따라접근이엄격히강제된다.","4","","","DAC는객체의소유자가 접근 권한을 자유롭게 설정할 수 있는 정책으로, 사용자에게 유연하게 권한을 할당할 수있다. 보안등급에 따라접근이엄격히강제되는방식은 MAC(Mandatory Access Control)의 특징o다.","medium","","정보보안기사|필기|기출|지피지기 기출문제|정보보안 일반","2026 수제비 정보보안기사 필기 기본서 · 지피지기 기출문제 · PDF 856쪽 · 21번","","","","","","information-security-engineer"
"WRITTEN_CBT","정보보안 일반","보안을통해제공되는서비스들에대한설명으로ㅎ 지 않은 것은?","CapabilityList는객체와 권한 연결리스트형태 로관리한다.","Access Control Matrix는 주체와 객체의 형태를 행렬형태로구성하고권한을부여하여관리한 다.","주체와객체를1:N으로매평하여관리의편의 성을높이는방법이RBAC이다.","접근제어(Access Control)는프로토콜 데이터 부분의접근제어이다.","4","","","프로토콜데이터는운반되는데이터를의미하므로 접근 제어서비스가 아니다","medium","","정보보안기사|필기|예상|천기누설 예상문제|정보보안 일반","2026 수제비 정보보안기사 필기 기본서 · 천기누설 예상문제 · PDF 858쪽 · 3번","","","","","","information-security-engineer"
"WRITTEN_CBT","정보보안 일반","접근제어모델에의해권한을부여받은사용자 는일반적으로시스템에 대한 모든사용권한 을부여받는다.","","","","","","","","최소 권한의 원칙(Least Privilege)에 의해 사용자가 작업을 수행하는데 필요한 최소한의 자원과 최소한의 접근만 부여하고 시스템 전체에 대한 권한을 부여받지 않는다. —<**","medium","","정보보안기사|필기|예상|천기누설 예상문제|정보보안 일반","2026 수제비 정보보안기사 필기 기본서 · 천기누설 예상문제 · PDF 858쪽 · 4번","","","","","","information-security-engineer"
"WRITTEN_CBT","정보보안 일반","접근통제 정책 중 역할 기반 접근 통제(RBAC)에 대 한설명으로 올바른 것은?","사용자기반과D기반 접근통제이다","모든개개의주체와객체단위로접근권한이 설정되어있다.","기밀성이매우중요한조직에서사용되는접근 통제이다.","주체의역할에따라 접근할수있는객체를지 정하는방식을말한다.","1","","","·객체에 포함된정보의허용등급과 강제적 접근 접근정보에대하여주체가갖는 통제 (MAC) 접근허가권한에근거하여객체에 대한접근을제한하는방법 ·주체나 그룹의 신분(신원, 아이디(D)에 근거하여 객체에 대한 임의적 접근 접근을제한하는방법 통제 (DAC) • 객체에 접근하고자하는주체의 접근권한에따라통제정책을 적용하는방법 ·중앙관리자가사용자와 시스템의 역할기반 상호관계를통제하며주체의 접근통제 역할(Role)에기초하여자원에 대한 (RBAC) 접근을제한하는방법","medium","","정보보안기사|필기|예상|천기누설 예상문제|정보보안 일반","2026 수제비 정보보안기사 필기 기본서 · 천기누설 예상문제 · PDF 859쪽 · 7번","","","","","","information-security-engineer"
"WRITTEN_CBT","정보보안 일반","다음중역할기반 접근 통제에 대한설명으로올바 른 것은 무엇인가?","중앙집권적관리에유리하다","사용자기반접근통제로이루어진다","인사이동이빈번한조직에효을적이다.","객체의소유주에의하여권한이변경된다.","3","","","역할기반접근통제는중앙관리자가사용자와 시스템의 상호관계를 통제하며 주체의역할(R이e)에 기초하여자원에대한접근을제한하는방법이다. 역할 기반 접근 통제(RBAC) 기법은 조직의 중앙 관리자가지정하고인사이동이 빈번한조직에 효율적인 방식이다. 중앙집권적관리에 유리한 접근 통제 기법은 강제적 접근 통제(MAC)기법이다. 사용자 기반으로 접근 통제가 이루어지고객체의 소유주에의해서권한이 변경되는접근통제기법은 임의적 접근 통제(DAC) 기법이다. E","medium","","정보보안기사|필기|예상|천기누설 예상문제|정보보안 일반","2026 수제비 정보보안기사 필기 기본서 · 천기누설 예상문제 · PDF 860쪽 · 9번","","","","","","information-security-engineer"
"WRITTEN_CBT","정보보안 일반","다음 중임의적 접근 통제(DAC; Discretionary Ac- cess Control)에 대한 설명으로 올바르지 않은 것은 무엇인가?","객체에대하여사용자가접근권한을추가혹 은삭제할수있다.","가장일반적인구현은접근통제목록(ACL)을 통해이루어진다.","ACL은중앙집권적통제방법에 적합하다.","대부분운영체계에서지원된다.","3","","","중앙집권적 통제 방법에 적합한 특징은MAC의 특징이다. DAC은객체에 대하여 사용자가 접근권한을추가 혹은삭제할수있고,가장일반적인 구현은접근 통제 목록(ACL)을 통해 이루어진다. 원도우, 리눅스, 유닉스 등 대부분 운영체제(OS)는 DAC 기반이다","medium","","정보보안기사|필기|예상|천기누설 예상문제|정보보안 일반","2026 수제비 정보보안기사 필기 기본서 · 천기누설 예상문제 · PDF 861쪽 · 14번","","","","","","information-security-engineer"
"WRITTEN_CBT","정보보안 일반","다음에서설명하고 있는접근제어정책으로올바른 것은? -권한을사용자가아닌그룹에 부여하고,그룹이수행 하여야할역할을정의한다 직무를기반으로하는접근통제모델로초기관리의 부담을줄일수있다 접근수준과등급에대한정의는조직의중앙관리자 가설정하고변경할수있다.","MAC","DAC","RBAC )HMAC","","3","","","역할기반접근통제는중앙관리자가사용자와 시스템의상호관계를 통제하며주체의역할(Role)에 기초하여자원에 대한접근을제한하는방법이다. 강제적 접근 통제(MAC)와 임의적 접근 통제(DAC)의 단점을보완한통제방법으로사용자에게 정적 또는 동적으로권한을부여할 수있다. 역할 기반(Role-Based) 또는 직무 기반(Task-Based) 접근통제비임의적접근통제 모델(Non-Discretionary)이라고도 한다. 접근규칙은 조직의중앙관리자가지정하고 인사이동이 빈번한 조직에 효율적인 방식으로 초기 관리의 부담을 줄일수있다.","medium","","정보보안기사|필기|예상|천기누설 예상문제|정보보안 일반","2026 수제비 정보보안기사 필기 기본서 · 천기누설 예상문제 · PDF 862쪽 · 18번","","","","","","information-security-engineer"
"WRITTEN_CBT","정보보안 일반","다음에서 ,에들어갈가장 적합한용어는무 엇인가? -접근 통제의세가지중요한요소는( ) ()() 이다 -()은/는(ㄷ)서비스에 스스로를확인시키기위 하여정보를공급하는주체의활동이다 -()은/는주체의 신원을검증하기위한사용자증명 활동이다 -( ㄷ )은/는( ㄴ)을/를통해( )된주체의실제 접 근가능여부와주체가수행가능한일을결정하는과 정이다","인가,ㄴ인증ㄷ식별","식별,ㄴ인증ㄷ인가","인가,ㄴ식별ㄷ인증","식별,ㄴ인가ㄷ인증","2","","","접근 통제 구성요소는 식별, 인증, 인가이다 본인이정당한사용자라는 것을시스템에밝히는행위 식별 (Identification) 인증서비스에 스스로를 확인시키기위하여 정보를 공급하는주체의활동 인증 ·주체의신원을검증하기 (Authentication) 위한사용증명활동 인증된주체에게접근을 허용하고 특정업무를 수행할권리를부여하는 인가 과정 (Authorization) 인증을통해식별된주체의 실제접근가능여부와 주체가수행가능한일을 결정하는과정 ---","medium","","정보보안기사|필기|예상|천기누설 예상문제|정보보안 일반","2026 수제비 정보보안기사 필기 기본서 · 천기누설 예상문제 · PDF 863쪽 · 22번","","","","","","information-security-engineer"
"WRITTEN_CBT","정보보안 일반","다음중 임의적 접근 통제(DAC; Discretionary Ac- cess Control)에 해당하는 특징이 아닌 것은?","사용자기반및D기반접근통제","중앙집중적관리가가능","개별주체와객체단위로접근권한설정","객체의 소유주가 주체와객체간의 접근통제 관계를정의","2","","","중앙 집중적으로통제하는환경에 적합한접근통제 방식은 강제적 접근 통제(MAC;Mandatory Access Control)방식이다. 임의적 접근 통제(DAC;Discretionary Access Control)는 주체나 그룹의 신분(신원, 아이디(D)에 근거하여객체에 대한 접근을제한하는방법이다","medium","","정보보안기사|필기|예상|천기누설 예상문제|정보보안 일반","2026 수제비 정보보안기사 필기 기본서 · 천기누설 예상문제 · PDF 864쪽 · 24번","","","","","","information-security-engineer"
"WRITTEN_CBT","정보보안 일반","전자입찰시 필요한 보안요구사항과거리가먼것 은?","비밀성","공평성","무결성","동시성","4","","","전자 입찰 시스템의 요구 조건 공안 공평성/안전성/독립성/무결성/ 독무비 비밀성","medium","","정보보안기사|필기|기출|지피지기 기출문제|정보보안 일반","2026 수제비 정보보안기사 필기 기본서 · 지피지기 기출문제 · PDF 887쪽 · 3번","","","","","","information-security-engineer"
"WRITTEN_CBT","정보보안 일반","다음은 무엇에 대한설명인가? 전자서명과관련된대표적인표준으로1994년미국에 서 만들어진표준이다. 이것은 DSA(Digital Signature AI- gorithm)를사용하는데,DSA는 슈노어(Schnorr)와 엘가 말(Egamal)의 알고리즘을기반으로하며, 서명생성이 나 암호키생성에서는SHA-1을이용한다NIST가안전 성과 특허 사용료를이유로기존의기업과정부기관에 서널리사용하고있는RSA방식을배제하고,타gama알 고리즘을사용하여차별화하고있다","타원곡선전자서명","DSS","RSA DKCDSA","","2","","","전자 서명 표준(DSS; Digital Signature Standard)는 NIST& NSA에서설계된 FIPS-186-4를 기반으로 하는SHA해시 방식과DSA를 이용하는 전자 서명 방식이다.","medium","","정보보안기사|필기|기출|지피지기 기출문제|2022년|1회|정보보안 일반","2026 수제비 정보보안기사 필기 기본서 · 지피지기 기출문제 · PDF 888쪽 · 5번","2022","","","","","information-security-engineer"
"WRITTEN_CBT","정보보안 일반","실시간으로 인증서 유효성을 검증하는 OCSP(On- line Certificate Status Protocol)의 서비스가 아닌 것은?","ORS:온라인취소상태확인서비스","DPD:대리인증경로발견서비스","CRL: 인증서폐기목록확인서비스","DPV:대리인중경로검증서비스","3","","","OCSP의 인증서 검증서비스는온라인 취소 상태 확인서비스(ORS),대리 인증경로 검증서비스(DPV), 대리 인증경로발견 서비스(DPD)가존재한다. CRL은정기적검사를 통한 인증서 유효성검증 방식이다.","medium","","정보보안기사|필기|기출|지피지기 기출문제|정보보안 일반","2026 수제비 정보보안기사 필기 기본서 · 지피지기 기출문제 · PDF 888쪽 · 7번","","","","","","information-security-engineer"
"WRITTEN_CBT","정보보안 일반","전자 서명을 적용한 예에 해당하지 않는 것은?","Code Signing","X, 509 Certificate","SSL/TLS Protocol","Kerberos Protocol","4","","","전자서명의 적용 예시로 Code Signing X.509 Certificate, SSL/TLS Protocol 등이 존재하며 Kerberos Protocol은 대칭키를 이용한 키 분배, 인증시스템으로 사용된다.","medium","","정보보안기사|필기|기출|지피지기 기출문제|2022년|2회|정보보안 일반","2026 수제비 정보보안기사 필기 기본서 · 지피지기 기출문제 · PDF 889쪽 · 9번","2022","","","","","information-security-engineer"
"WRITTEN_CBT","정보보안 일반","인증서의생성, 발행폐기관리를 하는 기관은?","CA","RA","VA","CRL","1","","","·인증정책수립,인증서관리 인증기관(CA) 인증서 폐기 목록(CRL) 등록/관리/인증을 수행 사용자신원확인,인증서 등록기관(RA) 요구 승인,CA에 인증서발급 요청, 인터페이스 제공 처리 검증기관(VA) ·인증서유효성검증/확인주체 인증서 폐기 목록 인증서폐기 목록, 인증서 (CRL) 유효점검정기적인증서 검사 - 22년 4회,25년4회","medium","","정보보안기사|필기|기출|지피지기 기출문제|2022년|4회|정보보안 일반","2026 수제비 정보보안기사 필기 기본서 · 지피지기 기출문제 · PDF 889쪽 · 10번","2022","","","","","information-security-engineer"
"WRITTEN_CBT","정보보안 일반","다음 중 X.509 인증서 구조의 내용이 아닌 것은?","버전(Version)","일련번호(Serial Number)","비밀키정보(Private Key Infomation)","유효기간(Period of Validity)","3","","","인증서의구조 버전/일련번호/서명알고리즘/발행자 버일알발 이름/유효기간/주체 이름/공개키 유주공서 정보/서명/발급자식별자/주체 발주확 식별자/확장","medium","","정보보안기사|필기|기출|지피지기 기출문제|정보보안 일반","2026 수제비 정보보안기사 필기 기본서 · 지피지기 기출문제 · PDF 889쪽 · 11번","","","","","","information-security-engineer"
"WRITTEN_CBT","정보보안 일반","XML 디지털 서명의 유형이 아닌것은? :","I Enveloping Signature 2 Enveloped Signature Detached Signature Keyinfo Signature","","","","4","","","","medium","","정보보안기사|필기|기출|지피지기 기출문제|정보보안 일반","2026 수제비 정보보안기사 필기 기본서 · 지피지기 기출문제 · PDF 890쪽 · 14번","","","","","","information-security-engineer"
"WRITTEN_CBT","정보보안 일반","CRL(Certificate Revocation List)에 포함되는 정보 는?","만료된디지털인증서의공개키","만료된디지털인증서일런번호","만료일내에만료된디지털인증서의공개키","만료일내에만료된디지털인증서일런번호","2","","","CRL은 인증서 폐기 목록의 버전,서명 알고리즘, 발급기관의이름,인증서 발급일,갱신일 취소(만료)된 인증서에 대한 정보(일련번호 폐지일자, 폐지사유 등)로구성된다. CRL 구성 버발날 인증서폐기목록의버전/발급자/ 개시날짜/다음 업데이트/서명 업알식 알고리즘/기관키식별자(일련번호)","medium","","정보보안기사|필기|기출|지피지기 기출문제|정보보안 일반","2026 수제비 정보보안기사 필기 기본서 · 지피지기 기출문제 · PDF 890쪽 · 15번","","","","","","information-security-engineer"
"WRITTEN_CBT","정보보안 일반","다음 중 OCsP(Online Certificate Status Protocol; 온라인 인증서상태 프로토콜)서버의응답값중인 증서 상태표시 메시지가 아닌 것은?","good","revoked","unknown","bad","4","","","클라이언트가상태조회를한 유효 시점에 인증서가 폐기되지 않고 (Good) 유효한상태 취소 인증서가 영구적으로폐기되었거나 (Revoke) 일시적으로정지 알려지지 조회된 인증서에 대하여 OCSP 않음 서버가 알고있는정보가 존재하지 (Unknown) 않음 23년 1회","medium","","정보보안기사|필기|기출|지피지기 기출문제|2023년|1회|정보보안 일반","2026 수제비 정보보안기사 필기 기본서 · 지피지기 기출문제 · PDF 891쪽 · 16번","2023","","","","","information-security-engineer"
"WRITTEN_CBT","정보보안 일반","온라인 인증서상태 프로토콜(OCSP; Online Certifi- cate Status Protocol)에 대한 설명으로 틀린 것은?","OCSP는X.509를이용한 전자서명인증서의 폐지 상태를 파악하는데사용되는 인터넷 프로 토콜이다. RFC6960으로 묘사되며, 인터넷표준의 경로가 된다.","온라인인증서상태프로토콜을통해전달받는 메시지들은AES로암호화되며,보통HTTP로 전달받는다.","이프로토콜의도입이유중하나는고가의증 권정보나고액의현금거래등데이터트랜적 션의중요성이매우높은경우실시간으로인 중서유효성검증이필요하기 때문이다.","","3","","","•OCSP에 대한 특징은 다음과 같다. 전자서명 인증서폐기 실시간검증 목록(CRL)의 주기적 갱신의 한계를극복 고가의 증권 정보나현금거래 중요 등데이터 트랜책션의 중요성이 트랜젝션의 검증 높은 경우의 유효성 검증이 필요 PKI의 구조 X.509, RFC 6960, 공개키기반 활용 구조활용검증 상태 프로토콜은ASN.1로 암호화 전달 암호화되며HTTP로전달","medium","","정보보안기사|필기|기출|지피지기 기출문제|2023년|1회|정보보안 일반","2026 수제비 정보보안기사 필기 기본서 · 지피지기 기출문제 · PDF 891쪽 · 18번","2023","","","","","information-security-engineer"
"WRITTEN_CBT","정보보안 일반","다음문장에서 제시하고있는 요건을충족시키기위 해도입된 전자서명 기술은? 전자상거래SE프로토콜에서도입된기술로고객의구 매 요청은 지불정보와더불어 일단상인에게 전달되면 상인은그구매요청에 포함된지불정보를이용하여지 불게이트웨이에게 유효성을 확인하게 된다 또한 구매 자의자세한주문정보와지불정보를판매자와금융기 관에 필요 이상으로 전달하지 않아야한다","이중서명","은닉서명","비공개서명","공개서명","1","","","이중 서명은 전자상거래(SET)에서 이용되는 구매 정보와지급정보에대한해시값을자신의비밀키로 암호화하는방식으로구매정보와지급정보를각각 다른키로암호화되어, 판매자는구매정보만 금융기관은지급정보만알수있도록 하는 서명 기술이다 23년2회,25년2회","medium","","정보보안기사|필기|기출|지피지기 기출문제|정보보안 일반","2026 수제비 정보보안기사 필기 기본서 · 지피지기 기출문제 · PDF 892쪽 · 19번","","","","","","information-security-engineer"
"WRITTEN_CBT","정보보안 일반","다음 공개키 암호화 알고리즘중 부인 방지 (Non-Repudiation) 기능을 제공하지못하는 방식 은?","DSA(Digital Signature Algorithm)","RSA(Rivest-Shamir-Adleman)","ElGamal","ECDH(Elliptic Curve Diffie-Hellman)","1","","","부인방지기능을통해전자서명을제공하는방식은 DSA/DSS, RSA, EIGamal, Schnorr, ECDSA 등Ol 존재하지만,ECDH는Diffie-Hellman방식의키 교환 알고리즘으로부인방지를위한서명기능을 제공하지 않는다","medium","","정보보안기사|필기|기출|지피지기 기출문제|정보보안 일반","2026 수제비 정보보안기사 필기 기본서 · 지피지기 기출문제 · PDF 892쪽 · 20번","","","","","","information-security-engineer"
"WRITTEN_CBT","정보보안 일반","다음 중CRL(Certificate Revocation List)에 대한설 명으로 옳은 것은?","이용자가키쌍을생성하고자신의공개키를 등록해달라고요구하는 것을 의미한다","공개키를등록할때등록자의 신원이 인증되었 다는것을의미한다.","인증 기관이폐지한 인증서의목록을의미한 다.","인증기관과 인증기관간에상호인증하였다 는것을의미한다","3","","","CRL은 인증서 폐기 목록으로 현재사용중인 인증서가 만료된 건지 정상인지를표 판단할수있는 신뢰할 수 있는 인증서 폐기 목록이다 23년2회","medium","","정보보안기사|필기|기출|지피지기 기출문제|정보보안 일반","2026 수제비 정보보안기사 필기 기본서 · 지피지기 기출문제 · PDF 893쪽 · 22번","","","","","","information-security-engineer"
"WRITTEN_CBT","정보보안 일반","다음문장에서설명하는 전자투표방식은? 지정된 투표소에서 전자투표를 하는방식이다투표소와 개표소가 인터넷망이 아닌 폐쇄된공공망으로연결되어 있으며전자투표기기를선거인단이관리하므로안전성 이높다","REV (Remote E-Voting)","PEM(Privacy Enhanced Mail)","PSEV(Poll Site E-Voting) PGP(Pretty Good Privacy)","","3","","","·개인이소유한기기를 통해 REV 원격으로자유롭게 투표하는방식 지정된투표소에서 전자투표장치를 PSEV 통해전자투표를하는방식 PEM, PGP는 메일 보안 기술이다.","medium","","정보보안기사|필기|기출|지피지기 기출문제|2023년|2회|정보보안 일반","2026 수제비 정보보안기사 필기 기본서 · 지피지기 기출문제 · PDF 893쪽 · 24번","2023","","","","","information-security-engineer"
"WRITTEN_CBT","정보보안 일반","다음중블라인드디지털서명에대한설명으로틀린 것은?","문서의내용을보여주지않고서명을받아검 증하는방식이다.","특허에대한공증을받는분야에서활용될수 있다.","서명자에게불리한내용에대한서명을하도록 악용될수있다.","블라인드디지털서명은실제로구현될수없 다.","4","","","블라인드 디지털 서명(은닉 서명)은 D.Chaum이 제시한 특수 형태의 전자 서명 기법으로,사용자A가 = I 서명자 B에게 자신의 메시지를 보여주지 않고 서명하는방식으로특허에 대한공증을받는 분야에서 활용될 수있으며, 서명자에게 불리한 내용에 대한 서명을 하도록 악용될 수있다. EE.EE 실제의 전자 화폐(사용자프라이버시 보호), 전자","medium","","정보보안기사|필기|기출|지피지기 기출문제|2023년|4회|정보보안 일반","2026 수제비 정보보안기사 필기 기본서 · 지피지기 기출문제 · PDF 894쪽 · 26번","2023","","","","","information-security-engineer"
"WRITTEN_CBT","정보보안 일반","인증기관(CA; Certification Authority)을 이용하여 철수의공개키를얻으려할때, 얻은철수의공개키 가가짜가아니라는것을 확신할 수있는이유는무 엇인가?","철수의인증서는위조할수없는CA의개인키 로서명되어있기때문이다.","철수의인증서는인증기관이신분확인을통해 검증했기때문이다.","철수의인증서는세션키를통해안전하게암호 화되었기때문이다.","철수의인증서는통제된신뢰받는센터를통해 전달되었기때문이다.","1","","","PKI 구조에서 인증기관(CA:Certification Authority)을 이용하여 타인의공개키를얻으려할 때 얻은 타인의 공개키가 신뢰할 수9 있는 이유는 CA에 의해서 공개된 공개키는 위조할 수없는CA의 개인키로 서명하였기 때문이다.","medium","","정보보안기사|필기|기출|지피지기 기출문제|2023년|4회|정보보안 일반","2026 수제비 정보보안기사 필기 기본서 · 지피지기 기출문제 · PDF 894쪽 · 27번","2023","","","","","information-security-engineer"
"WRITTEN_CBT","정보보안 일반","디지털 서명의 인증서 검증방식 중 OCSP(Online Certificated Status Protocol)와 CRL(Certificate Revocation List)을 비교한 정보로틀린 것은?","OCSP의 국제표준은RFC 3280이며, CRL은 RFC2560을따른다.","OCSP는사용량에 따라 추가 비용을지불하지 만CRL은 비용 지불없이사용가능하다.","OCSP의 서버용 인증서는 1년마다 교체이며, CRL은 인중서 취소목록이 갱신되어야만 폐기 로판단한다.","OCSP는CA와 계약을하면서버 인중서와개인 키가 발급되고,CRL은일정주기마다인중서 취소목록을생성한다","1","","","구분 OCSP CRL ·인증서의 유효성을 ·인증서에 대한 정의 실시간으로 폐기 목록 검증하는 프로토콜 표준 •RFC 2560 RFC 3280 방식 Online 방식 Batch방식 ·사용량에 ·정해진범위 사용량 비례하여추가 내에서는 추가 비용 비용발생 비용없음 인증서가 CRL에 인증서 서버 인증서를 포함된경우 교체 1년마다교체 폐기된것으로 판단 정보전달 CRL보다더 많은 전달되는정보가 정보를전달 제한적","medium","","정보보안기사|필기|기출|지피지기 기출문제|정보보안 일반","2026 수제비 정보보안기사 필기 기본서 · 지피지기 기출문제 · PDF 895쪽 · 28번","","","","","","information-security-engineer"
"WRITTEN_CBT","정보보안 일반","다음중전통적서명과디지털서명의차이점에대한 내용으로 틀린 것은?","전통적서명은문서에포함되지만디지털서명 은분리되어 있다.","전통적서명은한사람이많은문서에동일한 서명이불가능하지만 디지털 서명은가능하 다.","전통적서명은복사본이 원래문서와구별되지 만 디지털서명은복제 시구별할수없다.","전통적서명은서명과문서사이에1:n관계가 성립하지만디지털서명은1:1관계이다.","3","","","항목 전통적서명 전자서명 문서포함 ·문서에포함 문서와분리 여부 한사람이많은 한사람이 많은 동일서명 문서에동일한 문서에동일한 서명이가능 서명이불가능 복사본은 복사본은 복사본 원본과구별할 원본과구별할 수있음 수없음 서명과문서 서명과문서 서명과 사이에1:n 사이에1:1 문서관계 관계가성립 관계가성립 24년1회","medium","","정보보안기사|필기|기출|지피지기 기출문제|2023년|4회|정보보안 일반","2026 수제비 정보보안기사 필기 기본서 · 지피지기 기출문제 · PDF 895쪽 · 29번","2023","","","","","information-security-engineer"
"WRITTEN_CBT","정보보안 일반","다음 중 X.509 인증서에포함된내용으로옳지 않은 것은?","발행자이름(Issuer Name)","서명알고리즘식별자(Signature Algorithm ID)","사용자 암호(User Password)","일련번호(Serial Number)","3","","","인증서의구조 버일알발 버전/일련번호/서명알고리즘/발행자 이름/유효기간/주체이름/공개키 유주공서 정보/서명/발급자식별자/주체 발주확 식별자/확장","medium","","정보보안기사|필기|기출|지피지기 기출문제|2024년|1회|정보보안 일반","2026 수제비 정보보안기사 필기 기본서 · 지피지기 기출문제 · PDF 896쪽 · 32번","2024","","","","","information-security-engineer"
"WRITTEN_CBT","정보보안 일반","공개키 기반 구조(PKI)의 구성객체 요소가 아닌것 은?","인증기관(Certification Authority)","키분배 센터(Key DistributionCenter)","사용자(User)","저장소(Repository)","2","","","인증정책수립, 인증서관리 인증기관(CA) 인증서 폐기 목록(CRL) 등록/관리/인증을 수행 인증서,암호키에대한 저장소 저장/검색/관리 사용자 . 인증서를 소유및이용","medium","","정보보안기사|필기|기출|지피지기 기출문제|2024년|1회|정보보안 일반","2026 수제비 정보보안기사 필기 기본서 · 지피지기 기출문제 · PDF 896쪽 · 33번","2024","","","","","information-security-engineer"
"WRITTEN_CBT","정보보안 일반","다음은 전자 입찰시스템의요구 조건을 기술 내용이 다.지문의()안에들어갈단어를 순서대로나열한 것은? -(): 전자 입찰시스템의각구성요소들은자신들의 독자적인자율성을 보장받아야한다 -(): 참여자가동등한수준의정보를가지고입찰하 여야한다 -()네트워크상에서각구성요소간에 개별정보는 누구에게도노출되어서는안된다. -()입찰시입찰자자신의 정보를확인가능하게함 으로써누락및변조여부를확인할수있어야한다 -() 각입찰참여자간의공모는방지되어야하고입 찰공고자와서버의독단이 발생하면안 된다","비밀성,안정성,독립성,무결성,공평성","비밀성,공평성,독립성,무결성,안정성","독립성,안전성,비밀성,무결성,공평성","독립성,공평성,비밀성,무결성,안정성","4","","","전자입찰의각구성요소는개별 독립성 독립적자율성을보장 참여자가 동등한수준의정보를 공평성 가지고입찰 본인의 정보가각구성 요소에게 비밀성 노출되지 않음을 보장 입찰시본인의 정보가 확인됨으로써 무결성 누락및변조등을검토가능 ·입찰참여자간의공모를방지하며 안전성 입찰자와입찰공고자간공모,서버 독단을방지","medium","","정보보안기사|필기|기출|지피지기 기출문제|정보보안 일반","2026 수제비 정보보안기사 필기 기본서 · 지피지기 기출문제 · PDF 897쪽 · 34번","","","","","","information-security-engineer"
"WRITTEN_CBT","정보보안 일반","다음중전자서명(Digital Signature)에관하여 잘못 기술한 것은?","그림,영상등대량의메시지에대한전자서명 을위하여문서자체보다는메시지의해시값 에서명하게된다.","타인에게자신의서명을검증받아야하므로전 자서명알고리즘은주로대칭키를사용하는 블록암호를기반으로설계한다.","전자서명된문서를타인이검증해야하므로 전자서명알고리즘은공개해야한다","전자서명은서명된문서의 내용을삭제또는 변경하는것과서명사실을추후부인하는것 등이 불가능하도록무결성및메시지출처인 중등을제공한다.","2","","","타인에게 자신의서명을검증받아야하므로전자 서명알고리즘은주로비대칭키를사용한다 전자서명의생성 절차는 다음과 같다. 송신측 메시지에해시함수를이용하여 해시값생성 해시값을추출 송신측 서명 해시값에송신측의개인키 생성 사용하여암호화 송신측 암호화된해시값을메시지와 메시지 전달 함께송신 수신측 메시지에해시함수를이용하여 해시값생성 해시값추출 수신측 서명 송신자의공개키를사용하여 확인 암호화된해시값을복호화 ·복호화된해시값과메시지에 수신측 해시함수가 적용된 값을 메시지 확인 비교하여진위확인","medium","","정보보안기사|필기|기출|지피지기 기출문제|2024년|2회|정보보안 일반","2026 수제비 정보보안기사 필기 기본서 · 지피지기 기출문제 · PDF 899쪽 · 39번","2024","","","","","information-security-engineer"
"WRITTEN_CBT","정보보안 일반","인증기관의역할별로올바르게 연결되지못한것 은?","PAA-정책승인기관","PCA-정책승인기관","CA-인증기관","RA-등록기관","","","","정책승인기관 PKI사용정책/절차수립,Root (PAA) CA역할 수행 정책인증기관 도메인내에사용자와 인증기관 (PCA) 수행정책수립,인증기관인증 인증정책수립, 인증서 관리 인증기관 인증서 폐기 목록(CRL) 등록/관리/ (CA) 인증을 수행 - 사용자 신원 확인, 인증서요구 등록기관 승인, CA에 인증서 발급 요청 (RA) 인터페이스제공처리 24년4회,25년 4회","medium","","정보보안기사|필기|기출|지피지기 기출문제|2024년|2회|정보보안 일반","2026 수제비 정보보안기사 필기 기본서 · 지피지기 기출문제 · PDF 899쪽 · 40번","2024","","","","","information-security-engineer"
"WRITTEN_CBT","정보보안 일반","다음 중 전자서명에 대한설명으로 옳지 않은 것은 무엇인가?","전자서명은데이터의무결성을보장할수있 다.","전자서명은서명자의신원을확인하는데사 용된다.","전자서명은모든데이터의암호화를통해기 밀성을보장한다.","전자서명은서명자가서명한후부인할수없 도록한다.","3","","","전자 서명은데이터의무결성을보장하고,서명자의 신원을 확인하며, 서명 후에부인방지기능을 제공하는데 사용된다. 전자서명은 데이터의 암호화를 통한 기밀성 보장과는관련이 없으며,기밀성을 보장하려면 별도의 암호화가 필요하다. 25년1회","medium","","정보보안기사|필기|기출|지피지기 기출문제|정보보안 일반","2026 수제비 정보보안기사 필기 기본서 · 지피지기 기출문제 · PDF 900쪽 · 44번","","","","","","information-security-engineer"
"WRITTEN_CBT","정보보안 일반","다음중WAP 기반의서버와클라이언트간인증을 위해,무선환경에 적합한인증서를발급,운영,관리 하는 구조는 무엇인가?","wTLS (Wireless Transport Layer Security)","wPKI (wireless Public Key Infrastructure)","WPA2 (Wi-Fi Protected Access 2) )WML (Wireless Markup Language)","","2","","","무선 전송계층보안 프로토콜로 WTLS 데이터 암호화와무결성에중점 무선LAN(Wi-Fi)의 암호화방식으로 WPA2 인증과는 다름 무선단말기의콘텐츠표현을위한 WML 마크업언어","medium","","정보보안기사|필기|기출|지피지기 기출문제|2025년|1회|정보보안 일반","2026 수제비 정보보안기사 필기 기본서 · 지피지기 기출문제 · PDF 900쪽 · 45번","2025","","","","","information-security-engineer"
"WRITTEN_CBT","정보보안 일반","X.509 인증서에 대한설명 중 옳지 않은 것은?","X.509인서는 인증서의주인인사용자가 직 접발행한다.","X.509인증서의 유효기간이 지나면CA는 해당 인증서를디렉터리에서제거한다","X,509인증서를제거한 다음, CA는추후부인 방지서비스를위해일정기간보관한다.","개인키의손상/유출등의이유로사용자가신 고한X.509 인증서는 CA가 폐기한다.","1","","","•X.5O9인증서는 인증기관인 CA를 통해서발행되며 유효 기간이 지나면 CA는 유효하지 않도록 하기 위해 해당 인증서를디렉터리에서제거하며,이후부인 방지서비스를위해일정기관보관한다 유효기간이 지나지않은 경우에도 손상/유출이 발생한 경우, 사용자의 요청에 의해서CA가 인증서를 폐기한다.","medium","","정보보안기사|필기|기출|지피지기 기출문제|2025년|4회|정보보안 일반","2026 수제비 정보보안기사 필기 기본서 · 지피지기 기출문제 · PDF 902쪽 · 49번","2025","","","","","information-security-engineer"
"WRITTEN_CBT","정보보안 일반","다음에서설명하는 용어는 무엇인가? 무선플랫폼에서보안기술을제공하기위해제시된기 술중에서 WAP기반클라이언트/서버 간의인증을제공 하며 적합한인증서를발급운영관리하는등무선망에 서의공개키기반구조","PKI","VPN","WPKI","SSL","","","","- WAP 기반서버와클라이언트간의인증을위해서 무선환경에적합한 인증서를 발급 운영,관리하는 무선망공개키 기반 구조는 WPKI이다. 공개키암호방식을안전하게 PKI 사용하기위한인증서,키관리체계 인터넷과 같은 공중망에 인증, 암호화 터널링기술을활용하여마치 VPN 전용망을 사용할수있게 해주는 기술이자 네트워크 전송계층(4계층)과 응용계층(7계층) 사이에서브라우저와웹서버 간의웹 SSL 데이터 암호화(기밀성),상호인증 및 전송시데이터무결성을보장하는 보안프로토콜","medium","","정보보안기사|필기|예상|천기누설 예상문제|정보보안 일반","2026 수제비 정보보안기사 필기 기본서 · 천기누설 예상문제 · PDF 903쪽 · 1번","","","","","","information-security-engineer"
"WRITTEN_CBT","정보보안 일반","다음중WPKI구성에대한설명으로옳은것을모두 고른것은? CA서버시스템 인증서발급,인증서관리 ©RA서버시스템:인증서발급,인증서관리 요청 중계 ©Clent 시스템: 인증서발급및관리 요청","Directory 서버 시스템:CA가 발행한 인증서 정보에 대한저장및관리","",",ㄴ","","","","","CA(Certificate 인증서를발급해주고관리하는 Authority) 서버 시스템 시스템 ·인증서 발급및관리 요청을 RA(Registration 중계하는시스템 Authority) 서버 인증서를신청하는사용자의 시스템 신원을확인하고사용자 정보를CA로전송하는시스템 ·인증서발급및관리를 Client 시스템 요청하는 시스템 Directory 서버 ·CA가발행한 인증서 정보를 시스템 저장하고관리하는시스템 OCSP(Online Certificate ·인증서상태확인프로토콜 Status Protocol)","medium","","정보보안기사|필기|예상|천기누설 예상문제|정보보안 일반","2026 수제비 정보보안기사 필기 기본서 · 천기누설 예상문제 · PDF 903쪽 · 2번","","","","","","information-security-engineer"
"WRITTEN_CBT","정보보안 일반","다음은 어떤 전자서명 방식에 대한설명인가? -미국의 NST에서발표한표준전자서명방식이다 -DSA알고리즘을사용한다. -이산로그기반으로서명시임시난수를사용한다 -Schnor 방식과유사한구조를사용한다","KCDSA","DSS","FFS","ElGamal","2","","","DSS는 NIST & NSA에서설계된 FIPS-186-4를 기반으로 하는 SHA해시 방식과DSA(Digital # a = Signature Algorithm)를 이용하는전자서명 방식이다 RSA와달리,DSA는데이터 암호화/키 교환으로 사용 불가로써, RSA보다 적은 비트를사용하며 빠르며 ElGamal과 Schnorr 체계를 변형해서 만든 : 알고리즘이다 E","medium","","정보보안기사|필기|예상|천기누설 예상문제|정보보안 일반","2026 수제비 정보보안기사 필기 기본서 · 천기누설 예상문제 · PDF 904쪽 · 4번","","","","","","information-security-engineer"
"WRITTEN_CBT","정보보안 일반","다음은 X.509 인증서폐기에 관련된설명으로옳지 않은 것은?","인증서페기메커니즘:X.509에정의된인증서 폐기목록(CRL)으로관리","폐기사유:인증서발행조직탈퇴,개인키의손 상,개인키의유출의심","인증서 폐기 요청: 인중서소유자 또는인중서 소유자의대리인이요청","폐기된인중서: 목록을 비공개하고디렉터리에 만보관","4","","","X.509 인증서가 폐지된경우 외부에공표하기위해 CRL목록에등록되어 주기적으로 갱신되며, OCSP를 이용하는 경우 실시간으로 갱신된다.","medium","","정보보안기사|필기|예상|천기누설 예상문제|정보보안 일반","2026 수제비 정보보안기사 필기 기본서 · 천기누설 예상문제 · PDF 904쪽 · 6번","","","","","","information-security-engineer"
"WRITTEN_CBT","정보보안 일반","다음 중올바르지 않은 것은 무엇인가?","CRL은 갱신을통해서검증되어야지만 폐기로 판단한다.","CA가인증서 폐기 시폐기목록을일정한주기 마다생성한다.","OCSP는무료로사용이가능하다.","CRL은비용 지불없이사용이가능하다.","3","","","구분 OCSP CRL 실시간 인증서 ·인증서에대한 정의 유효성 검증 프로토콜 폐지목록 표준 •RFC 2560 •RFC 3280 방식 •Online Batch 방식 사용량 사용량비례 추가비용없이 비용 비용추가 일정 인증서 서버인증서 ·취소목록포함시 교체 1년마다교체 폐기판단 . CRL보다 많은 제한적인 정보전달 정보전달 정보전달","medium","","정보보안기사|필기|예상|천기누설 예상문제|정보보안 일반","2026 수제비 정보보안기사 필기 기본서 · 천기누설 예상문제 · PDF 905쪽 · 8번","","","","","","information-security-engineer"
"WRITTEN_CBT","정보보안 일반","X.509v3에서 확장영역을구분하는것에 포함되지 않는 것은?","인증서경로및규제정보","CRL을위한 확장자","키및정책확장자","공개키정보","4","","","·X.5O9의 확장(Extensions)영역은 키와 정책 정보 CRL 정보사용자와발행자 속성,인증경로및제약 조건 등을 포함한다.","medium","","정보보안기사|필기|예상|천기누설 예상문제|정보보안 일반","2026 수제비 정보보안기사 필기 기본서 · 천기누설 예상문제 · PDF 905쪽 · 10번","","","","","","information-security-engineer"
"WRITTEN_CBT","정보보안 일반","ITU에의해제안된인증서에 대한기본형식을정의 한규격을 무엇이라 하는가?","SOA","CRL","X, 509","OGSP","3","","","공개키 인증서와 인증 알고리즘의표준중공개키 기반(PKI)의 ITU-T 표준인 X.509가 존재한다.","medium","","정보보안기사|필기|예상|천기누설 예상문제|정보보안 일반","2026 수제비 정보보안기사 필기 기본서 · 천기누설 예상문제 · PDF 906쪽 · 11번","","","","","","information-security-engineer"
"WRITTEN_CBT","정보보안 일반","우리나라표준서명알고리즘으로가장 적절한것 은?","RSA","KCDSA","ECC DECDSA","","","","","KCDSA는 KCDSA(Korean Certificate based Digital Signature Algorithm)는 한국정보통신학회와 정보보호학회의 이연구자들을 중심으로 개발된1997년 국가표준으로채택된 전자 서명 방식이다.","medium","","정보보안기사|필기|예상|천기누설 예상문제|정보보안 일반","2026 수제비 정보보안기사 필기 기본서 · 천기누설 예상문제 · PDF 910쪽 · 26번","","","","","","information-security-engineer"
"WRITTEN_CBT","정보보안 일반","다음에서 공개키 기반구조(PKI:;Public Key Infra- structure)의 X.509 인증서에 대한 설명으로 틀린 것은?","공개키기반구조에서생성된공개키의보안성 및안전성을보장하기 위하여인증기관(CA)에 서인증하는 인증서표준규격","CA에서는사용자인증서를 공개디렉터리에 보관하여사용자들이언제든지검색할수있게 공개하고있다.","인중서에포함되는속성들을고유하게구분하 기 위하여 OID(Object Identifier)라는 고유번 호를부여하고있다","X.509v3에 추가된확장 영역은 인증기관의 개 인키로 전자 서명된서명(Signature)필드를 포 함하고있다.","","","","X.509의 확장(Extensions) 영역은 Version 3에서 추가된영역으로 사용자의 공개키 정보와연관된 추가적인 정보를 제공하는 영역이다","medium","","정보보안기사|필기|예상|천기누설 예상문제|정보보안 일반","2026 수제비 정보보안기사 필기 기본서 · 천기누설 예상문제 · PDF 910쪽 · 27번","","","","","","information-security-engineer"
"WRITTEN_CBT","정보보안 일반","CRL(Certificate Revocation List)에 대한설명으로 옳은 것은?","인증서에 대한폐지목록이다.","실시간으로인증서의유효성을 검증할수있는 프로토콜이다.","CRL을대신하거나보조하는용도로사용한다.","고액거래의 은행업무,이동단말기에서의전 자거래등에활용한다.","","","","•CRL은 인증서에 대한 폐지목록이다 •OCSP는 실시간으로 인증서의 유효성을 검증할수 있는 프로토콜이다. OCSP는CRL을대신하거나 보조하는용도로 사용하며, 고액거래의 은행업무,이동단말기에서의 전자거래등에 활용한다.","medium","","정보보안기사|필기|예상|천기누설 예상문제|정보보안 일반","2026 수제비 정보보안기사 필기 기본서 · 천기누설 예상문제 · PDF 910쪽 · 28번","","","","","","information-security-engineer"
"WRITTEN_CBT","정보보안 일반","다음 중 SET 프로토콜을 이용한 전자상거래에 대한 설명으로 틀린 것은?","매입사는이중 서명을 고객의 서명 확인용 공 개키로풀어고객이보낸메시지를검증한다.","매입사는 지불정보와익명서명을 전송한다.","매입사는주문정보의메시지다이제스트를 전 송받는다.","매입사는지불정보의 메시지다이제스트와고 객이보낸메시지다이제스트를 비교함으로써 서명을확인한다.","","","","SET프로토콜은이중서명을활용하며,별도의익명 서명을 사용하거나 전송하지 않는다.","medium","","정보보안기사|필기|예상|천기누설 예상문제|정보보안 일반","2026 수제비 정보보안기사 필기 기본서 · 천기누설 예상문제 · PDF 910쪽 · 29번","","","","","","information-security-engineer"
"WRITTEN_CBT","정보보안 일반","전자투표시스템 요구사항 중건전성에대한설명으 로옳은 것은?","부정한투표자에의해선거가방해되는일이 없어야한다. 2투표결과로부터투표자를구별할수없어야한 다.","정당한투표자가두번이상투표할수없다.","모든투표가정확하게집계되어야한다","","1","","","-누구나투표결과에대한확인을통해 검증 가능 검증할수 있는 특성 외부의 요소가 투표에 영향을미치지 정당성 않는 특성 완전성 모든투표가정확하게집계되어야 하는 특성 ·적법한투표권한을소유한자만 자격제한 투표가가능한특성 이중 투표 ·정당한투표자의 중복투표가 방지 불가능한특성 ·무기명투표를통해 투표 익명성 결과만으로는누구가 어떤 선택을 했는지식별할 수없는 특성 부정한 투표자가 시스템을 건전성 악용하거나선거결과를왜곡하는 것을 방지할 수있어야하는특성","medium","","정보보안기사|필기|예상|천기누설 예상문제|정보보안 일반","2026 수제비 정보보안기사 필기 기본서 · 천기누설 예상문제 · PDF 911쪽 · 30번","","","","","","information-security-engineer"
"WRITTEN_CBT","정보보안 관리 및 법규","정보보호관리 (1)정보보호관리(Information Security Management) 개념 정보보호관리는조직이 위협과취약성으로부터자산의기밀성,무결성,가용 성을보호하기 위해구현해야하는제어 기능을정의하고관리하는활동이다. (2) 정보보호대책[22년1회] ·정보보호 대책은정보시스템과 데이터를안전하게 보호하기위해다양한기 술적,관리적, 물리적 조치를 적용하는 활동이다. •정보보호대책수립 시 고려사항은다음과같다. 정보보호대책고려사항 고려 사항 위험분석반영 ·효율적인대책선정을위해서는위험분석결과를고려해야함 ·대부분의정보보호대책은감지,억제,방어,제한,교정등복합적인 기능/비용고려 기능을수행하므로,복수의기능을만족시키는대책을선택하여 비용을 효율적으로 사용해야함 적용영역 고려 ·정보보호대책은관리적,물리적,기술적환경을모두고려하여 적용해야함 (3) 정보보호예방 대책[22년2회]","","","","","","","","","medium","","정보보안기사|필기|예상|천기누설 예상문제|2023년|1회|정보보안 관리 및 법규","2026 수제비 정보보안기사 필기 기본서 · 천기누설 예상문제 · PDF 915쪽 (인쇄 5-3) · 2번","2023","","","","","information-security-engineer"
"WRITTEN_CBT","정보보안 관리 및 법규","정보보호거버넌스 (1) 정보보호거버넌스(1SO/IEC 27014)의개념[22년2회] ·정보보호 거버년스는조직의 정보보호방향과책임을설정하고정보보호활 동이 경영목표를 효과적으로 지원하도록 보장하는 체계이다. ·조직의경영 목표와 정보보호목표를일치시키고 위험관리와 법적요구사항 준수를통해 조직의 전반적인보안을강화하기위해 설계된체계이다 (2)정보보호거버넌스의 필요성 정보보호거버년스의 필요성 필요성 설명 법적규제 준수 ·개인정보보호법,GDPR등다양한규제 준수를보장 조직의 비즈니스 ·정보보호를비즈니스연속성및 경쟁우위 확보를위한전략적자산으로 목표지원 활용 위험관리강화 ·조직의정보자산에 대한 보안위협과취약점을 효과적으로식별및관리 신뢰구축 고객, 파트너이해관계자간신뢰강화가능 효율성 및책임성 ·정보보호활동의효과를높이고,책임소재를명확히할수있음 향상 개 년 박살내기 GDPR [22년 4회, 23년 4회,24년1회]","GDPR(General Data Protection Regulation) 개념 •GDPR은2018년5월25일부터 시행된EU(유럽연합)의 개인정보보호법령 이다.","","","","","","","","medium","","정보보안기사|필기|예상|천기누설 예상문제|정보보안 관리 및 법규","2026 수제비 정보보안기사 필기 기본서 · 천기누설 예상문제 · PDF 917쪽 (인쇄 5-5) · 3번","","","","","","information-security-engineer"
"WRITTEN_CBT","정보보안 관리 및 법규","정보보호조직구성원의역할과책임에대한설명으 로틀린것은?","최고경영자:정보보호를위한총괄책임이있다.","데이터관리자:정보자산에대한 책임을보유 한현업관리자이다.","프로세스관리자:해당정보시스템에대한조 직의정보보호정책에따라 적절한 보안을보 중할책임이있다.","사용자:조직의 정보보호정책에따라수립된 : 절차를준수할책임이있다","2","","","데이터 관리자는 정보자산에대한 책임을보유한 현업 관리자가 아니고 정보시스템에 저장된","medium","","정보보안기사|필기|기출|지피지기 기출문제|2022년|1회|정보보안 관리 및 법규","2026 수제비 정보보안기사 필기 기본서 · 지피지기 기출문제 · PDF 922쪽 · 2번","2022","","","","","information-security-engineer"
"WRITTEN_CBT","정보보안 관리 및 법규","정보보호거버년스국제 표준으로옮은것은?","ISO27001","BS10012","ISO27014","ISO27018","3","","","정보보호 거버년스의 국제 표준은1S027014이다. 22년 4회,23년 4회","medium","","정보보안기사|필기|기출|지피지기 기출문제|2022년|2회|정보보안 관리 및 법규","2026 수제비 정보보안기사 필기 기본서 · 지피지기 기출문제 · PDF 923쪽 · 6번","2022","","","","","information-security-engineer"
"WRITTEN_CBT","정보보안 관리 및 법규","GDPR의 적용 대상으로 틀린 것은?","EU주민의 정보와무관하지만, 제공하는물품 과서비스에의생산품이포함된기업","EU지역에사업장은없지만인터넷홈페이지 를통해E니에거주하는주민에게물품및서비 스를제공하는기업","EU에거주하는주민의행동을 모니터하는 기업","EU에사업장을운영하는기업","1","","","","medium","","정보보안기사|필기|기출|지피지기 기출문제|정보보안 관리 및 법규","2026 수제비 정보보안기사 필기 기본서 · 지피지기 기출문제 · PDF 923쪽 · 7번","","","","","","information-security-engineer"
"WRITTEN_CBT","정보보안 관리 및 법규","이표준은조직이나기업이 정보보안경영시스템을 수립하여 이행하고감사및검토유지 개선하기위 해, 필요한 요구사항을명시하며, 국제표준화기구및 국제전기기술위원회에서제정한정보보호관리체계 에대한 국제 표준이다.Plan-Do-Check-Action(P- DCA; 구축-실행-유지-개선)모델을채택하여정보 자산의기밀성,무결성,가용성을실현하기위하여 관련프로세스를체계적으로수립,문서화하고이를 지속해서 운영, 관리하는 표준은?","ISMS-P","ISO 27001","ISMS","ISO 27701","2","","","조직이나기업이 정보보안경영시스템을수립하여 이행하고 감사및 검토, 유지개선하기위해, 필요한 요구사항을 명시하며,국제표준화 기구및 국제전기기술위원회에서 제정한 정보보호 관리체계에 대한 국제 표준은 ISO/IEC 270O1이다. 23년1회","medium","","정보보안기사|필기|기출|지피지기 기출문제|2023년|1회|정보보안 관리 및 법규","2026 수제비 정보보안기사 필기 기본서 · 지피지기 기출문제 · PDF 924쪽 (인쇄 5-12) · 9번","2023","","","","","information-security-engineer"
"WRITTEN_CBT","정보보안 관리 및 법규","다음문장에서설명하는 용어는? 비인가된자에의한정보의변경삭제생성등으로부터 보호하여정보의정확성과완전성이보장되어야한다.","기밀성","무결성","가용성","보안등급","2","","","비인가된 자에 의한 정보의 변경,삭제,생성 등으로부터 보호하여 정보의정확성과완전성이 보장되어야 한다는 특성은 무결성(Integrity)이다. 23년4회","medium","","정보보안기사|필기|기출|지피지기 기출문제|정보보안 관리 및 법규","2026 수제비 정보보안기사 필기 기본서 · 지피지기 기출문제 · PDF 924쪽 (인쇄 5-12) · 11번","","","","","","information-security-engineer"
"WRITTEN_CBT","정보보안 관리 및 법규","다음중정보보호의 주요요소에대한설명으로 잘못 된것은?","기밀성은정보가인가되지않은사용자에게노 출되지않도록하는특성을의미하며,접근제 어와암호화등이대표적인구현수단이다","무결성은정보가허가되지않은변경이나삭제 로부터보호되어야하는특성을말하며,체크 섬,해시함수,디지털서명등을통해보장할 수있다.","가용성은인가된사용자에의해서만시스템리 소스를사용할수있도록제한하는특성을말 하며주로 비인가사용자를차단하는메커니 즘과관련된다. 4","책임추적성은시스템내에서발생한행위를 사용자나프로세스단위로 식별하고 이를추 적해책임을부여할수있도록하는특성이다","3","","","가용성(Availability)은 인가된 사용자가 시스템에 접근하여 필요한정보나서비스를 를지속해서 이용할 수있도록보장하는 특성으로 시스템의 중단 없는 지속적인 서비스제공에 중점을둔다 ""사용 제한""이나 비인가 사용자 차단은기밀성 또는 접근 통제와관련이 있다.","medium","","정보보안기사|필기|기출|지피지기 기출문제|정보보안 관리 및 법규","2026 수제비 정보보안기사 필기 기본서 · 지피지기 기출문제 · PDF 925쪽 · 13번","","","","","","information-security-engineer"
"WRITTEN_CBT","정보보안 관리 및 법규","NIST사이버보안프레임워크는위험관리및 보안통제에대한가이드라인으로주요구성요 소로는식별, 보호, 탐지, 대움,복구의다섯가 지기능이포함된다.","","","","","","","","","medium","","정보보안기사|필기|기출|지피지기 기출문제|2025년|2회|정보보안 관리 및 법규","2026 수제비 정보보안기사 필기 기본서 · 지피지기 기출문제 · PDF 926쪽 (인쇄 5-14) · 3번","2025","","","","","information-security-engineer"
"WRITTEN_CBT","정보보안 관리 및 법규","ITIL은정보기술 서비스의 품질을향상시키기 위해정보기술(IT) 서비스관리에대한 Best Practice를 제공하며, 정보보호의 거버년스와 연계할수있는국제적표준프레임워크이다","","","","","","","","COBIT은IT관리와 거버넌스전반에걸친 가이드라인으로 정보보호가 조직 목표와 어떻게 연결되는지 명확히 정의하고 있다.","medium","","정보보안기사|필기|기출|지피지기 기출문제|2025년|2회|정보보안 관리 및 법규","2026 수제비 정보보안기사 필기 기본서 · 지피지기 기출문제 · PDF 926쪽 (인쇄 5-14) · 4번","2025","","","","","information-security-engineer"
"WRITTEN_CBT","정보보안 관리 및 법규","다음중정보보호관련용어에대한설명으로가장 적절하지 않은 것은?","정보보호정책은조직의보안활동을통제하기 위한 기술적조치들을구체적으로규정하고있 으며이를기반으로실무자가즉시적용할수 있는지침과기준을제공한다.","정보보호표준은정책의 목적을기술적으로뒷 받침하기 위해, 필요한 보안 요구사항및 기술 적기준을 명확히 정의하며,모든구성원이반 드시준수해야하는 성격을가진다.","정보보호지침은실무자들에게특정상황에서 선택적으로참고할수있는권고사항이며,법 적구속력보다는가이드라인의 성격을가진다","정보보호 기준선은시스템이나업무환경에서 반드시만족해야할최소수준의보안기준을 정의하며,이를통해조직은일관된 보안수준 을유지할수있다","1","","","정보보호정책(Policy)은 기술적 조치를 구체적으로 규정하지 않는다. 정책은최상위 수준의보안방향성과원칙을 제공하는 문서로,세부 기술 요소나 즉시적용할 수","medium","","정보보안기사|필기|기출|지피지기 기출문제|2025년|1회|정보보안 관리 및 법규","2026 수제비 정보보안기사 필기 기본서 · 지피지기 기출문제 · PDF 926쪽 (인쇄 5-14) · 16번","2025","","","","","information-security-engineer"
"WRITTEN_CBT","정보보안 관리 및 법규","다음중정보보호거버넌스프레임워크에대한설명 으로 올바르지 않은 것은?","COBIT은IT 서비스제공및 지원에 대한구체 적인절차나 기술매뉴얼을중심으로구성된 프레임워크로시스템취약점분석에중점을 둔다.","ISO/IEC27001은조직의정보보호관리체계를 수립하고유지·개선하기위한국제표준으로 PDCA모델을 기반으로구성되어 있다.","","","1","","","","medium","","정보보안기사|필기|기출|지피지기 기출문제|2025년|2회|정보보안 관리 및 법규","2026 수제비 정보보안기사 필기 기본서 · 지피지기 기출문제 · PDF 926쪽 (인쇄 5-14) · 17번","2025","","","","","information-security-engineer"
"WRITTEN_CBT","정보보안 관리 및 법규","정보보호위험 평가 1 위험 (1) 위험(Risk) 개념 위험은원하지않는사건이발생(비정상적인 일이발생)하여 손실 또는부정 적인 영향을 미칠 가능성이다. ·위험의유형과규모를확인하기위해서는위험에관련된모든요소와 그들이 어떻게위험의 규모에 영향을미치는지를 분석해야 한다. 위험은손실을미치는사건이 발생할가능성과 그때발생하는손실정도의곱 으로 평가될수있다. (위험) =(발생 가능성) ×(손실 정도) (2) 위험 구성요소[24년4회,25년2회] 위험구성요소 구성요소 자산 (Assets) 발생시나타나게될손실 ·자산의잠재적속성으로서 위협의이용대상 취약성(Vulnerability: ·정보보호대책의 미비로발생하는현상 취약점) 자산에손실을초래할수있는원치않는사건의 잠재적 위협 원인이나행위자 (Threats) . 대책 정보보호대책 (Safeguard; 정책, 교육 등의 모든통제를포함 Countermeasure) a 보호대책선택 시에는 조직의 환경과 문화에 맞는것을 아니라운영에따른관리 비용을고려해야함","","","","","","","","","medium","","정보보안기사|필기|기출|지피지기 기출문제|정보보안 관리 및 법규","2026 수제비 정보보안기사 필기 기본서 · 지피지기 기출문제 · PDF 927쪽 (인쇄 5-15) · 2번","","","","","","information-security-engineer"
"WRITTEN_CBT","정보보안 관리 및 법규","정량적위험분석의방법론중다음문장에서설명한 방법으로 알맞은 것은? 이방법은위협의발생빈도를계산하는식을이용하여위 협을계량하는방법이다과거자료의획득이어려울경우 위험발생 빈도를추정분석하는데 유용하며위험을경 량화하여매우간결하게나타낼수있다하지만이는기대 손실을추정하는자료의양이낮다는단점이있다","연간예상손실법","과거자료분석법","수학공식접근법","확률분포법","3","","","위협의발생빈도를계산하는식을이용하여위험을 계량하는방법은수학공식 접근법이다","medium","","정보보안기사|필기|기출|지피지기 기출문제|정보보안 관리 및 법규","2026 수제비 정보보안기사 필기 기본서 · 지피지기 기출문제 · PDF 938쪽 · 2번","","","","","","information-security-engineer"
"WRITTEN_CBT","정보보안 관리 및 법규","다음문장에서설명하는위험분석방법론을옮게연 결한것은? 어떤사건도기대대로발생하지않는다는사실에근거 하여일정조건하에서위협에 대해발생할수있는결 과들을추정하는방법 ©각각의위협을상호비교하여최종위협요인의우선순 위를도출하는방법",":확률분포법, :순위결정법",":시나리오법,ㄴ:델파이법",":델파이법,ㄴ:확률분포법",":시나리오법,ㄴ:순위결정법","4","","","정성적위험분석의 유형은 다음과 같다. ·시스템에관한 전문적인 지식을가진 전문가의 집단을 구성하고정보시스템이 직면한 델파이법 다양한위협과취약성에관한 토론을 통해위험을 분석하는 방법 어떤사건도기대대로 발생하지 않는다는 사실에 시나리오법 근거하여일정조건에서 위협에대한발생가능한 결과들을추정하는방법 위험 요소들을 중요도,발생 가능성 영향력등기준에 따라 순위를매겨상대적위험 순위 결정법 수준을평가하는방법 각각의위협을상호비교하여 최종 위협요인의 우선순위를 도출하는방법 자산위협,보안체계등 위험분석요소들을정성적인 퍼지행렬법 언어로표현된값을사용하여 기대손실을평가하는방법","medium","","정보보안기사|필기|기출|지피지기 기출문제|정보보안 관리 및 법규","2026 수제비 정보보안기사 필기 기본서 · 지피지기 기출문제 · PDF 939쪽 · 4번","","","","","","information-security-engineer"
"WRITTEN_CBT","정보보안 관리 및 법규","다음 문장은위험분석에관한설명이다. 괄호안에 들어갈 내용은? 자산의()을식별하고 존재하는( )을 분석하여이 들의(©)및(",")이미칠수있는영향을파악하여보안 위험의 내용과정도를 결정하는 과정이다. ()은잠재적(",")이 현실화되어나타날손실액과이 러한손실이발생할확률의곱(잠재적손실액)이다",":위협,ㄴ위험ㄷ발생가능성",":취약성","2","","","위험분석은 자산의 취약성을 식별하고 존재하는 위험을 분석하여 이들의 발생 가능성 및 취약성이 미칠 수 있는 영향을 파악하여 보안 위험의 내용과 정도를 결정하는 과정이다. 위험은잠재적위협이현실화되어나타날손실액과 이러한 손실이발생할확률의 곱(잠재적 손실액)이다. 22년 4회","medium","","정보보안기사|필기|기출|지피지기 기출문제|정보보안 관리 및 법규","2026 수제비 정보보안기사 필기 기본서 · 지피지기 기출문제 · PDF 940쪽 (인쇄 5-28) · 7번","","","","","","information-security-engineer"
"WRITTEN_CBT","정보보안 관리 및 법규","다음 문장에서 괄호 안에 들어갈 내용은? 위험이란비정상적인일이 발생할수있는()을말하며.( ©)분석은(ㄴ)을분석하고 해석하는과정으로조직자 산의 (©)을식별하고(",") 분석을통해 발생할수있는 위험의 내용과정도를 결정하는 과정이다",":가능성ㄴ:위협,ㄷ:취약성,",":위험",":취약성,ㄴ:위험,ㄷ:가능성","4","","","위험은비정상적인일이발생할가능성을말하며 위험분석은 위험을 분석하고 해석하는 과정으로 조직 자산의 취약점을 식별하고 존재하는 위협을 분석하여위험의발생 가능성과 위협이 미칠 수있는 영향을 파악해서 보안 위험의 내용과 정도를 결정하는 과정이다.","medium","","정보보안기사|필기|기출|지피지기 기출문제|2022년|4회|정보보안 관리 및 법규","2026 수제비 정보보안기사 필기 기본서 · 지피지기 기출문제 · PDF 940쪽 (인쇄 5-28) · 9번","2022","","","","","information-security-engineer"
"WRITTEN_CBT","정보보안 관리 및 법규","위험을평가하는여러가지 방법중정량적위험평 가로만 올바르게 짝지어진 것은?","과거자료분석법, 수학공식접근법,델파이법","점수법, 확률분포추정법,과거자료분석법","점수법,델파이법, 연간예상손실법","순위결정법,점수법, 수학공식접근법","2","","","정량적위험분석의 유형 과거 자료분석법/수학공식접근법 과수확점 /확률분포법/점수법 23년 2회","medium","","정보보안기사|필기|기출|지피지기 기출문제|정보보안 관리 및 법규","2026 수제비 정보보안기사 필기 기본서 · 지피지기 기출문제 · PDF 941쪽 (인쇄 5-29) · 12번","","","","","","information-security-engineer"
"WRITTEN_CBT","정보보안 관리 및 법규","다음은위험관리과정을구성하는5가지세부과정 이다.위험관리 과정의 절차를 옮게나열한것은?","위험관리전략및계획수립 ©위험분석 ©위험평가","정보보호대책선정 ©정보보호계획수립","→→©→","→","1","","","위험관리과정의절차 위험관리전략및계획수립/ 전분평대계 위험분석/위험평가/정보보호 대책 선정/정보보호계획수립","medium","","정보보안기사|필기|기출|지피지기 기출문제|2023년|2회|정보보안 관리 및 법규","2026 수제비 정보보안기사 필기 기본서 · 지피지기 기출문제 · PDF 941쪽 (인쇄 5-29) · 13번","2023","","","","","information-security-engineer"
"WRITTEN_CBT","정보보안 관리 및 법규","다음은위험처리방법의결정 흐름도이다. (가)~(라) 에해당하는 용어로올바르게 짝지은 것은? 위험식별 위험도≤목표 예 (가) 위험수준 아니오 비용효과적 예 ( 나 ) 대책존재 아니오 적절한보험 예 (다 ) 전가대상 존재 아니오 ( 라)","(가): 위험 수용, (나): 위험 감소, (다): 위험전 가, (라): 위험회피","(가): 위험 회피, (나): 위험 감소, (다): 위험전 가, (라): 위험수용","(가): 위험감소, (나): 위험 수용, (다): 위험 전 가,(라): 위험회피","(가): 위험수용, (나): 위험 전가, (다): 위험수 \, (라): 위험회피","1","","","위험처리 방식의 주요내용은 다음과 같다. 위험 ·현재의위험을받아들이고잠재적 수용 손실비용을감수하는방식 위험 완화 위험을감소시킬수있는대책을 (위험 채택하여구현하는방식 감소) 위험 ·보험이나 외주등으로잠재적비용을 전가 제삼자에게 이전하거나할당하는방식 위험 ·위험이 존재하는프로세스나사업을 회피 수행하지 않고포기하는방식","medium","","정보보안기사|필기|기출|지피지기 기출문제|2024년|2회|정보보안 관리 및 법규","2026 수제비 정보보안기사 필기 기본서 · 지피지기 기출문제 · PDF 942쪽 · 15번","2024","","","","","information-security-engineer"
"WRITTEN_CBT","정보보안 관리 및 법규","다음은정보보호위험관리에서위험의구성요소와관 련된설명이다.에들어갈 용어로가장적절한것은? ()은취약점을공격하여 이용하는잠재적원인이나 행위자로정의된다또한자산에손실을 초래할수있으며 취약점자산가치와함께위험을증가시키는요소이다","위협(Threats)","가치(Value)","정보보호대책(Safeguard)","","1","","","","medium","","정보보안기사|필기|기출|지피지기 기출문제|2024년|4회|정보보안 관리 및 법규","2026 수제비 정보보안기사 필기 기본서 · 지피지기 기출문제 · PDF 943쪽 (인쇄 5-31) · 17번","2024","","","","","information-security-engineer"
"WRITTEN_CBT","정보보안 관리 및 법규","다음은 정보보호관리 측면에서무엇에대한정의인 가? 비정상적인일이발생할가능성","자산","취약점","위험","","3","","","위험은원하지않는사건이발생(비정상적인일이 발생)하여손실또는부정적인영향을미칠 가능성이다.","medium","","정보보안기사|필기|예상|천기누설 예상문제|정보보안 관리 및 법규","2026 수제비 정보보안기사 필기 기본서 · 천기누설 예상문제 · PDF 945쪽 (인쇄 5-33) · 3번","","","","","","information-security-engineer"
"WRITTEN_CBT","정보보안 관리 및 법규","정량적위험분석과정성적 위험분석에 대한다음의 설명중 틀린것은?","정량적분석은객관적인평가 기준이 적용된 다.","정량적분석은위험관리 성능평가가쉽다.","정성적분석은계산에대한노력이 적게소요 된다.","정성적분석은비용과이익에 대한 평가가필 수적으로 요구된다.","4","","","정성적 분석은 비용과 이익을 평가할 필요가 없다. 정량적 위험분석과 정성적 위험분석의 장단점은 다음과 같다 구분 정량적 분석 정성적 분석 객관적인평가 기준이 적용됨 ·위험관리 계산에대한노력이 성능평가가 적게들 용이 ·정보자산에대한 장점 위험평가 가치를평가할필요가 결과가 금전적 없음 가치, 백분율 비용대비 이익을 확률등으로 평가할 필요가 없음 표현되어 이해하기쉬움 위험평가과정과 계산이 측정기준이사람에 복잡하여 따라 달라질수있음 분석하는데 FF 시간, 노력 ·측정결과를 화폐가치로 비용이 많이들 표현하기가 어려움 단점 수작업의 위험완화대책의 어려움으로 비용/이익분석에 자동화도구를 대한 근거가 제공되지 사용할경우 않고, 문제에 대한 신뢰도가 벤더에 주관적인지적만있음 의존적으로됨 ·위험관리성능을 추적할수없음","medium","","정보보안기사|필기|예상|천기누설 예상문제|정보보안 관리 및 법규","2026 수제비 정보보안기사 필기 기본서 · 천기누설 예상문제 · PDF 947쪽 (인쇄 5-35) · 11번","","","","","","information-security-engineer"
"WRITTEN_CBT","정보보안 관리 및 법규","위험관리의개념에서위험완화방법에대한설명으 로 옳지 않은 것은?","회피(Avoidance)는특정 위험으로부터의 손실 부담 또는 위험획득을 수용하는 것이다.","이전(Transfer)은잠재적 비용을 제3자에게 전 가하거나할당하는 것이다","감소(Reduction)는 위험을 감소시킬 수있는 대책을 채택하여구현하는것이다.","수용(Acceptance)은 위험을받아들이고 비용 을감수하는것이다","1","","","회피(Avoidance)는 위험이 존재하는 프로세스나 사업을 수행하지 않고 포기하는 방식이다. 특정 위험으로부터의 손실 부담 또는위험획득을 수용하는 방식은 수용(Acceptance)이다.","medium","","정보보안기사|필기|예상|천기누설 예상문제|정보보안 관리 및 법규","2026 수제비 정보보안기사 필기 기본서 · 천기누설 예상문제 · PDF 948쪽 (인쇄 5-36) · 12번","","","","","","information-security-engineer"
"WRITTEN_CBT","정보보안 관리 및 법규","업무연속성관리 (1) BCM","BCM(Business Continuity Management; 업무 연속성 관리)의 개념 BCM은 BCP의 계획, 수립, 시험및 보수등을포함하는관리행위이다. BCM은 조직의 주요이해관계자의 이익을 보호하는 효과적인 대응을 위한통 합된프레임워크를제공한다. BCM의 주요목표는 다양한 조건에서 조직이 비즈니스 운영을 지속할 수있 도록 하는 것이다.","BCM프로세스[22년4회,25년4회] BCM프로세스 순서 프로세스 ·업무지속성관리에관한정책을수립하는단계 1 시작단계 통합되는것을보장하고업무지속성관리에관한제반사항을 준비하는단계 2 전략수립 단계 지속성관리를위한비용 효과적인 전략을수립하는단계 : 업무가 지속해서운영되기위한프로그램을수립하는단계 3 구현단계 업무지속성전략에서수립한위험감소조치및재해복구를위한 초기시험을수행하는단계 운영관리단계","","","","","","","medium","","정보보안기사|필기|예상|천기누설 예상문제|정보보안 관리 및 법규","2026 수제비 정보보안기사 필기 기본서 · 천기누설 예상문제 · PDF 959쪽 (인쇄 5-47) · 3번","","","","","","information-security-engineer"
"WRITTEN_CBT","정보보안 관리 및 법규","Privacy by Design 7대 기본 원칙 기본원칙 사후조치가아닌사전예방 초기설정부터 프라이버시 보호조치 프라이버시 보호를내재한설계 CK '잠깐! 알고가기 프라이버시보호와사업기능의 제로섬(Zero-Sum) 균형(제로섬이 아닌 포지티브섬) ·한쪽의 이익이 다른 한쪽의 손실로이어지는상호배타 개인정보 생애주기 전체에대한 적관계이다.보안과편의성 보호 처럼두요소가동시에이익 을 얻을 수 없고 한쪽이강 개인정보처리과정에대한가시성 화되면 다른 쪽이 감소하는 및투명성 유지 상황을지칭한다 이용자 프라이버시 존중 OK 잠깐! 알고가기 포지티브섬(Positive-Sum) 개인정보 보호와 비즈니스 기술발전이상호배타적이 아니라함께향상될수있다 는 개념이다","","","","","","","","","medium","","정보보안기사|필기|예상|천기누설 예상문제|정보보안 관리 및 법규","2026 수제비 정보보안기사 필기 기본서 · 천기누설 예상문제 · PDF 970쪽 (인쇄 5-58) · 2번","","","","","","information-security-engineer"
"WRITTEN_CBT","정보보안 관리 및 법규","다음문장의내용을 포함하는지침으로가장 적합한 것은? -책임과역할 -업무의중요도등급및업무영향분석 -복구전략수립 -교육및훈련 -사후관리 -비상연락망","문서관리지침","위험평가관리지침","침해사고대응지침","업무연속성관리지침","4","","","업무연속성관리 지침의내용은 다음과 같다. 리더십 최고경영진의책임과역할강조 업무의 중요도 등급설정및BIA시행 기획 BCP 수립을 통한 복구전략 수립 직원들에게 업무 연속성과관련된 지원 교육 및 훈련 제공 대체시설,데이터 복구시스템,비상 운영 연락망 등운영연속성을 보장할수","medium","","정보보안기사|필기|기출|지피지기 기출문제|정보보안 관리 및 법규","2026 수제비 정보보안기사 필기 기본서 · 지피지기 기출문제 · PDF 971쪽 (인쇄 5-59) · 3번","","","","","","information-security-engineer"
"WRITTEN_CBT","정보보안 관리 및 법규","인터넷에공개된 서버를 운영하는경우 적절하지못 한 보안방법은?","공개서버를운영하는경우이에대한보호대 책을수립·이행한다.","공개서버는내부네트워크의서버잠영역에 설치하고침입 차단시스템등보안시스템을 통해보호한다.","공개서버에 개인정보 및중요정보를 게시하 거나저장하여야할때책임자승인등허가및 게시절차를수립·이행한다","조직의중요 정보가웹사이트및웹서버를통 해노출되고있는지를주기적으로확인하여중 요정보노출을인지하였을때이를즉시차단 하는등의적절한조치를한다.","2","","","공개서버는 내부네트워크와분리된DMZ영역에 설치하고 침입 차단 시스템 등 보안시스템을 통하여 보호해야 한다.","medium","","정보보안기사|필기|기출|지피지기 기출문제|정보보안 관리 및 법규","2026 수제비 정보보안기사 필기 기본서 · 지피지기 기출문제 · PDF 972쪽 · 4번","","","","","","information-security-engineer"
"WRITTEN_CBT","정보보안 관리 및 법규","재해복구 시스템의 유형과 복구 목표 시간(RTO; Recovery Time Objective)의 설명이 틀린 것은?","미러사이트:즉시","핫사이트:수시간이내","웜사이트:수일~수주","콜드사이트:수일~수주","4","","","재해복구 시스템의 유형별 복구 목표시간(RTO)은 다음과 같다. 미러사이트 ·즉시(이론적으로는0) 핫사이트 ·수시간(약4시간) 이내 웜사이트 ·수일~수주 콜드사이트 ·수주~수개월 22년2회","medium","","정보보안기사|필기|기출|지피지기 기출문제|정보보안 관리 및 법규","2026 수제비 정보보안기사 필기 기본서 · 지피지기 기출문제 · PDF 972쪽 · 5번","","","","","","information-security-engineer"
"WRITTEN_CBT","정보보안 관리 및 법규","계정도용 및 불법적인인증시도 통제 방안으로써‘ 불법 로그인 시도경과통제 방안예시로올바르지 않은 것은?","해외 IP 주소등 등록되지않은IP 주소에서의 접속시차단및통지","주말,야간접속시문자알림","관리자등특수권한로그인시알림","동일계정으로동시접속시접속차단조치또 는알림기능","4","","","동일 계정으로 동시 접속 시 접속 차단 조치 또는 알림 기능은 불법 로그인 시도 경고의 예시가 아니고 동시 접속 제한 예시이다.","medium","","정보보안기사|필기|기출|지피지기 기출문제|정보보안 관리 및 법규","2026 수제비 정보보안기사 필기 기본서 · 지피지기 기출문제 · PDF 973쪽 (인쇄 5-61) · 9번","","","","","","information-security-engineer"
"WRITTEN_CBT","정보보안 관리 및 법규","데이터 복구 기법 피하기(Data Sanitization) 방법으 로틀린것은?","데이터치환","디가우징(Degaussing)","물리적으로디스크파괴","데이터덮어쓰기","1","","","데이터복구를회피하는데이터 삭제의 주요기술은 다음과 같다. 파일을완전히복구할수 없도록 파일의엔트리 정보를 와이핑 가지고 있는영역과 해당 (Wiping) 클러스터 영역을'난수'혹은 'O'으로중복해서 덮어쓰는 기술 하드디스크나테이프에 디가우징 강력한자기장을노출해 (Degaussing) 기록된데이터를파괴하고 영구삭제하는기술 OS에서 자동으로 생성되는 Log Data 삭제 정보에서 증거가될만한 모든 정보를생성하는즉시 자동으로삭제 삭제 후디스크에 남아있는 디스크 부분을덮어쓰고삭제하는 (데이터) 과정을반복하여복구 덮어쓰기 기법회피 천공,물리적충격,분해등을 물리적 통해물리적으로 파괴하여 디스크 파괴 디스크복구기법회피 EEEE","medium","","정보보안기사|필기|기출|지피지기 기출문제|2022년|4회|정보보안 관리 및 법규","2026 수제비 정보보안기사 필기 기본서 · 지피지기 기출문제 · PDF 974쪽 · 10번","2022","","","","","information-security-engineer"
"WRITTEN_CBT","정보보안 관리 및 법규","포렌식의 기본원칙에 대한설명으로 틀린 것은?","정당성의 원칙: 모든증거는 적법한절차를거 쳐서획득한 것이어야하며 위법한절차를거 쳐획득한증거는증거능력이 없다","재현의 원칙:법정에증거를 제출하려면똑같 은환경에서같은결과가나오도록재현할수 있어야한다.","신속성의원칙: 컴퓨터내부의정보는휘발성 을가진것이많으므로신속하게이뤄져야한 다.","무결성의원칙: 수집된정보는연계보관성을 만족시켜야하고각단계를거치는과정에대 한추적이불가능해야한다","4","","","포렌식기본원칙은다음과 같다. ·증거는적법한절차를거쳐서 정당성의 수집해야하며,위반시증거 원칙 효력을상실한다는원칙 재현의 동일한조건과상황에서항상같은 원칙 결과재현을보장한다는원칙 신속성의 ·증거수집과정은신속히 원칙 진행되어야 한다는원칙 ·증거는획득,이송,분석, 보관 연계 법정제출의일련의과정이 보관성의 명확하며,추적할 수있어야 한다는 원칙 원칙 수집된정보는각단계를거치는 무결성의 과정에서 위변조되지 않음을 원칙 입증해야한다는원칙","medium","","정보보안기사|필기|기출|지피지기 기출문제|정보보안 관리 및 법규","2026 수제비 정보보안기사 필기 기본서 · 지피지기 기출문제 · PDF 974쪽 · 11번","","","","","","information-security-engineer"
"WRITTEN_CBT","정보보안 관리 및 법규","다음문장에서설명하는 포렌식수행절차단계는? -컴퓨터의일반적인하드디스크를검사할 때는컴퓨터 시스템정보를기록한다 -복제작업을한원본매체나시스템의디지털사진을 찍는다 -모든매체에 적절한증거라벨을붙인다","수사준비","증거물획득","분석및조사","보고서작성","2","","","·디지털 자료삭제/파괴행위 방지, 시스템 목록작성 복제 작업을한원본매체나시스템의디지털사진 찍기,모든매체에 적절한증거라벨을붙이는디지털 포렌식 수행 절차단계는 증거(물) 획득단계이다","medium","","정보보안기사|필기|기출|지피지기 기출문제|2023년|1회|정보보안 관리 및 법규","2026 수제비 정보보안기사 필기 기본서 · 지피지기 기출문제 · PDF 976쪽 · 16번","2023","","","","","information-security-engineer"
"WRITTEN_CBT","정보보안 관리 및 법규","다음문장에서설명하고있는포렌식으로획득한증 거의법적인 효력 보장을 위한 5대 원칙은? 증거는절차를 통해정제되는과정을거칠수있다예를 들면시스템에서삭제된파일이나 손상된 파일을복구 하는과정등을말한다이증거를법정에제출하기위해 서는같은환경에서는반드시 같은결과가생성되어야 하며, 만약같은환경에서서로다른결과가나온다면그 증거는법적으로유효성을인정받을 수없으며,같은결 과와생성에 따른법적 유효성 보장과관련된 원칙이다","정당성의 원칙","재현의원칙","신속성의원칙","연계보관성의원칙","2","","","증거는적법한절차를거쳐서 정당성의 수집해야 하며 위반시 증거 효력을 원칙 상실 재현의 같은조건과상황에서항상같은 원칙 결과재현을보장 신속성의 ·증거수집과정은신속히진행되어야 원칙 함 연계 증거는획득,이송,분석,보관,법정 보관성의 제출의일련의과정이명확하며 원칙 추적이가능 무결성의 수집된정보는각단계를거치는 원칙 과정에서위변조되지 않음을입증","medium","","정보보안기사|필기|기출|지피지기 기출문제|정보보안 관리 및 법규","2026 수제비 정보보안기사 필기 기본서 · 지피지기 기출문제 · PDF 976쪽 · 17번","","","","","","information-security-engineer"
"WRITTEN_CBT","정보보안 관리 및 법규","다음은CERT가정의하는 보안사고를서술한것이 다.일반 보안사고가아닌중대보안사고에해당하 는것을모두고른것은? 악성 소프트웨어(워, 바이러스,백도어 트로이 목마 등)에의한침해 ©네트워크및시스템에 대한비인가된침해시도 ©보안 장치의 변경이나 파괴(출입보안침입탐지시스 템, 잠금장치 보안카메라등)","정보자산의 오용으로대외 이미지에 중대한 손상을 끼친경우",",ㄷ",",","","4","","","중대보안사고는 다음과 같다. 서비스중단 비인가 접근으로정보시스템이 및시스템 변조·파괴되어 정상적인서비스 손상 제공이 불가능한경우 기밀정보 ·중요등급의 정보자산 또는 유출 비밀문서가외부에노출된경우 정보자산 정보자산의오용으로인하여 오용에따른 조직의 대외 이미지에중대한 대외신뢰도 손상을끼친경우 훼손 법적·사회적 ·관련법규나규정위반으로 문제유발 사회적물의를일으킨경우 고의 또는과실로인해 조직의 업무중단 정상적인 업무수행에 심각한 초래 지장을초래한경우 ·출입 통제,침입탐지시스템 물리적 보안 잠금장치,CCTV 등 보안장치의 장치 훼손 무단변경 또는파괴가발생한 경우","medium","","정보보안기사|필기|기출|지피지기 기출문제|정보보안 관리 및 법규","2026 수제비 정보보안기사 필기 기본서 · 지피지기 기출문제 · PDF 977쪽 (인쇄 5-65) · 18번","","","","","","information-security-engineer"
"WRITTEN_CBT","정보보안 관리 및 법규","A쇼핑몰에서 물품배송을위해B배송업체와개인 정보처리업무위탁 계약을맺었고이름,주소,핸드 폰번호를전달하였다.A쇼핑몰이 B배송업체를대 상으로 관리 감독할 수 없는 것은?","B배송업체의직원을대상으로개인정보보호 교육을한다.","B배송업체에서개인정보취급자를채용할것 을요청해야한다","B배송업체가개인정보를안전하게처리하고 있는지 점검해야한다.","B배송업체가재위탁을하지못하도록제재한 다.","2","","","개인정보처리업무위탁계약시위탁 업무수행 직원을대상으로주기적인 정보보호교육을 수행하고 보안점검을 수행해야 한다. 또한,위탁자가재위탁을하지못하도록제한할수 있고,재위탁이 필요한 경우에는 필요한 절차와 보안 요구사항을 정의할 수 있다. 개인정보처리 업무 위탁 계약 시 위탁업체를 대상으로 개인정보취급자에 대한 채용 요청은 보안 요구사항의 범위가 아니다. 23년 1회,24년1회,2회,25년 1회","medium","","정보보안기사|필기|기출|지피지기 기출문제|정보보안 관리 및 법규","2026 수제비 정보보안기사 필기 기본서 · 지피지기 기출문제 · PDF 977쪽 (인쇄 5-65) · 19번","","","","","","information-security-engineer"
"WRITTEN_CBT","정보보안 관리 및 법규","재택·원격근무시지켜야할정보보호실천수칙중 보안관리자가해야할 일이 아닌것은?","원격접속모니터링강화","일정시간부재시네트워크차단","재택근무자대상 보안지침마련및보안인식 제고 4 원격에서사내시스템접근시VPN을사용하 지않고VNC등원격연결프로그램사용","","4","","","원격에서사내 시스템 접근하여 재택·원격근무 시에는 VNC등원격연결프로그램을사용하지 말고","medium","","정보보안기사|필기|기출|지피지기 기출문제|정보보안 관리 및 법규","2026 수제비 정보보안기사 필기 기본서 · 지피지기 기출문제 · PDF 977쪽 (인쇄 5-65) · 20번","","","","","","information-security-engineer"
"WRITTEN_CBT","정보보안 관리 및 법규","업무 연속성 계획(BCP)의 접근 6단계 방법론 순서 로옳은 것은? 자원의중요도결정 ©재난대책수립 ©발생가능한재난에대한예상","재난대책 수행 ©사업상중대 업무 규정 ©테스트 및수정","---©-","-","","2","","","업무 연속성 계획(BCP)의 접근 방법론 절차(6단계) 사업상중대 업무 규정/자원의 중요도 업중발립 결정/발생가능한 재난에 대한예상/ 행테 재난대책수립/재난대책수행/ 테스트 및 수정 23년 4회","medium","","정보보안기사|필기|기출|지피지기 기출문제|2023년|2회|정보보안 관리 및 법규","2026 수제비 정보보안기사 필기 기본서 · 지피지기 기출문제 · PDF 978쪽 · 23번","2023","","","","","information-security-engineer"
"WRITTEN_CBT","정보보안 관리 및 법규","다음중 ISMS-P의 직무 분리기준에대한설명으로 잘못된 것은?","조직의규모와인원이담당자별 직무분리가 충분히가능한조직임에도중요업무와관련되 어있다면 편의성에 따라 내부규정으로정한 직무분리기준에 예외를둘수있다.","개발직무와운영직무는서로분리되어야하 며,이는정보시스템뿐만아니라 개인정보처 리시스템(서버,DB등)에도 동일하게 적용된 다.","정보보호담당자 또는 개인정보취급자가 정보 보호및개인정보 모니터링을 직접수행하지 않도록 직무를분리해야하며,감사업무도별 도인력에의해수행되어야 한다.","외부위탁업체 직원에게사용자계정등록·삭제 및접근권한설정을허용하는것은원칙적으 로금지되며불가피한경우상호검토로그기 록등보완통제를적용해야한다","1","","","ISMS-P에서는편의성을이유로중요업무에서 직무 분리원칙을 완화하는것은허용하지 않습니다. 개발과운영 직무는보안상반드시분리해야하며 개인정보처리시스템에도 적용됩니다. ·정보보호/개인정보 처리와 모니터링 및 감사업무는 이해 상충 방지를 위해 직무 분리가 필요합니다. 외부 위탁업체 직원에게 사용자계정에 대한 등록·삭제(비활성화) 및 접근 권한에 대한 등록·변경·삭제설정권한을부여하는것은금지되어 있습니다","medium","","정보보안기사|필기|기출|지피지기 기출문제|2024년|1회|정보보안 관리 및 법규","2026 수제비 정보보안기사 필기 기본서 · 지피지기 기출문제 · PDF 980쪽 (인쇄 5-68) · 29번","2024","","","","","information-security-engineer"
"WRITTEN_CBT","정보보안 관리 및 법규","다음중업무 영향 분석(BIA; Business Impact Anal- ysis)을 수행할 때 주요활동 및 고려 사항으로올바 르지 않은 것은?","주요 업무프로세스의 식별,업무프로세스간 의상호연관성분석","핵심프로세스에 필요한자원의 식별과자원 요구사항식별","업무프로세스별중요도재해로인한업무중 단시의손실평가","재해발생시의업무프로세스의복원시간,복 구안정성평가","4","","","복구 안정성 평가는 BA를 수행할 때 주요 활동이 아니다 BIA를수행할때 주요 활동은 다음과 같다. ·주요업무 프로세스의 식별 프로세스 식별, 업무프로세스간의 연관성 분석 상호연관성분석 핵심 프로세스에필요한 자원식별 자원의식별과자원 요구사항정의 요구사항식별 최대허용 중단시간(MTD:; MTD산정 Maximum Tolerable Downtime) 산정 ·업무 프로세스별의 중요도 업무중단시 및재해로인한 업무중단 손실평가 시의 손실평가 업무프로세스별의 우선순위 및 복구 우선순위 및복구 대상 범위 설정 범위의 설정","medium","","정보보안기사|필기|기출|지피지기 기출문제|2024년|2회|정보보안 관리 및 법규","2026 수제비 정보보안기사 필기 기본서 · 지피지기 기출문제 · PDF 981쪽 (인쇄 5-69) · 30번","2024","","","","","information-security-engineer"
"WRITTEN_CBT","정보보안 관리 및 법규","다음중 개인정보보호책임자(CPO)의 업무에 대한 설명으로 가장 올바르지 않은 것은?","개인정보보호책임자는개인정보처리방침의 수립및변경,시행을총괄하며,개인정보보호 관련자료의체계적관리를수행해야한다.","개인정보 보호책임자는개인정보유출및 오남 용을방지하기 위해내부통제 시스템을구축 하고정기적인점검과개선조치를수행하여 야 한다.","개인정보보호책임자는처리목적이달성되었 거나보유기간이지난개인정보의안전한파기 를포함한개인정보파기계획을수립·시행할 수있다.","개인정보 보호책임자는 정보 주체의 동의 획 득,열람요구처리,제3자제공기록관리,조직 의 정보보호정책, 표준,대책,실무절차를설 계,구현,관리할책임이있다","4","","","정보 주체의 동의 획득,열람 요구처리,제3자 제공 기록관리는실무자의업무이며, 조직의정보보호 정책,표준,대책,실무절차를설계,구현,관리등은 정보보호관리자의업무이다. 개인정보 보호 책임자(CPO; Chief Privacy Officer)의 업무는다음과같다.","medium","","정보보안기사|필기|기출|지피지기 기출문제|정보보안 관리 및 법규","2026 수제비 정보보안기사 필기 기본서 · 지피지기 기출문제 · PDF 981쪽 (인쇄 5-69) · 31번","","","","","","information-security-engineer"
"WRITTEN_CBT","정보보안 관리 및 법규","POF(ProDiscover Forensic)는 Technology Pathways에서개발한 원도우운영체제의디지 털포렌식을 위한 검증및조사도구이다.","EnCase는안정적인데이터무결성을 보장하 고,사용자 친화적인 인터페이스와광범위한 데이터 포맷을 지원하는 도구이다.","와이핑(Wiping)은 Guidance Software에서 개 발한디지털 포렌식 도구로,'난수'혹은'0'으로 덮어씌워진데이터를복원하는도구로법 집행 기관,기업보안팀법률전문가들이주로사용 한다.","","","","","","와이핑(Wiping)은 파일을 완전히 복구할 수 없도록 파일의 엔트리 정보를가지고있는 영역과 해당 클러스터영역을'난수'혹은'0'으로 중복해서 덮어쓰는 안티 포렌식 기술이다 Guidance Software에서 개발한 디지털 포렌식 도구로법집행기관,기업보안팀,법률전문가들이 주로사용하는 포렌식 도구는 EnCase이다","medium","","정보보안기사|필기|기출|지피지기 기출문제|정보보안 관리 및 법규","2026 수제비 정보보안기사 필기 기본서 · 지피지기 기출문제 · PDF 982쪽 · 2번","","","","","","information-security-engineer"
"WRITTEN_CBT","정보보안 관리 및 법규","다음중디지털 포렌식도구에대한설명으로올바르 지 않은 것은?","FTK(Forensic Toolkit)는 AccessData에서 개발 한디지털포렌식도구로,특히멀티태스킹환 경에서 효과적이고,데이터 분석과 검색 기능 이뛰어나며암호복구기능을내장한도구이 다.","","","","4","","","","medium","","정보보안기사|필기|기출|지피지기 기출문제|정보보안 관리 및 법규","2026 수제비 정보보안기사 필기 기본서 · 지피지기 기출문제 · PDF 982쪽 · 32번","","","","","","information-security-engineer"
"WRITTEN_CBT","정보보안 관리 및 법규","ISMS-P인증항목중외부자 보안 이행관리에 대한 설명으로 올바르지 않은 것은?","외부자가계약서,협정서,내부정책에명시된 정보보호 및 개인정보보호 요구사항을준수하 고있는지 주기적으로 점검 또는 감사를 수행 하여야한다.","개인정보처리업무를위탁받은수탁자가관련 업무를 제3자에게재위탁하는경우에는수탁 자의동의로갈음한다.","외부자에대한점검또는감사시발견된문제 점에대하여개선계획을수립·이행하여야한 다.","수탁자의정보보호및개인정보보호역량,자 체 시스템 보유 여부,처리하는정보의 수량및 민감도등을고려하여실태점검주기및방법 을결정해야한다","2","","","개인정보 보호법 제26조제6항에 따라 개인정보 처리 업무 재위탁 시 수탁자는 위탁받은 개인정보의 처리 업무를 제3자에게 다시 위탁하려는 경우에는 위탁자의 동의를 받아야 한다.","medium","","정보보안기사|필기|기출|지피지기 기출문제|2024년|2회|정보보안 관리 및 법규","2026 수제비 정보보안기사 필기 기본서 · 지피지기 기출문제 · PDF 982쪽 · 33번","2024","","","","","information-security-engineer"
"WRITTEN_CBT","정보보안 관리 및 법규","다음중정보보호및개인정보보호교육시포함되어 야할 내용에 대한 설명으로 잘못된 것은?","정보보호교육은일반임직원,책임자,정보보 호및IT담당자등직무별로필요한수준과내 용을고려하여구성되어야하며,각 직무특성 에따라고정된방식으로통일된교육내용을 제공하는 것이바람직하다","교육 내용에는정보보호관리체계 개요,정보 보호관련법률및내부규정,사고발생시의법 적책임,기술적·물리적·관리적보호조치등실 무에바로 적용할수있는사항들이포함되어 야한다.","정보보호교육은단순한이론위주의전달이 아니라실제사고사례및침해대응방안을포 함하여 실질적인이해와행동 유도에초점을 맞추어야한다. 교육내용은정보보호및개인정보보호의개요 부터고급전문 기술까지난이도에따라단계 적으로구성할 수있으며,구성원이'무엇을' ‘어떻게해야하는지를명확히전달해야한다.","","1","","","정보보호교육은직무별전문성을고려해차별화된 교육내용 및 방법으로구성되어야 하며,고정된 통일 방식으로일괄 제공하는것은바람직하지않다. 24년 4회 수집된정보는각단계를거치는과정에서위변조되지 않음을입증해야한다는원칙 ①정당성의원칙 ②재현의원칙 ③연계보관성의원칙 ④무결성의원칙 디지털포렌식의원칙중수집된정보는각단계를 거치는 과정에서 위변조되지 않음을 입증해야","medium","","정보보안기사|필기|기출|지피지기 기출문제|정보보안 관리 및 법규","2026 수제비 정보보안기사 필기 기본서 · 지피지기 기출문제 · PDF 983쪽 (인쇄 5-71) · 35번","","","","","","information-security-engineer"
"WRITTEN_CBT","정보보안 관리 및 법규","다음중재택 또는원격근무환경에서의정보보호실 천수칙으로 적절하지 않은 것은?","재택근무자는 공공장소에 설치된 공유PC또 는개방형와이파이를사용하더라도백신을설 치하고사용 시간제약을설정하면 된다.","개인이 사용하는PC및 백신프로그램은 항상 최신보안패치를적용하고악성코드감염방 지를위해정기적인검사수행이권장된다","회사업무에필요한 메일송수신은가능하면 기업 메일시스템을활용하고, 개인 메일계정 사용시민감정보첨부를자제해야한다.","장시간자리비움시에는원격근무중이더라도 네트워크접속을일시적으로차단하는것이보 안상효과적인 조치가될수있다","1","","","공공장소의 공유PC나 사설와이파이는 악성코드 또는스니핑공격에노출될 가능성이높으므로 사용을자제해야 한다 25년2회","medium","","정보보안기사|필기|기출|지피지기 기출문제|2025년|2회|정보보안 관리 및 법규","2026 수제비 정보보안기사 필기 기본서 · 지피지기 기출문제 · PDF 985쪽 (인쇄 5-73) · 39번","2025","","","","","information-security-engineer"
"WRITTEN_CBT","정보보안 관리 및 법규","다음중개인정보보호,정보보호교육에대한설명으 로 올바르지 못한 것은?","개인정보보호법에따라연1회이상정기적으 로개인정보보호교육을의무적으로한다","정보보호교육시자회사직원만교육하고협 력사는제외한다.","관리체계범위내모든임직원과외부자를대 상으로연간교육계획에따라연1회이상정기 적으로교육을수행해야한다","개인정보보호,정보보호에 대한 교육은수준 별,대상별로나누어교육한다","2","","","정보보호 교육의 대상은 정보자산에 직·간접적으로 접근하는임직원,임시직원, 외주용역업체 직원등 모든 인력을포함한다","medium","","정보보안기사|필기|예상|천기누설 예상문제|정보보안 관리 및 법규","2026 수제비 정보보안기사 필기 기본서 · 천기누설 예상문제 · PDF 987쪽 · 4번","","","","","","information-security-engineer"
"WRITTEN_CBT","정보보안 관리 및 법규","다음에서설명하는 재해복구시스템으로올바른것은? ( )는부분적으로설비를가지고있는백업사이트 로서대개디스크드라이브,테이프드라이브와같이가 격이 저럼한 주변기기만 구비하고있으나주컴퓨터는 보유하지 않은형태의재해복구서비스이다","미러사이트(Mirror Site)","핫사이트(Hot Site)","웹사이트(WarmSite)","콜드사이트(Cold Site)","3","","","핫사이트와유사하나,재해복구센터에 주 센터와 같은수준의 정보 기술자원을 보유하는 대신, 중요성이 높은 정보기술 자원만 부분적으로 재해복구센터에보유하는 방식은 웜 사이트이다","medium","","정보보안기사|필기|예상|천기누설 예상문제|정보보안 관리 및 법규","2026 수제비 정보보안기사 필기 기본서 · 천기누설 예상문제 · PDF 988쪽 (인쇄 5-76) · 8번","","","","","","information-security-engineer"
"WRITTEN_CBT","정보보안 관리 및 법규","다음 지문은 무엇을설명하고있는가? 이역할의책임은정보보호프로그램의실행감독및정 책명령체계정보보호의식프로그램등을유지관리하 고정보보호사고를조사하며정보보호위원회에제반 사항을보고하는것이다","정보보호관리자","비상상황관리위원회","시스템관리자","현업관리자","1","","","정보보호관리자의역할은 다음과 같다. . 조직의 정보보호정책,표준,대책실무절차를 설계,구현,관리조사책임 정보보호활동의 계획 및관리 정보보호 방침의 유지,이행 정보보호의 활동 조정 위험분석및관리","medium","","정보보안기사|필기|예상|천기누설 예상문제|정보보안 관리 및 법규","2026 수제비 정보보안기사 필기 기본서 · 천기누설 예상문제 · PDF 988쪽 (인쇄 5-76) · 9번","","","","","","information-security-engineer"
"WRITTEN_CBT","정보보안 관리 및 법규","다음은정보보호교육과관련한설명이다.옮지 않은 것은?","교육의 시기,기간,대상, 내용,방법등의내용 이포함된연간정보보호교육계획을수립하면 서,대상에는정보보호관리체계범위내임직 원을포함해야하고외부용역인력은제외해 도무방하다.","교육에는정보보호및정보보호관리체계개 요 보안사고사례, 내부규정및 절차,법적 책 임등의 내용을포함하고일반임직원,책임자 IT및정보보호담당자등 직무별전문성 제고 에적합한교육내용및방법을정하여야한다.","연1회이상교육을시행하고정보보호정책및 절차의중대한변경,조직내·외부보안사고 발생,관련법규변경등의사유가발생하면추 가교육을수행해야한다","교육내용에는구성원들이무엇을 해야하며, 어떻게할 수 있는지에 대한 것을포함해야하 며,가장기본적인보안단계의 실행에서부터 좀더고급의 전문화된기술에이르기까지다 양한단계로나누어구성할수있다","1","","","정보보호교육은관리체계범위 내 모든임직원과 외부자를대상으로연간 교육계획에 따라연1회 이상정기적으로교육을수행하고,관련법규및 규정의중대한변경시이에 대한추가 교육을 수행하여야 한다","medium","","정보보안기사|필기|예상|천기누설 예상문제|정보보안 관리 및 법규","2026 수제비 정보보안기사 필기 기본서 · 천기누설 예상문제 · PDF 989쪽 · 12번","","","","","","information-security-engineer"
"WRITTEN_CBT","정보보안 관리 및 법규","원격근무환경에서의 보안위협중기술적위협으로 옳지 않은 것은?","사용자단말기가보안에취약하여악성코드에 감염될때인가되지않은사용자(해커)의회사 내부망침투로인해피해확산","이동중업무용전산장비분실또는도난의위 험존재","원격근무에사용되는네트워크환경(와이파이 장비등)이안전하지않을때통신내용 또는 데이터유출","업무처리시스템의 접속인증절차가부실한 경우허가받지않은단말기등이사내네트워 크에접속","2","","","이동중업무용전산장비분실또는도난의위험은 원격근무환경에서발생하는보안위협이아니라 일반적인근무환경에서발생할수있는보편적인 보안 위협이다. 일반적인물리적 보안위협에해당한다 원격근무 환경에서의보안위협은다음과 같다. 개인장치에저장된정보가 데이터 유출 악성코드에 감염되거나해킹을 통해회사내부데이터가유출될 수있음 통신 내용 보안이취약한와이파이를 노출 사용할경우,통신 내용이 도청될 위험이 존재 악성코드에 감염된장치를통해 악성코드 회사네트워크에 악성코드가 감염 유입될수있으며, 이는기업의 정보시스템을마비시킬수있음 허가되지 : 업무처리시스템의인증절차가 않은 부실하면, 허가되지 않은 디바이스 디바이스가회사네트워크에 접속 접속하여피해를입힐수있음","medium","","정보보안기사|필기|예상|천기누설 예상문제|정보보안 관리 및 법규","2026 수제비 정보보안기사 필기 기본서 · 천기누설 예상문제 · PDF 989쪽 · 13번","","","","","","information-security-engineer"
"WRITTEN_CBT","정보보안 관리 및 법규","정보보호제품인증 (1) 정보보호제품평가·인증제도","정보보호제품평가·인증제도 개념 정보보호제품평가·인증 제도는 정보보호제품에 대한 국제적인 신뢰성을확 보하고,국가통신망 정보보호수준 제고및정보보호제품경쟁력을강화하기 위한 제도이다.","정보보호제품평가·인증제도의 구성[23년2회] 정보보호제품평가·인증제도는 역할 및 임무에따라 정책기관, 인증기관,인 정기관,평가기관,신청기관 등으로구성된다. 정보보호제품평가인증제도구성 역할 기관명칭 정책 ·과학기술정보통신부(MSIT) • 기관 인증 ·국가보안기술연구소(NSR)의 기관 IT 보안인증사무국(ITSCC) ·한국인터넷진흥원 ·한국시스템보증 • ·한국아이티평가원 따른평가기관운영 평가 ·한국정보통신기술협회 기관 ·한국정보보안기술원 ·평가자 교육훈련 ·한국기계전기전자시험연구원 ·한국화학융합시험연구원 (2) TCSEC[24년2]","","","","","","","medium","","정보보안기사|필기|예상|천기누설 예상문제|정보보안 관리 및 법규","2026 수제비 정보보안기사 필기 기본서 · 천기누설 예상문제 · PDF 997쪽 (인쇄 5-85) · 2번","","","","","","information-security-engineer"
"WRITTEN_CBT","정보보안 관리 및 법규","단계로구성 보증수준이올라감에 따라 보다포괄적이고엄격한시험이 이루어짐","보안 보증 요구사항(Security Assurance Requirements) 제품이얼마나신뢰할수있는지를평가하기위한 보증기준을제공한다. 기능 Functionally Tested (기능적 시험) Structurally Tested (구조적 시험) Tested and Checked (방법론적시험 및 검사)","","","","","","","","medium","","정보보안기사|필기|예상|천기누설 예상문제|정보보안 관리 및 법규","2026 수제비 정보보안기사 필기 기본서 · 천기누설 예상문제 · PDF 1000쪽 (인쇄 5-88) · 7번","","","","","","information-security-engineer"
"WRITTEN_CBT","정보보안 관리 및 법규","다음중전기통신사업자와 전기통신사업자의전기 통신역무를이용하여 정보를 를제공하거나 정보의제 공을매개하는자로서,정보보호관리체계인증을의 무적으로 받아야 할 대상이 아닌 것은?","집적정보통신시설사업자","정보통신서비스부분3개월간일일평균이용 자수100만명이상인사업자","정보통신서비스부분100억원이상인사업자","일간매출액또는세입등이1,000억원이상인 사업자","4","","","전년도 매출액또는세입등이1,500억원이상인 사업자가 의무 대상자이다 22년 1회","medium","","정보보안기사|필기|기출|지피지기 기출문제|2022년|1회|정보보안 관리 및 법규","2026 수제비 정보보안기사 필기 기본서 · 지피지기 기출문제 · PDF 1002쪽 · 1번","2022","","","","","information-security-engineer"
"WRITTEN_CBT","정보보안 관리 및 법규","정보보호관리체계는정보보호를스스로,체계적으 로, 지속적으로 하기위해 3가지 요소가 필요하다 관련이 적은 것은?","정보보호조직과인력","정보보호사업의추진과예산배정","정보보호규정에기반한전사적인정보보호활 동","정보보호운영에필요한보안솔루션","4","","","정보보호관리체계 3가지 요소 정보보호조직과인력/정보보호 조사활 사업의추진과예산배정/정보보호 규정에 기반한 전사적인 정보보호 활동","medium","","정보보안기사|필기|기출|지피지기 기출문제|2022년|1회|정보보안 관리 및 법규","2026 수제비 정보보안기사 필기 기본서 · 지피지기 기출문제 · PDF 1002쪽 · 2번","2022","","","","","information-security-engineer"
"WRITTEN_CBT","정보보안 관리 및 법규","다음문장에서설명하는 시스템 보안 평가기준은? -보안제품개발자에게 제공되어야할서비스에대한지 침을제시한다 -구매자에게는필요한 서비스 지침을 제공한다 -기능성과 보증성에 대한 요구사항으로구성된다 -기능은비밀성, 무결성,가용성,책임성4가지로분류 된다. -보증평가등급은까개 등급으로분류된다","TCSEC","ITSEC","CTCPEC","CC","3","","","CTCPEC은IT 보안평가에대한 기준을제공하며 국제 표준인 CC(Common Criteria)의 중요한 전신 중 하나로캐나다의 신뢰할 수있는 컴퓨터 제품 평가 기준으로,1993년에 제정된 표준이다. CTCPEC은 보안제품 개발자에게 제공되어야 할 서비스에대한지침을제시하고구매자에게는 필요한서비스지침을 제공한다. 기능성과 보증성에 대한 요구사항으로 구성된다.","medium","","정보보안기사|필기|기출|지피지기 기출문제|정보보안 관리 및 법규","2026 수제비 정보보안기사 필기 기본서 · 지피지기 기출문제 · PDF 1002쪽 · 3번","","","","","","information-security-engineer"
"WRITTEN_CBT","정보보안 관리 및 법규","정보보안관리및 보안제어에 대한 프라이버시의연 장선에 있는국제경영시스템으로조직이 개인정보 를관리하는방법을포함하여프라이버시보호에대 한지침을제공하고전세계의프라이버시규정준수 를입증하는 표준은?","ISMS-P","ISO 27001","ISMS","ISO 27701","4","","","ISO27701은 국제표준화기구(ISO)가 2019년8월 신규제정한 조직이 개인정보 보호를 위해갖취야할 요구사항과가이드라인이포함된 국제 표준 개인정보보호 경영시스템 인증이다. ISO27701은 정보보안관리 및 보안제어에 대한 프라이버시의 연장선에 있는 국제 경영 시스템으로 조직이 개인정보를 관리하는 방법을 포함하여 프라이버시 보호에 대한 지침을 제공하고 전 세계의 프라이버시규정 준수를입증하는 표준이다 22년 4회 24년 4회 05 유럽의 국가들이 자국의정보보호시스템을평가하 기 위해 각각의 기준을 제정하여시행하는것은? ①TCSEC ITSEC ③TNI ④TDI 유럽의국가들이 자국의정보보호시스템을 평가하기위해각각의기준을제정하여시행하는 보안평가 기준은ITSEC이다 ITSEC은1990년대 초 유럽에서 TCSEC의 한계를 극복하고 유럽 국가 간의 표준화를 목표로 개발된 보안평가 기준이다","medium","","정보보안기사|필기|기출|지피지기 기출문제|2022년|4회|정보보안 관리 및 법규","2026 수제비 정보보안기사 필기 기본서 · 지피지기 기출문제 · PDF 1003쪽 (인쇄 5-91) · 4번","2022","","","","","information-security-engineer"
"WRITTEN_CBT","정보보안 관리 및 법규","조직의위험평가를수립하고운영에대한사항으로 적절하지 않은 것은?","위험관리를위한위험평가방법선정은베이 스라인 접근법, 상세 위험분석법,복합접근법 위협및 시나리오기반등의다양한방법론중 에서해당조직에맞는 방법론을 선정하고유 지하여야 한다. 선정한방법론을운영하는과 정에서해당조직에 적절하지않다고판단하여 위험분석방법론을 변경하여도 상관없다.","위험관리를위한수행인력, 기간,대상,예산 등의방법및절차를구체화한위험관리계획을 수립하여야하며,위험평가참여자는외부위 험관리전문가로구성된다.","위험관리계획에따라위험평가를연1회이 상정기적으로또는필요한 시점에수행하여야 한다 매년위험 평가대상에 변동이없어도위 험 평가는수행되어야한다.","조직에서 수용할 수 있는 목표 위험 수준을 정 하고 그수준을 초과하는 위험을 식별하여야 한다. 수용할 수있는 목표 위험 수준(DoA; Degree of Assurance)을정보보호 최고책임자 등경영진의사결정에의하여결정하여야한 다.","2","","","위험평가의수행인력은위험관리전문가 정보보호·개인정보보호전문가,법를전문가,IT실무 책임자,현업부서실무책임자,외부 전문 컨설턴트 등이참여하여야하고,최소연1회이상수행될수 있도록일정을수립해야 한다.","medium","","정보보안기사|필기|기출|지피지기 기출문제|2022년|4회|정보보안 관리 및 법규","2026 수제비 정보보안기사 필기 기본서 · 지피지기 기출문제 · PDF 1003쪽 (인쇄 5-91) · 6번","2022","","","","","information-security-engineer"
"WRITTEN_CBT","정보보안 관리 및 법규","다음중정보보호및개인정보보호관리체계인증의 기대효과가 아닌 것은?","일회성정보보호대책에서벗어나체계적종 합적인정보보호관리체계를구현함으로써기 업의정보보호및개인정보보호관리 수준을 향상시킬수있다.","정보보호관리체계인증받은기업(조직)이정 보보안 침해사고로부터100%안전하다","기업경영진이직접정보보호의사결정에참여 함으로써 정보보호및개인정보보호업무에대 한책임성과신뢰성을향상시킬수있다.","정보보호관리체계인증을취득한기관은정보 보호및개인정보보호에대한 신뢰성을높여 대외이미지를제고할수있다.","2","","","정보보호 및 개인정보보호 관리체계(ISMS-P)인증을 받은 기업(조직)이 정보보안 침해사고로부터100% 안전하다는것을보장하지는못한다 인증취득을통해 정보보호침해사고발생 가능성을 낮출 수 있으며,침해사고가 발생하더라도 안전한 정보보호 관리체계 운영으로 서비스 복구 등에 소요되는시간을 최소화할 수있다.","medium","","정보보안기사|필기|기출|지피지기 기출문제|2023년|2회|정보보안 관리 및 법규","2026 수제비 정보보안기사 필기 기본서 · 지피지기 기출문제 · PDF 1005쪽 · 10번","2023","","","","","information-security-engineer"
"WRITTEN_CBT","정보보안 관리 및 법규","다음중ISMS인증의무 대상자에 대한설명으로틀 린것은?","전기통신사업법의 전기통신사업자로 전국적 으로정보통신망서비스를제공하는사업자","연간매출액또는세입이1,500억원이상인상 급종합병원","정보통신 서비스부문전년도매출액100억이 상사업자","전년도말기준직전6개월간일일평균이용자 수100만명이상사업자","4","","","ISMS, ISMS-P 의무 대상은 전년도 말기준 직전 6개월간 일일 평균 이용자 수 100만명 이상 사업자가 아니라 전년도 일일평균 이용자 수 100만명 이상인 사업자이다.","medium","","정보보안기사|필기|기출|지피지기 기출문제|정보보안 관리 및 법규","2026 수제비 정보보안기사 필기 기본서 · 지피지기 기출문제 · PDF 1005쪽 · 12번","","","","","","information-security-engineer"
"WRITTEN_CBT","정보보안 관리 및 법규","다음중정보보호및개인정보보호정책의수립및 운영에 대한 결함이 아닌 것은?","정보보호및개인정보보호정책서개정시위 원회에안건으로상정하지않고정보보호최고 책임자및개인정보보호책임자의승인을근거 로만개정한경우","정보보호및개인정보보호정책과지침서가최 근에 개정되었으나해당사항을관련부서및 임직원에게공유·전달하지않은경우","정보보호및개인정보보호정책및지침서를 보안부에서만관리하고있고임직원이열람 할수있도록게시판,문서등의방법으로제공 하지않은경우 4 정보보호및개인정보보호정책및지침서를 현행법률에따라제·개정하여관리운영하는 경우","","4","","","정보보호 및 개인정보보호 정책의 수립 및 운영과 관련하여 정보보호및개인정보보호정책및 지침서를현행법률에따라제·개정하여관리 운영해야한다. 23년 4회","medium","","정보보안기사|필기|기출|지피지기 기출문제|2023년|2회|정보보안 관리 및 법규","2026 수제비 정보보안기사 필기 기본서 · 지피지기 기출문제 · PDF 1007쪽 (인쇄 5-95) · 16번","2023","","","","","information-security-engineer"
"WRITTEN_CBT","정보보안 관리 및 법규","다음중정보보호관리체계(ISMS)인증을의무적으 로 받아야 하는 대상으로 옳은 것은?","정보통신망일일평균이용자10만 명이상의 웹사이트운영기업","정보통신서비스부문전년도 매출액100억원 이상 또는일일평균이용자수100만명이상 인사업자","임직원50명이상을보유한모든중소기업","정보보호최고책임자(CISO)를지정한모든공 공기관","2","","","","medium","","정보보안기사|필기|기출|지피지기 기출문제|2023년|4회|정보보안 관리 및 법규","2026 수제비 정보보안기사 필기 기본서 · 지피지기 기출문제 · PDF 1007쪽 (인쇄 5-95) · 17번","2023","","","","","information-security-engineer"
"WRITTEN_CBT","정보보안 관리 및 법규","다음중정보통신망법 및개인정보 보호법에따 라ISMS 또는 ISMS-P 인증의무대상자에 해당하는 설명으로 가장올바른 것은?","전년도기준일일평균이용자수가85만명인온 라인커머스기업A는,정보통신서비스매출이 200억원을초과하였으나,매출전체가광고수 익으로구성되어있어인증대상에서제외된다. 2 연매출2,000억 원규모의 상급종합병원B는 의료기관 특성상'공공기관범주에 포함되므로 ISMS인중은 자율적 신청만가능하며, 의무대 상은아니다","집적정보통신시설(DC)을운영하는사업자C 는시설규모가작더라도정보통신망법시행 령상 ISMS 인증 의무대상에해당한다.","이용자수가150만 명인모바일애플리케이션 기업D는클라우드기반 서비스만 제공하고 자체인프라를 보유하고있지않으므로ISMS-P 인증대상에서제외될수있다.","","3","","","IDC(집적정보통신시설)제공자는 규모와 무관하게 정보통신망법 시행령에 따라 ISMS인증 의무 대상에 해당한다. 정보통신기반시설의 안정성 확보를 위한 조치로,","medium","","정보보안기사|필기|기출|지피지기 기출문제|2024년|1회|정보보안 관리 및 법규","2026 수제비 정보보안기사 필기 기본서 · 지피지기 기출문제 · PDF 1007쪽 (인쇄 5-95) · 18번","2024","","","","","information-security-engineer"
"WRITTEN_CBT","정보보안 관리 및 법규","다음중국제적으로사용되는정보보호시스템 보안 평가기준에 대한설명으로 올바르지 않은 것은?","TCSEC은 보안 기능과 효과성(Assurance)을 독 립적으로분리하여평가하며,E0부터E6까지 총7단계로 보안등급을분류한다.","ITSEC은 유럽 국가들이국가 간 표준화를목적 으로개발하였으며,무결성과가용성도평가 항목에포함하였다","CTCPEC은캐나다에서제정된 기준으로, 이후 Common Criteria개발에 영향을준정보보호 평가기준중하나이다.","CC(Common Criteria)는 ISO/IEC 15408 표준으 로, TCSEC과ITSEC을통합하여 국제적 상호 인증체계를 제공한다.","1","","","보안 기능과 효과성(Assurance)을 독립적으로 분리하여 평가하며 E0부터 E6까지 총 7단계로 보안 등급을분류한 보안 평가 기준은 ITSECO다.","medium","","정보보안기사|필기|기출|지피지기 기출문제|2024년|2회|정보보안 관리 및 법규","2026 수제비 정보보안기사 필기 기본서 · 지피지기 기출문제 · PDF 1008쪽 · 20번","2024","","","","","information-security-engineer"
"WRITTEN_CBT","정보보안 관리 및 법규","정보보안윤리","","","","","","","","","medium","","정보보안기사|필기|기출|지피지기 기출문제|정보보안 관리 및 법규","2026 수제비 정보보안기사 필기 기본서 · 지피지기 기출문제 · PDF 1009쪽 (인쇄 5-97) · 1번","","","","","","information-security-engineer"
"WRITTEN_CBT","정보보안 관리 및 법규","사이버윤리 (1) 사이버 윤리 개념[23년1회] 사이버윤리는사이버 세계속에 거주하는모든인간의책임과의무를규정해 주는 것이다. (2) 사이버 윤리 특징[23년1회] 사이버 공간에서인간의도덕적관계에관심을둔다 사이버상의 일탈상황에 따른구체적인행동요령을알아보는실증적인 내용 으로 연구되고 있다.","","","","","","","","","medium","","정보보안기사|필기|기출|지피지기 기출문제|정보보안 관리 및 법규","2026 수제비 정보보안기사 필기 기본서 · 지피지기 기출문제 · PDF 1009쪽 (인쇄 5-97) · 1번","","","","","","information-security-engineer"
"WRITTEN_CBT","정보보안 관리 및 법규","사이버폭력 (1) 사이버 폭력개념 사이버 폭력은사이버 공간에서다른개인이나 그룹에게 괴롭힘을가하는행 위이다. (2) 사이버 폭력 종류 사이버 폭력 종류 종류 사이버 괴롭힘(Bullying/ Cyberbullying) 사이버 스토킹(Cyberstalking) 사이버 명예 훼손(Cyber 사이버공간에서상대방의명예를훼손하는행위 Defamation) 사이버성폭력","","","","","","","","","medium","","정보보안기사|필기|기출|지피지기 기출문제|2023년|1회|정보보안 관리 및 법규","2026 수제비 정보보안기사 필기 기본서 · 지피지기 기출문제 · PDF 1009쪽 (인쇄 5-97) · 2번","2023","","","","","information-security-engineer"
"WRITTEN_CBT","정보보안 관리 및 법규","정보통신기반 보호법 (1)정보통신기반보호법구성 정보통신기반보호법구성 장 조 제1장 제1조~제2조 ·총칙 제2장 제3조~제7조 ·주요정보통신기반시설의 보호체계 제3장 제8조~제9조 제4장 제10조~제16조 제5장 제17조~제23조 삭제 제6장 제24조~제27조 ·기술지원및민간협력등 제7장 제28조~제30조 ·벌칙 (2) 총칙(제1장)","목적(제1조) 이법은전자적 침해행위에 대비하여 주요정보통신기반시설의보호에 관한 대책 을수립·시행함으로써동시설을안정적으로운용하도록하여국가의안전과국 민 생활의안정을보장하는 것을목적으로한다.","용어(제2조) [22년4회] 정보통신기반보호법관련용어 용어 정의 ·국가안전보장·행정·국방·치안·금융·통신·운송·에너지등의 업무와관련된전자적제어·관리시스템 정보통신 기반시설 전기통신설비를 이용하거나 전기통신설비와 컴퓨터 및컴퓨터의 이용 정보통신체제 ·정보통신기반시설을공격하는행위 ·해킹,컴퓨터바이러스,논리·메일폭탄,서비스거부 또는 고출력 전자기파등의방법 전자적침해행위 설치하는방법","","","","","","","medium","","정보보안기사|필기|기출|지피지기 기출문제|정보보안 관리 및 법규","2026 수제비 정보보안기사 필기 기본서 · 지피지기 기출문제 · PDF 1011쪽 (인쇄 5-99) · 1번","","","","","","information-security-engineer"
"WRITTEN_CBT","정보보안 관리 및 법규","정보보호 관련 법규","","","","","","","","","medium","","정보보안기사|필기|기출|지피지기 기출문제|정보보안 관리 및 법규","2026 수제비 정보보안기사 필기 기본서 · 지피지기 기출문제 · PDF 1011쪽 (인쇄 5-99) · 2번","","","","","","information-security-engineer"
"WRITTEN_CBT","정보보안 관리 및 법규","정보통신망이용촉진 및정보보호등에관한법률 (정보통신망법) (1)정보통신망이용촉진 및정보보호등에관한법률구성 정보통신망이용촉진및정보보호등에관한법를구성 장 조 제1장 제1조~제5조의2 ·총칙 제2장 제6조~제17조 ·정보통신망의 이용촉진","","","","","","","","","medium","","정보보안기사|필기|기출|지피지기 기출문제|정보보안 관리 및 법규","2026 수제비 정보보안기사 필기 기본서 · 지피지기 기출문제 · PDF 1015쪽 · 2번","","","","","","information-security-engineer"
"WRITTEN_CBT","정보보안 관리 및 법규","일자 기준으로대폭변경 제5장 제41조~제44조의10 되었습니다.원래는 개인정 제6장 제45조~제52조 보보호관련해서개인정보 보호법정보통신망법둘 제7장 제53조~제61조 다중복으로 있었는데개인 제8장 제62조~제63조의2 정보보호관련사항을개인 제9장 제64조~제69조의2 정보보호법으로이관했습 니다참고로알아두세요 제10장 제70조~제76조 (2) 총칙","목적(제1조) 학습 Point 국민생활의 향상과 공공복 리의 증진에 이바지함을목 적으로한다는부분은시험 에출제된 적이있습니다기 억해두세요","용어(제2조)[22년2회] 용어 정보통신망 정보통신서비스 매개하는것 OK 잠깐! 알고가기 정보통신서비스 논리폭탄(Logic Bomb) 제공자 ·합법적프로그램안에내장 이용자 된코드로서특정한조건이 만족하였을때 작동하는악 전자문서 성코드이다 자료나소프트웨어 파괴를 정보통신망 또는 목적으로실행한다 발생한사태 OK 잠깐! 알고가기 침해사고 고출력 전자기파(EMP;Elec- tro Magnetic Pulse) ·짧은시간에 강한전자기펄","","","","","","","medium","","정보보안기사|필기|기출|지피지기 기출문제|정보보안 관리 및 법규","2026 수제비 정보보안기사 필기 기본서 · 지피지기 기출문제 · PDF 1016쪽 · 31번","","","","","","information-security-engineer"
"WRITTEN_CBT","정보보안 관리 및 법규","일자기준으로대폭변경 되었습니다.원래는개인정 보보호관련해서개인정보 보호법,정보통신망법둘 다중복으로 있었는데개인 3 개인정보보호법 정보보호관련사항을개인 정보보호법,으로이관했습 (1) 개인정보 보호법구성[22년1회, 23년4회] 니다참고로알아두세요 개인정보보호법구성 장 조 학습P Point 제1장 제1조~제6조 개인정보보호관련소관부 처를정리해보면다음과같 제2장 제7조~제14조 습니다개인정보보호법은 제3장 제15조~제21조 개인정보보호위원회,위치정 제3장 제1절 제15조~제22조의2 보의보호및이용등에관한 법률은 방송통신위원회,지 제3장 제2절 제23조~제28조","","","","","","","","","medium","","정보보안기사|필기|기출|지피지기 기출문제|정보보안 관리 및 법규","2026 수제비 정보보안기사 필기 기본서 · 지피지기 기출문제 · PDF 1018쪽 · 31번","","","","","","information-security-engineer"
"WRITTEN_CBT","정보보안 관리 및 법규","세미만으로표시""하여개 인을 특정할수 없게만듭니 다 범위방법 (Data Range) 제어라운딩 (Controlled Rounding) 방법","개인정보보호원칙(제3조) 성,완전성 및 최신성이 보장되도록하여야 한다. 다. 처리하여야 한다","","","","","","","","medium","","정보보안기사|필기|기출|지피지기 기출문제|정보보안 관리 및 법규","2026 수제비 정보보안기사 필기 기본서 · 지피지기 기출문제 · PDF 1022쪽 · 10번","","","","","","information-security-engineer"
"WRITTEN_CBT","정보보안 관리 및 법규","조제2항은""개인정보를 제 공하기위해정보주체의동의 를받을 때 고지사항입니다 기억이 안나시는 분들은다시 돌아가서확인해 주세요","삭제 학습Point 주민등록번호처리의제한은 제24조의2에서지정이 되어 있습니다 ·그이외에는처리할수없습 니다 라정기적으로조사하여야한다. 5 학습 Point 수행하게 할 수 있다 제25조는영상정보처리기기 (대표적으로 CCTV)가 공익 에 부합하면설치하고,그렇 지 않으면설치할수 없다는 것이 목적입니다.그리고설 치할거면안내판을설치하 4회,25년1회,2회,4회 고녹음기능을사용하지않 은상태에서잘관리하라는 내용이 담겨있습니다 기기를 설치·운영하여서는아니된다 1.법령에서 구체적으로허용하고있는경우 두음 쌤 2.범죄의예방 및 수사를위하여필요한 경우 영상정보처리기기를설치운영 할수있는경우 영하는 경우 법범시단교저-법령에서구 체적으로허용/범죄의예방및 수사/시설의 안전및 관리화 치·운영하는경우","","","","","","","","medium","","정보보안기사|필기|기출|지피지기 기출문제|정보보안 관리 및 법규","2026 수제비 정보보안기사 필기 기본서 · 지피지기 기출문제 · PDF 1030쪽 · 17번","","","","","","information-security-engineer"
"WRITTEN_CBT","정보보안 관리 및 법규","국내대리인 지정제도 (1) 국내대리인지정제도 개념 국내대리인지정제도는일정 기준을 충족하는국외(해외) 사업자에게국내대 리인지정을의무화하여 개인정보 보호책임자의업무 자료제출등을 대리 하도록 하는 제도이다. (2) 국내대리인 지정제도 적용 대상 1.국내에주소또는영업소가없는정보통신서비스제공자등 2.다음중어느하나의기준에해당하는자","전년도(법인인 경우에는전사업연도) 매출액이1조원이상인자","정보통신서비스부문 전년도(법인인 경우에는 전 사업연도) 매출액이 100억 원이상인자","전년도 말기준직전3개월간의그 개인정보가저장·관리되고 있는이용자 수가일일평균100만 명이상인자","개인정보침해사건· 사고가발생하였거나발생할가능성이있는경우로서","","","","","medium","","정보보안기사|필기|기출|지피지기 기출문제|정보보안 관리 및 법규","2026 수제비 정보보안기사 필기 기본서 · 지피지기 기출문제 · PDF 1047쪽 · 6번","","","","","","information-security-engineer"
"WRITTEN_CBT","정보보안 관리 및 법규","개인정보의가명·익명처리시개인정보일부또는 전부를대체하는일반화방법으로다음설명에해당 되는 기술은? 올림내림반올림등의기준을적용하여집계처리하는 방법으로일반적으로세세한정보보다는전체통계정보 가필요한경우많이 사용","상하단 코딩(Top and Bottom Coding)","제어라운딩(Controlled Rounding)","랜덤라운딩(Random Rounding)","일반라운딩(Rounding)","1","","","·정규분포의 특성을가진데이터에서 상하단 양쪽끝에치우친정보는적은수의 코딩 분포를가지게되어 식별성을 가질 수 있음 랜덤라운딩에서행과열의합이 제어 일치하지 않는단점을해결하기위해 라운딩 행과 열이 맞지 않는 것을 제어하여 일치시키는방법 개인 식별정보에 대한수치데이터를 랜덤 임의의수 기준으로 올림(Round Up) 라운딩 또는절사(Round Down)하는 방법 올림,내림, 반올림등의기준을 적용하여집계처리하는방법으로 일반 일반적으로세세한정보보다는전체 라운딩 통계정보가 필요한경우 많이 사용하는 방법","medium","","정보보안기사|필기|기출|지피지기 기출문제|정보보안 관리 및 법규","2026 수제비 정보보안기사 필기 기본서 · 지피지기 기출문제 · PDF 1050쪽 · 1번","","","","","","information-security-engineer"
"WRITTEN_CBT","정보보안 관리 및 법규","다음중정보통신기반보호위원회에대한설명으로 틀린것은?","주요정보통신기반시설의보호에관한사항을 심의하기 위하여국무총리소속하에 정보통신 기반보호위원회를구성한다","정보통신기반보호위원회의 위원장은국무총 리가되고위원회의위원은대통령령으로정 하는중앙행정기관의차관급공무원과 위원장 이위촉하는사람으로한다.","정보통신기반보호위원회의효율적인운영을 위하여위원회에공공분야외민간분야를각각 담당하는실무위원회를둔다.","정보통신기반보호위원회의위원은위원장1인 을포함한25인이내의위원으로구성한다.","2","","","·정보통신기반보호법제3조 정보통신기반보호위원회는다음과 같다. ①주요정보통신기반시설의보호에관한사항을 심의하기위하여 국무총리 소속하에 정보통신기반보호위원회를둔다. ②위원회의 위원은위원장1인을 포함한25인 이내의 위원으로 구성한다. ③위원회의위원장은국무조정실장이 되고 위원회의 위원은 대통령령으로 정하는 중앙행정기관의 차관급 공무원과 위원장이 위촉하는사람으로한다. ④위원회의 효율적인 운영을 위하여 위원회에 공공분야와 민간분야를 각각담당하는 실무위원회를둔다. ③위원회및실무위원회의 구성·운영등에관하여 필요한 사항은 대통령령으로 정한다","medium","","정보보안기사|필기|기출|지피지기 기출문제|2022년|1회|정보보안 관리 및 법규","2026 수제비 정보보안기사 필기 기본서 · 지피지기 기출문제 · PDF 1051쪽 · 4번","2022","","","","","information-security-engineer"
"WRITTEN_CBT","정보보안 관리 및 법규","다음중개인정보처리자가정보주체에게사유를알 리고열람을제한하거나거절할수있는경우로옮지 않은 것은?","법률에따라열람이금지되거나제한되는경우","다른사람의생명, 신체를해할우려가있거나 다른사람의 재산과 그밖의이익을부당하게 침해할 우려가있는경우","공공기관이개인정보를처리하지아니하면다 른법률에서정하는소관업무를수행할수없 경우","공공기관이학력및채용에관한시험,자격심 사에관한업무를수행할때중대한지장을초 래하는경우","3","","","개인정보보호법 제35조개인정보의열람의 4항에인정보처리자가열람을제한하거나거절하는 경우에대해명시되어 있다 개인정보처리자가열람을제한하거나거절하는 경우 법률에 따라열람이 금지되거나 제한되는경우/다른사람의 생명·신체를해할우려가있거나 다른 법생재공 사람의재산과그밖의이익을부당하게 침해할우려가있는경우/공공기관이 다음 각목의어느하나에 해당하는 업무를수행할 때중대한지장을 초래하는경우 22년 1회,23년 4회","medium","","정보보안기사|필기|기출|지피지기 기출문제|정보보안 관리 및 법규","2026 수제비 정보보안기사 필기 기본서 · 지피지기 기출문제 · PDF 1052쪽 · 5번","","","","","","information-security-engineer"
"WRITTEN_CBT","정보보안 관리 및 법규","다음의 업무를 모두수행하는 기관은? -금융통신등 분야별정보통신기반시설을보호하기 위하여구축·운영 -취약점및침해요인과그대응방안에관한정보제공 -침해사고가발생하는경우실시간경보분석체계운영","정보공유·분석센터","한국인터넷진흥원","관리기관","지식정보보안컨설팅업체","1","","","정보통신기반 보호법제16조 정보공유·분석센터는다음과 같다. ①금융·통신등분야별 정보통신기반시설을 보호하기위하여다음각호의업무를수행하고자 하는자는정보공유·분석센터를구축·운영할수 있다. 1.취약점및 침해요인과그대응방안에관한 정보 제공 2.침해사고가발생하는경우실시간 경보·분석체계운영 ④정부는제1항 각호의 업무를수행하는 정보공유·분석센터의 구축을장려하고 그에대한 재정적· 기술적지원을할수 있다.","medium","","정보보안기사|필기|기출|지피지기 기출문제|정보보안 관리 및 법규","2026 수제비 정보보안기사 필기 기본서 · 지피지기 기출문제 · PDF 1052쪽 · 7번","","","","","","information-security-engineer"
"WRITTEN_CBT","정보보안 관리 및 법규","정보통신기반 보호법에서 정하는주요정보통신기반 시설보호 계획의수립등에 포함되지 않는 사항은?","주요정보통신기반시설의 취약점분석·평가에 관한사항","정보보호책임자지정에관한사항","주요정보통신기반시설및관리정보의침해사 고에대한예방, 백업,복구대책에관한사항","주요정보통신기반시설의보호에관하여필요 한사항","2","","","·정보통신기반 보호법 제6조 ---- 주요정보통신기반시설보호계획의 수립 등의 3항은 다음과 같다. ③주요정보통신기반시설보호계획에는 다음 각호의 사항이 포함되어야 한다 1.주요정보통신기반시설의 취약점 분석·평가에 관한사항 2.주요정보통신기반시설 및 관리 정보의 침해사고에대한예방, 백업,복구대책에관한사항 3.그 밖에 주요정보통신기반시설의 보호에 관하여","medium","","정보보안기사|필기|기출|지피지기 기출문제|정보보안 관리 및 법규","2026 수제비 정보보안기사 필기 기본서 · 지피지기 기출문제 · PDF 1053쪽 · 10번","","","","","","information-security-engineer"
"WRITTEN_CBT","정보보안 관리 및 법규","정보통신기반보호법에 의거하여주요정보통신기반 시설을 지정할때 주요 고려 사항으로 틀린 것은?","다른정보통신기반시설과의상호연계성","업무의정보통신기반시설에대한의존도","업무의개인정보보유건수","정보통신기반시설을관리하는기관이수행하 는업무의국가사회적중요성","3","","","·정보통신기반 보호법 제8조 [주요정보통신기반시설의 지정 등,의 1항에 주요정보통신기반시설을 지정할 때 주요 고려 사항에 대해 명시되어있다. 주요정보통신기반시설을 지정할 때 주요 고려 사항 기관이수행하는업무의국가사회적 중요성/업무의 정보통신기반시설에대한의존도/ 다른정보통신기반시설과의 중의상피발용 상호연계성/침해사고가발생할 경우 국가안전보장과 경제사회에 미치는피해규모 및범위/ 침해사고의발생가능성 또는그 복구의용이성","medium","","정보보안기사|필기|기출|지피지기 기출문제|정보보안 관리 및 법규","2026 수제비 정보보안기사 필기 기본서 · 지피지기 기출문제 · PDF 1054쪽 · 11번","","","","","","information-security-engineer"
"WRITTEN_CBT","정보보안 관리 및 법규","정보통신망이용촉진및정보보호등에관한법률에 서정의하는 용어에 대한설명으로 틀린것은? ""전자문서란컴퓨터등정보처리능력을가진장치에 의하여 전자적인형태로작성되어송수신되거나암 호화되어저장된문서형식의자료로서표준화된것 을말한다 ""개인정보란생존및사망한개인에 관한정보로서 성명·주민등록번호등에 의하여 특정한 개인을알아 볼수있는부호·문자음성음향및 영상 등의 정보(해 당 정보만으로는 특정 개인을 알아볼수없어도다른 정보와 쉽게 결합하여알아볼 수있는 경우에는 그 정보를 포함한다)를말한다 ©""침해사고란 해킹컴퓨터바이러스논리 폭탄 메일 폭탄,서비스거부또는고출력전자기파등의방법으 로정보통신망 또는이와관련된 정보시스템을공격 하는행위를하여발생한사태를말한다","""게시판""이란 그 명칭과 관계없이 정보통신망을 이용 하여일반에게공개할목적으로부호·문자음성음 향·화상동영상등의 정보를이용자가게재할수있는 컴퓨터 프로그램이나기술적 장차를말한다",",ㄷ","","","1","","","""전자문서란컴퓨터등정보처리능력을가진장치에 의하여 전자적인 형태로작성되어 송수신되거나 저장된 문서형식의 자료로서 표준화된 것으로 암호화되어 저장된것은아니다 ""개인정보""란 살아 있는 개인에 관한 정보로사망한 개인에관한 정보는포함되지는 않는다.","medium","","정보보안기사|필기|기출|지피지기 기출문제|2022년|2회|정보보안 관리 및 법규","2026 수제비 정보보안기사 필기 기본서 · 지피지기 기출문제 · PDF 1054쪽 · 12번","2022","","","","","information-security-engineer"
"WRITTEN_CBT","정보보안 관리 및 법규","다음내용에 따른 국내 대리인의 필수 공개 정보로 잘못된것은? 국내 대리인을지정해야하는국외 사업자는개인정보 처리방침에국내대리인의정보를공개하여야한다","법인명,대표명","주소","고객센터연락처","이메일","3","","","국내 대리인의 필수 공개 정보는 다음과 같다. 국내대리인의성명(법인의경우에는그명칭및 대표자의성명) : 국내대리인의주소(법인의 경우에는 영업소 소재지)전화번호,전자우편주소 이경우정보통신서비스제공자등은제1항의 기간만료30일 전까지개인정보가파기되는사실 기간 만료일 및 파기되는개인정보의항목등을 전자우편등의 방법으로 이용자에게알려야 한다.","medium","","정보보안기사|필기|기출|지피지기 기출문제|2022년|2회|정보보안 관리 및 법규","2026 수제비 정보보안기사 필기 기본서 · 지피지기 기출문제 · PDF 1055쪽 · 14번","2022","","","","","information-security-engineer"
"WRITTEN_CBT","정보보안 관리 및 법규","개인정보보호법상정보 주체의동의없이사용할수 없는 사례는?","통계작성, 과학적연구,공익적기록보존등을 위해가명처리후사용하였다","범죄의수사와공소의제기및유지를위해정 보주체의민감정보를수집하였다","공공기관의자체감사를하며,해당 직원의개 : 인정보를처리하였다","인터넷사이트를운영하면서SNS 회사로부터 이용자의이름,휴대폰번호, 이메일,주소를제 공받아사용하였다.","4","","","인터넷사이트를운영하면서SNS회사로부터 이용자의 이름,휴대폰 번호 이메일, 주소를 제공받아 사용하는경우는정보주체의동의를 받아야 사용할 수 있다 개인정보처리자는통계작성,과학적 연구,공익적 기록보존등을위하여정보주체의동의없이 가명 정보를처리할수있다 다른법률에 특별한규정이 있는경우(공기관의자체 감사등)범죄의 수사와공소의제기및유지를 위하여 필요한 경우는개인정보를 목적 외의용도로 이용하거나 이를 제3자에게 제공할수있다","medium","","정보보안기사|필기|기출|지피지기 기출문제|2022년|4회|정보보안 관리 및 법규","2026 수제비 정보보안기사 필기 기본서 · 지피지기 기출문제 · PDF 1056쪽 · 16번","2022","","","","","information-security-engineer"
"WRITTEN_CBT","정보보안 관리 및 법규","정보통신서비스제공자가개인정보유출시이용자에 게알려야하는 법률적의무사항으로옮지 않은것은?","이용자가상담등을접수할수있는부서및연 락처","유출등이발생한원인","정보통신서비스제공자등의대웅조치","이용자가취할수있는조치","","","","개인정보보호법의 제34조'개인정보 유출 통지 등은 다음과 같다. 개인정보 유출시이용자에게 알려야 하는사항 유출된개인정보의항목/유출된 시점과그경위/정보주체가할수 항시방대연 있는방법등에관한정보/ 개인정보처리자의 대응조치 및 피해 구제절차/신고등을접수할수 있는 담당부서및 연락처","medium","","정보보안기사|필기|기출|지피지기 기출문제|2022년|4회|정보보안 관리 및 법규","2026 수제비 정보보안기사 필기 기본서 · 지피지기 기출문제 · PDF 1057쪽 · 18번","2022","","","","","information-security-engineer"
"WRITTEN_CBT","정보보안 관리 및 법규","거버년스체계에있어서정보보호에대한경영진의 관심 및참여가정보보호목표달성에있어서 제일 중요한요소이다.정보보호운영활동전반에경영진 의참여가이루어질수있도록보고하고경영진이정 보보호관련의사결정에참여할수있도록운영해야 한다.다음중경영진참여에대한사항으로가장부 적절한것은?","경영진참여가이루어질수있도록보고,의사 결정등의책임과역할을문서화하지않았지만 정기적으로보고하고있다.","경영진이직접정보보호활동에참여도가능하 지만정보보호위원회를구성하여중요한의사 결정등을결정할수있다.","조직의규모및특성에맞게 보고및의사결정 절차, 대상, 주기등을결정할수있다","경영진참여가원칙이나 내부위임전결등의 규정이있는경우에는정보보호를담당하고있 는책임자가경영진의의사결정을대행할수 있다.","","","","정보보호및개인정보보호관리체계의수립및운영 활동전반에의사결정권이있는경영진의참여가 이루어질수있도록 보고,의사결정등의책임과 역할을문서화하여야한다.","medium","","정보보안기사|필기|기출|지피지기 기출문제|2022년|4회|정보보안 관리 및 법규","2026 수제비 정보보안기사 필기 기본서 · 지피지기 기출문제 · PDF 1057쪽 · 19번","2022","","","","","information-security-engineer"
"WRITTEN_CBT","정보보안 관리 및 법규","다음중고정형영상정보처리기기를설치·운영할수 있는 경우가 아닌것은?","범죄의예방및수사를위하여필요한경우","시설의안전및화재예방을위하여정당한권 한을가진자가설치운영하는경우","쇼핑몰고객의 이동경로수집·분석및제공을 위하여필요한경우","교통단속을위하여필요한 경우","3","","","개인정보보호법의 제25조 고정형 영상정보처리기기의 설치·운영 제한에서 영상정보처리기기를설치·운영할수 있는 경우에 대해 명시되어 있다. 영상정보처리기기를설치운영할수있는경우 법령에서구체적으로허용/범죄의 예방 및 수사/ 시설의 안전 및 관리 법범시 단교저 화재예방/교통단속/교통정보의 수집· 분석및제공/촬영된영상","medium","","정보보안기사|필기|기출|지피지기 기출문제|정보보안 관리 및 법규","2026 수제비 정보보안기사 필기 기본서 · 지피지기 기출문제 · PDF 1058쪽 · 21번","","","","","","information-security-engineer"
"WRITTEN_CBT","정보보안 관리 및 법규","다음중공공기관이개인정보파일을운용하거나변 경하는경우개인정보보호위원회에등록하여관리 가 필요한 사항이 아닌 것은?","개인정보파일의명칭","개인정보파일의운영근거및목적","개인정보파일의작성일시","개인정보파일에기록되는개인정보의항목","3","","","개인정보보호법의 제32조 개인정보파일의 등록및 공개에서개인정보파일을운용하는경우 보호위원회에 등록사항에대해명시되어있다. 개인정보파일을운용하는경우 보호위원회에등록 사항 명칭/운영 근거 및 목적/ 명운개처보제 개인정보의항목/처리방법/ 보유기간/제공받는자","medium","","정보보안기사|필기|기출|지피지기 기출문제|정보보안 관리 및 법규","2026 수제비 정보보안기사 필기 기본서 · 지피지기 기출문제 · PDF 1058쪽 · 22번","","","","","","information-security-engineer"
"WRITTEN_CBT","정보보안 관리 및 법규","정보 주체의동의없이가명정보를처리할수없는 경우는?","상업적1:1마케팅","통계작성","과학적연구","공익적기록보존","1","","","정보주체의동의없이가명정보를처리할수있는 경우 통계작성/과학적연구/공익적 통과공 기록보존","medium","","정보보안기사|필기|기출|지피지기 기출문제|정보보안 관리 및 법규","2026 수제비 정보보안기사 필기 기본서 · 지피지기 기출문제 · PDF 1059쪽 · 24번","","","","","","information-security-engineer"
"WRITTEN_CBT","정보보안 관리 및 법규","다음중개인정보의안전성확보조치기준에따라안 전한 알고리즘으로 암호화해야 하는 대상은? 운전면허번호 ©외국인등록번호 신용카드번호","계좌번호 ©생체인식정보",", ©,",",","","1","","","개인정보의 안전성확보조치 기준의 제7조 개인정보의 암호화2항에 안전한알고리즘으로 암호화해야하는 대상에 대해 정의되어 있다 암호화하여저장해야 하는개인정보 주민등록번호/여권번호/ 주여운외 운전면허번호/외국인등록번호/ 신계생 신용카드번호/계좌번호/ 생체인식정보(바이오정보)","medium","","정보보안기사|필기|기출|지피지기 기출문제|정보보안 관리 및 법규","2026 수제비 정보보안기사 필기 기본서 · 지피지기 기출문제 · PDF 1059쪽 · 25번","","","","","","information-security-engineer"
"WRITTEN_CBT","정보보안 관리 및 법규","다음중개인정보의안전성확보 조치기준에대한 내용으로 옳지 않은 것은?","개인정보처리자는개인정보처리시스템에대 한접근권한부여변경등기록을최소3년간 보관하여야한다","5만명이상의개인정보를처리하는개인정보 처리시스템에대한 접속기록은2년이상보관 관리하여야한다","개인정보처리자는 개인정보의 오남용, 분실, 유출등에대응하기위하여개인정보처리시스 템에대한접속기록을분기1회이상점검하여 야한다.","고유식별정보를처리하는개인정보처리자는 인터넷 홈페이지를 통해고유식별정보가 유 출,변조 훼손되지않도록연1회이상 취약점 점검을하여야한다.","3","","","개인정보처리자는 개인정보의 오·남용 분실·도난·유출·위조·변조또는웨손등에 대응하기 위하여 개인정보처리시스템의 접속기록 등을월1회 이상 점검하여야 한다.","medium","","정보보안기사|필기|기출|지피지기 기출문제|2023년|2회|정보보안 관리 및 법규","2026 수제비 정보보안기사 필기 기본서 · 지피지기 기출문제 · PDF 1060쪽 · 26번","2023","","","","","information-security-engineer"
"WRITTEN_CBT","정보보안 관리 및 법규","다음중개인정보처리자의 집단분쟁조정 거부및집 단분쟁조정결과에 대해수락거부시단체소송의제 기가가능한비영리민간단체의자격요건으로틀린 것은?","법률상또는사실상동일한 침해를입은50명 이상의 정보주체로부터단체소송의 제기를요 청받을것","정관에개인정보보호를단체의목적으로명시 한후최근3년이상이를위한활동실적이있 을것","단체의상시구성원수가5천명이상일것","중앙행정기관에등록되어있을것","","","","개인정보보호법 51조단체소송의 대상 등의 단체소송의제기가가능한비영리민간단체의자격 요건이 명시되어 있다. 단체소송의제기가가능한 비영리민간단체의자격 요건 100명이상의 정보주체/3년이상 100삼5천행 이를위한활동실적/5천명이상/ 중앙행정기관에 등록","medium","","정보보안기사|필기|기출|지피지기 기출문제|정보보안 관리 및 법규","2026 수제비 정보보안기사 필기 기본서 · 지피지기 기출문제 · PDF 1061쪽 · 28번","","","","","","information-security-engineer"
"WRITTEN_CBT","정보보안 관리 및 법규","위원회의위원장은과학기술정보통신부장관 이며,위원은대통령이지명한30인이내로구 성된다.","정보통신기반보호위원회에는공공과민간의 의견을반영하기위해실무위원회를둘수있 으며,그운영은총리렁으로정한다.","위원회의위원장은국무조정실장이며,위원은 대통령령으로정한중앙행정기관의차관급공 무원과위촉된민간전문가로구성된다.","","","","","","위원회의 위원장은 국무조정실장이며,위원은 대통령령으로정한차관급 공무원과위원장이 위촉한민간전문가등으로구성되고,정원은25인 이내이다. : 위원회는 국무총리 소속이지 과기정통부 소속이 아님 위원장은과기정통부장관이 아니라 국무조정실장, 위원 수는25인 이내임 실무위원회는둘수있으며, 운영에관한 사항은 총리령이 아닌 대통령령에 따름.","medium","","정보보안기사|필기|기출|지피지기 기출문제|정보보안 관리 및 법규","2026 수제비 정보보안기사 필기 기본서 · 지피지기 기출문제 · PDF 1062쪽 · 2번","","","","","","information-security-engineer"
"WRITTEN_CBT","정보보안 관리 및 법규","다음 문장에서설명하는제도는? -IT서비스의 구축단계에서 정보보호위협및 취약점 분석위험분석등의절차를통해사전에취약점을제 거하고보호대책을수립하는일련의보안컨설팅활 동 -정보시스템 구축에 필요한투자금액이5억원이상인 정보통신서비스또는전기통신사업이권고 대상","정보보호관리체계인증제도","보안성심의(평가)제도","정보보호사전점검제도","주요정보통신기반시설취약점분석·평가","3","","","정보보호 사전점검 제도는IT서비스의 구축 단계에서 정보보호 위협 및 취약점·분석·위험분석 등의절차를통해사전에취약점을제거하고보호 대책을 수립하는일련의보안컨설팅활동이다. 정보보호 사전점검 권고 대상은""대통령령으로 정하는 정보통신서비스 또는 전기통신사업""이란 정보시스템 구축에 필요한 투자 금액이 5억원 이상(하드웨어·소프트웨어의 단순한 구입비용은 제외한 금액을말한다)인 정보통신서비스또는 전기통신사업이다.","medium","","정보보안기사|필기|기출|지피지기 기출문제|2023년|2회|정보보안 관리 및 법규","2026 수제비 정보보안기사 필기 기본서 · 지피지기 기출문제 · PDF 1062쪽 · 30번","2023","","","","","information-security-engineer"
"WRITTEN_CBT","정보보안 관리 및 법규","다음중정보통신기반보호위원회에 대한설명으로 옳은 것은?","정보통신기반보호위원회는과학기술정보통신 부소속으로,정보통신기반시설보호업무의 집행을담당하는기관이다","","","","1","","","","medium","","정보보안기사|필기|기출|지피지기 기출문제|정보보안 관리 및 법규","2026 수제비 정보보안기사 필기 기본서 · 지피지기 기출문제 · PDF 1062쪽 · 31번","","","","","","information-security-engineer"
"WRITTEN_CBT","정보보안 관리 및 법규","다음중개인정보 보호법상개인정보의제3자제공 이가능한 경우에 대한설명으로잘못된 것은?","정보주체의동의를받은경우,개인정보를제3 자에게제공할수있으며이때제공목적, 항목 수신자등을명확히고지해야한다","공공기관의내부정책에따라필요하다고판단 하는경우와지방자치단체의 긴급조례로공표 된경우에는별도의법령근거없이개인정보 를제3자에게제공할수있다","급박한상황에서정보주체또는제3자의생명 신체·재산상의이익 보호를위해필요한경우 에는정보주체의동의없이개인정보를제공할 수있다.","개인정보처리자의 정당한이익달성을위하여 필요한경우에도정보주체의권리를명백히침 해하지않는범위내에서제3자제공이허용될 수있다.","2","","","내부정책은법적근거가 아니며, 조례도무조건적인 제공근거는아니므로,반드시개인정보보호법상 요건을 충족해야 한다. 개인정보보호법에의해개인정보의제3자제공이 가능한 경우는 정보주체로부터 별도의 동의를 받은 경우,명백히 정보주체 또는제3자의 급박한 생명 신체,재산의 이익을위하여필요하다고 인정되는 경우 등이 해당된다. 개인정보보호법제15조1항에 따라 개인정보처리자의 정당한 이익을 달성하기 위하여 필요한 경우로서 정보주체의 권리를명백히 침해하지 않는범위 내에서제3자 제공이 허용될수 있다.","medium","","정보보안기사|필기|기출|지피지기 기출문제|정보보안 관리 및 법규","2026 수제비 정보보안기사 필기 기본서 · 지피지기 기출문제 · PDF 1063쪽 · 33번","","","","","","information-security-engineer"
"WRITTEN_CBT","정보보안 관리 및 법규","다음중개인정보처리자의개인정보수집 및이용요 건에 대한설명으로 잘못된 것은?","개인정보처리자는정보주체와체결한 계약의 이행을위하여필요한 경우에도 정보주체의별 도동의를받아야개인정보를수집하고이용할 수있다.","개인정보처리자는수집 당시고지한 개인정보 의수집·이용목적, 수집항목,보유및이용기 간등을 변경하는 경우,반드시변경내용을알 리고정보주체의추가동의를받아야한다","개인정보처리자는당초수집목적과합리적으 로관련된범위내에서안전성확보조치를완 료한 경우에한해 정보주체의동의 없이 개인 정보를이용할수있다.","개인정보처리자는법률에특별한 규정이있는 경우나법령상의무이행을위하여불가피한 경우에도정보주체동의없이개인정보를수집 하고이용할수있다.","1","","","·정보주체와 체결한 계약을 이행하거나 계약 체결 과정에서 정보주체 요청에 따른 조치를 위해 필요한 경우에는별도의 동의없이 개인정보를수집하고 이용할 수 있다.(개인정보 보호법 제15조제1항 제4호)","medium","","정보보안기사|필기|기출|지피지기 기출문제|정보보안 관리 및 법규","2026 수제비 정보보안기사 필기 기본서 · 지피지기 기출문제 · PDF 1064쪽 · 35번","","","","","","information-security-engineer"
"WRITTEN_CBT","정보보안 관리 및 법규","다음중개인정보의 안전성확보조치기준과관련된 용어설명으로잘못된 것은?","개인정보 보호책임자는개인정보를수집,보 관,처리, 이용,제공, 관리또는파기등개인 보를다루는업무를수행하는자를말한다","내부관리계획은정보통신서비스제공자등이 개인정보의안전한처리를위하여개인정보보 호조직의 구성,개인정보취급자의 교육,개인 정보보호조치등을규정한계획이다","개인정보처리시스템은개인정보를처리할수 있도록체계적으로구성한 데이터베이스시스 템이다","접속기록은이용자또는개인정보취급자등이 개인정보처리시스템에 접속하여수행한업무 내역에대하여식별자,접속일시, 접속지를알 수있는정보수행업무등접속한사실을전자 적으로기록한것이다","1","","","개인정보를수집, 보관,처리,이용,제공, 관리 또는 파기등개인정보를다루는업무를수행하는자는 개인정보취급자이다. 개인정보 보호책임자는 이용자의 개인정보보호 업무를총괄하거나업무처리를최종결정하는 임직원이다.","medium","","정보보안기사|필기|기출|지피지기 기출문제|정보보안 관리 및 법규","2026 수제비 정보보안기사 필기 기본서 · 지피지기 기출문제 · PDF 1065쪽 · 37번","","","","","","information-security-engineer"
"WRITTEN_CBT","정보보안 관리 및 법규","다음중개인정보가 유출등이 되었음을 알게되었을 때72시간이내에신고해야하는사항으로올바르지 않은 것은?","1천명이상의정보주체에관한개인정보가유 출등이된경우","민감정보또는고유식별정보가유출등이된경 우","5천명이상의가명처리정보가유출된경우","개인정보처리시스템 또는개인정보취급자가 개인정보처리에이용하는정보기기에대한외 부로부터의불법적인접근에의해개인정보가 유출등이된경우","3","","","개인정보보호법시행령제40조에따라 다음각 호의어느 하나에 해당하는? 개인정보가유출등이 되었음을알게되었을때에는72시간 이내에 신고해야 한다. 1.1천명이상의정보주체에관한개인정보가 유출등이된경우 2.민감정보또는고유식별정보가유출등이된경우 3.개인정보처리시스템 또는 개인정보취급자가 개인정보처리에 이용하는정보기기에대한 외부로부터의불법적인 접근에의해 개인정보가 유출등이된경우","medium","","정보보안기사|필기|기출|지피지기 기출문제|정보보안 관리 및 법규","2026 수제비 정보보안기사 필기 기본서 · 지피지기 기출문제 · PDF 1066쪽 · 38번","","","","","","information-security-engineer"
"WRITTEN_CBT","정보보안 관리 및 법규","다음중개인정보의안전성확보조치기준에 따른개 인정보처리시스템의 접속기록 보관및점검과관련 하여 잘못설명된 것은?","개인정보처리자는 개인정보취급자의접속기 록이위·변조및도난,분실되지않도록안전하 게보관해야한다","개인정보처리자는 개인정보를처리하는 시스 템에대해접속기록을월1회이상점검하여야 하며,특히개인정보다운로드이력이발견되 었을경우에는내부관리계획에따라사유를반 드시확인해야한다.","개인정보취급자가 개인정보처리시스템에접 속한 기록은기본적으로6개월이상보관해야 하며,다만 5만 명이상의 정보주체의정보를 처리하거나고유식별정보또는민감정보를처 리하는 경우에는1년이상 보관해야 한다.","개인정보처리시스템의 접속기록에는접속자 의 식별자, 접속일시, 접속지정보, 수행업무 처리한 정보주체의 정보가포함되어야하며 업무수행 내역에는조회·변경·입력·삭제·출 력·다운로드등이포함된다.","3","","","개인정보처리자는개인정보취급자가 개인정보처리시스템에 접속한기록을1년이상 보관·관리하여야한다 5만명이상의정보주체에관하여개인정보를 처리하거나,고유식별정보 또는 민감정보를 처리하는 개인정보처리시스템의경우에는2년 이상 보관·관리하여야한다","medium","","정보보안기사|필기|기출|지피지기 기출문제|정보보안 관리 및 법규","2026 수제비 정보보안기사 필기 기본서 · 지피지기 기출문제 · PDF 1067쪽 · 41번","","","","","","information-security-engineer"
"WRITTEN_CBT","정보보안 관리 및 법규","다음중개인정보처리업무를제3자에게위탁하는 경우,관련법령상위탁계약서 또는문서에 반드시 포함되어야 할 사항으로 보기어려운 것은?","위탁업무 수행 목적 외 개인정보의 처리를제 한하고수탁자가이를위반한경우형사책임 을우선적으로묻는다는조항","위탁업무의목적및처리범위","수탁자에대한관리·감독및점검에관한사항","개인정보의기술적·관리적보호조치에관한사항","1","","","개인정보처리업무위탁시문서에포함되어야할 사항(개인정보 보호법 제26조제1항 및 동법 시행령 제28조제1항) 위탁업무수행목적외개인정보의처리금지에 관한사항 개인정보의 기술적·관리적보호조치에관한사항 위탁업무의 목적 및 범위 위탁업무와 관련하여 보유하고있는개인정보의 관리현황점검등감독에관한사항 24년 2회,25년 4회","medium","","정보보안기사|필기|기출|지피지기 기출문제|2024년|2회|정보보안 관리 및 법규","2026 수제비 정보보안기사 필기 기본서 · 지피지기 기출문제 · PDF 1068쪽 · 42번","2024","","","","","information-security-engineer"
"WRITTEN_CBT","정보보안 관리 및 법규","개인정보보호법제17조(개인정보의제공)에 따라개 인정보의 제공이 불가능한 경우는?","정보주체로부터동의를받은경우","법령상의무를준수하기위해서불가피한경우","공공기관이법령등에의해소관업무의수행 을위하여불가피한경우","기관이요청하는경우","1","","","","medium","","정보보안기사|필기|기출|지피지기 기출문제|정보보안 관리 및 법규","2026 수제비 정보보안기사 필기 기본서 · 지피지기 기출문제 · PDF 1068쪽 · 43번","","","","","","information-security-engineer"
"WRITTEN_CBT","정보보안 관리 및 법규","개인정보의가명·익명처리시개인정보일부또는 전부를대체하는일반화방법으로다음설명에해당 되는 기술은? -정규분포의 특성을 가진데이터에서 양쪽끝에치우 친정보는적은수의 분포를가지게되어식별성을가 질수있음 이를해결하기위해적은수의분포를가진양끝단의 정보를 범주화등의 기법을 적용하여 식별성을낮추는 기법","상하단 코딩(Top and Bottom Coding)","제어라운딩(Controlled Rounding)","랜덤라운딩(Random Rounding) 4 )일반라운딩(Rounding)","","1","","","·정규분포의 특성을가진데이터에서 상하단 양쪽끝에치우친정보는적은수의 코딩 분포를가지게 되어식별성을 가질수 있음 랜덤라운딩에서행과 열의 합이 제어 일치하지않는 단점을해결하기위해 라운딩 행과 열이맞지 않는 것을 제어하여 일치시키는방법 개인식별정보에대한수치데이터를 랜덤 임의의 수 기준으로올림(Round Up) 라운딩 또는 절사(Round Down)하는 방법 올림,내림,반올림등의기준을 적용하여집계처리하는방법으로 일반 일반적으로세세한정보보다는전체 라운딩 통계정보가 필요한 경우 많이 사용하는 방법","medium","","정보보안기사|필기|기출|지피지기 기출문제|2024년|4회|정보보안 관리 및 법규","2026 수제비 정보보안기사 필기 기본서 · 지피지기 기출문제 · PDF 1069쪽 · 46번","2024","","","","","information-security-engineer"
"WRITTEN_CBT","정보보안 관리 및 법규","개인정보보호법,제30조에 따라개인정보 처리방침에 반드시 포함되어야 하는 사항이 아닌것은 무엇인가?","개인정보의처리목적","개인정보의처리및보유기간","개인정보처리담당자및개인정보처리의위 탁에관한사항","정보주체와법정대리인의권리·의무및그행 사방법에관한사항","3","","","개인정보 처리 담당자및 개인정보 처리의 위탁에 관한사항(해당되는경우에만 정한다.)은 개인정보 처리방침에반드시포함되지는 않는다. 24년 4회,25년 1회,4회","medium","","정보보안기사|필기|기출|지피지기 기출문제|2024년|4회|정보보안 관리 및 법규","2026 수제비 정보보안기사 필기 기본서 · 지피지기 기출문제 · PDF 1070쪽 · 47번","2024","","","","","information-security-engineer"
"WRITTEN_CBT","정보보안 관리 및 법규","다음중국내대리인지정제도에대한설명으로잘못 된것은?","국내대리인은정보통신서비스제공자등국외 사업자가 지정해야하며,개인정보보호법상 보호 책임자의 업무를대리수행하는주체로서 서면지정을통해효력이발생한다.","국내대리인은반드시대한민국국적을가진자 로지정되어야하며,개인정보 관련고충처리 와자료제출을위해한국어로의사소통이가 능해야한다.","국내대리인은복수지정이가능하며,하나의 국내대리인이다수의해외사업자를대리하는 것도허용된다.","국내대리인의 지정은개인정보처리방침에관 런내용을명시해야하며 대리인의 성명,주 소연락처등을포함하여야한다","2","","","","medium","","정보보안기사|필기|기출|지피지기 기출문제|정보보안 관리 및 법규","2026 수제비 정보보안기사 필기 기본서 · 지피지기 기출문제 · PDF 1070쪽 · 48번","","","","","","information-security-engineer"
"WRITTEN_CBT","정보보안 관리 및 법규","다음중고정형영상정보처리기기의설치·운영에 대한 설명으로 잘못된 것은?","공공기관이고정형 영상정보처리기기를설 치·운영하려는경우에는관계전문가및이해 관계인의의견을수럼하는절차를거쳐야하 며,이는 설명회또는공청회등의방식으로수 행할수있다.","촬영된영상을저장하지않는경우에는별도 규정 없이 공개된장소어디든지 고정형영상 정보처리기기를설치할 수있다.","고정형 영상정보처리기기운영자는 영상정보 를다른목적으로임의조작하거나녹음기능 을사용하는행위를금지하고있다.","고정형영상정보처리기기설치장소에는정보 주체가인식할수있도록설치목적,촬영범위 및시간,관리책임자연락처등이포함된안내 판을설치하여야한다.","2","","","촬영된영상정보를저장하지않는경우에도 대통령령으로 정하는 특정 조건을 충족해야만 설치가 허용된다","medium","","정보보안기사|필기|기출|지피지기 기출문제|정보보안 관리 및 법규","2026 수제비 정보보안기사 필기 기본서 · 지피지기 기출문제 · PDF 1070쪽 · 49번","","","","","","information-security-engineer"
"WRITTEN_CBT","정보보안 관리 및 법규","다음중개인정보보호법제20조의2개인정보 이용제 공 내역의 통지에 대한설명으로 올바르지 않은 것은?","대통령령으로정하는기준에해당하는개인정 보처리자는전년도말기준직전3개월간일일 평균을기준으로1만명이상의정보주체에관 하여민감정보또는고유식별정보를처리하는 자이다.","서면·전자우편·전화·문자전송등정보주체가 통지내용을쉽게확인할수있는방법으로통 지하여야 한다.","통지주기는동의를받은날부터기산하여연1 회이상으로한다.","개인정보처리자는개인정보의수집출처,개인 정보이용· 제공내역등의통지를함께할수 있다.","1","","","대통령령으로정하는 기준에해당하는 개인정보처리자는전년도말 기준 직전3개월간 일일평균을 기준으로5만명 이상의 정보주체에 관하여민감정보 또는고유식별정보를처리하는 자이다.","medium","","정보보안기사|필기|기출|지피지기 기출문제|2024년|4회|정보보안 관리 및 법규","2026 수제비 정보보안기사 필기 기본서 · 지피지기 기출문제 · PDF 1071쪽 · 50번","2024","","","","","information-security-engineer"
"WRITTEN_CBT","정보보안 관리 및 법규","다음중법정대리인의동의여부를확인하는방법에 대한설명으로 잘못된 것은?","법정대리인에게동의내용을담은서면을우편 으로송부한후,서명날인된동의서를다시제 출받는 방식은유효한 동의확인방법으로인 정된다.","인터넷사이트를통해동의여부를표시하게하 고,법정대리인의카드정보(신용카드·직불카 드등)를통해동의여부를확인하는방식도동 의 확인수단으로허용된다.","법정대리인에게동의내용을유선으로안내한 후,본인임을증명하는주민등록번호를문자 로회신받는방식은적법한동의확인 절차로 간주된다. 4 인터넷사이트에서동의 여부를 표시한뒤법 정대리인의휴대전화본인인증을통해본인여 부를검증하는방법은동의확인절차로인정 된다.","","3","","","법정대리인에게 동의 내용을 유선으로 안내한 후 본인임을 증명하는주민등록번호를 문자로 회신받는 방식은 법정대리인이동의했는지를확인하는방법에 해당되지 않는다. (개인정보 보호법 시행령 제17조의2제1항)","medium","","정보보안기사|필기|기출|지피지기 기출문제|정보보안 관리 및 법규","2026 수제비 정보보안기사 필기 기본서 · 지피지기 기출문제 · PDF 1071쪽 · 51번","","","","","","information-security-engineer"
"WRITTEN_CBT","정보보안 관리 및 법규","다음중개인정보 보호법 제34조에 따른""개인정 보 유출 통지 등""에 대한설명으로올바르지 않은것 은?","개인정보유출사실을통지할 때는,정보주체 의불안감을고려하여유출항목및 경위에대 한구체적인내용을 생략할수있으며, 통지는 개인정보처리자가 정해서 신속하게진행할수 있다.","대통령령으로정한규모이상의개인정보가유 출된경우,개인정보처리자는보호위원회또 는지정된 전문기관에신고하여야하며피해 확산방지와복구를위한기술지원을받을수 있다.","개인정보처리자는개인정보가유출된사실을 알게된경우,유출된항목·시점·경위및정보 주체가취할수있는대응방법등을지체없이 해당 정보주체에게통지하여야한다","개인정보처리자는개인정보가 유출된경우,그 피해를최소화하기위한대책을마련하고필요 한조치를하여야한다.","","","","·유출된개인정보의항목및유출된시점과그경위 등은반드시구체적으로 통지해야 하며 통지의시기 방법 및절차등에관하여 필요한사항은 대통령령으로정한방법을 따라야한다","medium","","정보보안기사|필기|기출|지피지기 기출문제|정보보안 관리 및 법규","2026 수제비 정보보안기사 필기 기본서 · 지피지기 기출문제 · PDF 1072쪽 · 52번","","","","","","information-security-engineer"
"WRITTEN_CBT","정보보안 관리 및 법규","다음에서설명하는비식별화세부 기술은? 개인식별정보에대한수치데이터를임의의수기준으 로올림(Round Up) 또는절사(Round Down)하는방법","랜덤라운딩(Random Rounding)","범위방법(Data Range)","재배열(Rearrangement)","교환방법(Swapping)","","","","개인식별정보에대한수치데이터를임의의수 기준으로올림(Round Up) 또는 절사(Round Down)하는방법은 랜덤라운딩이다 25년2회","medium","","정보보안기사|필기|기출|지피지기 기출문제|2025년|1회|정보보안 관리 및 법규","2026 수제비 정보보안기사 필기 기본서 · 지피지기 기출문제 · PDF 1072쪽 · 53번","2025","","","","","information-security-engineer"
"WRITTEN_CBT","정보보안 관리 및 법규","다음중개인정보의 안전성확보조치기준제7조에 따른개인정보 암호화조치기준으로올바르지않은 것은?","개인정보처리자는 인터넷구간 및내부망의 중 간지점(DMZ)에고유식별정보를 저장하는 경 우,반드시암호화하여야 한다","개인정보처리자는 비밀번호를 저장할 경우,암 호화 수준이 높은 양방향 대칭키 암호화를 적 용하는 것을권장한다","고유식별정보를내부망에 저장할경우,암호화 의 적용 여부및적용범위는 위험도 분석결과 나공공기관의 경우에는해당 개인정보 영향평 가의 결과에따라달라질수있다","개인정보처리자는암호화된개인정보를보호 하기위해암호키의생성이용,보관,폐기절 차등을수립하고시행하여야한다","2","","","개인정보처리자는 비밀번호및 생체인식정보는 암호화하여 저장하여야 한다 비밀번호를 저장하는 경우에는 복호화되지 아니하도록 일방향암호화하여 저장하여야 한다","medium","","정보보안기사|필기|기출|지피지기 기출문제|2025년|2회|정보보안 관리 및 법규","2026 수제비 정보보안기사 필기 기본서 · 지피지기 기출문제 · PDF 1073쪽 · 55번","2025","","","","","information-security-engineer"
"WRITTEN_CBT","정보보안 관리 및 법규","다음중개인정보 영향평가의대상에해당하지 않는 것은 무엇인가?","개인정보검색체계등개인정보파일의운용 체계를 변경하는 경우로서,변경된 부분이 영 향평가를받은사항에해당하는경우","민감정보 또는 고유식별정보를 수반하여5만 명이상의정보주체에관한개인정보가포함된 개인정보파일을구축·운용하려는 경우","일반 개인정보파일로서100만명이상의정보 주체에관한정보를전자적으로 처리할수있 도록 시스템을 변경하려는 경우","공공기관외부 시스템과 연계하여20만 명의 정보주체정보를통합·처리하는경우","4","","","해당 공공기관 내부 또는 외부에서 구축·운용하고 있는 다른 개인정보파일과 연계한 결과50만명 이상의 정보주체에 관한 개인정보가 포함된 경우는 개인정보 영향평가의 대상이다.","medium","","정보보안기사|필기|기출|지피지기 기출문제|2025년|2회|정보보안 관리 및 법규","2026 수제비 정보보안기사 필기 기본서 · 지피지기 기출문제 · PDF 1073쪽 · 56번","2025","","","","","information-security-engineer"
"WRITTEN_CBT","정보보안 관리 및 법규","다음중정보통신기반 보호법에서 정의하는주요정 보통신기반시설의 취약점에 대해 분석·평가를수 행할 수 있는 기관이 아닌 것은?","대통령령이 정한 기준을충족한 정보공유·분석 센터 한국인터넷진흥원","과학기술정보통신부 산하 공공데이터진흥센 터","정보보호전문서비스기업","","3","","","정보통신기반 보호법의 제9조취약점의 분석·평가의4항에분석·평가를수행할수있는 기관이명시되어있다. ④취약점을 분석·평가하고자하는경우에는다음 각호의1에해당하는기관으로하여금소관 주요정보통신기반시설의 취약점을 분석·평가하게 할 수있다.다만, 이 경우제3항에 따른 전담반을 구성하지 아니할 수 있다 1.한국인터넷진흥원(이하""인터넷진흥원""이라 한다) 2.정보공유·분석센터(대통령령이 정하는 기준을 충족하는 정보공유·분석센터에 한한다) 3.정보보호 전문서비스 기업 4.한국전자통신연구원","medium","","정보보안기사|필기|기출|지피지기 기출문제|정보보안 관리 및 법규","2026 수제비 정보보안기사 필기 기본서 · 지피지기 기출문제 · PDF 1074쪽 · 57번","","","","","","information-security-engineer"
"WRITTEN_CBT","정보보안 관리 및 법규","다음중개인정보보호법에따라공공기관이정보 주체의동의없이개인정보를목적외로이용하거나 제3자에게 제공할 수 없는 경우는?","개인정보보호위원회의 심의·의결을거쳐,다 른법률에서정하는소관업무를수행하기위 하여제공하는 경우","정보주체의생명,신체,재산의이익보호를위 하여긴급히필요한경우","조약이행을위하여외국정부나국제기구에 제공하는경우","행정편의를위해다른부처와정보를공유하 는경우","1","","","공공기관에서행정 편의를 위해 다른 부처와 정보를 공유하는경우에는개인정보를목적 외의 용도로 이용·제공할 수 없다 개인정보 보호법 제18조에 따라 개인정보를 목적 외의용도로 이용하거나이를제3자에게제공하지 않으면다른법률에서 정하는소관업무를수행할수 없는 경우로서 개인정보보호위원회의 심의·의결을 거친 경우에 공공기관에서 개인정보를목적 외의 용도로 이용·제공이 가능하다.","medium","","정보보안기사|필기|기출|지피지기 기출문제|2025년|4회|정보보안 관리 및 법규","2026 수제비 정보보안기사 필기 기본서 · 지피지기 기출문제 · PDF 1074쪽 · 58번","2025","","","","","information-security-engineer"
"WRITTEN_CBT","정보보안 관리 및 법규","다음중비영리민간단체지원법제2조에따른비 영리민간단체의개인정보단체소송제기 요건에대 한설명으로 올바르지 않은 것은?","동일한침해를입은100명이상의정보주체로 부터단체소송의 제기를 요청받아야 한다.","단체의 상시구성원수가3,000명이상이고,최 근2년동안개인정보 보호를위한실적이있는 경우소송을제기할수있다.","정관에 개인정보보호를목적으로명시하고 최근3년이상관련활동실적이있어야한다","중앙행정기관에등록된비영리민간단체여야 한다.","2","","","단체소송의제기가가능한 비영리민간단체의자격 요건 100명 이상의 정보주체/3년이상 100삼5천행 이를위한 활동실적/5천명이상/ 중앙행정기관에 등록 25년 4회","medium","","정보보안기사|필기|기출|지피지기 기출문제|2025년|4회|정보보안 관리 및 법규","2026 수제비 정보보안기사 필기 기본서 · 지피지기 기출문제 · PDF 1075쪽 · 59번","2025","","","","","information-security-engineer"
"WRITTEN_CBT","정보보안 관리 및 법규","개인정보의안전성확보조치기준에따른내부관리 계획의 필수 포함 사항에 해당하지 않는 것은?","개인정보보호책임자및개인정보취급자의역 할및책임에관한사항 2개인정보처리시스템의 운영위탁에따른 외부 개발자보안점검에관한사항","개인정보 유출사고대응계획의수립및 시행 에관한사항","개인정보의분실·도난·위조·변조를방지하기 위한악성프로그램등방지에관한사항","","2","","","외부개발자보안점검에대한사항은 내부 관리계획의 필수포함사항이 아니다","medium","","정보보안기사|필기|기출|지피지기 기출문제|2025년|4회|정보보안 관리 및 법규","2026 수제비 정보보안기사 필기 기본서 · 지피지기 기출문제 · PDF 1075쪽 · 60번","2025","","","","","information-security-engineer"
"WRITTEN_CBT","정보보안 관리 및 법규","개인정보보호법제28조에 따라개인정보를국외 로이전하려는경우,정보주체에게사전에고지해야 할 사항으로 옳지 않은 것은?","개인정보이전을거부하는 방법,절차 및거부 의효과","개인정보를이전받는자의명칭과연락처","이전받는국가의 정보보호관련법령의주요 내용","이전되는개인정보항목,시기및방법","3","","","[개인정보 보호법제28조에 따라 개인정보를 국외로이전하려는경우,이전받는국가의정보보호 관련법령의 주요 내용은 정보주체에게 사전에 고지해야할사항이 아니다 개인정보 보호법제28조에따라개인정보의국외 이전동의시고지사항은 다음과 같다. 1.이전되는개인정보 항목 2.개인정보가 이전되는국가, 시기 및 방법 3.개인정보를이전받는자의성명(법인인경우에는 그명칭과연락처를말한다) 4.개인정보를이전받는자의 개인정보 이용목적 및 보유·이용 기간 5.개인정보의 이전을거부하는방법, 절차및 거부의 효과","medium","","정보보안기사|필기|기출|지피지기 기출문제|2025년|4회|정보보안 관리 및 법규","2026 수제비 정보보안기사 필기 기본서 · 지피지기 기출문제 · PDF 1076쪽 · 62번","2025","","","","","information-security-engineer"
"WRITTEN_CBT","정보보안 관리 및 법규","다음은정보통신기반 보호법 제10조 보호지침에대 한법령이다. 빈칸에 알맞은용어를 고른것은? 관계중앙행정기관의 장은소관분야의 주요정보통신기 반시설에 대하여 보호지침을제정하고해당분야의( )에게이를지키도록()할수있다",":관리기관의장,ㄴ:권고",":관리기관의장,ㄴ:명령",":관리기관의장,ㄴ:요청",":사업자ㄴ:권고","1","","","정보통신기반 보호법 제10조'보호지침,의 1항은 다음과 같다. 관계중앙행정기관의 장은 소관분야의 주요정보통신기반시설에 대하여 보호지침을 제정하고해당분야의 관리기관의장에게 이를 지키도록권고할수있다","medium","","정보보안기사|필기|예상|천기누설 예상문제|정보보안 관리 및 법규","2026 수제비 정보보안기사 필기 기본서 · 천기누설 예상문제 · PDF 1078쪽 · 3번","","","","","","information-security-engineer"
"WRITTEN_CBT","정보보안 관리 및 법규","통신과금서비스에 대하여 정보통신망 이용촉진 및 정보보호등에관한법률과전자금융거래법이경합 이되었을 때 우선 적용되는 법률은 무엇인가?","정보통신망이용촉진및정보보호등에관한 법률 2 전자금융거래법","통신과금거래법","신용정보보호법","","1","","","정보통신망이용촉진및정보보호등에관한법률의 제5조다른 법률과의관계는다음과 같다. 정보통신망이용촉진 및정보보호등에관하여는 다른 법률에서 특별히 규정된 경우외에는이 법으로정하는바에 따른다다만,제7장의 통신과금서비스에 관하여이법과 전자금융거래법의 적용이경합하는 때에는이 법을우선 적용한다.","medium","","정보보안기사|필기|예상|천기누설 예상문제|정보보안 관리 및 법규","2026 수제비 정보보안기사 필기 기본서 · 천기누설 예상문제 · PDF 1078쪽 · 4번","","","","","","information-security-engineer"
"WRITTEN_CBT","정보보안 관리 및 법규","다음은 정보통신기반보호법에 따른 주요 정보통신 기반시설의지정요건이다.빈칸~에들어갈알 맞은 단어를 바르게나열한 것은? 중앙행정기관의장은소관분야의정보통신기반시설중 다음각호의사항을고려하여전자적침해행위로부터 의 보호가필요하다고인정되는정보통신기반시설을주 요정보통신기반시설로지정할수있다. 1.해당정보통신기반시설을관리하는기관이수행하는 업무의국가사회적() 2.제1호에따른기관이수행하는업무의정보통신기반 시설에대한( ) 3.다른정보통신기반시설과의(©) 4.침해사고가발생할경우국가안전보장과경제사회에 미치는피해규모 및범위 5.침해사고의(",") 또는그복구의()",":중요성,:기밀성,ㄷ:의존도,",":발생가 능성:용이성",":기밀성,ㄴ:중요성, ㄷ:의존도","3","","","정보통신기반 보호법 제8조 주요정보통신기반시설의 지정 등,의 1항에 주요정보통신기반시설을 지정할 때 주요 고려 사항에 대해명시되어 있다. 주요정보통신기반시설을지정할 때 주요 고려사항 기관이수행하는업무의 국가사회적 중요성/업무의 정보통신기반시설에대한의존도/ 다른정보통신기반시설과의 중의상피발용 상호연계성/침해사고가발생할 경우 국가안전보장과 경제사회에 미치는피해규모 및범위/ 침해사고의발생가능성 또는그","medium","","정보보안기사|필기|예상|천기누설 예상문제|정보보안 관리 및 법규","2026 수제비 정보보안기사 필기 기본서 · 천기누설 예상문제 · PDF 1078쪽 · 5번","","","","","","information-security-engineer"
"WRITTEN_CBT","정보보안 관리 및 법규","다음은정보통신망이용촉진 및정보보호등에관한 법률의 제1조목적에대한내용이다.()에 적합한 내용은? 이법은정보통신망의이용을촉진하고정보통신서비스 를이용하는자를보호함과아울러정보통신망을건전 하고안전하게 이용할수있는환경을조성하여()의 향상과()의증진에이바지함을목적으로한다",": 서비스의품질,ㄴ:공공복리",":보안의식ㄴ:표준화",":정보통신기술ㄴ:정보화",":국민생활,ㄴ:공공복리","4","","","정보통신망 이용촉진및정보보호등에 관한법률의 제1조목적은다음과 같다. 이 법은정보통신망의 이용을 촉진하고 정보통신서비스를 이용하는 자를 보호함과 아울러 정보통신망을 건전하고 안전하게 이용할 수 있는 환경을조성하여 국민생활의향상과공공복리의 증진에 이바지함을 목적으로 한다.","medium","","정보보안기사|필기|예상|천기누설 예상문제|정보보안 관리 및 법규","2026 수제비 정보보안기사 필기 기본서 · 천기누설 예상문제 · PDF 1079쪽 · 8번","","","","","","information-security-engineer"
"WRITTEN_CBT","정보보안 관리 및 법규","다음중개인정보보호법상개인정보영향평가시고 려사항이 아닌것은?","처리하는개인정보의수","개인정보제3자제공여부","개인정보영향평가기관능력","정보주체의권리를해할가능성및그위험정도","3","","","개인정보 보호법 제4조 개인정보 영향평가의 3항에개인정보영향평가시고려사항에대해 명시되어 있다. 개인정보영향평가시고려사항 처리하는개인정보의 수/ 개인정보의제3자제공 여부/ 수3권위 정보주체의권리를해할 가능성및 그위험정도","medium","","정보보안기사|필기|예상|천기누설 예상문제|정보보안 관리 및 법규","2026 수제비 정보보안기사 필기 기본서 · 천기누설 예상문제 · PDF 1080쪽 · 11번","","","","","","information-security-engineer"
"WRITTEN_CBT","정보보안 관리 및 법규","개인정보보호법에서 개인정보처리자는개인정보의 열람을연기한후그사유가소멸한경우에는정당한 사유가없는한사유가소멸한날로부터며칠이내에 열람하도록 하여야 하는가?","3일","5일","7일","10일","4","","","표준개인정보 보호지침의31조개인정보 열람연기 사유의 소멸의 1항에 날짜가 명시되어 있다 개인정보처리자가 법제35조제3항후문에 따라 개인정보의열람을연기한 후그사유가소멸한 경우에는정당한사유가 없는한 사유가 소멸한 날로부터10일이내에열람하도록하여야 한다.","medium","","정보보안기사|필기|예상|천기누설 예상문제|정보보안 관리 및 법규","2026 수제비 정보보안기사 필기 기본서 · 천기누설 예상문제 · PDF 1081쪽 · 14번","","","","","","information-security-engineer"
"WRITTEN_CBT","정보보안 관리 및 법규","개인정보 보호법제3조(개인정보보호원칙)에 대한 내용 중 틀린 것은?","개인정보처리자는개인정보의처리목적을명 확하게하여야하고 그목적에필요한범위에 서최소한의개인정보만을적법하고정당하게 수집하여야한다","개인정보처리자는개인정보의처리목적에필 요한범위에서적합하게개인정보를처리하여 야하며,그목적외의용도로활용하여서는아 니 된다.","개인정보처리자는개인정보의처리목적에필 요한범위에서 개인정보의기밀성, 무결성 및 신뢰성이보장되도록하여야한다.","개인정보처리자는개인정보의처리방법및종 류등에따라정보주체의권리가침해받을가 능성과그위험정도를고려하여개인정보를 안전하게관리하여야한다","3","","","개인정보 보호법 제3조""개인정보 보호 원칙,3항은 다음과 같다. 개인정보처리자는 개인정보의처리 목적에 필요한 범위에서 개인정보의 정확성,완전성 및 최신성이 보장되도록하여야한다.","medium","","정보보안기사|필기|예상|천기누설 예상문제|정보보안 관리 및 법규","2026 수제비 정보보안기사 필기 기본서 · 천기누설 예상문제 · PDF 1082쪽 · 19번","","","","","","information-security-engineer"
"WRITTEN_CBT","정보보안 관리 및 법규","""개인정보 보호법""에서 개인정보의 파기 및 보존 시 가장 적절하지 않은 경우는?","개인정보의 처리 목적달성이 달성된때에는 지체없이그개인정보를파기하여야한다","개인정보 삭제시만일의 경우에대비하여일 정기간보관후완전삭제한다","개인정보를파기하지아니하고보존하여야하 는 경우에는다른 개인정보와분리하여 저장 관리한다.","개인정보를 파기할때에는복구 또는 재생되지 아니하도록조치하여야한다","","","","개인정보 보호법제21조개인정보의 파기는다음과 같다. ①개인정보처리자는보유기간의경과, 개인정보의 처리목적달성,가명정보의처리기간경과등그 개인정보가 불필요하게 되었을 때에는 지체 없이 그 개인정보를 파기하여야 한다.다만, 다른 법령에 따라 보존하여야 하는 경우에는 그러하지 아니하다 ②개인정보처리자가 제1항에 따라개인정보를 파기할 때에는 복구 또는 재생되지 아니하도록 조치하여야 한다. ③개인정보처리자가제1항 단서에 따라 개인정보를 파기하지 아니하고보존하여야 하는경우에는해당 개인정보 또는개인정보파일을다른개인정보 분리하여서저장·관리하여야 한다 ④개인정보의 파기방법 및 절차 등에 필요한 사항은 대통령령으로 정한다.","medium","","정보보안기사|필기|예상|천기누설 예상문제|정보보안 관리 및 법규","2026 수제비 정보보안기사 필기 기본서 · 천기누설 예상문제 · PDF 1083쪽 · 20번","","","","","","information-security-engineer"
"WRITTEN_CBT","정보보안 관리 및 법규","다음은개인정보보호법제17조(개인정보의 제공) 에따라 개인정보를제3자에게제공하기위해동의 를받을 때 고지해야할중요한 내용에관한설명이 다.이때 중요한 내용에 해당하지 않는 것은?","개인정보처리자의내부관리계획","개인정보를제공받는자","개인정보를제공받는자의개인정보이용목적","개인정보의보유및이용 기간","","","","개인정보 보호법 제17조 개인정보의 제공,의 2항에 개인정보를 제공하기위해 정보 주체의 동의를 받을 때고지 사항에 대해 명시되어 있다. 개인정보를제공하기위해 정보 주체의동의를 받을 때고지사항 개인정보를제공받는자/ 개인정보를 제공받는자의 개인정보 이용 목적/제공하는개인정보의 항목/개인정보를제공받는자의 자목항기불 개인정보 보유 및 이용 기간/ 동의를 거부할권리가있다는사실 및 동의 거부에 따른 불이익이 있는 경우에는그불이익의 내용 동의를 거부할권리가있다는사실및동의거부에 따른불이익이있는 경우에는그불이익의 내용을 고지해야 한다.","medium","","정보보안기사|필기|예상|천기누설 예상문제|정보보안 관리 및 법규","2026 수제비 정보보안기사 필기 기본서 · 천기누설 예상문제 · PDF 1083쪽 · 21번","","","","","","information-security-engineer"
"WRITTEN_CBT","정보보안 관리 및 법규","다음 빈칸에 알맞은 나이는얼마인가? 개인정보처리자는만( )세 미만 아동의개인정보를처 리하기위하여이법에 따른동의를받아야할때에는그 법정대리인의동의를받아야하며, 법정대리인이동의하 였는지를확인하여야한다","13","14","18","19","2","","","개인정보 보호법 제22조의2아동의개인정보 보호의 1항은 다음과 같다. 개인정보처리자는만14세 미만 아동의 개인정보를처리하기위하여이법에따른동의를 받아야 할 때에는그 법정대리인의 동의를 받아야 하며, 법정대리인이동의하였는지를 확인하여야 한다.","medium","","정보보안기사|필기|예상|천기누설 예상문제|정보보안 관리 및 법규","2026 수제비 정보보안기사 필기 기본서 · 천기누설 예상문제 · PDF 1084쪽 · 24번","","","","","","information-security-engineer"
"WRITTEN_CBT","정보보안 관리 및 법규","다음중개인정보 보호법에의하여개인정보를제3 자에게제공하기위하여동의를받는경우에이용자 에게 알려야 하는 사항이 아닌 것은?","개인정보의제공 계약의내용","개인정보를제공받는자","제공하는개인정보의항목","개인정보를제공받는자의개인정보이용목적","1","","","개인정보 보호법 제17조 개인정보의> 제공의2항에 개인정보를제공하기위해 정보 주체의 동의를 받을 때고지사항에 대해명시되어있다. 개인정보를제공하기위해정보 주체의 동의를받을 때고지사항 개인정보를 제공받는자/ 개인정보를제공받는자의 개인정보 이용목적/제공하는 개인정보의 항목/개인정보를제공받는자의 자목항기불 개인정보 보유 및이용 기간/ 동의를거부할권리가있다는사실 및동의 거부에 따른불이익이 있는 경우에는 그불이익의 내용","medium","","정보보안기사|필기|예상|천기누설 예상문제|정보보안 관리 및 법규","2026 수제비 정보보안기사 필기 기본서 · 천기누설 예상문제 · PDF 1086쪽 · 29번","","","","","","information-security-engineer"
"WRITTEN_CBT","정보보안 관리 및 법규","다음은개인정보의 안전성확보조치기준제6조접 근통제에 관한설명이다.빈칸에알맞은것은? 전년도말기준직전3개월간그개인정보가저장·관리 되고있는 이용자수가 일일평균( )이상인 개인정보 처리자는개인정보처리시스템에서개인정보를다운로 드또는파기할수있거나개인정보처리시스템에대한 접근권한을설정할수있는개인정보취급자의컴퓨터 등에 대한 인터넷망차단 조치를 하여야한다.","10만명 1000만명","100만명","1만명","","3","","","개인정보의안전성확보조치 기준제6조 “접근통제의 6항의 내용은 다음과 같다. ⑥전년도말 기준직전3개월간그개인정보가 저장·관리되고있는이용자수가일일평균 100만명 이상인 개인정보처리자는 개인정보처리시스템에서 개인정보를 다운로드 또는 파기할 수있거나 개인정보처리시스템에대한 접근 권한을 설정할 수있는 개인정보취급자의 컴퓨터 등에 대한 인터넷망 차단 조치를 하여야 한다 다만, 클라우드컴퓨팅발전 및이용자 보호에 관한 법률, 제2조제3호에따른 클라우드컴퓨팅서비스를 이용하여 개인정보처리시스템을 구성·운영하는 경우에는해당 서비스에 대한 접속 외에는 인터넷을 차단하는 조치를하여야 한다.","medium","","정보보안기사|필기|예상|천기누설 예상문제|정보보안 관리 및 법규","2026 수제비 정보보안기사 필기 기본서 · 천기누설 예상문제 · PDF 1087쪽 · 32번","","","","","","information-security-engineer"
"WRITTEN_CBT","정보보안 관리 및 법규","5만명미만의일반개인정보만취급하는개인정보 처리자가시스템에 접속한 기록을 최소한보관해야 하는기간은얼마인가?","3개월","6개월","1년","2년","3","","","","medium","","정보보안기사|필기|예상|천기누설 예상문제|정보보안 관리 및 법규","2026 수제비 정보보안기사 필기 기본서 · 천기누설 예상문제 · PDF 1087쪽 · 33번","","","","","","information-security-engineer"
"WRITTEN_CBT","정보보안 관리 및 법규","클라우드보안인증제 (1) 클라우드보안인증제의정의 클라우드 보안인증제는 클라우드서비스 제공자가 제공하는 서비스에 대해 [클라우드컴퓨팅발전및이용자 보호에 관한 법률제23조의2에따라 정보보 호 수준의 향상 및 보장을 위하여 보안인증기준에 적합한클라우드컴퓨팅서 비스에 대하여 보안인증을 수행하는 제도이다 (2) 클라우드 보안인증제의 인증체계 [24년4회, 25년4회] 정책기관 과학기술정보통신부 인증위원회 인증기관 한국인터넷진흥원 보안인증 평가 요청 보안인증 평가수행 평가기관 클라우드 보안인증제의인증체계 클라우드보안인증제의역할과책임 구분 주관기관 정책기관 과학기술정보통신부 ·인증신청접수 ·보안인증기준,지침개발 인증기관 한국인터넷진흥원 ·인증서발급 (KISA) ·인증된클라우드서비스관리 기타인증업무수행 4 기술자문기관 국가보안기술연구소 보안기준마련 (NSR)","","","","","","","","","medium","","정보보안기사|필기|예상|천기누설 예상문제|정보보안 관리 및 법규","2026 수제비 정보보안기사 필기 기본서 · 천기누설 예상문제 · PDF 1091쪽 · 2번","","","","","","information-security-engineer"
"WRITTEN_CBT","정보보안 관리 및 법규","개 통제 항목 5년 이행점검3일","","","","","","","","","medium","","정보보안기사|필기|예상|천기누설 예상문제|정보보안 관리 및 법규","2026 수제비 정보보안기사 필기 기본서 · 천기누설 예상문제 · PDF 1092쪽 · 30번","","","","","","information-security-engineer"
"WRITTEN_CBT","정보보안 관리 및 법규","개 통제 항목 5년 ·(총9일) 본점검5일→ 이행점검4일 31개 통제항목 3년 ·(총7일) 본점검4일 → 이행점검3일 110개 통제 •(총10일)본점검5일→ 5년 항목 이행점검5일 64개 통제 항목 5년 ·(총9일) 본점검5일→ 이행점검4일 ·(총7일) 본점검 4일→","","","","","","","","","medium","","정보보안기사|필기|예상|천기누설 예상문제|정보보안 관리 및 법규","2026 수제비 정보보안기사 필기 기본서 · 천기누설 예상문제 · PDF 1092쪽 · 79번","","","","","","information-security-engineer"
"WRITTEN_CBT","정보보안 관리 및 법규","다음중클라우드컴퓨팅발전 및이용자 보호에관 한법률제25조(침해사고등의통지등)에따라지체 없이 이용자에게 알려야할 사항이 아닌 것은?","해킹,컴퓨터바이러스,논리폭탄,메일폭탄,서 비스거부또는고출력 전자기파등의방법으로 정보통신망 또는 이와관련된 정보시스템을 공 격하는행위를하여발생한사태가발생한때","이용자정보가유출된때","사전예고없이서비스의중단 기간이 연속해 서10분이상인 경우이거나중단사고가 발생 한때부터24시간이내에서비스가2회이상중 단된 경우로서그중단된기간을합하여15분 이상서비스중단이발생한때","민·관 합동조사단이발생한 침해사고의 원인 분석이끝났을때","4","","","[클라우드컴퓨팅 발전 및 이용자 보호에 관한 법률 제25조(침해사고등의 통지 등)에 따라 지체없이 이용자에게 알려야할사항은다음과 같다. ·해킹, 컴퓨터바이러스, 논리폭탄 메일폭탄,서비스거부또는 정보통신망법 고출력전자기파등의방법으로 제2조제7호 정보통신망 또는 이와 관련된 정보시스템을 공격하는 행위를 하여발생한사태가발생한때 클라우드 컴퓨팅법 ·이용자 정보가 유출된 때 제25조제1항 제2호 F 사전예고없이서비스의 중단 기간이연속해서10분이상인 클라우드컴 경우이거나중단사고가발생한 퓨팅법 시행령 때부터 24시간 이내에서비스가 제16조 2회 이상중단된경우로서그 중단된기간을합하여15분이상 서비스중단이발생한때","medium","","정보보안기사|필기|기출|지피지기 기출문제|2023년|1회|정보보안 관리 및 법규","2026 수제비 정보보안기사 필기 기본서 · 지피지기 기출문제 · PDF 1095쪽 · 4번","2023","","","","","information-security-engineer"
"WRITTEN_CBT","정보보안 관리 및 법규","다음중클라우드보안인증제의제도 및절차에대한 설명으로 가장 올바른 것은?","SaaS 표준등급은 총 7일간의 평가(본점검 4일, 이행점검 3일)로 수행되며, SaaS간편등급은 중요 데이터를다루는 서비스에한해신청할 수있다.","최초평가는인증유효기간이만료되기전신청 하는 경우 수행하며, Saas 간편등급은 5년간 유 효한인증을부여받는다.","상 중,하등급으로구성된등급제는현재까지 상·중등급만평가가가능하며,하등급은향후 도입예정이다.","인사·회계관리와같은중요 데이터를처리하는 Saas는 표준등급으로 인증을 신청해야 하며, 이경우본점검5일,이행점검4일이소요된다.","1","","","·표준등급 인증 대상에는 전자결재,인사·회계관리등 중요 데이터를 처리하는 SaaS가 포함된다. 표준등급의 점검절차는본점검5일+이행점검4일 = 총9일이다.","medium","","정보보안기사|필기|기출|지피지기 기출문제|정보보안 관리 및 법규","2026 수제비 정보보안기사 필기 기본서 · 지피지기 기출문제 · PDF 1096쪽 · 6번","","","","","","information-security-engineer"
"WRITTEN_CBT","정보보안 관리 및 법규","다음에서설명하는 인증 평가의 종류는? 보안인증을 취득한이후지속적으로 클라우드서비스보 안인증기준을준수하고있는지확인하기위한평가이 며,보안인증 유효기간(5년)안에매년시행되는 평가","최초평가","사후평가","갱신평가","수시평가","2","","","처음으로인증을신청하거나 최초평가 인증범위에 중요한 변경이 있어 다시 인증을신청한 때에실시하는평가 보안인증을취득한이후지속적으로 사후평가 클라우드서비스 보안인증기준을 준수하고있는지 확인하기위한 평가 보안인증유효기간이 만료되기전에 갱신평가 클라우드서비스에대한 보안인증의 연장을원하는경우에 실시하는평가","medium","","정보보안기사|필기|기출|지피지기 기출문제|2024년|2회|정보보안 관리 및 법규","2026 수제비 정보보안기사 필기 기본서 · 지피지기 기출문제 · PDF 1097쪽 · 7번","2024","","","","","information-security-engineer"
"WRITTEN_CBT","정보보안 관리 및 법규","클라우드컴퓨팅 발전 및 이용자보호에 관한 법률 제23조의2(클라우드컴퓨팅서비스의 보안인증)에 대한 내용으로 가장 적절하지 않은 것은 무엇인가?","클라우드보안인증제는정보보호수준의향상 및보장을위하여보안인증기준에적합한클라 우드컴퓨팅서비스에 대하여 보안인증을수행 하는제도이다.","클라우드보안인증제의정책기관은행정안전 부이고, 인증기관은한국인터넷진흥원(KISA) 이다.","보안인증의유효기간은인증서비스등을고려 하여5년,SaaS간편 등급은 3년이다.","보안인증 대상은 전자결재, 인사및 회계관리, 보안서비스, PaaS(개발환경) 등중요데이터를 다루는Saas 서비스는 표준등급으로 인증을 신 청한다.","2","","","클라우드 보안인증제의 정책기관은 과학기술정보통신부이고,인증기관은 한국인터넷진흥원(KISA)이다. F-","medium","","정보보안기사|필기|기출|지피지기 기출문제|정보보안 관리 및 법규","2026 수제비 정보보안기사 필기 기본서 · 지피지기 기출문제 · PDF 1097쪽 · 8번","","","","","","information-security-engineer"
"WRITTEN_CBT","네트워크 보안","보안정보 및이벤트관리를하며, 실시간보안이벤 트수집, 분석, 탐지및 대응을 수행하는 통합보안 관리 솔루션은?","DRM","DLP","PMS SIEM","","4","","","SIEM은서버 및보안시스템으로부터생성되는로그 데이터들을 을빅데이터기법을활용,상관분석,포렌식 기능 제공, 지능적 위협에대한조기경고모니터링이 가능한 지능형 보안시스템이다","medium","","정보보안기사|필기|기출|백전백승 기출문제|2025년|1회|네트워크 보안","2026 수제비 정보보안기사 필기 기본서 · 백전백승 기출문제 · PDF 1106쪽 (인쇄 6-8) · 21번","2025","","","","","information-security-engineer"
"WRITTEN_CBT","네트워크 보안","다음 설명 중옳지 않은 것은?","브로드캐스트는하나의송신자가같은서브네 트워크상의모든수신자에게 데이터를전송하 는방식이다.","애니캐스트는IP주소중Host ID값이모두1 인주소를갖는다.","멀티캐스트전송이지원되면데이터의중복전 송으로인한네트워크자원낭비를최소화할 수있게 된다.","유니캐스트는네트워크상에서1:1로메시지를 전송하는방식이다.","2","","","애니캐스트는 하나의호스트에서 그룹 내의 가장 가까운 곳에 있는 수신자에게 데이터를 전달하는 프로토콜이다. _ _ _","medium","","정보보안기사|필기|기출|백전백승 기출문제|2025년|1회|네트워크 보안","2026 수제비 정보보안기사 필기 기본서 · 백전백승 기출문제 · PDF 1106쪽 (인쇄 6-8) · 22번","2025","","","","","information-security-engineer"
"WRITTEN_CBT","네트워크 보안","다음중 응용계층프로토콜에대한설명으로올바르 지 않은 것은?","FIP는TCP/IP프로토콜을가지고 서버와클라 이언트사이의파일을전송하기 위한 프로토콜 로20번,21번포트를사용한다.","Telnet은 인터넷이나 로컬영역에서네트워크 연결에 사용되는네트워크프로토콜로가상터 미널 기능이있고,23번 포트를사용한다.","DHCP는각컴퓨터에서IP관리를쉽게하기위 한 프로토콜로TCP/IP통신을실행하는데필 요한 정보를자동으로할당,관리하며53번포 트를사용한다.","SNMP는IP네트워크상의장치로부터 정보를 수집및관리하며,또한정보를수정하여장치 의동작을변경하는 데에사용되는인터넷표 준프로토콜로161번,162번포트를사용한다.","3","","","DHCP는 67번, 68번 포트(67번 포트는서버 포트, 68번포트는클라이언트포트)를사용한다","medium","","정보보안기사|필기|기출|백전백승 기출문제|2025년|1회|네트워크 보안","2026 수제비 정보보안기사 필기 기본서 · 백전백승 기출문제 · PDF 1106쪽 (인쇄 6-8) · 23번","2025","","","","","information-security-engineer"
"WRITTEN_CBT","네트워크 보안","네트워크처리능력을개선하고자VLAN을구성할 때VLAN오/남용을경감시키는방법으로옮지않은 것은?(단, 스위치에 연결된 호스트들을그룹으로나 누어서 VLAN-1(native)과 VLAN-2로 그룹을설정하 였다고가정한다.)","관리상VLAN관리정책서버(VMPS)를사용한 다.","관리상VLAN 포트(VLAN ID1)에 대한 접근을 제한한다.","트렁크포트들의native VLAN에 신뢰할 수없 는네트워크를붙이지않는다","모든포트에동적트렁킹프로토콜(DIP)을꺼 놓는다.","1","","","VLAN의 오/남용을경감하기위한방안은다음과 같다. 보안정책에따라신뢰하지 신뢰할수없는 않는 네트워크에서는Native 네트워크의 VLAN포트를사용하지 Native VLAN 연결차단 않도록설정하여,공격 경로를사전에차단 DTP(Dynamic Trunking ·불필요한 트렁킹 포트 설정을 Protocol) 차단할수있음 비활성화 관리용 Native ·장비관리용포트에서는 VLAN 접근 VLAN 태그가없는프레임이 제한 들어오는것을차단 관리 정책서버(VMPS)는 네트워크에 연결된 장치의 MAC주소를확인하여해당 MAC주소에맞는 VLAN을자동으로할당하는 역할을하지만,MAC 주소는 위조될 수 있기 때문에 실제로는 불필요할 수 있다.","medium","","정보보안기사|필기|기출|백전백승 기출문제|2025년|1회|네트워크 보안","2026 수제비 정보보안기사 필기 기본서 · 백전백승 기출문제 · PDF 1107쪽 (인쇄 6-9) · 24번","2025","","","","","information-security-engineer"
"WRITTEN_CBT","네트워크 보안","다음과 같이서브넷을생성했을경우이에 대한설 명으로틀린것은? 어떤기관에네트워크블록21170.184.0/24가할당되 었다네트워크 관리자는 이를32개의 서브넷으로나누 고자한다","서브넷 마스크는 255,255.255.31이다.","각서브넷의호스트개수는8개이다","1번 서브넷의 주소범위는211.170.184.0~ 211,170,184,7이다.","32번 서브넷의 주소 범위는211.170.184.248~ 211,170, 184, 2550]다.","1","","","CIDR이/24인경우서브넷마스크는 255.255.255.00다. Host ID의상위 5개의 bit를이용하여개의 서브넷으로 분할하면서브넷 ID는5비트가 필요하다 총 32비트중에서 네트워크 ID는24비트이고, 서브넷 ID는5비트이므로나머지 호스트 ID는 3비트가 되어 각서브넷의 호스트의 개수는인 8개이다 1~24번째 비트는네트워크 ID이므로 211.170.1840다. 25~32번째 비트를 이용한 주소는 다음과 같다. 서브넷 서브넷 호스트 25~32번째 IP 번호 비트 비트 비트 000~ 00000000~ 211.170.184.0~ 1 00000 111 00000111 211.170.184.7 2 00001 000~ 00001000~ 211.170.184.8~ 111 00001111 211.170.184.15 ·:: 000~ 11110000~ 211.170.184.240~ 31 11110 111 11110111 211.170.184.247 32 1111 000~ 11111000~ 211.170.184.248~ 111 111111 211.170.184.255","medium","","정보보안기사|필기|기출|백전백승 기출문제|2025년|1회|네트워크 보안","2026 수제비 정보보안기사 필기 기본서 · 백전백승 기출문제 · PDF 1108쪽 (인쇄 6-10) · 27번","2025","","","","","information-security-engineer"
"WRITTEN_CBT","네트워크 보안","다음 중Ping of Death(PoD) 공격의 원리는?","ICMP Echo Request 패킷을 정상적인 크기로 보내네트워크연결을 차단하는공격이다.","ICMP 패킷의 크기를 비정상적으로크게조작 하여대상시스템이처리할 수없는크기로 전 송함으로써시스템을다운시키는공격이다.","출발지와목적지의주소가동일한 패키을전송 시켜반복적인처리를시키는공격이다","공격자가다수의좀비 컴퓨터를이용하여특정 대상에게과도한UDP 트래픽을전송하여대 역폭을 소진하는공격이다.","2","","","Ping of Death는ICMP 패킨의 크기를비정상적으로 크게 조작하여 대상시스템이처리할수없는크기로 전송함으로써 시스템을 다운시키는공격이다 과거 일부 운영체제 및네트워크장비는65535바이트 이상의 ICMP 패킨을 처리할 때 오류가 발생하여 시스템이 충돌(Crash)하거나 다운되는 문제가 존재함에 따라공격자는이취약점을악용하여","medium","","정보보안기사|필기|기출|백전백승 기출문제|2025년|1회|네트워크 보안","2026 수제비 정보보안기사 필기 기본서 · 백전백승 기출문제 · PDF 1108쪽 (인쇄 6-10) · 29번","2025","","","","","information-security-engineer"
"WRITTEN_CBT","네트워크 보안","세션하이재킹(Session Hjacking)의 단계를 순서대 로나열한 것은? 기존TCP연결을그대로물려받는다 ©서버로RST 패킨을 전송한다. ©서버와 TCP 3-Way Handshaking을수행한다. ARPSpoofing을 통해 패키이 공격자를지나가게 한다","0","","","","3","","","세션하이재킹의 순서는 다음과 같다. ·공격자는 스니핑(ARP Spoofing을 세션의 통해 패킨이 공격자를지나가게 시퀀스 번호 획득 함)을하여세션을확인하고적절한 시권스넘버를획득 ·서버로 RST패킷을보내서버 쪽 연결만을단절 RST 패킷 전송 서버는잠시Closed상태가되나 클라이언트는그대로 Established 상태로유지 서버와 ·공격자는새로시권스넘버를 신규세션 생성하고 ,서버와 TCP 3-Way 연결 Handshaking을 수행 공격자- ·서버는신규시권스번호수신하여 서버 서버의시권스번호를재생성하여 시퀀스 번호사용 공격자에게전달 클라이언트-공격자-서버의 서로 중간자 간의세션 Established를유지하여 세션생성 2개의다른세션관리 ·서로간의중간자로서공격자가두 통신 개의 시권스번호를가지고통신 Relay 처리 처리 기존 TCP 연결을그대로물려받은 후에 통신 Relay를처리","medium","","정보보안기사|필기|기출|백전백승 기출문제|2025년|1회|네트워크 보안","2026 수제비 정보보안기사 필기 기본서 · 백전백승 기출문제 · PDF 1109쪽 (인쇄 6-11) · 30번","2025","","","","","information-security-engineer"
"WRITTEN_CBT","네트워크 보안","다음중네트워크계층에서수행되는공격기법에대 한 설명으로 옳지 않은 것은?","Switch Jamming은 MAC주소 테이블을 오버플 로우시키기 위해 대량의 위조된MAC주소를 가진프레임을 전송하여, 스위치를 브로드캐 스트허브처럼동작하게 만드는공격이다.","ICMP Redirect공격은라우팅 정보를위조하여 공격자가 최적 경로인것처럼보이게 하는 ICMP Redirect 메시지를 대상 시스템에 전송하 는방식이다.","ARP Redirect 공격은공격자가자신을라우터로 위장하여 ARP 요청 패킷을 애니캐스트함으로 써,대상의라우팅테이블을조작하는공격이다","ARP Spoofing은 공격자가 ARP Reply 메시지 를위조하여다른 호스트의ARP 캐시를변경 시켜통신흐름을탈취하거나중간자공격을 수행하는방식이다.","3","","","ARP Redirect 공격은 공격자가 라우터의 MAC 주소로 변경하여ARP Reply 패킨을 대상 시스템에 브로드캐스트 하는 공격이다. 이를통해 해당 로컬네트워크의 모든 호스트와 라우터 사이의 트래픽을스니핑할 수있다","medium","","정보보안기사|필기|기출|백전백승 기출문제|2025년|1회|네트워크 보안","2026 수제비 정보보안기사 필기 기본서 · 백전백승 기출문제 · PDF 1109쪽 (인쇄 6-11) · 31번","2025","","","","","information-security-engineer"
"WRITTEN_CBT","네트워크 보안","다음중Syn Flooding공격에 대한설명으로옮지 않 은것은 무엇인가?","TCP3-way 핸드쉐이크과정을악용한다","공격자는다량의SYN 패킷을 보내 서버의자 원을고갈시킨다","UDP프로토콜을사용하여공격을수행한다.","서버의TCP Queue를가득 채워 정상적인 연결 을방해한다","3","","","Syn Flooding 공격은 TCP 프로토콜의 3-way 핸드쉐이크 과정을 악용하여다수의SYN 패킨을 서버로보내서버의자원을고갈시키고, TCP Queue를 가득채워정상적인연결을방해한다. Syn Flooding 공격은UDP가 아닌 TCP 프로토콜을 기반으로 이루어진다","medium","","정보보안기사|필기|기출|백전백승 기출문제|2025년|1회|네트워크 보안","2026 수제비 정보보안기사 필기 기본서 · 백전백승 기출문제 · PDF 1110쪽 (인쇄 6-12) · 32번","2025","","","","","information-security-engineer"
"WRITTEN_CBT","네트워크 보안","네트워크침입탐지와방지를위해ModSecurity를 설치 운용하고자한다.ModSecurity 정책설정을위 해 SecAuditEngine에서 설정할 수 없는 것은?","DetectionOnly","On","Off","RelevantOnly","1","","","ModSecurity의 환경 설정 중 Audit를 위한 설정인 SecAuditEngine의 설정 값은 다음과 같다. On 모든트랜적션로깅 Off ·로깅하지 않음 Error, Waming의 트랜션 RelevantOnly SecAuditLogRelevantStatusoll 정의된상태코드와일치하는 트랜적션만로깅","medium","","정보보안기사|필기|기출|백전백승 기출문제|2025년|1회|네트워크 보안","2026 수제비 정보보안기사 필기 기본서 · 백전백승 기출문제 · PDF 1111쪽 (인쇄 6-13) · 37번","2025","","","","","information-security-engineer"
"WRITTEN_CBT","네트워크 보안","Wi-Fi네트워크의보안설정에대한설명으로틀린 것은?","WPA2는WEP보다강력한 보안을제공한다.","SSID브로드캐스팅을비활성화하면Wi-Fi네 트워크가일반사용자에게보이지않게할수 있다.","MAC주소필터링은특정장치의네트워크접 근을제어하는데사용될수있다","Wi-Fi보안을위해펌웨어를최신상태로유지 할필요는없다.","4","","","WI-F보안을위해펌웨어를최신상태로유지하기 위한업데이트를 수행해야한다. 3과목 애플리케이션 보안","medium","","정보보안기사|필기|기출|백전백승 기출문제|2025년|1회|네트워크 보안","2026 수제비 정보보안기사 필기 기본서 · 백전백승 기출문제 · PDF 1112쪽 (인쇄 6-14) · 40번","2025","","","","","information-security-engineer"
"WRITTEN_CBT","어플리케이션 보안","경로조작(Path Traversal)이란 입력값을 조작하여 접근해서는안되는 디렉터리 및 파일에 접근하는것 을말한다.다음 중 이를 막기 위해 필요한 필터링문 자는?",": (colon)",".. (dot dot)","; (semicolon)","- (hyphen)","2","","","경로조작에 대한대응 방안으로는 파일명에 /(Slash), \(Backslash),.(Dot Dot) 문자는 필터링한다.","medium","","정보보안기사|필기|기출|백전백승 기출문제|2025년|1회|어플리케이션 보안","2026 수제비 정보보안기사 필기 기본서 · 백전백승 기출문제 · PDF 1112쪽 (인쇄 6-14) · 41번","2025","","","","","information-security-engineer"
"WRITTEN_CBT","어플리케이션 보안","1991년, 프로그래머필 짐머만(phil Zimmermann) 이개발한것으로이메일통신에 대해기밀성, 무결 성,인증과 같은 보안서비스를 제공하는데이터보 호 프로그램은 무엇인가?","SSL(Secure Sockets Layer)","S/MIME(Secure/Multipurpose Internet Mail Extensions)","PGP(Pretty Good Privacy)","IPsec(Intermet Protocol Security)","3","","","SSL 웹브라우저와서버간의전송계층 보안 프로토콜 ·이메일 보안을위한X.509인증기반 S/MIME 표준,기업환경에적합 네트워크계층에서동작하는IP보안 IPsec 프로토콜","medium","","정보보안기사|필기|기출|백전백승 기출문제|2025년|1회|어플리케이션 보안","2026 수제비 정보보안기사 필기 기본서 · 백전백승 기출문제 · PDF 1112쪽 (인쇄 6-14) · 43번","2025","","","","","information-security-engineer"
"WRITTEN_CBT","어플리케이션 보안","다음 중POP3(Post Office Protocol version 3)의 특징으로 가장 적절한 것은?","이메일은서버에저장된채클라이언트가메일 을조회하며,다수의장치에서동기화하여사 용하기에 적합하다","클라이언트는서버와의연결을유지한채이메 일을실시간으로주고받으며상태정보를지 속적으로관리한다.","사용자는이메일을서버에그대로남긴채여 러장소에서동시에접속해사용하는데최적 화되어있다.","이메일클라이언트는서버로부터 메일을다운 로드한후서버에서삭제되며,주로고정된위 치에서사용하는데유리하다.","4","","","다수의 장치에서 동기화 사용이 가능하며 연결시간이 종료될 때까지 연결을유지하며, 조회 후에도이메일이 서버에존재하는것은IMAP의 특징이다.","medium","","정보보안기사|필기|기출|백전백승 기출문제|2025년|1회|어플리케이션 보안","2026 수제비 정보보안기사 필기 기본서 · 백전백승 기출문제 · PDF 1113쪽 (인쇄 6-15) · 46번","2025","","","","","information-security-engineer"
"WRITTEN_CBT","어플리케이션 보안","메일헤더에표시된발송정보가실제메일을발송한 서버와일치하는지를비교하여,발송자정보의위변 조여부를 판별할수 있는 기술은 무엇인가?","SPF(Sender Policy Framework)","S/MIME(Secure/Multipurpose Internet Mail Extensions)","PGP(Pretty Good Privacy)","POP3(Post Office Protocol 3)","1","","","SPF는메일헤더에표시된발송정보가실제메일을 발송한서버와일치하는지를비교하여발송자 정보의 위변조여부를 파악할수 있는 기술이다. 발송자의서버를DNS에 미리 등록하고수신자의 서버에메일이도착하면등록된서버로부터 발신되었는지확인후스팸메일을차단하는 기술이다.","medium","","정보보안기사|필기|기출|백전백승 기출문제|2025년|1회|어플리케이션 보안","2026 수제비 정보보안기사 필기 기본서 · 백전백승 기출문제 · PDF 1114쪽 (인쇄 6-16) · 48번","2025","","","","","information-security-engineer"
"WRITTEN_CBT","어플리케이션 보안","다음은SQLInjection 공격에 대한 예시이다. 이공 격 방식으로가장 적절한SQL인책션 유형은? 1"" AND (SELECT COUNT(*) FROM USers WHERE user_ id=admin' AND SUBSTR(password,1,1)=a) > O-","Mass SQL Injection","Union SQL Injection","Blind SQL Injection","Stored Procedure SQL Injection","3","","","해당공격방식은쿼리결과의참과거짓을통해 의도하지 않은 SQL을실행하는 Blind SQL Injectiono 다. Error Based SQL injection과 동일한 방식을 이용할 수도 있으나 별도의 에러 페이지가 없이 참/거짓,시간차이등을이용한경우Blind SQL Injectiono다.","medium","","정보보안기사|필기|기출|백전백승 기출문제|2025년|1회|어플리케이션 보안","2026 수제비 정보보안기사 필기 기본서 · 백전백승 기출문제 · PDF 1114쪽 (인쇄 6-16) · 50번","2025","","","","","information-security-engineer"
"WRITTEN_CBT","어플리케이션 보안","다음 중이메일(E-mail) 송수신을 위해서 사용되는 프로토콜로 가장 적절하지 않은 것은?","SMIP","POP3 3)IMAP","SNMP","","4","","","SNMP는 네트워크 관리 프로토콜로,라우터나 허브 등 네트워크 장치로부터 정보를 수집 및관리하며 정보를 네트워크 관리 시스템에 보내는 데 사용하는 인터넷 표준 프로토콜이다.","medium","","정보보안기사|필기|기출|백전백승 기출문제|2025년|1회|어플리케이션 보안","2026 수제비 정보보안기사 필기 기본서 · 백전백승 기출문제 · PDF 1114쪽 (인쇄 6-16) · 51번","2025","","","","","information-security-engineer"
"WRITTEN_CBT","어플리케이션 보안","다음 중DNS(Domain Name System)에대한 설명 으로가장 적절한 것은?","DNS는IP주소를사람이 기억하기 쉬운MAC 주소로변환하는역할을한다.","DNS는이메일을송수신하는 프로토콜로, 포트 25번을사용한다","DNS는도메인이름을IP주소로변환해주는시 스템으로, 인터넷통신의 기본 인프라 역할을 한다.","DNS는클라이언트가 인터넷에 직접 연결되지 않고서버를대신사용하는보안터널기술이다.","3","","","DNS는호스트의도메인 이름을호스트의 네트워크 주소로바꾸거나그 반대의변환을 수행하는 프로토콜이다 일반적으로UDP 53번 포트를사용하지만, 패킨의 크기가512바이트를초과하거나기타 특수한 경우에는 TCP 53번 포트를 사용한다.","medium","","정보보안기사|필기|기출|백전백승 기출문제|2025년|1회|어플리케이션 보안","2026 수제비 정보보안기사 필기 기본서 · 백전백승 기출문제 · PDF 1115쪽 (인쇄 6-17) · 54번","2025","","","","","information-security-engineer"
"WRITTEN_CBT","어플리케이션 보안","다음중전자메일시스템의 구성요소에대한설명으 로올바르지 않은 것은?","MUA(Mail User Agent)는사용자가 이메일을 작성, 송신,수신하는 데사용하는클라이언트 소프트웨어이다","SMTP(Simple Mail Transfer Protocol)는 이메일 을송신할때사용되며 일반적으로포트25번 을사용한다.","MTA(Mail Transfer Agent)는 이메일을 사용자 에게 직접보여주는클라이언트로 메일작성 과열람에사용된다.","IMAP(Intemet Message Access Protocol)은 메 일서버에저장된이메일을여러기기에서동","3","","","","medium","","정보보안기사|필기|기출|백전백승 기출문제|2025년|1회|어플리케이션 보안","2026 수제비 정보보안기사 필기 기본서 · 백전백승 기출문제 · PDF 1116쪽 (인쇄 6-18) · 57번","2025","","","","","information-security-engineer"
"WRITTEN_CBT","어플리케이션 보안","다음은FTP 서비스로인한xferlog의 기록이다.~ 2 설명중올바르지 못한것은? Tue Feb 10 20:03:12 2018 2 112 332 2740 /home/soojebi/html/indexhtml a Uir soojebi FTP O*c ©","은파일이전송된날짜와시간을의미한다.","ㄴ은파일사이즈를말한다","ㄷ은사용자가작업한파일명을의미한다","은압축이되어있다는것을 의미한다.","4","","","XferLog의 액션 플래그에서 U는 압축되지 않은 파일을나타낸다 압축된 파일은C, Tar로묶여있는경우T로 표시한다","medium","","정보보안기사|필기|기출|백전백승 기출문제|2025년|1회|어플리케이션 보안","2026 수제비 정보보안기사 필기 기본서 · 백전백승 기출문제 · PDF 1117쪽 (인쇄 6-19) · 59번","2025","","","","","information-security-engineer"
"WRITTEN_CBT","어플리케이션 보안","다음은 중간자 공격를이용한DNS 스푸핑(DNS Spoofing) 공격의 절차를 설명한 것이다. 이를올바 른순서대로나열한것은? 해커는악성DNS서버 또는조작된 IP주소를포함한 응답을 사용자에게 전송한다. ©사용자의웹브라우저는위조된IP주소또는악성웹 사이트로접속된다 ©사용자가특정 도메인에대한DNS 질의를보낸다","해커는사용자의DNS 질의를감지하여가짜응답을 준비한다","→©→","→","©→","2","","","","medium","","정보보안기사|필기|기출|백전백승 기출문제|2025년|1회|어플리케이션 보안","2026 수제비 정보보안기사 필기 기본서 · 백전백승 기출문제 · PDF 1117쪽 (인쇄 6-19) · 60번","2025","","","","","information-security-engineer"
"WRITTEN_CBT","정보보안 일반","다음은 특정 블록 암호 운영 모드의 암호화 과정이 다. 해당하는 모드는? (백터(V) CITTD 키 임효화 키 효화 키1 호화 면운불록1 명문물록2 명문물록3 TID Tm 암효문물록1 암효운불록2 임호운불록3","ECB 모드(Electronic Code Book Mode)","CBC 모드(Cipher Block Chaining Mode)","CFB 모드(Cipher FeedBack Mode)","OFB 모드(Output FeedBack Mode)","3","","","첫번째블록은초기벡터를암호화하고,나머지 블록은 이전블록의 암호문을 암호화하는 방식은 CFB 모드이다","medium","","정보보안기사|필기|기출|백전백승 기출문제|2025년|1회|정보보안 일반","2026 수제비 정보보안기사 필기 기본서 · 백전백승 기출문제 · PDF 1117쪽 (인쇄 6-19) · 61번","2025","","","","","information-security-engineer"
"WRITTEN_CBT","정보보안 일반","KDC를이용한 키분배방식에 대한설명중옳지않 은 것은?","사용자들은사전에KDC와마스터키를공유해 야한다.","사용자의 요청이 있는 경우,KDC는일회용세 션키를생성한다","사용자를간에는사전에공유한비밀정보가 필요하지않다","KDC는일회용 세션키를사용자의공개키로 암호화하여전송한다.","1","","","KDC를 이용한방식의키분배 절차는 다음과같다. 사전절차 •KDC와A, B 사이에 마스터키(K Kg)를사전에공유 자신의 ID인A상대방 ID인B를 초기 요청 KDC에 전송 KDC는일회용세션키(K,)를 생성하고,세션키와임의값인 세션키 Nonce를K,K로암호화해서 전송 8 A와B에게 각각 전송 세션키는 대칭키 기반 두사용자사이의일회용세션키를 상호인증 이용해 Nonce가맞는지 인증","medium","","정보보안기사|필기|기출|백전백승 기출문제|2025년|1회|정보보안 일반","2026 수제비 정보보안기사 필기 기본서 · 백전백승 기출문제 · PDF 1118쪽 (인쇄 6-20) · 62번","2025","","","","","information-security-engineer"
"WRITTEN_CBT","정보보안 일반","다음 중 SPN(Substitution-Permutation Network) 구조의 암호화 알고리즘과 짝지어진것은 무엇인가?","DES - Blowfish )RSA - Diffie-Hellman","AES - ARIA 3DES - SEED","","","3","","","","medium","","정보보안기사|필기|기출|백전백승 기출문제|2025년|1회|정보보안 일반","2026 수제비 정보보안기사 필기 기본서 · 백전백승 기출문제 · PDF 1118쪽 (인쇄 6-20) · 63번","2025","","","","","information-security-engineer"
"WRITTEN_CBT","정보보안 일반","FSR(Feedback Shift Register) 암호화설명중 틀린 것은?","구현이간단한암호화방식이다","하드웨어에서구현시에유리하다","OTP방식을사용한다.","선형/비선형모두지원된다.","3","","","FSR는구현이 간단하며주로하드웨어에서 효율적으로구현할 수있고,선형/비선형방식모두를 지원할수 있는 암호화 방식이다. •OTP(One-Time Pad)방식과는 다르다.","medium","","정보보안기사|필기|기출|백전백승 기출문제|2025년|1회|정보보안 일반","2026 수제비 정보보안기사 필기 기본서 · 백전백승 기출문제 · PDF 1118쪽 (인쇄 6-20) · 64번","2025","","","","","information-security-engineer"
"WRITTEN_CBT","정보보안 일반","다음 중2-Factor 인증이 아닌 것은?","지문,비밀번호","음성인식,서명","USB토큰,비밀번호","스마트카드, PIN(Personal Identification Number)","2","","","음성인식,서명은둘다존재기반 인증으로같은 인증 요소이기 때문에 이중 요소 인증에 해당하지 않는다.","medium","","정보보안기사|필기|기출|백전백승 기출문제|2025년|1회|정보보안 일반","2026 수제비 정보보안기사 필기 기본서 · 백전백승 기출문제 · PDF 1118쪽 (인쇄 6-20) · 65번","2025","","","","","information-security-engineer"
"WRITTEN_CBT","정보보안 일반","키의사전공유방식을이용하고자한다.10명의사 원이있는회사에서사원끼리 암호화통신을할경우 관리해야 할 전체 키의 개수는?","10","45","90","100","2","","","2명의 사용자마다 하나의 키를 공유해야하기때문에 n명이 있을경우 n(n-1) -개의 키를관리해야한다 2 10(10-1) n =100ㅁ로 2 = 45이다.","medium","","정보보안기사|필기|기출|백전백승 기출문제|2025년|1회|정보보안 일반","2026 수제비 정보보안기사 필기 기본서 · 백전백승 기출문제 · PDF 1119쪽 (인쇄 6-21) · 69번","2025","","","","","information-security-engineer"
"WRITTEN_CBT","정보보안 일반","임의의길이를정해진크기로만드는해시함수의특 징은?","강한충돌저항성","약한충돌저항성","압축성","일방향성","3","","","해시함수의 압축성은임의의 길이를가진 입력 데이터를고정된크기의해시값으로 변환하는 특징이다.","medium","","정보보안기사|필기|기출|백전백승 기출문제|2025년|1회|정보보안 일반","2026 수제비 정보보안기사 필기 기본서 · 백전백승 기출문제 · PDF 1120쪽 (인쇄 6-22) · 70번","2025","","","","","information-security-engineer"
"WRITTEN_CBT","정보보안 일반","해시함수특성 중약한충돌저항성에 대한설명으 로옳은 것은?","H(X)는어떤X에대해서도계산이 쉬워야 한 다.","임의의해시값 H(X)에대해서X값을계산하기 가어려워야한다.","X를알고있을때해시값H(X)에대해서같은 해시값(H(X) = H(X)을 갖는X를 계산하기 가어려워야한다","H(X) -H(X)를 만족하는X, X를계산하기가 어려워야한다.","3","","","약한충돌저항성(제2역상 저항성)은해시값과 입력값이 주어졌을 때해시값을생성하는또다른 입력값을찾는것이어렵다는특성이다.","medium","","정보보안기사|필기|기출|백전백승 기출문제|2025년|1회|정보보안 일반","2026 수제비 정보보안기사 필기 기본서 · 백전백승 기출문제 · PDF 1120쪽 (인쇄 6-22) · 71번","2025","","","","","information-security-engineer"
"WRITTEN_CBT","정보보안 일반","다음중Kerberos V4의 단점을개선한 Kerberos V5의 장점으로옳지 않은 것은 무엇인가?","Kerberos V4는 암호화시스템으로DES만을사 용하였지만, Kerberos V5는 모든 종류의 암호 화시스템을 사용할 수 있다.","Kerberos V4는인터넷 프로토콜(IP)주소 외에 다른특정네트워크주소를사용하지못하였지 만, Kerberos V5는 어떤 유형의네트워크주소 도사용될수있다.","Kerberos V4는인중서버로부터클라이언트로 가는메시지에 패스워드에기초한키로암호화 된 내용들을 포함하고 있어 패스워드 공격 (Password Attacks)에 취약하였으나, Kerberos V5는 메시지에 암호화된내용을포함하지않 아패스워드공격에취약하지않다","Kerberos V4의티켓 유효기간(Ticket Lifetime) 의 값은 최대 시간이 제한되어 있었으나, Ker- beros V5는 유효기간이 따로 없다.","3","","","·Kerberos V4와 V5는 패스워드공격에둘다 취약하다. 항목 커버로스 V4 커버로스 V5 암호화 DES만 지원 다양한 방식 알고리즘지원 네트워크 IPV4만지원 IPV4와IPV6 주소 모두지원 티켓 유효 ·고정,갱신불가 기간 최대시간제한 갱신가능 데이터 자체정의된 유형 기술 ASN.1사용 프로토콜 간단한형식","medium","","정보보안기사|필기|기출|백전백승 기출문제|2025년|1회|정보보안 일반","2026 수제비 정보보안기사 필기 기본서 · 백전백승 기출문제 · PDF 1120쪽 (인쇄 6-22) · 72번","2025","","","","","information-security-engineer"
"WRITTEN_CBT","정보보안 일반","다음이 설명하는 모델은 무엇인가? -1.2,3등급으로구성되어있고,1등급이가장높고,3등 급이가장 낮은 시스템이있다 -이시스템에서2등급은1등급의객체를읽을수있으 나수정할수없다.반대로2등급은3등급의객체를읽 을수없으나수정할수있다","벨-라파들라모델","비바모델 3) 클락-월슨모델 만리장성모델","","","2","","","비바 모델의 속성은 다음과 같다. No Read 높은등급의 주체는낮은 Down 등급의객체를읽을수없음 (단순 무결성 ·하위 레벨문서읽기금지,상위 속성) 레벨문서읽기허용 낮은등급의주체는상위 No Write Up 등급의객체를수정할 수없음 (스타(*) 무결성 속성) 상위레벨문서쓰기 금지,하위 레벨문서쓰기 허용","medium","","정보보안기사|필기|기출|백전백승 기출문제|2025년|1회|정보보안 일반","2026 수제비 정보보안기사 필기 기본서 · 백전백승 기출문제 · PDF 1121쪽 (인쇄 6-23) · 73번","2025","","","","","information-security-engineer"
"WRITTEN_CBT","정보보안 일반","실시간으로 인증서 유효성을 검증하는 OCSP(On- line Certificate Status Protocol)의 서비스가 아닌 것은?","ORS:온라인취소상태확인서비스","DPD:대리인증경로발견서비스","CRL:인증서폐기목록확인서비스","DPV:대리인증경로검증서비스","2","","","OCSP의 인증서 검증 서비스는 온라인 취소상태 확인서비스(ORS),대리 인증 경로 검증서비스(DPV), 대리 인증경로발견서비스(DPD)가 존재한다. CRL은 정기적 검사를 통한 인증서 유효성 검증 방식이다.","medium","","정보보안기사|필기|기출|백전백승 기출문제|2025년|1회|정보보안 일반","2026 수제비 정보보안기사 필기 기본서 · 백전백승 기출문제 · PDF 1121쪽 (인쇄 6-23) · 74번","2025","","","","","information-security-engineer"
"WRITTEN_CBT","정보보안 일반","다음중WAP 기반의서버와클라이언트간 인증을 위해,무선환경에 적합한인증서를발급,운영,관리 하는 구조는 무엇인가?","wTLS (Wireless Transport Layer Security)","W/PKI (Wireless Public Key Infrastructure)","WPA2 (Wi-Fi Protected Access 2)","WML (Wireless Markup Language)","2","","","·무선전송계층보안프로토콜로 WTLS 데이터 암호화와 무결성에중점 무선LAN(Wi-Fi)의 암호화 방식으로 WPA2 인증과는다름 무선단말기의콘텐츠표현을위한 WML 마크업언어","medium","","정보보안기사|필기|기출|백전백승 기출문제|2025년|1회|정보보안 일반","2026 수제비 정보보안기사 필기 기본서 · 백전백승 기출문제 · PDF 1122쪽 (인쇄 6-24) · 77번","2025","","","","","information-security-engineer"
"WRITTEN_CBT","정보보안 일반","Rabin 암호시스템에서 암호문의 제곱근을 구하여 복호화하면평문 후보가몇개나오는가?","1","3","","","4","","","Rabin암호체계는 소인수 분해 기반 공개키 암호(비대칭암호)이다. 중국인의 나머지 정리를 활용하여 4개의 평문을 만들 수있다 Rabin 암호 복호화 절차는 다음과 같다 평문을계산하기위한중간값인 Mp, Mq를 계산 Mp, Mq 계산 mod p $Mq = c{4+1 1 mod q 확장 유클리디안 알고리즘(Extended Euclidean y{py_$산 Algorithm)을 이용해서yp × p + yq xq =1을 만족하는y_ yq값을 계산 중국인의 나머지 정리(CRT: Chinese Remainder Theorem)를 활용하여 4개의평문을만들수 있고, 4개 평문 중 하나가 B가 생성한평문 r1 = (yp ×p ×Mq +yq ×q × 메시지 Mp) mod N (M) 복호화 F2 = (− yp ×p ×Mq − yq × q × Mp) mod N = N-r, r3 = (yp ×p ×Mq y,q ×q × Mp) mod N r4 = (− yp×p×Mq +yq×q× M p) mod N = N-r3","medium","","정보보안기사|필기|기출|백전백승 기출문제|2025년|1회|정보보안 일반","2026 수제비 정보보안기사 필기 기본서 · 백전백승 기출문제 · PDF 1123쪽 (인쇄 6-25) · 79번","2025","","","","","information-security-engineer"
"WRITTEN_CBT","정보보안 일반","XML디지털 서명의 유형이 아닌것은?","Enveloping Signature Enveloped Signature Detached Signature Keyinfo Signature","","","","4","","","XML 디지털 서명의 유형은 다음과 같다 대상 데이터가 Signature 구조 Enveloping 안에 존재하는방식 Signature XMLPayload내 패키지화된 데이터의 전자서명에 유리 대상데이터가밖에서 Signature Enveloped 구조를포함하는방식 Signature XML 문서일부또는전체를 전자서명에하는데유리 대상데이터가밖에 존재 Signature 구조를 미포함하는 Detached 방식 Signature URI주소로명시된리모트 위치에존재하는데이터를전자 서명","medium","","정보보안기사|필기|기출|백전백승 기출문제|2025년|1회|정보보안 일반","2026 수제비 정보보안기사 필기 기본서 · 백전백승 기출문제 · PDF 1123쪽 (인쇄 6-25) · 80번","2025","","","","","information-security-engineer"
"WRITTEN_CBT","정보보안 관리 및 법규","다음 문장에서설명하고있는 포렌식으로획득한증 거의 법적인 효력 보장을 위한 5대 원칙은? 증거는절차를통해정제되는과정을거칠수있다 예를 들면시스템에서삭제된파일이나 손상된 파일을복구 하는과정등을말한다이증거를법정에제출하기위해 서는같은환경에서는반드시 같은결과가생성되어야 하며만약같은환경에서서로다른결과가나온다면그 증거는법적으로 유효성을 인정받을 수없으며같은결 과와생성에 따른법적 유효성 보장과관련된원칙이다","정당성의원칙","재현의원칙","신속성의 원칙","연계보관성의원칙","2","","","정당성의 증거는적법한절차를거쳐서 수집해야 원칙 하며,위반시 증거 효력을상실 재현의 같은조건과상황에서항상같은결과 원칙 재현을보장 신속성의 증거수집과정은신속히 진행되어야 원칙 함 연계 증거는 획득,이송, 분석,보관,법정 보관성의 제출의일련의과정이명확하며,추적이 원칙 가능 무결성의 ·수집된정보는각단계를거치는","medium","","정보보안기사|필기|기출|백전백승 기출문제|2025년|1회|정보보안 관리 및 법규","2026 수제비 정보보안기사 필기 기본서 · 백전백승 기출문제 · PDF 1125쪽 (인쇄 6-27) · 85번","2025","","","","","information-security-engineer"
"WRITTEN_CBT","정보보안 관리 및 법규","다음중공공기관이개인정보파일을운용하거나변 경하는경우개인정보보호위원회에등록하여관리 가 필요한 사항이 아닌 것은?","개인정보파일의명칭","개인정보파일의운영근거및목적","개인정보파일의작성일시","개인정보파일에 기록되는개인정보의항목","3","","","개인정보보호법의 제32조개인정보파일의 등록및 공개에서 개인정보파일을운용하는경우 보호위원회에등록 사항에 대해 명시되어 있다. 개인정보파일을 운용하는 경우 보호위원회에등록 사항 명칭/운영 근거 및 목적/ 명운개처보제 개인정보의 항목/처리방법/","medium","","정보보안기사|필기|기출|백전백승 기출문제|2025년|1회|정보보안 관리 및 법규","2026 수제비 정보보안기사 필기 기본서 · 백전백승 기출문제 · PDF 1127쪽 (인쇄 6-29) · 91번","2025","","","","","information-security-engineer"
"WRITTEN_CBT","정보보안 관리 및 법규","다음중개인정보처리자의집단분쟁조정거부및집 단분쟁조정결과에대해수락거부시단체소송의제 기가가능한비영리민간단체의자격요건으로틀린 것은?","법률상또는사실상동일한침해를입은50명 이상의 정보주체로부터 단체소송의 제기를 요 청받을것","정관에개인정보보호를단체의목적으로명시한 후최근3년이상이를위한활동실적이있을것","단체의상시구성원수가5천명이상일것","중앙행정기관에등록되어있을것","1","","","개인정보보호법 51조'단체소송의 대상 등의 단체소송의제기가 가능한 비영리민간단체의 자격 요건이 명시되어 있다. 단체소송의제기가 가능한비영리민간단체의자격 요건 100명 이상의정보주체/3년이상 100삼5천행 이를위한활동실적/5천명이상/ 중앙행정기관에 등록","medium","","정보보안기사|필기|기출|백전백승 기출문제|2025년|1회|정보보안 관리 및 법규","2026 수제비 정보보안기사 필기 기본서 · 백전백승 기출문제 · PDF 1128쪽 (인쇄 6-30) · 92번","2025","","","","","information-security-engineer"
"WRITTEN_CBT","정보보안 관리 및 법규","다음중정보통신기반보호위원회에대한설명으로 옳은 것은?","정보통신기반보호위원회는과학기술정보통신 부소속으로,정보통신기반시설보호업무의 집행을담당하는기관이다.","","","","4","","","","medium","","정보보안기사|필기|기출|백전백승 기출문제|2025년|1회|정보보안 관리 및 법규","2026 수제비 정보보안기사 필기 기본서 · 백전백승 기출문제 · PDF 1128쪽 (인쇄 6-30) · 93번","2025","","","","","information-security-engineer"
"WRITTEN_CBT","정보보안 관리 및 법규","다음중개인정보가 유출등이되었음을알게되었을 때 72시간이내에신고해야 하는사항으로올바르지 않은 것은?","1천명이상의정보주체에관한개인정보가유 출등이된경우","민감정보 또는고유식별정보가유출등이된경 우","5천명이상의가명처리정보가유출된경우","개인정보처리시스템또는개인정보취급자가 개인정보처리에이용하는정보기기에대한외 부로부터의불법적인접근에의해개인정보가 유출등이된경우","3","","","개인정보보호법 시행령제40조에 따라다음각 호의어느하나에해당하는개인정보가 유출등이 되었음을 알게 되었을때에는72시간 이내에 신고해야한다 1.1천명이상의정보주체에관한개인정보가 유출등이된경우 2.민감정보 또는고유식별정보가유출등이 된경우 3.개인정보처리시스템 또는 개인정보취급자가 개인정보 처리에 이용하는정보 기기에대한 외부로부터의 불법적인 접근에 의해개인정보가 유출등이된경우","medium","","정보보안기사|필기|기출|백전백승 기출문제|2025년|1회|정보보안 관리 및 법규","2026 수제비 정보보안기사 필기 기본서 · 백전백승 기출문제 · PDF 1128쪽 (인쇄 6-30) · 94번","2025","","","","","information-security-engineer"
"WRITTEN_CBT","정보보안 관리 및 법규","다음중개인정보의안전성 확보조치기준에따른개 인정보처리시스템의 접속기록 보관및점검과관련 하여 잘못 설명된 것은?","개인정보처리자는개인정보취급자의접속기 록이 위·변조 및 도난,분실되지 않도록 안전하 게보관해야한다.","개인정보처리자는개인정보를 처리하는 시스 템에대해접속기록을월1회이상점검하여야 하며,특히 개인정보다운로드이력이발견되 었을경우에는내부관리계획에따라사유를반 드시확인해야 한다.","개인정보취급자가 개인정보처리시스템에접 속한기록은기본적으로6개월이상보관해야 하며,다만 5만명이상의정보주체의 정보를 처리하거나고유식별정보또는민감정보를처 리하는경우에는1년이상보관해야한다","개인정보처리시스템의 접속기록에는 접속자 의 식별자, 접속일시,접속지 정보 수행업무 처리한 정보주체의정보가 포함되어야하며 업무수행 내역에는 조회·변경·입력·삭제·출 력·다운로드등이 포함된다.","3","","","개인정보처리자는 개인정보취급자가 개인정보처리시스템에 접속한 기록을 1년 이상 보관·관리하여야한다 다만,5만명 이상의정보주체에관하여 개인정보를 처리하거나,고유식별정보 또는 민감정보를 처리하는 개인정보처리시스템의 경우에는 2년 이상 보관 관리하여야한다","medium","","정보보안기사|필기|기출|백전백승 기출문제|2025년|1회|정보보안 관리 및 법규","2026 수제비 정보보안기사 필기 기본서 · 백전백승 기출문제 · PDF 1129쪽 (인쇄 6-31) · 95번","2025","","","","","information-security-engineer"
"WRITTEN_CBT","정보보안 관리 및 법규","다음중 국내대리인지정제도에대한설명으로잘못 된것은?","국내대리인은정보통신서비스제공자등국외 사업자가 지정해야하며,개인정보보호법상 보호 책임자의 업무를대리 수행하는주체로서 서면지정을통해 효력이발생한다. 2 국내대리인은반드시 대한민국국적을 가진자 로지정되어야하며,개인정보관련고충처리 와자료제출을위해한국어로의사소통이가 능해야한다.","국내대리인은복수지정이가능하며, 하나의 국내대리인이다수의해외사업자를대리하는 것도허용된다.","국내대리인의 지정은개인정보처리방침에관 런내용을명시해야하며, 대리인의성명,주 소,연락처등을포함하여야한다","","2","","","국내대리인의 국적은반드시대한민국국적을가진 자로지정할 필요는 없다. 국내 이용자의 개인정보 고충 처리 및 당국과의 원활한 소통을위해한국어로의사소통이 가능한 자여야 하며,한국 내주소 또는영업소를 가진 자연인 또는법인이면지정이 가능하다.","medium","","정보보안기사|필기|기출|백전백승 기출문제|2025년|1회|정보보안 관리 및 법규","2026 수제비 정보보안기사 필기 기본서 · 백전백승 기출문제 · PDF 1129쪽 (인쇄 6-31) · 96번","2025","","","","","information-security-engineer"
"WRITTEN_CBT","정보보안 관리 및 법규","다음중개인정보 보호법 제34조에 따른""개인정 보 유출 통지 등""에 대한설명으로올바르지 않은것 은?","개인정보 유출사실을통지할 때는,정보주체 의불안감을고려하여유출항목 및 경위에대 한구체적인내용을생략할수있으며, 통지는 개인정보처리자가정해서신속하게진행할수 있다.","대통령령으로 정한규모이상의개인정보가유 출된 경우,개인정보처리자는 보호위원회 또 는지정된전문기관에 신고하여야하며,피해 확산방지와복구를위한기술지원을받을수 있다.","개인정보처리자는개인정보가유출된사실을 알게 된경우,유출된항목·시점·경위 및정보 주체가취할 수 있는대응방법등을 지체없이 해당정보주체에게통지하여야한다.","개인정보처리자는 개인정보가 유출된경우,그 피해를최소화하기위한대책을마련하고필요 한조치를하여야한다.","1","","","유출된개인정보의항목및유출된 시점과그경위 등은반드시구체적으로통지해야하며 통지의 시기 방법및절차등에관하여 필요한사항은 대통령령으로정한방법을 따라야 한다.","medium","","정보보안기사|필기|기출|백전백승 기출문제|2025년|1회|정보보안 관리 및 법규","2026 수제비 정보보안기사 필기 기본서 · 백전백승 기출문제 · PDF 1130쪽 (인쇄 6-32) · 98번","2025","","","","","information-security-engineer"
"WRITTEN_CBT","정보보안 관리 및 법규","개인정보의안전성확보조치기준에 따른내부관리 계획의 필수 포함 사항에 해당하지 않는 것은?","개인정보보호책임자및개인정보취급자의역 할및책임에관한사항","개인정보처리시스템의운영위탁에따른외부 개발자보안점검에관한사항","개인정보유출사고대응계획의수립및시행 에관한사항","개인정보의분실·도난·위조·변조를방지하기 위한악성프로그램등방지에관한사항","2","","","외부 개발자보안점검에대한사항은내부 관리계획의 필수 포함사항이 아니다","medium","","정보보안기사|필기|기출|백전백승 기출문제|2025년|1회|정보보안 관리 및 법규","2026 수제비 정보보안기사 필기 기본서 · 백전백승 기출문제 · PDF 1131쪽 (인쇄 6-33) · 99번","2025","","","","","information-security-engineer"
"WRITTEN_CBT","시스템 보안","다음중원도우보안에대한설명으로올바르지 않은 것은?","일반적으로관리자 계정을Administrator로설 정한경우,로그인시도실패횟수의제한이없 는점을이용해악의적인사용자가패스워드 유추공격을시도할수있으므로관리자계정 의이름을변경한다.","Guest 계정은불필요한 경우사용하지못하도 록변경해야한다.","보안관리편의성을위하여관리업무를위한 계정과일반업무를위한계정을통합해서사 용해야한다.","자동화된방법을이용하여공격자는모든사용 자계정에대해암호조합공격을시도할수있 으므로계정잠금임계값설정을적용하여로 그인실패횟수를제한하여야한다","2","","","일반사용자권한으로부터 받을수있는시스템 피해를줄이기위해서관리업무를위한계정과일반 업무를 위한계정을 분리하여사용해야한다.","medium","","정보보안기사|필기|기출|백전백승 기출문제|2025년|2회|시스템 보안","2026 수제비 정보보안기사 필기 기본서 · 백전백승 기출문제 · PDF 1132쪽 (인쇄 6-34) · 1번","2025","","","","","information-security-engineer"
"WRITTEN_CBT","시스템 보안","다음중리눅스계정관리파일/etc/shadow를통해 서알수없는 것은 무엇인가?","사용자의계정이름","암호화된패스워드","패스워드최소길이","","3","","","","medium","","정보보안기사|필기|기출|백전백승 기출문제|2025년|2회|시스템 보안","2026 수제비 정보보안기사 필기 기본서 · 백전백승 기출문제 · PDF 1132쪽 (인쇄 6-34) · 2번","2025","","","","","information-security-engineer"
"WRITTEN_CBT","시스템 보안","프로그램이 자동으로실행되도록설정하는레지스 트리가 아닌 것은?","HKLMSoftwarelMicrosoft windows\Current- Version Run","HKCUSoftware\Microsoft Windows)Current- Version\Run","","","4","","","","medium","","정보보안기사|필기|기출|백전백승 기출문제|2025년|2회|시스템 보안","2026 수제비 정보보안기사 필기 기본서 · 백전백승 기출문제 · PDF 1132쪽 (인쇄 6-34) · 3번","2025","","","","","information-security-engineer"
"WRITTEN_CBT","시스템 보안","HKLMSoftware Microsoft Windows\Current- VersionRunOnce","HKCUSoftwarelMicrosoft windows)Current- VersionRunServicesOnce","","","","4","","","개별사용자 HKCUSoftware'Microsofti 지속용 CurrentVersion'Run 개별사용자 HKCUSoftwareMicrosoft 일회용 CurrentVersionRunOnce 전체사용자 HKLMSoftwareVMicrosofti 지속용 CurrentVersionVRun 전체사용자 HKLMSoftwareMicrosoftl 일회용 CurrentVersioniRunOnce","medium","","정보보안기사|필기|기출|백전백승 기출문제|2025년|2회|시스템 보안","2026 수제비 정보보안기사 필기 기본서 · 백전백승 기출문제 · PDF 1132쪽 (인쇄 6-34) · 3번","2025","","","","","information-security-engineer"
"WRITTEN_CBT","시스템 보안","현재계정에서시스템의고유한1D에해당하는필드 2? The SID for account NEWGENERATIONWadministrator is S-1-5-21-2028850195-2427467754-1453335798-500","","번영역","ㄴ번영역","ㄷ번영역","3","","","수정수준 SID의버전번호 (Revision Level) 식별자기관값 SID가어떤기관에서 (Identifier 생성되었는지를명시 Authority Value) 도메인식별자 (Domain ·시스템의 고유한 식별자 Identifier) 기본적으로생성되는기본 계정이 아니라면 상대 식별자 1,000보다 큰숫자로생성 (Relative •Administrator의 경우 Identifier) 500번, Guest는 501번 일반사용자는1000번 이상의 숫자를 보유","medium","","정보보안기사|필기|기출|백전백승 기출문제|2025년|2회|시스템 보안","2026 수제비 정보보안기사 필기 기본서 · 백전백승 기출문제 · PDF 1133쪽 (인쇄 6-35) · 5번","2025","","","","","information-security-engineer"
"WRITTEN_CBT","시스템 보안","리눅스에서리모트로그인시사용되는rlogin에서 접속가능한호스트를미리설정해두는 파일은?","/etc/hosts, allow","/etc/hosts, deny","/etc/hosts, equiv","/etc/host, login","3","","","·특정한클라이언트에게만 서비스를 hosts.allow 허용하는역할을하는파일 특정한클라이언트에게만 서비스를 hosts.deny 거부하는역할을하는파일 r로시작하는명령어(rsh, rlogin 등)를 hosts.equiv 통해서버로접속할때접속가능한 호스트를미리설정해두는파일","medium","","정보보안기사|필기|기출|백전백승 기출문제|2025년|2회|시스템 보안","2026 수제비 정보보안기사 필기 기본서 · 백전백승 기출문제 · PDF 1133쪽 (인쇄 6-35) · 6번","2025","","","","","information-security-engineer"
"WRITTEN_CBT","시스템 보안","다음의 리눅스 파일 시스템에서 setuid, setgid, sticky bit 설명으로 옳은 것은?","파일에setuid가걸려있어도걸으로는알수없다","파일에대한 접근권한이7777이면문자로는 rwsrwgrwt로 표시된다.","setuid 비트가설정된파일을실행하면파일소 유자권한으로수행된다.","소유주가 루트인파일에 setuid 비트가설정되 어있을경우특수권한은무시된다","4","","","·파일에 setuid가 걸려있을 경우 소유자의 실행 권한에s나S로표기된다. 파일에대한접근권한이7777이면문자로는 rwsrwsrwt로 표시된다. 소유주에관계없이 setuid 특수권한이 동작한다. 파일의 특수권한은다음과같다. ·소유자의실행 권한(x)이 있을 때 소유자의실행권한×대신에s가 setuid 들어가고, 소유자의실행권한(x)이 없을때 소유자의실행 권한이 없다는 표시인-대신에 S가 들어감 소유그룹의 실행 권한(x)이 있을 때 소유그룹의실행권한×대신에s가 setgid 들어가고, 소유그룹의실행권한(x)이 없을때소유그룹의실행권한이 없다는 표시인-대신에 S가들어감 ·기타사용자권한의실행권한(x)이 있을때기타사용자권한의실행권한 sticky ×대신에 t가들어가고, 기타 사용자 bit 권한의 실행 권한(x)이 없을 때 기타 사용자권한의실행권한이 없다는 표시인-대신에 T가들어감","medium","","정보보안기사|필기|기출|백전백승 기출문제|2025년|2회|시스템 보안","2026 수제비 정보보안기사 필기 기본서 · 백전백승 기출문제 · PDF 1134쪽 (인쇄 6-36) · 8번","2025","","","","","information-security-engineer"
"WRITTEN_CBT","시스템 보안","다음중현재시스템에로그인한사용자의상태정보 를 출력하는 로그파일은 무엇인가?","wtmp","utmp 3) last","secure","","2","","","현재 시스템에 로그인한 사용자의 상태 정보를 출력하는 로그 파일은 utmpo다. 현재 시스템에로그인한사용자의상태 utmp 정보를출력하는로그파일 사용자의성공한로그인 및로그아웃 정보,시스템부팅 및 셋다운 정보 wtmp 재부팅(reboot) 정보를 저장하고있는 로그파일","medium","","정보보안기사|필기|기출|백전백승 기출문제|2025년|2회|시스템 보안","2026 수제비 정보보안기사 필기 기본서 · 백전백승 기출문제 · PDF 1134쪽 (인쇄 6-36) · 10번","2025","","","","","information-security-engineer"
"WRITTEN_CBT","시스템 보안","John the Ripper, LOphtCrack, ipccrack은 무엇을 목적으로 하는공개용취약점 점검도구인가?","Port Scanning","Password Crack","Keylog Software BackTrack","","2","","","John the ·원도우와리눅스,Mac모두지원이 Ripper 되는패스워드공격도구 SAM파일등을이용해원격서버나 LOphtcrack PC에 대한패스워드취약점 점검 도구 ·원도우에서 패스워드를덤프할수 Pwdump 있는 도구 미리정해진 목록인사전공격을 ipccrack 이용해 패스워드취약성을점검하는 도구","medium","","정보보안기사|필기|기출|백전백승 기출문제|2025년|2회|시스템 보안","2026 수제비 정보보안기사 필기 기본서 · 백전백승 기출문제 · PDF 1135쪽 (인쇄 6-37) · 13번","2025","","","","","information-security-engineer"
"WRITTEN_CBT","시스템 보안","다음중리눅스패스워드 파일(etc/passwd)에서 웹 스크립트실행을 차단하는설정 값으로옳은 것은?","/bin/nobash","/bin/false","/bin/nosh","/bin/bash","2","","","리눅스의 /etc/passwdo서 쉐 스크립트실행을 차단하기 위해서는다음과 같은설정이 필요하다. /sbin/ 사용자가로그인할때메시지 nologin 출력하고세션종료 /bin/ ·로그인시별도의동작없이즉시 false 로그아웃되도록 설정","medium","","정보보안기사|필기|기출|백전백승 기출문제|2025년|2회|시스템 보안","2026 수제비 정보보안기사 필기 기본서 · 백전백승 기출문제 · PDF 1136쪽 (인쇄 6-38) · 15번","2025","","","","","information-security-engineer"
"WRITTEN_CBT","시스템 보안","다음코드에서 발생가능한 취약점은 무엇인가? #indude <string.h> int main(int argc, char **argv) char str1[100]: gets(str); retum O; ^","Das","Land Attack","Buffer Overflow","XSS","3","","","문자100개를이용한 변수인st1에 별도의 개수 제한이없는 gets를 통한 입력값을 받음에 따라 100개 넘어가는 경우 배열을 벗어난 메모리에 덮어쓰기를 통해 Buffer Overflow가 발생 가능하다.","medium","","정보보안기사|필기|기출|백전백승 기출문제|2025년|2회|시스템 보안","2026 수제비 정보보안기사 필기 기본서 · 백전백승 기출문제 · PDF 1136쪽 (인쇄 6-38) · 18번","2025","","","","","information-security-engineer"
"WRITTEN_CBT","시스템 보안","다음명령어수행후soojebi의 속성에관한설명으 로옳은 것은? $ chmod 4755 soojebi","실행하는사용자권한에상관없이soojebi는소 유자권한으로실행된다.","실행하는 사용자권한에상관없이so이jebi는 root권한으로실행된다.","해당파일은모두에게쓰기권한이 있다","파일은소유자 계정으로만 읽기가가능하다.","1","","","기타 소유자 소유그룹 특수 권한 권한 권한 사용자 권한 4 2 1 4 2 1 4 2 1 4 2 1 sticky setuid setgid r W x r W X r W X bit soojebi 파일은 4755이므로 특수권한 중setuid가 있고, 소유자 권한은 읽기(4)/쓰기(2)/실행(1), 소유그룹 권한은읽기(4)/실행(1), 기타 사용자 권한은 읽기(4)/실행(1)이 있다. ·soojebi 파일은 setuid 권한이 있으므로 일시적으로 파일 소유자의권한을얻어 실행할 수있다. soojebi파일은 소유자를제외하고는 쓰기 권한이 없다. soojebi파일은 소유자, 소유그룹, 기타 사용자모두 읽기가 가능하다","medium","","정보보안기사|필기|기출|백전백승 기출문제|2025년|2회|시스템 보안","2026 수제비 정보보안기사 필기 기본서 · 백전백승 기출문제 · PDF 1137쪽 (인쇄 6-39) · 19번","2025","","","","","information-security-engineer"
"WRITTEN_CBT","네트워크 보안","다음과 같은출력결과를확인할수있는라우터명 령어는 무엇인가? Router# Interface IP-Address Method Status Protocol FastEthernet0/0 192168.1.1 manual up up FastEthernet0/1 unassigned unset administratively down down GigabitEtheretO/0 10.1.1.1 manual up up GigabitEthernet0/1 10.1.2.1 manual up up Serialo/0/0 172.16.1.1 manual up up administratively Serial0/0/1 unassignedl unset down down Loopbacko 192.168100.1 manual up up","show ip interfaces","show ip interface brief","show ip route","show running-config","2","","","show ip interface brief 명령어는 간단한 요약 형태로전체인터페이스의기본상태를한눈에 보여주는 명령어이다. 인터페이스 이름 IP 주소, 인터페이스 상태(Status/ Protocol) 등을 간략한 요약 형태로 보여주어 빠른 상태 점검,장애추적,인터페이스UP/DOWN상태 확인등이 가능하다. FastEtherneto/0 포트는정상 작동 중 FastEtherneto/1 포트는관리자가shutdown 명령으로비활성화 GigabitEtherneto/0 포트는 정상 작동 중인 고속기가비트 포트 GigabitEtherneto/1 포트는정상 작동 중인 고속 기가비트포트 Serialo/이/o 포트는시리얼 포트가 정상 작동 중 Serialo/O/1 포트는 설정되지 않았고 shutdown 상태 LoopbackO는가상인터페이스로,항상 ""논리적으로활성화된(up)""상태로유지","medium","","정보보안기사|필기|기출|백전백승 기출문제|2025년|2회|네트워크 보안","2026 수제비 정보보안기사 필기 기본서 · 백전백승 기출문제 · PDF 1138쪽 (인쇄 6-40) · 21번","2025","","","","","information-security-engineer"
"WRITTEN_CBT","네트워크 보안","리눅스환경에서트래픽을 분석하기위해MRTG(- Multi Router Traffic Grapher)를 사용한다.다음중 MRTG를 설치 및 수행하는데 필요 없는 프로그램 은?","C Compiler","Perl","Gd Library","","4","","","MRTG의설치및수행을위해서는다음과같은 프로그램이 필요하다 C 프로그램컴파일을위해설치가 Compiler 요구 MRTG스크립트를실행하는데 Perl 사용 그래프를생성하기위한그래픽 Gd Library 라이브러리","medium","","정보보안기사|필기|기출|백전백승 기출문제|2025년|2회|네트워크 보안","2026 수제비 정보보안기사 필기 기본서 · 백전백승 기출문제 · PDF 1138쪽 (인쇄 6-40) · 23번","2025","","","","","information-security-engineer"
"WRITTEN_CBT","네트워크 보안","다음에서설명하는 보안 공격은 무엇인가? -공격자는출발지P를공격대상P로위조하여다수의 반사서버로요청 정보를 전송, 공격대상자는반사서 버로부터 다량의응답을받아서서비스 거부가 되는 공격이다 -봇넷기기들이 직접 공격을 수행하는것이 아니라증 폭공격에 활용되는서비스를제공하는 서버,서버 역 할을 할 수있는 단말 장비(네트워크장비 공유기등) 까지 공격기기로 이용한다","DRDoS","ICMP Flooding","UDP Flooding","Ping of Death","1","","",". 출발지IP를공격대상 IP로위조하여다수의반사 서버로 요청정보를 전송,반사서버로부터 다량의 응답을받아서 서비스 거부가 되는 공격은DRDoS 공격이다.","medium","","정보보안기사|필기|기출|백전백승 기출문제|2025년|2회|네트워크 보안","2026 수제비 정보보안기사 필기 기본서 · 백전백승 기출문제 · PDF 1139쪽 (인쇄 6-41) · 25번","2025","","","","","information-security-engineer"
"WRITTEN_CBT","네트워크 보안","공격자는다음과같이hping3도구를이용해네트워 크 브로드캐스트주소(192.168.0.255)로1CMP 패킨 을 대량 전송하였다.이때 출발지 IP는 10.10.10.5로 위조하였다.다음명령과 가장관련이 있는 공격은? hping3 192.168.0.255 -a 10.10.10.5 --iamp —flood","Ping of Death","Land Attack","Teardrop","Smurf","4","","","hping3은리눅스(Linux)용 무료 패킨생성 및분석 둘이다. hping3은 TCP, UDP, ICMP 등여러 프로토콜을 지원하며DoS공격을할수있는해킹 도구로도 사용할 수있다. hping3 [브로드캐스트 주소]-a[대상자 IP]-icmp—flood IP 10.10.10.5를 목적지로 설정하고 브로드캐스트 주소인 192.168.0.255를 이용하여 다량의 ICMP 프로토콜을 전송하는 공격은Smurf 공격이다.","medium","","정보보안기사|필기|기출|백전백승 기출문제|2025년|2회|네트워크 보안","2026 수제비 정보보안기사 필기 기본서 · 백전백승 기출문제 · PDF 1139쪽 (인쇄 6-41) · 27번","2025","","","","","information-security-engineer"
"WRITTEN_CBT","시스템 보안","TE TE 유형은 Transfer-Encoding: chunked 헤 더가중복되어있을때서버간해석차이로인 해발생할수있다","","","","","2","","","·CLTE 유형은 프론트엔드가 Content-Length, 백엔드가 Transfer-Encoding: chunked를 해석","medium","","정보보안기사|필기|기출|백전백승 기출문제|2025년|2회|시스템 보안","2026 수제비 정보보안기사 필기 기본서 · 백전백승 기출문제 · PDF 1140쪽 (인쇄 6-42) · 4번","2025","","","","","information-security-engineer"
"WRITTEN_CBT","네트워크 보안","다음 문장에서괄호안에 들어갈 단어는? 침입 탐지시스템(IDS;Intrusion Detection System)은 대 상시스템의 보안정책을파괴할수있는침입들을실시 간으로탐지하는기능을가진보안시스템이다탐지영 역을 중심으로 분류하면 시스템 내부에설치되어 내부 사용자나 외부사용자의 비인가적행위나 해킹시도를 탐지하는()와네트워크상의 패킨 정보를 분석해서 공격을 탐지하는()로 분류할 수 있다. 또한, 탐지 방법 을 중심으로 분류하면 알려진 축적된 공격 정보를 이용 해(©)를 탐지하는(",")정상 행위와 비정상 행위를 분 류해 이를기준으로 사용자의 행위가 정상행위인지에 대한 여부를 조사함으로써 ()를 탐지하는()으로 분류할수있다",": Network-based IDS, ©: Host-based IDS, © Behavior-base, @: Misused Detection, ©: Knowledge-base, ⑤: Anomaly Detection",": Network-based IDS, : Host-based IDS, 2 )Behavior-base, @: Anomaly Detection, ©: Knowledge-base, ©: Misused Detection",": Host-based IDs, : Network-based IDS, Knowledge-base,","3","","","IDS의 유형에 대한설명은 다음과 같다. 호스트 기반 ·호스트컴퓨터에 저장된로그 IDS 정보를이용하여침입을 (HIDS) 탐지하는방식 네트워크기반 •IDS와 통신망을통해전송되는 IDS 패킷데이터를분석하여침입 (NIDS) 여부를판정 오용침입탐지 ·특정공격에관한축적된 (Misuse) 지식을바탕으로패턴차단 이상침입탐지 ·사용자의 행동패턴을 분석 (Anomaly) 정상사용패턴과비교해 이상 패턴발견을침입으로간주","medium","","정보보안기사|필기|기출|백전백승 기출문제|2025년|2회|네트워크 보안","2026 수제비 정보보안기사 필기 기본서 · 백전백승 기출문제 · PDF 1140쪽 (인쇄 6-42) · 28번","2025","","","","","information-security-engineer"
"WRITTEN_CBT","네트워크 보안","다음 중 HTTP 요청 스머글링(HTTP Request Smug- gling)에 대한 설명으로 옳지 않은 것은 무엇인가?","HTTP 요청 스머글링은 서버간HTTP 요청처 리방식의불일치를악용하여악의적인요청을 은닉하는공격 기법이다.","CL.TE 유형은백엔드 서버가 Content-Length 헤더를,프론트엔드 서버는 Transfer-Encoding 헤더를우선적으로처리할때발생한다","TE, CL 유형은 프론트엔드 서버는 Transfer-En- coding을 우선적으로 해석하고 백엔드 서버는 Content-Length를 기준으로해석할때발생한다.","","2","","","","medium","","정보보안기사|필기|기출|백전백승 기출문제|2025년|2회|네트워크 보안","2026 수제비 정보보안기사 필기 기본서 · 백전백승 기출문제 · PDF 1140쪽 (인쇄 6-42) · 30번","2025","","","","","information-security-engineer"
"WRITTEN_CBT","네트워크 보안","포트스캐너로 유명한 Nmap에서대상시스템의운 영체제를판단할때이용하는기법을가장잘표현하 고있는 것은?","Telnet 접속 시운영체제가 표시하는 고유한문 자열을분석하는배너그래빙(banner grabbing)","운영체제별로지원하는서비스및열려있는포 트의차이","운영체제별로고유한식별자탐지","TCP/IP 프로토콜표준이명시하지않은 패킷 처리기능의운영체제별구현","4","","","NMAP은nmap-O명령어를이용하여운영체제를 탐지할 수 있다. NMAP은 TCP/IP프로토콜의 표준에 명확히 정의되지 않은 패킨 처리 방식의 차이를 이용하여 운영체제별 고유한 응답 특성을 분석할 수 있고,이를 통해 운영체제 식별 등의 기능을 수행할 수 있다. 32 2 2016년에처음발견되었으며, IP카메라나가정용 라우터와같은loT장치를주요공격대상으로삼는 DDoS 공격용 봇넷은? ①님다(Nimda) ② 미라이(Mirai) ③스덕스넷(Stuxnet) ④SQL슬래머(Slammer) 2016년에 처음발견되었으며 IP 카메라나 가정용 라우터와 같은 IoT 장치를 주요 공격 대상으로 삼는 DDoS 공격용 봇넷은미라이(Mirai)이다. 2001년에 유행한 컴퓨터 월으로 님다 이메일, 웹서버,파일공유등 (Nimda) 다양한전파경로를통해확산 . 2010년에발견된 산업용 스턱스넷 시스템을공격하는웜으로,주로 (Stuxnet) 원심분리기같은산업제어 시스템을표적 SQL 2003년에발생한워으로, MSSQL 슬래머 서버의취약점을악용하여네트워크 (Slammer) 대역폭을 고갈시키는 공격","medium","","정보보안기사|필기|기출|백전백승 기출문제|2025년|2회|네트워크 보안","2026 수제비 정보보안기사 필기 기본서 · 백전백승 기출문제 · PDF 1141쪽 (인쇄 6-43) · 31번","2025","","","","","information-security-engineer"
"WRITTEN_CBT","네트워크 보안","다음 문장은 어떤스푸핑(Spoofing) 공격인가? 32bit IP 주소를 48bit의 네트워크 카드주소[MAC Ad- dress로 대응시켜주는 프로토콜로실제 IP주소를통해 네트워크연결을시도하면 TCP/IP에서는해당 P에 해당 하는네트워크카드주소를찾아연결하게된다이더넷환 경에서 공격대상자의 Cache 테이블에 공격자가 원하는 IP 에대한네트워크카드주소IMAC AddreSs) 쌍을업데이트 하여 공격 대상자의 패킨 흐름을 공격자가 원하는 방향으 로조절하여공격하는기술이다","e-mail 스푸핑","IP스푸핑","DNS스푸핑","ARP스푸핑","1","","","MAC주소를자신의 MAC주소로 위조하여패킨을 중간에 가로채는 공격은ARP 스푸핑 공격이다.","medium","","정보보안기사|필기|기출|백전백승 기출문제|2025년|2회|네트워크 보안","2026 수제비 정보보안기사 필기 기본서 · 백전백승 기출문제 · PDF 1142쪽 (인쇄 6-44) · 35번","2025","","","","","information-security-engineer"
"WRITTEN_CBT","네트워크 보안","다음중 IPSec의 보안연관(SA) 매개변수에 대한설 명으로 잘못된 것은?","보안 매개변수 색인(SPI)은 수신자가SA를구 분하기 위한식별자로,패킷의재사용방지에 이용된다.","AH정보는무결성과출처인증을위한매개변 수로,IP헤더의변하지않는필드만을무결성 체크에 포함하고,HMAC을사용해Authenti- cationData의무결성을 검증한다","재생공격방지원도우는 패킷의 중복전송을 막기 위해사용되며, 수신측에서이미 수신된 패킨의 시권스 번호를추적할 수 있다.","ESP 정보로 데이터 기밀성, 무결성, 출처인증 을제공하는데필요한설정을수행할수있다","2","","","패킨의재사용방지에 이용되는것은순서번호 카운터(Sequence Number Counter)o다. E","medium","","정보보안기사|필기|기출|백전백승 기출문제|2025년|2회|네트워크 보안","2026 수제비 정보보안기사 필기 기본서 · 백전백승 기출문제 · PDF 1142쪽 (인쇄 6-44) · 36번","2025","","","","","information-security-engineer"
"WRITTEN_CBT","네트워크 보안","다음중침입 탐지 시스템에 방화벽의차단기능을 부가한시스템으로내부네트워크로들어오는패킨 의IP주소또는포트번호등을분석한후,접근을차 단하는 시스템은?","UTM IPS","NAT FDS","","","2","","","침입탐지시스템에방화벽의 차단 기능을 부가한 시스템으로 내부 네트워크로 들어오는 패킷의 IP 주소 또는 포트 번호 등을분석한 후 접근을 차단하는 시|스템은IPS(Intrusion Prevention System)o다.","medium","","정보보안기사|필기|기출|백전백승 기출문제|2025년|2회|네트워크 보안","2026 수제비 정보보안기사 필기 기본서 · 백전백승 기출문제 · PDF 1143쪽 (인쇄 6-45) · 39번","2025","","","","","information-security-engineer"
"WRITTEN_CBT","네트워크 보안","다음은시스템의성능저하에 대한원인을 확인하기 위해 네트워크패킨을덤프한결과이다.공격유형과 대응 방안으로 옳은 것은? Na Tme Source Desination Protocol Lngth Info 1 0.000000 (urknown) 192168,100.50 TOP 60 1065- 80 [SYM] Seq=0 Wn=0 Len=0 2 0.000004 (urknomn) 192168,10050 TOP 60 960+ 80 [SYN] Seq=0 Win=0 Len=0 3 0.000006 (urkn0wn] 192168.100.50 T0P 60 45371+ 80 [5YN]Seo=0 Win=0 Len=0 4 0.000008 (urknown) 192168,100.50 TOP 60 58218- 80 [SrN]Seq=0 Win=0 Lenp0 5 0.,000010 (unknown) 192.168100.50 TOP 60 36743→ 80 [SYN]Seq=0 Win=0 Len=) 6 0,000012 (urknown) 192 168.10050 TOP 60 32836→80 [SYN] Seq=0 An=0Len=0 7 0,00003 (unknown) 192.168.10050 TOP 60 43904→ 80 [SrN]Seq=0 Win=0 Len=0 0 0.000015 (unknown] 192.168.100.50 TOP 60 18706- 80 [SYN]Seq=0 Win=0 Len=0 9 0.000016 (urknown] 192.168.100.50 TOP 60 27738+ 80 [SYN]Seq=0 Win=0 Len=) 10 0.000018 (unknown] 192168100.50 TP 60 2974→ 80 [SrN]Seq=0 Win-0 Len=0","TCP Syn Flooding 공격이며, L2 스위치를서버 앞에설치하여부하를줄인다.","TCP Syn Flooding 공격이며,짧은 시간 대량의 Syn패키을 전송하는 접속을 차단한다.","80 포트를사용하는웹 서버에대한 HTTP Cache-Control 공격이며,전송하는 패킷의 Cache-Control 옵션을 확인하여 공격 패킷을 차단한다","80 포트를 사용하는 웹 서버에 대한 GET Flooding공격이며, 지정시간내임계치를초 과하여동일한웹페이지에접속하는패킷을","2","","","","medium","","정보보안기사|필기|기출|백전백승 기출문제|2025년|2회|네트워크 보안","2026 수제비 정보보안기사 필기 기본서 · 백전백승 기출문제 · PDF 1143쪽 (인쇄 6-45) · 40번","2025","","","","","information-security-engineer"
"WRITTEN_CBT","어플리케이션 보안","다음중FTP에서IP정보는몇번 포트를통해 전송 되는가?","4900번포트","20번포트","21번포트","4000번포트","3","","","제어연결에사용되는21번 포트를통해 IP 정보 명령어 등이 전송된다.","medium","","정보보안기사|필기|기출|백전백승 기출문제|2025년|2회|어플리케이션 보안","2026 수제비 정보보안기사 필기 기본서 · 백전백승 기출문제 · PDF 1143쪽 (인쇄 6-45) · 41번","2025","","","","","information-security-engineer"
"WRITTEN_CBT","어플리케이션 보안","다음에서설명하는보안대책은어떤공격에대한보 안대책인가? 사용자가 입력한문자열의< >&""""등을문자 변환 함수나메서드를사용하여&t, &gt&amp로치환한 다 사용자입력값에대한검증은 반드시 서버단에서해 야한다 HTML태그를허용하는게시판에서는지원하는 HTML 태그의리스트를선정한후해당태그만허용 하는방식을 적용한다.","xsS(Cross-Site Scripting)","GET Flooding","SQL Injection","Heartbleed","1","","","","medium","","정보보안기사|필기|기출|백전백승 기출문제|2025년|2회|어플리케이션 보안","2026 수제비 정보보안기사 필기 기본서 · 백전백승 기출문제 · PDF 1145쪽 (인쇄 6-47) · 47번","2025","","","","","information-security-engineer"
"WRITTEN_CBT","어플리케이션 보안","다음중 특정도메인의위임권한을가진 Authorita- tive 네임 서버(DNS) 구성시 기본충족 요건에 대한 설명으로 틀린 것은?","Failover를위해1차는해당도메인의Zone 설 정을가지고 있는 Authoritative로 구성하고, 2 차는ISP에서 제공하는리커시브(Recursive)로 구성하는것이좋다","2대로구성 시에는서로다른네트워크로분산 구성하는것이좋다","방화벽을구성한다면inbound 53/udp 및53/ tcp에대해 허용하여야한다","가급적DNS서버에는웹서버나DB등다른용 도와혼합하여사용하지않는것이좋다.","1","","","재귀(리커시브)DNS는캐시기반 질의응답을위한 서버이지 도메인 네임을Authoritative하게 관리하지 않는다. 1차(Primary)와 2차(Secondary)는 모두 해당 도메인의존정보를 가지고있어야하며,2차도 반드시 권한 있는(Authoritative) DNS여야 Failover 시올바르게 응답할 수있다.","medium","","정보보안기사|필기|기출|백전백승 기출문제|2025년|2회|어플리케이션 보안","2026 수제비 정보보안기사 필기 기본서 · 백전백승 기출문제 · PDF 1146쪽 (인쇄 6-48) · 51번","2025","","","","","information-security-engineer"
"WRITTEN_CBT","어플리케이션 보안","다음중웹애플리케이션보안중입력값검증취약점 으로나타날 수 있는 공격으로 올바르지 않은 것은?","xsS","SQL Injection","CSRF","오류메시지를통한정보노출","4","","","입력값 검증 취약점으로발생할 수 있는 공격에는 XSS, CSRF, SQL Injection, OS Command Injection 등이 있다.","medium","","정보보안기사|필기|기출|백전백승 기출문제|2025년|2회|어플리케이션 보안","2026 수제비 정보보안기사 필기 기본서 · 백전백승 기출문제 · PDF 1147쪽 (인쇄 6-49) · 52번","2025","","","","","information-security-engineer"
"WRITTEN_CBT","어플리케이션 보안","다음은 전자화폐에서사용되는프로토콜에대한설명이 다.지문에서설명한 프로토콜을올바르게나열한것은? (가) 사용자와은행사이에서수행되는프로토콜로은행 이사용자에게전자화폐를발급해 주는절차를명 세한프로토콜이다 (나) 사용자와상점사이에서수행되는 프로토콜로사용 자가구매대금으로자신의전자화폐를상점에지 불하는과정을명세한 프로토콜이다 (다)상점과은행사이에서수행되는프로토콜로상점이 사용자로부터받은 전자화폐를은행이 결제해주는 프로토콜이다","(가): 인출 프로토콜(나): 지불 프로토콜(다): 예치프로토콜","(가): 인출 프로토콜(나): 예치 프로토콜(다): 지불프로토콜","(가): 지불 프로토콜(나): 인출 프로토콜(다): 예치프로토콜","(가): 예치 프로토콜(나): 지불 프로토콜(다): 인출프로토콜","1","","","전자화폐 시스템은 사용자,상점서버, 금용기관으로 구성되어 있다. ·상점과은행사이에서수행되는 예치 프로토콜 프로토콜 (Deposit - 상점이 사용자로부터 받은 Protocol) 전자화폐를은행이결제해주는 프로토콜 ·사용자와상점사이에서 지불 프로토콜 수행되는 프로토콜 (Payment 사용자가구매대금으로자신의 Protocol) 전자화폐를상점에지불하는 과정을명세한 프로토콜 사용자와은행사이에서 인출프로토콜 수행되는 프로토콜 (Withdrawal 은행이 사용자에게 전자화폐를 Protocol) 발급해주는절차를명세한 프로토콜","medium","","정보보안기사|필기|기출|백전백승 기출문제|2025년|2회|어플리케이션 보안","2026 수제비 정보보안기사 필기 기본서 · 백전백승 기출문제 · PDF 1147쪽 (인쇄 6-49) · 54번","2025","","","","","information-security-engineer"
"WRITTEN_CBT","어플리케이션 보안","와이어샤크(WireShark) 프로그램을 이용하여 POP3 트래픽을점검할 때, 어떤포트를검색해야하 는가?","143","25","110","125","2","","","25 SMTP 110 POP3 143 IMAP","medium","","정보보안기사|필기|기출|백전백승 기출문제|2025년|2회|어플리케이션 보안","2026 수제비 정보보안기사 필기 기본서 · 백전백승 기출문제 · PDF 1148쪽 (인쇄 6-50) · 55번","2025","","","","","information-security-engineer"
"WRITTEN_CBT","어플리케이션 보안","이메일 클라이언트를이용해 이메일을발송하는경 우SMTP가사용된다.인증절차후이메일을발송하 는 절차로옳은 것은?","EHLO > MAIL > RCPT > DATA > QUrT","EHLO > AUTH > RCPr > MAIL > DATA > QUIT","AUTH > EHLO > RCPr > DATA > QUrT","AUTH > EHLO > RCPT > MAIL > DATA > QUIT","2","","","메시지 전송 과정은 연결설정(Connection Establishment)→ 인증(Authentication)→ 봉투(Envelope)→메시지(Message)→연결 종료(Connection Termination)순으로 진행한다. 메시지 전송 과정에 사용되는 명령어는 연결 설정에 HELO또는 EHLO, 인증에 AUTH, 봉투에 RCPT, 메시지에 DATA, 연결 종료에 QUIT을 사용한다.","medium","","정보보안기사|필기|기출|백전백승 기출문제|2025년|2회|어플리케이션 보안","2026 수제비 정보보안기사 필기 기본서 · 백전백승 기출문제 · PDF 1149쪽 (인쇄 6-51) · 59번","2025","","","","","information-security-engineer"
"WRITTEN_CBT","어플리케이션 보안","DB 접근제어 유형이 아닌것은?","Gateway","Sniffing","Agent","TDE","4","","","TDE 방식은 DB 접근제어방식이 아닌데이터베이스 내 데이터를 암호화하여보호하는 DB 암호화 방식이다. 4과목 정보보안일반","medium","","정보보안기사|필기|기출|백전백승 기출문제|2025년|2회|어플리케이션 보안","2026 수제비 정보보안기사 필기 기본서 · 백전백승 기출문제 · PDF 1149쪽 (인쇄 6-51) · 60번","2025","","","","","information-security-engineer"
"WRITTEN_CBT","정보보안 일반","다음중암호화알고리즘강도가가장높은알고리즘 은 무엇인가?","2TDEA","AES 128","3TDEA","DES","2","","","DES 자체가 암호화알고리즘의 강도가낮기 때문에 TDEA, 2TDEA, 3TDEA보다 AES가 강력하다 2TDEA TDES를두번 실행하는 알고리즘 (Two-key · 112비트의 암호화 강도를가지고 Triple DES) 있는 알고리즘 128비트키를사용하는강력하고 효율적인 현대적인암호화 AES 128 알고리즘 보안성과성능면에서강력함 3TDEA : TDES를세번실행하는알고리즘 (Three-key Triple DES) 168비트의 암호화강도를제공 DES 56비트키를사용하는알고리즘","medium","","정보보안기사|필기|기출|백전백승 기출문제|2025년|2회|정보보안 일반","2026 수제비 정보보안기사 필기 기본서 · 백전백승 기출문제 · PDF 1150쪽 (인쇄 6-52) · 62번","2025","","","","","information-security-engineer"
"WRITTEN_CBT","정보보안 일반","다음중알려진정보를통해서로간의키교환을하 는 방식은 무엇인가?","AES","RSA","Diffie-Hellman","SHA-256","3","","","Diffie-Hellman 알고리즘은 공개된정보를통해서로 간의 비밀 키를 안전하게 교환하는방식이다 AES는 대칭 암호화 알고리즘이고,RSA는 공개키 암호화 알고리즘이며, SHA-256은 해시 함수이다.","medium","","정보보안기사|필기|기출|백전백승 기출문제|2025년|2회|정보보안 일반","2026 수제비 정보보안기사 필기 기본서 · 백전백승 기출문제 · PDF 1150쪽 (인쇄 6-52) · 64번","2025","","","","","information-security-engineer"
"WRITTEN_CBT","정보보안 일반","다음 중 Kerberos 버전5에대한 설명으로 올바르지 않은 것은?","Kerberos버전5는 암호문에암호 유형구별자 를붙이기때문에모든종류의암호기술을사 용할수있다","Kerberos 버전5는 데이터 유형을 기술하는 데 다른 프로토콜을사용한다.","Kerberos 버전5는네트워크주소에그유형과 길이를 표시하게 되어있어어떤유형의네트 워크주소도사용될수있다.","Kerberos 버전 5의 티켓은21시간을조금 넘는 시간동안유효하다.","4","","","커버로스버전5는티켓에정확한시작시간과만료 시간을명시하므로유효기간이 따로없다 커버로스V4,V5를비교하면다음과같다. 항목 커버로스 V4 커버로스 V5 암호화 다양한 방식 DES만 지원 알고리즘지원 네트워크 IPV4만지원 •IPv4와 IPV6 주소 모두지원 티켓 유효 고정,갱신불가 기간 최대시간제한 ·갱신가능 데이터 자체정의된 유형 기술 ASN.1사용 간단한형식","medium","","정보보안기사|필기|기출|백전백승 기출문제|2025년|2회|정보보안 일반","2026 수제비 정보보안기사 필기 기본서 · 백전백승 기출문제 · PDF 1150쪽 (인쇄 6-52) · 65번","2025","","","","","information-security-engineer"
"WRITTEN_CBT","정보보안 일반","메시지에대한충돌저항성을갖는해시함수를설계 할경우공격자가초당23개의해시값을계산할수 있는능력이 있고정보의가치가 1,024초이후에는 위조가되어도된다고하면공격자가충돌성을갖지 못하도록하는 최소해시값의 비트 수는?","32","64","84","96","3","","","1초에2꾸의해시값을계산하고,공격자가1,024초 동안공격하므로1,024초동안계산할수있는 해시값은242개다 23 × 1024 = 23×21 = 262 생일공격에의해충돌을방지하기위해서는2^2≥ 2^이어야 하므로최소84비트이다.","medium","","정보보안기사|필기|기출|백전백승 기출문제|2025년|2회|정보보안 일반","2026 수제비 정보보안기사 필기 기본서 · 백전백승 기출문제 · PDF 1151쪽 (인쇄 6-53) · 68번","2025","","","","","information-security-engineer"
"WRITTEN_CBT","정보보안 일반","SHA-2에 해당하지 않는 것은?","SHA-128","SHA-256","SHA-384","SHA-512","1","","","SHA-2는 SHA-224, SHA-256, SHA-384, SHA-512, SHA-512/224, SHA-512/256가 있다.","medium","","정보보안기사|필기|기출|백전백승 기출문제|2025년|2회|정보보안 일반","2026 수제비 정보보안기사 필기 기본서 · 백전백승 기출문제 · PDF 1151쪽 (인쇄 6-53) · 69번","2025","","","","","information-security-engineer"
"WRITTEN_CBT","정보보안 일반","다음 문장에서설명하고 있는OTP(One-Time Pass- word)의 생성방식은? 유닉스 시스템의 로그인에사용하기 위한 목적으로해 시체인을이용한OTP","질의-응답방식","이벤트동기화방식","시간동기화방식","S/KEY방식","4","","","서버가생성한 질의(난수)를 질의-응답 클라이언트에게 전송하면 방식 클라이언트는이를암호화하여 (Challenge- 서버에응답하고,서버는그 Response Method) 응답의정상여부를 확인하여 인증하는방식 이벤트동기화 서버와클라이언트가카운트값을 방식 동일하게증가시켜가며, 해당 (Event 카운트값을입력값으로OTP를 Synchronous Method) 생성해 인증하는방식 시간동기화 방식 · 서버와클라이언트간에동일한 (Time 시간값을기준으로OTP를 Synchronous 생성하고 인증하는방식 Method) ·유닉스 시스템의로그인에 S/KEY 방식 사용하기위한목적으로 해시체인을이용한OTP","medium","","정보보안기사|필기|기출|백전백승 기출문제|2025년|2회|정보보안 일반","2026 수제비 정보보안기사 필기 기본서 · 백전백승 기출문제 · PDF 1152쪽 (인쇄 6-54) · 74번","2025","","","","","information-security-engineer"
"WRITTEN_CBT","정보보안 일반","일방향해시함수MD5의출력해시의크기는?","128비트","256비트","512비트","1024비트","1","","","MD5는 1991년 R.rivest가 MD4를개선한 암호화 알고리즘으로 프로그램이나 파일의 무결성 검사에 사용하는해시함수로각각의512비트짜리입력 메시지블록에 대해 차례로 동작하여128비트의 해시값을생성하는 해시 함수이다.","medium","","정보보안기사|필기|기출|백전백승 기출문제|2025년|2회|정보보안 일반","2026 수제비 정보보안기사 필기 기본서 · 백전백승 기출문제 · PDF 1153쪽 (인쇄 6-55) · 75번","2025","","","","","information-security-engineer"
"WRITTEN_CBT","정보보안 일반","다음 중 MAC(Mandatory Access Control)에 대한 설명으로 옳지 않은 것은 무엇인가?","시스템관리자에의해접근제어규칙이강제 된다.","주로정부기관이나군사시스템에서사용된다","찾은인사변경시유용하게사용된다","보안등급에따라사용자의접근권한을제어 한다.","3","","","MAC(Mandatory Access Control)은 보안 등급에 따라엄격하게접근권한을제어하는정책으로 시스템관리자가설정한 규칙에 의해 접근이 강제된다. 주로정부기관이나 군사시스템과 같은 높은 보안 요구사항을 가진 환경에서 사용된다. MAC은보안 규칙이 엄격하게 고정되어있어,잦은 인사변경에 따라 유연하게 권한을 변경하기에는 적합하지 않으며 상대적으로 관리가 복잡하다.","medium","","정보보안기사|필기|기출|백전백승 기출문제|2025년|2회|정보보안 일반","2026 수제비 정보보안기사 필기 기본서 · 백전백승 기출문제 · PDF 1153쪽 (인쇄 6-55) · 76번","2025","","","","","information-security-engineer"
"WRITTEN_CBT","정보보안 일반","다음공개키 암호화 알고리즘중부인방지(Non-Re- pudiation)기능을 제공하지못하는 방식은?","DSA (Digital Signature Algorithm)","RSA(Rivest-Shamir-Adleman)","ElGamal ECDH(Elliptic Curve Diffie-Hellman)","","4","","","부인방지기능을통해전자서명을제공하는방식은 DSA/DSS, RSA, EIGamal, Schnorr, ECDSA 등Ol 존재하지만,ECDH는 Diffie-Hellman방식의 키 교환 알고리즘으로 부인 방지를 위한 서명 기능을 제공하지 않는다.","medium","","정보보안기사|필기|기출|백전백승 기출문제|2025년|2회|정보보안 일반","2026 수제비 정보보안기사 필기 기본서 · 백전백승 기출문제 · PDF 1153쪽 (인쇄 6-55) · 77번","2025","","","","","information-security-engineer"
"WRITTEN_CBT","정보보안 일반","개인이소유한기기를동해원격으로자유롭게 투표 하는 방식은 무엇인가?","PSEV(Poll Site E-Voting)","Kiosk","REV(Remote E-Voting)","PGP(Pretty Good Privacy)","3","","","PSEV 지정된 투표소에서 (Poll Site 전자투표장치를통해 전자투표를 E-Voting) 하는방식 a 군중이밀집한지역에 키오스크 키오스크 기기를설치하여임의의 # (Kiosk) 투표소를개설하여,투표결과를 I 중앙 집계하는방식 REV (Remote 개인이소유한기기를통해, internet 원격으로 자유롭게 투표하는방식 E-Voting)","medium","","정보보안기사|필기|기출|백전백승 기출문제|2025년|2회|정보보안 일반","2026 수제비 정보보안기사 필기 기본서 · 백전백승 기출문제 · PDF 1154쪽 (인쇄 6-56) · 80번","2025","","","","","information-security-engineer"
"WRITTEN_CBT","정보보안 관리 및 법규","다음중정보보호거버넌스프레임워크에대한설명 으로올바르지 않은 것은?","COBIT은IT 서비스제공 및 지원에 대한구체 적인절차나기술매뉴얼을중심으로구성된 프레임워크로,시스템취약점분석에중점을 둔다. ISO/IEC27001은조직의정보보호관리체계를 수립하고유지·개선하기 위한국제표준으로 PDCA모델을 기반으로구성되어있다.","NIST 사이버보안프레임워크는위험관리및 보안통제에대한가이드라인으로주요구성요 소로는 식별, 보호,탐지, 대응,복구의다섯가 지기능이포함된다.","ITⅡL은정보기술서비스의품질을향상시키기 위해 정보기술(IT) 서비스관리에 대한 Best Practice를 제공하며, 정보보호의 거버년스와 연계할수있는국제적표준프레임워크이다.","","1","","","COBIT은IT 관리와거버넌스전반에걸친 가이드라인으로 정보보호가 조직 목표와 어떻게 연결되는지 명확히정의하고있다","medium","","정보보안기사|필기|기출|백전백승 기출문제|2025년|2회|정보보안 관리 및 법규","2026 수제비 정보보안기사 필기 기본서 · 백전백승 기출문제 · PDF 1155쪽 (인쇄 6-57) · 83번","2025","","","","","information-security-engineer"
"WRITTEN_CBT","정보보안 관리 및 법규","다음 중개인정보 보호책임자(CPO)의 업무에대한 설명으로 가장 올바르지 않은 것은?","개인정보보호책임자는개인정보처리방침의 수립및 변경,시행을총괄하며, 개인정보보호 관련자료의체계적관리를수행해야한다","개인정보보호책임자는개인정보유출및오남 용을방지하기 위해내부통제시스템을구축 하고,정기적인점검과개선조치를수행하여 야한다.","개인정보보호책임자는처리목적이달성되었 거나보유기간이지난개인정보의안전한파기 를포함한개인정보파기계획을수립·시행할 수있다.","개인정보 보호책임자는정보주체의동의획 특,열람요구처리,제3자제공기록관리,조직 의정보보호정책,표준,대책,실무절차를설 계,구현,관리할책임이있다","4","","","정보 주체의 동의 획득,열람 요구 처리,제3자 제공 기록관리는실무자의업무이며, 조직의정보보호 정책,표준,대책,실무절차를설계,구현,관리 등은 정보보호관리자의 업무이다. 개인정보 보호책임자(CPO:ChiefPrivacy Officer)의 업무는 다음과같다.","medium","","정보보안기사|필기|기출|백전백승 기출문제|2025년|2회|정보보안 관리 및 법규","2026 수제비 정보보안기사 필기 기본서 · 백전백승 기출문제 · PDF 1157쪽 (인쇄 6-59) · 87번","2025","","","","","information-security-engineer"
"WRITTEN_CBT","정보보안 관리 및 법규","다음중디지털포렌식도구에 대한설명으로올바르 지 않은 것은?","FTK(Forensic Toolkit)는 AccessData에서 개발 한 디지털 포렌식도구로,특히멀티태스킹환 경에서 효과적이고, 데이터분석과 검색 기능 이뛰어나며암호복구기능을내장한도구이 다.","POF(ProDiscover Forensic)는 Technology Pathways에서개발한 원도우운영체제의 디지 털포렌식을위한검중및조사도구이다.","EnCase는안정적인데이터 무결성을 보장하 고사용자친화적인인터페이스와광범위한 데이터포맷을지원하는도구이다","와이핑(Wiping)은 Guidance Software에서 개 발한디지털 포렌식 도구로,'난수'혹은'0'으로 덮어씌워진데이터를복원하는도구로법 집행 기관,기업보안팀법를전문가들이주로사용 한다.","4","","","와이핑(Wiping)은 파일을 완전히 복구할 수 없도록 파일의 엔트리 정보를 가지고있는영역과해당 클러스터 영역을 난수’혹은'이'’으로중복해서 덮어쓰는 안티포렌식 기술이다 Guidance Software에서 개발한 디지털포렌식 도구로법집행기관기업보안팀,법률전문가들이 주로사용하는 포렌식 도구는EnCase이다","medium","","정보보안기사|필기|기출|백전백승 기출문제|2025년|2회|정보보안 관리 및 법규","2026 수제비 정보보안기사 필기 기본서 · 백전백승 기출문제 · PDF 1157쪽 (인쇄 6-59) · 88번","2025","","","","","information-security-engineer"
"WRITTEN_CBT","정보보안 관리 및 법규","다음중재택 또는원격근무환경에서의정보보호실 천수칙으로 적절하지 않은 것은?","재택근무자는공공장소에 설치된공유 PC 또 는개방형와이파이를사용하더라도백신을설 치하고사용 시간제약을설정하면된다","개인이사용하는PC및 백신 프로그램은 항상 최신보안패치를적용하고,악성코드감염방 지를위해정기적인검사수행이권장된다.","회사업무에 필요한 메일송수신은가능하면 기업메일시스템을활용하고,개인메일계정 사용시민감정보첨부를자제해야한다.","장시간자리 비움 시에는원격근무중이더라도 네트워크접속을일시적으로차단하는것이보 안상효과적인조치가 될수있다.","1","","","·공공장소의 공유PC나 사설와이파이는악성코드 또는스니핑공격에노출될가능성이높으므로 사용을자제해야 한다.","medium","","정보보안기사|필기|기출|백전백승 기출문제|2025년|2회|정보보안 관리 및 법규","2026 수제비 정보보안기사 필기 기본서 · 백전백승 기출문제 · PDF 1158쪽 · 90번","2025","","","","","information-security-engineer"
"WRITTEN_CBT","정보보안 관리 및 법규","다음중개인정보의안전성확보조치기준에따라안 전한 알고리즘으로 암호화해야하는 대상은? 운전면허번호 ©외국인등록번호 신용카드번호","계좌번호 ©생체인식정보",", ©,",",","","1","","","개인정보의 안전성확보조치기준의제7조 개인정보의 암호화2항에안전한알고리즘으로 암호화해야 하는 대상에대해 정의되어있다. 암호화하여저장해야하는개인정보 주민등록번호/여권번호/ 주여운외 운전면허번호/외국인등록번호/ 신계생 신용카드번호/계좌번호/ 생체인식정보(바이오정보)","medium","","정보보안기사|필기|기출|백전백승 기출문제|2025년|2회|정보보안 관리 및 법규","2026 수제비 정보보안기사 필기 기본서 · 백전백승 기출문제 · PDF 1160쪽 (인쇄 6-62) · 93번","2025","","","","","information-security-engineer"
"WRITTEN_CBT","정보보안 관리 및 법규","다음중개인정보보호법상개인정보의 제3자 제공 이가능한 경우에 대한설명으로잘못된것은?","정보주체의동의를받은경우,개인정보를제3 자에게제공할수있으며이때제공목적, 항목 수신자등을명확히고지해야한다.","공공기관의내부정책에따라필요하다고판단 하는경우와지방자치단체의긴급조례로공표 된경우에는별도의법령근거없이개인정보 를제3자에게제공할수있다","급박한상황에서정보주체또는제3자의생명 신체·재산상의이익보호를위해필요한경우 에는정보주체의동의없이개인정보를제공할 수있다.","개인정보처리자의정당한이익달성을위하여 필요한경우에도정보주체의권리를명백히침 해하지않는범위내에서제3자제공이허용될 수있다.","2","","","내부정책은법적근거가아니며, 조례도무조건적인 제공 근거는아닙니다.반드시 개인정보보호법상 요건을 충족해야 한다 개인정보 보호법에 의해 개인정보의 제3자제공이 가능한 경우는 정보주체로부터 별도의 동의를 받은 경우,명백히 정보주체 또는 제3자의 급박한 생명 신체,재산의 이익을 위하여 필요하다고 인정되는 경우등이 해당된다. 개인정보보호법 제15조1항에 따라 개인정보처리자의 정당한 이익을 달성하기위하여 필요한 경우로서 정보주체의 권리를 명백히 침해하지않는범위 내에서제3자제공이 허용될수 있다.","medium","","정보보안기사|필기|기출|백전백승 기출문제|2025년|2회|정보보안 관리 및 법규","2026 수제비 정보보안기사 필기 기본서 · 백전백승 기출문제 · PDF 1160쪽 (인쇄 6-62) · 94번","2025","","","","","information-security-engineer"
"WRITTEN_CBT","정보보안 관리 및 법규","다음중개인정보가 유출등이되었음을알게되었을 때72시간이내에신고해야 하는사항으로올바르지 않은 것은?","1천명이상의정보주체에관한개인정보가유 출등이된경우","민감정보또는고유식별정보가유출등이된경 우","5천명이상의가명처리정보가유출된경우","개인정보처리시스템또는개인정보취급자가 개인정보처리에이용하는정보기기에대한외 부로부터의불법적인접근에의해개인정보가 유출등이된경우","3","","","개인정보 보호법 시행령제40조에 따라다음각 호의어느하나에 해당하는개인정보가유출등이 되었음을알게되었을때에는72시간이내에 신고해야 한다. 1.1천명이상의 정보주체에관한개인정보가 유출등이된경우 2.민감정보 또는 고유식별정보가 유출등이 된 경우 3.개인정보처리시스템 또는 개인정보취급자가 개인정보 처리에 이용하는 정보 기기에 대한 외부로부터의 불법적인 접근에 의해 개인정보가 유출등이된경우","medium","","정보보안기사|필기|기출|백전백승 기출문제|2025년|2회|정보보안 관리 및 법규","2026 수제비 정보보안기사 필기 기본서 · 백전백승 기출문제 · PDF 1161쪽 (인쇄 6-63) · 95번","2025","","","","","information-security-engineer"
"WRITTEN_CBT","정보보안 관리 및 법규","다음중개인정보 보호법 제32조제2항에 따라개 인정보 보호위원회등록이면제되는개인정보파일 공공기관)에 해당하지 않는 것은?","조세범처벌법에따른범칙행위조사및관세 법에따른범칙행위조사에관한사항을기록 한개인정보파일","범죄수사및출입국관리에관한사항을기록 한개인정보파일","국민의건강검진이력과병력정보를장기적으 로보관하기위한개인정보파일","국가안전보장을위한 정보분석을목적으로 수집또는제공요청된개인정보파일","2","","","국민건강검진 이력및병력정보는지속적으로 관리되는민감정보 파일로,등록이의무이며,등록 면제 대상이 아니다 의료보건관련장기 보관파일은공공의목적이라 해도예외적용이 불가하다.","medium","","정보보안기사|필기|기출|백전백승 기출문제|2025년|2회|정보보안 관리 및 법규","2026 수제비 정보보안기사 필기 기본서 · 백전백승 기출문제 · PDF 1162쪽 (인쇄 6-64) · 97번","2025","","","","","information-security-engineer"
"WRITTEN_CBT","정보보안 관리 및 법규","다음중개인정보의안전성확보조치 기준제7조에 따른개인정보 암호화조치 기준으로올바르지않은 것은?","개인정보처리자는인터넷 구간및내부망의중 간 지점(DMZ)에고유식별정보를저장하는경 우,반드시암호화하여야한다","개인정보처리자는비밀번호를저장할경우암 호화수준이높은양방향 대칭키암호화를 적 용하는것을권장한다","고유식별정보를내부망에 저장할 경우,암호화 의적용 여부및 적용범위는 위험도분석 결과 나공공기관의경우에는해당개인정보영향평 가의결과에따라달라질수있다.","개인정보처리자는암호화된개인정보를보호 하기위해암호키의 생성이용,보관,폐기절 FE","2","","","","medium","","정보보안기사|필기|기출|백전백승 기출문제|2025년|2회|정보보안 관리 및 법규","2026 수제비 정보보안기사 필기 기본서 · 백전백승 기출문제 · PDF 1162쪽 (인쇄 6-64) · 98번","2025","","","","","information-security-engineer"
"WRITTEN_CBT","정보보안 관리 및 법규","다음중개인정보 영향평가의대상에해당하지 않는 것은 무엇인가?","개인정보검색체계등개인정보파일의운용 체계를 변경하는 경우로서,변경된부분이영 향평가를받은사항에해당하는 경우","민감정보또는고유식별정보를수반하여5만 명이상의정보주체에관한개인정보가포함된 개인정보파일을구축'운용하려는 경우","일반개인정보파일로서100만명이상의정보 주체에관한정보를전자적으로처리할수있 도록시스템을변경하려는경우","공공기관 외부 시스템과 연계하여20만 명의 정보주체정보를통합·처리하는경우","4","","","해당 공공기관 내부 또는 외부에서 구축·운용하고 있는다른개인정보파일과연계한결과50만명 이상의 정보주체에 관한 개인정보가 포함된 경우는 개인정보 영향평가의 대상이다.","medium","","정보보안기사|필기|기출|백전백승 기출문제|2025년|2회|정보보안 관리 및 법규","2026 수제비 정보보안기사 필기 기본서 · 백전백승 기출문제 · PDF 1162쪽 (인쇄 6-64) · 99번","2025","","","","","information-security-engineer"
"WRITTEN_CBT","정보보안 관리 및 법규","다음중클라우드보안인증제의제도및절차에 대한 설명으로 가장 올바른 것은?","SaaS 표준등급은 총7일간의 평가(본점검 4일, 이행점검3일)로수행되며,SaaS간편등급은 중요 데이터를다루는서비스에한해 신청할 수있다.","최초평가는인증유효기간이만료되기 전신청 하는경우수행하며, Saas간편등급은5년간유 효한인증을부여받는다.","상, 중,하등급으로구성된등급제는현재까지 상·중등급만 평가가가능하며하등급은향후 도입예정이다.","인사·회계관리와같은중요데이터를처리하는 Saas는 표준등급으로 인증을 신청해야 하며 이경우본점검5일이행점검4일이소요된다.","4","","","표준등급 인증 대상에는 전자결재,인사회계관리등 중요데이터를처리하는 SaaS가 포함된다. 표준등급의 점검절차는본점검5일+이행점검4일 = 총9일이다.","medium","","정보보안기사|필기|기출|백전백승 기출문제|2025년|2회|정보보안 관리 및 법규","2026 수제비 정보보안기사 필기 기본서 · 백전백승 기출문제 · PDF 1163쪽 (인쇄 6-65) · 100번","2025","","","","","information-security-engineer"
"WRITTEN_CBT","시스템 보안","다음중매크로바이러스에대한설명으로올바른것 은 무엇인가?","운영체제의부팅색터를감염시키는바이러스 이다.","대표적인사례로 Melissa Virus가존재한다.","악성매크로차단기능의경우악성만차단함 으로써정상매크로는잘동작된다","하드웨어장치의펌웨어를감염시키는바이러 스이다.","2","","","매크로바이러스는MS Word, Exce) 등의 문서 프로그램에서실행되는매크로기능을 악용하여 감염되는 바이러스로,주로문서(.doc,xs,_ppt 등)를 통해 전파되며, 문서를열때 자동실행되는매크로 코드를 이용하여 확산된다. 대표적인 예로 Melissa 바이러스, Concept 바이러스 등이 있다.","medium","","정보보안기사|필기|기출|백전백승 기출문제|2025년|4회|시스템 보안","2026 수제비 정보보안기사 필기 기본서 · 백전백승 기출문제 · PDF 1164쪽 (인쇄 6-66) · 1번","2025","","","","","information-security-engineer"
"WRITTEN_CBT","시스템 보안","다음중원도우공유폴더설정에 대한설명으로 ㅎ 지 않은 것은 무엇인가?","공유하려는폴더의 속성에서‘공유(S)' 옵션을 활성화하면네트워크를통해접근할수있다.","공유폴더는NTFS권한과공유권한을모두고 려하여접근권한이결정된다.","외부의불특정사용자를차단하기 위해서는 Anonymous 계정 접근을차단해야 한다.","기본공유폴더 기능을제거하기위해서는레 지스트리의 AutoShareServer의 설정 값을1로 변경해야한다.","4","","","기본 공유 폴더(C$, ADMIN$, 1PC$ 등)를 비활성화하려면 AutoShareServer 값을 O으로 변경해야 한다 레지스트리 상의 HKEY_LOCAL_MACHINE SYSTEMICurrentControlSetServicesl LanmanServer Parameters의 AutoShareServer(또는 AutoShareWks)의 값을 이(비활성화)으로변경해야한다.","medium","","정보보안기사|필기|기출|백전백승 기출문제|2025년|4회|시스템 보안","2026 수제비 정보보안기사 필기 기본서 · 백전백승 기출문제 · PDF 1164쪽 (인쇄 6-66) · 3번","2025","","","","","information-security-engineer"
"WRITTEN_CBT","시스템 보안","다음 중rsh, rexec, rlogin 등의 원격 접속을 특정 호 스트에대해차단하는데사용되는리눅스설정파일 은 무엇인가?","/etc/hosts, allow","/etc/securetty","/etc/hosts, deny","/etc/xinetd, d/","3","","","/etc/hosts.allow ·허용할호스트를설정하는 파일 root 사용자의 콘솔 접근을 /etc/securetty 제한하는파일 TCP Wrappers를사용하여 /etc/hosts.deny 특정서비스(rsh, rexec, rlogin 등)의 접근을차단 xinetd 서비스관리 /etc/xinetd.d/ 디렉터리로, 특정 서비스(rsh, rexec 등)를 비활성화","medium","","정보보안기사|필기|기출|백전백승 기출문제|2025년|4회|시스템 보안","2026 수제비 정보보안기사 필기 기본서 · 백전백승 기출문제 · PDF 1165쪽 (인쇄 6-67) · 4번","2025","","","","","information-security-engineer"
"WRITTEN_CBT","시스템 보안","리눅스시스템 계정 및 패스워드정책과관련하여ㅎ 지 않은 것은?","패스워드파일은암호화되어별도의이미지를 이용한다.","Root계정을통해서 원격접속이불가능하도록 한다.","Anonymous 및 Guest 계정의 이용을차단한다.","SetUID와SetGID자유롭게추가하여안전하게","4","","","","medium","","정보보안기사|필기|기출|백전백승 기출문제|2025년|4회|시스템 보안","2026 수제비 정보보안기사 필기 기본서 · 백전백승 기출문제 · PDF 1165쪽 (인쇄 6-67) · 6번","2025","","","","","information-security-engineer"
"WRITTEN_CBT","시스템 보안","다음중리눅스시스템에서 사용자계정의패스워드 변경 주기를60일로설정하는 명령어는무엇인가?","passwd -x 60 soojebi","useradd -x 60 soojebi","usermod-e 60 soojebi passwd-e 60 soojebi","","1","","","passwd -x ·패스워드최대사용기간을설정 useradd 새사용자계정을추가 usermod -e • 계정 만료날짜를설정하는명령어 즉시패스워드를 만료시켜 passwd -e 사용자가 강제로변경 --","medium","","정보보안기사|필기|기출|백전백승 기출문제|2025년|4회|시스템 보안","2026 수제비 정보보안기사 필기 기본서 · 백전백승 기출문제 · PDF 1165쪽 (인쇄 6-67) · 7번","2025","","","","","information-security-engineer"
"WRITTEN_CBT","시스템 보안","다음 중 유닉스(Unix) 시스템의 접근 통제(Access Control)에 대한 설명으로 옳지 않은 것은 무엇인 가?","유닉스 파일 시스템의접근권한은소유자 (User), 그룹(Group), 기타 사용자(Other)로 구 분된다.","SetUID와SetGID는 실행 파일에 적용되며, 실 행하는사용자가 해당 파일의 소유자또는 그 룹의권한으로실행할수있도록한다.","ACL(Access Control List)을 사용하면 파일 및 디렉터리에대해더욱세부적인권한을설정할 수있다.","유닉스에서는 기본적으로모든사용자에게모 든파일과디렉터리에대한읽기쓰기,실행권 한이부여된다.","4","","","유닉스시스템에서기본적으로모든 파일과 디렉터리는보안성을위해제한된권한의umask 값(644,755)을 통해 권한이 부여되며, 소유주 이외의권한을제한을둔다.","medium","","정보보안기사|필기|기출|백전백승 기출문제|2025년|4회|시스템 보안","2026 수제비 정보보안기사 필기 기본서 · 백전백승 기출문제 · PDF 1166쪽 (인쇄 6-68) · 8번","2025","","","","","information-security-engineer"
"WRITTEN_CBT","시스템 보안","원도우의 유효하거나유효하지않은로그인시도(관 리자가지정),파일생성,열람,삭제등에관한로그 를 저장하는이벤트 로그는 무엇인가?","Security,evtx","Application, evtx","System, evtx","Setup,evtx","1","","","·응용 프로그램이기록한 응용 다양한 이벤트로그 Application. 프로그램 로그 ·소프트웨어개발자에 evtx 의해결정됨 유효하거나유효하지 않은 로그인 시도(관리자가 지정), 파일생성, 열람,삭제 Security. 보안로그 등에관한이벤트로그 evtx 감사로그설정을통해 다양한보안이벤트저장 가능 시스템 •시스템부팅시에러 System. 로그 로그등시스템관련 evtx 이벤트로그 Windows 관련설치나 설치 로그 업데이트시발생하는 Setup.evtx 이벤트로그","medium","","정보보안기사|필기|기출|백전백승 기출문제|2025년|4회|시스템 보안","2026 수제비 정보보안기사 필기 기본서 · 백전백승 기출문제 · PDF 1166쪽 (인쇄 6-68) · 9번","2025","","","","","information-security-engineer"
"WRITTEN_CBT","시스템 보안","John the Ripper를통해 모든문자를대입하는공격 모드는?","Single","Incremental )Wordlist","Full","","2","","","·Fu은 존재하지 않는 모드이다 Single 모드 사용자명,전체이름을 기반으로 비밀번호를추정하는모드 Incremental 가능한 모든문자조합을 모드 시도하는 모드(무차별 대입공격) Wordlist ·제공된사전파일의단어들을 모드 이용해 공격하는 모드(사전공격)","medium","","정보보안기사|필기|기출|백전백승 기출문제|2025년|4회|시스템 보안","2026 수제비 정보보안기사 필기 기본서 · 백전백승 기출문제 · PDF 1167쪽 (인쇄 6-69) · 12번","2025","","","","","information-security-engineer"
"WRITTEN_CBT","시스템 보안","다음이설명하는 바이러스무엇인가? -운영체제(OS)와관계없이 동작하는응용 프로그램내 부에서동작하는바이러스 -매크로기능이 있는 MS 사오피스제품군(워드,엑셀 파워포인트) 비지오(Visio),오토캐드(AutoCAD) 등 VBS(Visual Basic Saipt)를지원하는 다양한 프로그램 에서활동","암호화바이러스","은페형바이러스","갑옷형바이러스","매크로바이러스","4","","","암호화 * 백신 프로그램이 진단할수 바이러스 없도록바이러스프로그램의일부 (Encryption 또는대부분을암호화시켜 Virus) 저장하는바이러스 은폐형 자신을은폐하고사용자나백신 바이러스 프로그램에거짓정보를제공하는 (Stealth 바이러스 Virus) 갑옷형 백신 프로그램으로부터 바이러스 숨기보다는여러 단계의 암호화와 (Armour 다양한 기법을동원하여 바이러스 Virus) 분석을어렵게하고백신프로그램 개발을지연시키는바이러스 매크로 + 운영체제(OS)와 관계없이 바이러스 동작하는응용프로그램 내부에서","medium","","정보보안기사|필기|기출|백전백승 기출문제|2025년|4회|시스템 보안","2026 수제비 정보보안기사 필기 기본서 · 백전백승 기출문제 · PDF 1167쪽 (인쇄 6-69) · 13번","2025","","","","","information-security-engineer"
"WRITTEN_CBT","시스템 보안","다음중Apple 디바이스를위한 iOS 프로그램을개 발하는 IDE 도구는 무엇인가?","Logcat","Visual Studio","Xcode DAndroid Studio","","3","","","Xcode는 애플(Apple)에서공식 제공하는 iOS 및 macOS 애플리케이션개발을위한 통합개발 환경(IDE)이다. Swift 및 Objective-C를 사용하여 iPhone, iPad, Mac, Apple Watch,Apple TV애플리케이션을개발할 수 있다.","medium","","정보보안기사|필기|기출|백전백승 기출문제|2025년|4회|시스템 보안","2026 수제비 정보보안기사 필기 기본서 · 백전백승 기출문제 · PDF 1168쪽 (인쇄 6-70) · 17번","2025","","","","","information-security-engineer"
"WRITTEN_CBT","시스템 보안","안드로이드의애플리케이션디버깅을위해서로그 를 남기기 위한 android.util.Log 클래스에 대한설 명이옳은 것은? Log.e(""tag"" Testing1) - Log.w('tag"", ""Testing2') - ©",":오류,ㄴ:디버그",":오류,ㄴ:경고",":경고ㄴ:디버그",":경고ㄴ:오류","2","","","가장심각한문제가발생했을때남기는 ERROR 로그 (오류) Log.e(""tag"", ""Error Message"") 심각하지는않지만 추후문제의 소지가 WARN 있을수있는 로그 (경고)","medium","","정보보안기사|필기|기출|백전백승 기출문제|2025년|4회|시스템 보안","2026 수제비 정보보안기사 필기 기본서 · 백전백승 기출문제 · PDF 1169쪽 (인쇄 6-71) · 19번","2025","","","","","information-security-engineer"
"WRITTEN_CBT","시스템 보안","다음 코드에서 발생가능한취약점은 무엇인가?(단, C언어 코드실행파일이름은AAA이고,실행명령에 서밑줄친부분이공격자가직접입력한부분이다.) #include <stdio.h> int main0 char user_input[1oo]: C언어 printf(""Enter your input: ""); 코드 scanf(""%s:, user_input); printf(user_input); return O; ^ 실행 #AAA 명령 Enter your input: %x %x %x %x","포맷스트링(Format String)취약점","메모리누수(Memory Leak)","SQLInjection 취약점발생","정수오버플로우(Integer Overflow)발생","1","","","해당 코드에서 printf(user_input);에서 사용자 입력을 직접 포맛 문자열로 사용하고 있기 때문에 공격자가 입력값을""%x %x %x %x""와 같이 넣으면 메모리 값을 덤프할 수 있다.","medium","","정보보안기사|필기|기출|백전백승 기출문제|2025년|4회|시스템 보안","2026 수제비 정보보안기사 필기 기본서 · 백전백승 기출문제 · PDF 1169쪽 (인쇄 6-71) · 20번","2025","","","","","information-security-engineer"
"WRITTEN_CBT","네트워크 보안","CIDR(Classless Inter-Domain Routing) 표기로 203.241.132.82/27과 같이 사용되었다면, 다음중 해당 주소의서브넷 마스크(Subnet Mask)로올바른 것은?","255, 255, 255.0","255,255,255.224","255,255,255,240","255, 255, 255, 248","2","","","/27이므로서브넷 마스크는1을27개채운 주소이다 2진수 11111111.11111111.11111111.11100000 10진수 255.255.255.224","medium","","정보보안기사|필기|기출|백전백승 기출문제|2025년|4회|네트워크 보안","2026 수제비 정보보안기사 필기 기본서 · 백전백승 기출문제 · PDF 1171쪽 (인쇄 6-73) · 24번","2025","","","","","information-security-engineer"
"WRITTEN_CBT","네트워크 보안","다음중네트워크필터링기술에대한설명으로잘못 된것은?","Egress Filtering은 라우터 내부에서 외부로나 가는패킨의출발지P주소를확인하여해당 IP가라우터와같은IP대역일경우패킷을허 용하고라우터와다른IP 대역일 경우패킷을 차단하는방식이다. 2 Unicast RPF는 인터페이스를 통해 들어오는 패 낫이들어온인터페이스로다시나가는지확인 하는 기법으로, Access-List나 Blackhole Filter ing을이용하여IP대역을 지정하지않고도비 정상 트래픽을탐지한다.","Standard Access-List는 출발지 및 목적지 IP와 포트정보를기준으로패킷을정교하게제어하 며, ACL 번호는100-199번을사용한다.","I Blackhole Filtering은 특정 IP 또는 대역에 대한 트래픽을Null인터페이스로보내어실질적인 차단효과를주는기법이다.","","3","","","·Standard Access-List는출발지의 IP 주소만으로 접근을 통제하고, Access List 번호1~99번을","medium","","정보보안기사|필기|기출|백전백승 기출문제|2025년|4회|네트워크 보안","2026 수제비 정보보안기사 필기 기본서 · 백전백승 기출문제 · PDF 1171쪽 (인쇄 6-73) · 27번","2025","","","","","information-security-engineer"
"WRITTEN_CBT","네트워크 보안","네트워크기반공격인Smurf 공격의대응방법을모 두고른것은? 네트워크로유입되는 패킨 중에 Source 주소가 내부 P인패킨을차단한다. ©라우터에서다른네트워크로부터자신의네트워크로 들어오는 IP Broadcast 패킨을 막도록설정한다 ©IP Broadcast Address로 전송된 ICMP 패킷에 대해 응 답하지 않도록 시스템을 설정할 수 있다 사용하지 않는UDP 서비스를 중지한다","","","","","2","","","네트워크로 유입되는 패킷 중에 Source 주소가 내부 IP인 패킷을 차단하는 방식은 Land Attack의 대응 방법이며 Smurf 공격의 경우에는 UDP 프로토콜이 아닌 ICMP 프로토콜을 활용한다.","medium","","정보보안기사|필기|기출|백전백승 기출문제|2025년|4회|네트워크 보안","2026 수제비 정보보안기사 필기 기본서 · 백전백승 기출문제 · PDF 1172쪽 (인쇄 6-74) · 28번","2025","","","","","information-security-engineer"
"WRITTEN_CBT","네트워크 보안","다음에서설명하는 공격기법으로올바른 것은? HTTP GET메서드를사용하여헤더의최종끝을알리는 개행 문자열인 WrWnWrWn(16진수: OD OA OD OA)을 전송하지 않고, WrWn(16진수: OD OA)만 전송하여 대상 웹서버와 연결상태를장시간지속시키고연결자원을 모두 소진하게시키는 서비스 거부 공격이다","Slowloris 공격","RUDY 공격","SYN Flooding 공격","CC(Cache-Control) 공격","1","","","","medium","","정보보안기사|필기|기출|백전백승 기출문제|2025년|4회|네트워크 보안","2026 수제비 정보보안기사 필기 기본서 · 백전백승 기출문제 · PDF 1172쪽 (인쇄 6-74) · 29번","2025","","","","","information-security-engineer"
"WRITTEN_CBT","네트워크 보안","다음 Snort (rule)은10번째바이트부터 4바이트 범위에 ""ABCD""라는ASCII 문자열이 있는지 검사하 기 위한 룰이다.괄호()안에 들어갈 명령어는? alert tcp $EXTERNAL_NET any –> $HOME_NET any (msg:""Check ABCD String; content""ABCD”; ( )10; ( ):4; sid:1100002)","depth, offset","offset, depth","distance, within","within, ©distance","2","","","snort 옵션 부분 명령어는 다음과 같다 content 옵션으로 지정된 문자열(""ABCD)을 탐색할 때 offset:10 10번째바이트위치부터검색을 시작해야하므로offset 명령어가 나와야함 10번째 바이트부터4바이트범위에 문자열을검사해야하므로지정한 위치부터얼마나많은바이트만큼 탐색할것인지 탐색범위를 depth:4; 제한하는명령어인depth가나와야 함 depth:4이므로, offset인 10번째 위치부터 시작하여총 4바이트만 검사","medium","","정보보안기사|필기|기출|백전백승 기출문제|2025년|4회|네트워크 보안","2026 수제비 정보보안기사 필기 기본서 · 백전백승 기출문제 · PDF 1172쪽 (인쇄 6-74) · 30번","2025","","","","","information-security-engineer"
"WRITTEN_CBT","네트워크 보안","OSI7Layer각계층과계층별보안서비스를제공하 는 프로토콜의 연결이 아닌 것은?","Application Layer - SSL(Secure Socket Layer)","Application Layer – HTTP(Hyper Text Transfer Protocol)","Network Layer - IPSec(Internet Protocol Secu- rity)","Network Layer – PPTP(Point-to-Point Tunne- ling Protocol)","4","","","PPTP(Point-to-Point Tunneling Protocol)는 2계층인 Data Link Layero다.","medium","","정보보안기사|필기|기출|백전백승 기출문제|2025년|4회|네트워크 보안","2026 수제비 정보보안기사 필기 기본서 · 백전백승 기출문제 · PDF 1173쪽 (인쇄 6-75) · 32번","2025","","","","","information-security-engineer"
"WRITTEN_CBT","네트워크 보안","다음 중 IPSec VPN의 구성요소로올바르지 않은것은?","ESP (Encapsulating Security Payload)","CA (Certificate Authority)","AH(Authentication Header) + ISAKMP(Intemet Security Association and Key Management Protocol)","","2","","","CA(Certification Authority)는 IPSec의 구성요소가 아니라키쌍의생성, 인증정책수립,인증서관리, 인증서 폐기 목록(CRL) 등록/관리/인증을 수행하는 PKI(Public Key Infrastructure) 구성요소이다.","medium","","정보보안기사|필기|기출|백전백승 기출문제|2025년|4회|네트워크 보안","2026 수제비 정보보안기사 필기 기본서 · 백전백승 기출문제 · PDF 1173쪽 (인쇄 6-75) · 33번","2025","","","","","information-security-engineer"
"WRITTEN_CBT","시스템 보안","Bypass NAT는 일부 IP 주소 대역에 대해 NAT 변환적용을제외하는규칙을설정하여규칙을 통해제외된IP주소들은주소변환을하지않 는방식이다.","","","","","3","","","하나의공인IP주소를다수의사설 IP주소에 동적으로할당하여포트번호를기준으로구분하는 방식은 PAT(Port Address Translation) 방식이다. Dynamic NAT는공인 IP주소여러개를사설IP","medium","","정보보안기사|필기|기출|백전백승 기출문제|2025년|4회|시스템 보안","2026 수제비 정보보안기사 필기 기본서 · 백전백승 기출문제 · PDF 1174쪽 (인쇄 6-76) · 4번","2025","","","","","information-security-engineer"
"WRITTEN_CBT","네트워크 보안","다음 문장은 어떤스푸핑(Spoofing) 공격인가? 32bit IP 주소를 48bit의 네트워크 카드주소[MAC Ad- dress)로 대응시켜주는 프로토콜로실제IP주소를통해 네트워크연결을시도하면 TCP/IP에서는해당P에 해당 하는네트워크카드주소를찾아연결하게된다이더넷환 경에서 공격대상자의 Cache 테이블에 공격자가 원하는 IP 에대한네트워크 카드 주소[MAC AddresSs]쌍을 업데이트 하여 공격 대상자의 패킷 흐름을공격자가원하는 방향으 로조절하여공격하는기술이다","e-mail 스푸핑","IP스푸핑","DNS스푸핑","ARP스푸핑","4","","","MAC주소를자신의 MAC 주소로위조하여 패킨을 중간에가로채는 공격은ARP 스푸핑 공격이다.","medium","","정보보안기사|필기|기출|백전백승 기출문제|2025년|4회|네트워크 보안","2026 수제비 정보보안기사 필기 기본서 · 백전백승 기출문제 · PDF 1174쪽 (인쇄 6-76) · 35번","2025","","","","","information-security-engineer"
"WRITTEN_CBT","네트워크 보안","다음중TLS에서 암호화수준및 정보를전달하는단 계는 무엇인가?","Client Hello","Server Hello ) Certificate Request","Change Cipher Spec","","1","","","클라이언트가 서버에게 Random에서 Session ID, Cipher Suite와 같은 암호화 수준및정보를전달하는 단계는 Client Hello 단계이다.","medium","","정보보안기사|필기|기출|백전백승 기출문제|2025년|4회|네트워크 보안","2026 수제비 정보보안기사 필기 기본서 · 백전백승 기출문제 · PDF 1174쪽 (인쇄 6-76) · 36번","2025","","","","","information-security-engineer"
"WRITTEN_CBT","네트워크 보안","다음 중 NAT(Network Address Translation)의동 작방식에 대한 설명으로 옳지 않은 것은 무엇인가?","Static NAT는 특정사설IP주소와 공인IP주소 간에1:1고정매핑을수행하여항상같은공인 주소를사용하는방식이다","Dynamic NAT는하나의 공인IP 주소를다수의 사설IP주소에동적으로할당하여포트번호 를기준으로구분하는방식이다.","Policy NAT는 패킷의 출발지와목적지 IP주소 에기반하여주소를매평하며,이매핑규칙은 ACL(Access Control List)에 정의된다.","","2","","","","medium","","정보보안기사|필기|기출|백전백승 기출문제|2025년|4회|네트워크 보안","2026 수제비 정보보안기사 필기 기본서 · 백전백승 기출문제 · PDF 1174쪽 (인쇄 6-76) · 38번","2025","","","","","information-security-engineer"
"WRITTEN_CBT","네트워크 보안","다음중무선 통신보안 프로토콜에대한설명으로 옳지 않은 것은?","wSP(Wireless Session Protocol)는 HTTP 1.1처 럼세션유지기능을 지원하며, 세션중단(Sus pend) 및 재개(Resume), 기능 협상을 제공한다.","WTLS(Wireless Transport Layer Security)는 TLS 기반 보안프로토콜로,무결성과인증은제공하 지만, 부인방지기능은제공하지않는다.","wTP(Wireless Transaction Protocol)는 무선 환 경에 적합하도록설계된 경량트랜책션프로토 콜이며,요청-응답(Request-Response) 기반의 트랜책션을빠르게처리할수있도록설계되어 있다.","","2","","","","medium","","정보보안기사|필기|기출|백전백승 기출문제|2025년|4회|네트워크 보안","2026 수제비 정보보안기사 필기 기본서 · 백전백승 기출문제 · PDF 1175쪽 (인쇄 6-77) · 40번","2025","","","","","information-security-engineer"
"WRITTEN_CBT","어플리케이션 보안","메일에서스크립트처리를막는것은어떤공격을방 어하기 위한 것인가?","스팸메일 )Active Content )Buffer Overflow","Bounce Attack","","","2","","","스크립팅 기능을 사용하지 않도록설정하여 활성 콘텐츠(Active Content)공격을 막는다. Active Content는 메일 본문에 포함된 스크립트를 통해 악성 코드를실행하거나 사용자의 정보를 탈취할수있기때문에이를차단함으로써보안을 강화할수있다","medium","","정보보안기사|필기|기출|백전백승 기출문제|2025년|4회|어플리케이션 보안","2026 수제비 정보보안기사 필기 기본서 · 백전백승 기출문제 · PDF 1176쪽 (인쇄 6-78) · 42번","2025","","","","","information-security-engineer"
"WRITTEN_CBT","어플리케이션 보안","공격자가개체를 직접 가리키는매개변수의값을수 정하여권한을우회하거나소스에 직접액세스할수 있는 취약점은?","SQL Injection","IDOR (Insecure Direct Object Reference) 3 )Cross-Site Scripting (xsS)","CSRF (Cross-Site Request Forgery)","","2","","","IDOR는 사용자가 직접 개체(Object)를참조하는 값을 수정하여 권한이 없는 데이터나기능에 접근하는 취약점이다.","medium","","정보보안기사|필기|기출|백전백승 기출문제|2025년|4회|어플리케이션 보안","2026 수제비 정보보안기사 필기 기본서 · 백전백승 기출문제 · PDF 1176쪽 (인쇄 6-78) · 43번","2025","","","","","information-security-engineer"
"WRITTEN_CBT","어플리케이션 보안","PGP의사용자 인증을위한전자서명 알고리즘으로 옳지 않은 것은?","RSA","RIPEMD-160","SHA-1","IDEA","4","","","PGP의 알고리즘은 다음과 같다. 전자서명 . RSA(키교환), Diffie-Hellman, SHA, MD5, RIPEMD-160 기밀성 IDEA, CAST, Triple-DES Radix-64 변환(Radix-64 호환성 Conversion)","medium","","정보보안기사|필기|기출|백전백승 기출문제|2025년|4회|어플리케이션 보안","2026 수제비 정보보안기사 필기 기본서 · 백전백승 기출문제 · PDF 1177쪽 (인쇄 6-79) · 47번","2025","","","","","information-security-engineer"
"WRITTEN_CBT","어플리케이션 보안","다음의웹 로그에 대한설명으로옮지 않은 것은? 192.168.1.10 - - [09/Mar/2025:10:15:32 +0900] ""GET / login.php?username=admin'--&password=1234 HTTP/1.1"" 200 512 *"" ""Mozilla/5.O"" 192.168.1.11 - - [09/Mar/2025:10:16:10 +0900] ""GET/ search.php?query=%27+OR+1%3D1-- HTTP/1.1"" 200 340 """"""Mozilla/5.O"" 192.168.1.12- - [09/Mar/2025:10:16:45 +0900] ""POST/ login.php HTTP/1.1"" 500 O *""""cur/7.68.O"" 192.168.1.12- - [09/Mar/2025:10:16:46 +0900] ""P0ST/ login.php HTTP/1.1"" 200 512 ""-"" ""curl/7.68.0"" 192.168.1.20 - - [09/Mar/2025:11:02:10 +0900] ""GET/ product.php?id=1+UNiON+SELECT+l,username,pass- word+FROM+users-- HTTP/1.1"" 200 1024 ** ""Mozil- la/5.0"" 192.168.1.21 - - [09/Mar/2025:11:03:45 +0900] ""GET/ profile.php7user_id=-1+UNION+SELECT+1,email,pass- word+FROM+users-- HTTP/1.1"" 200 890 ""_"" ""Mozil- la/5.0""","해당로그를보아admin으로비밀번호없이로 그인을하는행위를시도하였다.","쿼리에or1-1를통해서뒤에퀴리부의무효화 를시도하였다.","Union Select를 사용해 Username과 Password 를조회 시도한 대표적인SQLInjection방식이 다.","DoS공격의 한유형으로써, 서버의가용성을 공격하였다.","4","","","주어진웹로그에서나타난 것은 DoS 공격이 아닌 SQL Injection 공격이며 이는 사용자의 UsernameO|나Password와 같은 데이터 탈취 또는 인증우회를목적으로 한다.","medium","","정보보안기사|필기|기출|백전백승 기출문제|2025년|4회|어플리케이션 보안","2026 수제비 정보보안기사 필기 기본서 · 백전백승 기출문제 · PDF 1177쪽 (인쇄 6-79) · 48번","2025","","","","","information-security-engineer"
"WRITTEN_CBT","어플리케이션 보안","웹서버 유형이 아닌것은?","nginx","apache","openstack","tomcat","2","","","openstack은웹 서버가 아닌클라우드컴퓨팅 플랫폼이다","medium","","정보보안기사|필기|기출|백전백승 기출문제|2025년|4회|어플리케이션 보안","2026 수제비 정보보안기사 필기 기본서 · 백전백승 기출문제 · PDF 1178쪽 (인쇄 6-80) · 49번","2025","","","","","information-security-engineer"
"WRITTEN_CBT","어플리케이션 보안","다음 취약한 예시코드에 대한설명으로틀린 것은? String nm = props getProperty(""name""): String pw = props.getPropertyCpassword""); (중략) XPathFactory factory = XPathFactorynewlnstanceO; XPath xpath = factorynewXPathO: …(중략) XPathExpression expr = xpath.compile( users/user[login/text)=""+nm+"" and password/text0=* +pw+""]/home_dir/textO""); Object result = expr.evaluate(doc, XPathConstants.NODESET): NodeList nodes = (NodeList) result: for (int i=O; iknodes.getLength0: i++){ String value = nodes.item(i).getNodeValueO: if (value.indexOf(>) < O){ } }","XPath를이용한삽입공격이다.","입력값검증미흡으로인한공격이가능하다.","다른경로에대한접근이가능하다.","Command를통해OS명령어가수행된다","4","","","이 코드는XPath를사용하여 XML문서를쿼리하는 코드로XPath 삽입 공격에취약할 수 있다. 입력값검증이 미흡하여 인증시에 사용자입력을 제대로필터링하지 않으면 악의적인 입력으로 다른 경로에 접근할 가능성이 있다. 이코드에서는OS명령어를 수행하거나 Command Injection의 내용은 없다.","medium","","정보보안기사|필기|기출|백전백승 기출문제|2025년|4회|어플리케이션 보안","2026 수제비 정보보안기사 필기 기본서 · 백전백승 기출문제 · PDF 1179쪽 (인쇄 6-81) · 54번","2025","","","","","information-security-engineer"
"WRITTEN_CBT","어플리케이션 보안","다음 중DNS Cache Poisoning 공격에 대한 대응방 안으로 적절하지 않은 것은?","DNSSEC(Domain Name System Security Ex- tensions)를 적용하여DNS응답의 무결성을 검 증한다. 2 DNS캐시를주기적으로삭제하고,신뢰할수 있는DNS서버를사용한다.","Source IP Validation 통해 허가된DNS만 수락 하도록DNS서버를설정한다. 4 암호화된 DNS 프로토콜(DNS over HTTPS, DNSoverTILS)을사용하여보안성을강화한다","","","3","","","·Source IP Validation(IP 검증)은 스푸핑된 패킷이 들어오는것을방지하는네트워크 보안기술이지만 DNS Cache Poisoning은 공격자가 실제 DNS 서버로부터변조된 응답을 수락하도록 유도하는 공격으로 IP를 검증하는 것만으로 응답의 무결성을 보장할수없다","medium","","정보보안기사|필기|기출|백전백승 기출문제|2025년|4회|어플리케이션 보안","2026 수제비 정보보안기사 필기 기본서 · 백전백승 기출문제 · PDF 1179쪽 (인쇄 6-81) · 56번","2025","","","","","information-security-engineer"
"WRITTEN_CBT","시스템 보안","DNS는클라이언트가 인터넷에 직접 연결되지 않고서버를대신사용하는보안터널기술이다.","","","","","3","","","·DNS는호스트의 도메인이름을호스트의네트워크 주소로바꾸거나그 반대의 변환을 수행하는 프로토콜이다 일반적으로UDP 53번 포트를사용하지만,패킨의 크기가512바이트를초과하거나기타특수한 경우에는 TCP 53번 포트를사용한다.","medium","","정보보안기사|필기|기출|백전백승 기출문제|2025년|4회|시스템 보안","2026 수제비 정보보안기사 필기 기본서 · 백전백승 기출문제 · PDF 1180쪽 (인쇄 6-82) · 4번","2025","","","","","information-security-engineer"
"WRITTEN_CBT","어플리케이션 보안","PGP서비스와관련하여디지털서명기능을위해사 용되는 알고리즘은?","3DES","DSS/SHA","IDEA","Radix-64","2","","","3DES, IDEA는 기밀성 보장 중에서메시지암호화를 위해Radix-64는 호환성을 위해 사용한다","medium","","정보보안기사|필기|기출|백전백승 기출문제|2025년|4회|어플리케이션 보안","2026 수제비 정보보안기사 필기 기본서 · 백전백승 기출문제 · PDF 1180쪽 (인쇄 6-82) · 59번","2025","","","","","information-security-engineer"
"WRITTEN_CBT","어플리케이션 보안","다음 중DNS(Domain Name System)에 대한 설명 으로 가장 적절한 것은?","DNS는IP주소를사람이기억하기쉬운MAC 주소로변환하는역할을한다.","DNS는 이메일을 송수신하는 프로토콜로,포트 25번을사용한다.","DNS는도메인이름을IP주소로 변환해주는시 스템으로,인터넷통신의 기본인프라역할을 한다.","","4","","","","medium","","정보보안기사|필기|기출|백전백승 기출문제|2025년|4회|어플리케이션 보안","2026 수제비 정보보안기사 필기 기본서 · 백전백승 기출문제 · PDF 1180쪽 (인쇄 6-82) · 60번","2025","","","","","information-security-engineer"
"WRITTEN_CBT","정보보안 일반","다음의 암호 관련 용어에 대한설명중옳지 않은 것은?","평문은송신자와수신자사이에주고받는일반 적인문장으로서암호화의대상이 된다","암호문은송신자와수신자사이에 주고받고자 하는내용을제3자가이해할수없는형태로변 형한문장이다.","암호화는평문을제3자가알수없도록암호문 으로변형하는과정으로서수신자가수행한다","공격자는암호문으로부터 평문을해독하려는 제3자를가리키며,특히송/수신자사이의암 호통신에 직접관여하지않고네트워크상의 정보를관찰하여공격을수행하는공격자를도 청자라고한다.","3","","","평문 암호화되지 않은원본데이터 (Plain- 암호학을이용하여보호해야할 text) 데이터 평문을 암호화하여얻은 암호화된 암호문 데이터 (Cipher- 송신자와수신자사이에주고받고자 text) 하는데이터를제3자가이해할수 없는 형태로 변형한데이터 암호화 데이터를암호화하는알고리즘 (Encryp- ·암호화는송신자가수행 tion) 암호문으로부터평문을해독하려는 제3자 * 송/수신자사이의 암호통신에 직접 도청자 관여하지 않고 (Eaves- 네트워크상의 dropper) 정보를관찰하여 공격자 공격을 수행하는 (Attacker) 소극적인공격자 • 악의적인 의도를 악의를 가 가지고 시스템 진공격자 네트워크,데이터 (Malicious 등에대한공격을 Attacker) 수행하는적극적인 공격자","medium","","정보보안기사|필기|기출|백전백승 기출문제|2025년|4회|정보보안 일반","2026 수제비 정보보안기사 필기 기본서 · 백전백승 기출문제 · PDF 1182쪽 (인쇄 6-84) · 63번","2025","","","","","information-security-engineer"
"WRITTEN_CBT","정보보안 일반","다음에서설명하는 암호화 알고리즘으로올바른것 은? 전자상거래 금융, 무선통신 등에서 전송되는 개인정보 와같은중요한정보를보호하기위해1999년2월KISA 와국내암호전문가들이순수국내기술로개발한128비 트블록암호알고리즘이다","RC5","Blowfish","SEED","AES","3","","","전자상거래,금융,무선통신 등에서 전송되는 개인정보와 같은 중요한 정보를 보호하기 위해 1999년2월KISA와국내 암호 전문가들이순수 국내기술로 개발한128비트 블록 암호 알고리즘은 SEEDO다.","medium","","정보보안기사|필기|기출|백전백승 기출문제|2025년|4회|정보보안 일반","2026 수제비 정보보안기사 필기 기본서 · 백전백승 기출문제 · PDF 1182쪽 (인쇄 6-84) · 65번","2025","","","","","information-security-engineer"
"WRITTEN_CBT","정보보안 일반","","","","","","4","","","","medium","","정보보안기사|필기|기출|백전백승 기출문제|2025년|4회|정보보안 일반","2026 수제비 정보보안기사 필기 기본서 · 백전백승 기출문제 · PDF 1183쪽 (인쇄 6-85) · 68번","2025","","","","","information-security-engineer"
"WRITTEN_CBT","정보보안 일반","RSA 키 생성 과정에서N=2419,(N)=2320일 때, 두소수p와q의 합인p+q은얼마인가?","49","82","100","2419","3","","","","medium","","정보보안기사|필기|기출|백전백승 기출문제|2025년|4회|정보보안 일반","2026 수제비 정보보안기사 필기 기본서 · 백전백승 기출문제 · PDF 1184쪽 (인쇄 6-86) · 70번","2025","","","","","information-security-engineer"
"WRITTEN_CBT","정보보안 일반","다음중 X.509인증서 구조의 내용이 아닌것은?","버전(Version)","일련번호(Serial Number)","비밀키 정보(Private Key Information)","유효기간(Period of Validity)","3","","","인증서의구조 버일알발 버전/일련번호/서명알고리즘/발행자 이름/유효기간/주체 이름/공개키 유주공서 발주확 정보/서명/발급자식별자/주체 식별자/확장 ㄱ7사용자A가서명자 B에게 자신의메시지를보여주 지 않고서명을받는방법으로써 이용자의프라이버 시를보호하기위해전자화폐나전자투표에활용되 는 서명 방식은? ①은닉 서명(Blind Signature) ②그룹 서명(Group Signature) ③수신자 지정 서명(Nominative Signature) ④부인방지서명(Undeniable Signature)","medium","","정보보안기사|필기|기출|백전백승 기출문제|2025년|4회|정보보안 일반","2026 수제비 정보보안기사 필기 기본서 · 백전백승 기출문제 · PDF 1186쪽 (인쇄 6-88) · 76번","2025","","","","","information-security-engineer"
"WRITTEN_CBT","정보보안 일반","CRL(Certificate Revocation List)에 포함되는 정보 2?","만료된디지털인증서의공개키","만료된디지털인증서일런번호","만료일내에만료된디지털인증서의공개키","만료일내에만료된디지털인증서일런번호","2","","","CRL은 인증서 폐기 목록의 버전, 서명 알고리즘 발급기관의이름,인증서발급일,갱신일 취소(만료)된 인증서에 대한 정보(일련번호 폐지일자폐지사유 등)로구성된다. CRL구성 인증서폐기 목록의 버전/발급자/ 버발날 개시날짜/다음업데이트/서명 업알식 알고리즘/기관키식별자(일련번호)","medium","","정보보안기사|필기|기출|백전백승 기출문제|2025년|4회|정보보안 일반","2026 수제비 정보보안기사 필기 기본서 · 백전백승 기출문제 · PDF 1187쪽 (인쇄 6-89) · 80번","2025","","","","","information-security-engineer"
"WRITTEN_CBT","정보보안 관리 및 법규","개인정보의가명·익명처리시개인정보일부또는 전부를대체하는일반화방법으로다음설명에해당 되는 기술은? 올림,내림반올림등의기준을적용하여집계처리하는 방법으로일반적으로세세한정보보다는전체통계정보 가필요한경우많이사용","상하단 코딩(Top and Bottom Coding)","제어 라운딩(Controlled Rounding)","랜덤 라운딩(Random Rounding) 일반라운딩(Rounding)","","4","","","·정규분포의 특성을 가진데이터에서 상하단 양쪽끝에치우친정보는 적은수의 코딩 분포를가지게되어 식별성을 가질수 있음 랜덤라운딩에서 행과열의합이 제어 일치하지않는단점을해결하기위해 라운딩 행과열이 맞지 않는 것을 제어하여 일치시키는방법 개인식별정보에 대한수치데이터를 랜덤 임의의수기준으로올림(Round Up) 라운딩 또는절사(Round Down)하는 방법 올림,내림,반올림등의 기준을 적용하여집계 처리하는방법으로 일반 일반적으로세세한정보보다는전체 라운딩 통계정보가 필요한 경우 많이 사용하는 방법","medium","","정보보안기사|필기|기출|백전백승 기출문제|2025년|4회|정보보안 관리 및 법규","2026 수제비 정보보안기사 필기 기본서 · 백전백승 기출문제 · PDF 1187쪽 (인쇄 6-89) · 81번","2025","","","","","information-security-engineer"
"WRITTEN_CBT","정보보안 관리 및 법규","다음 중 정보보호의 주요요소에 대한설명으로 잘못 된것은?","기밀성은정보가인가되지않은사용자에게노 출되지않도록하는특성을 의미하며, 접근제 어와암호화 등이 대표적인구현 수단이다.","무결성은 정보가허가되지않은 변경이나삭제 로부터 보호되어야하는특성을말하며,체크 섬,해시함수디지털서명등을통해보장할 수있다.","가용성은인가된사용자에의해서만시스템리 소스를사용할수있도록제한하는특성을말 하며,주로비인가사용자를차단하는메커니 즘과관련된다. 책임추적성은시스템내에서발생한행위를 사용자나프로세스단위로식별하고,이를추 적해책임을부여할수있도록하는특성이다.","","3","","","가용성(Availability)은 인가된 사용자가 시스템에 접근하여필요한정보나서비스를지속해서이용할 수 있도록보장하는 특성으로시스템의 중단 없는 지속적인서비스제공에중점을둔다. ""사용제한""이나비인가 사용자 차단은기밀성 또는 접근통제와관련이있다.","medium","","정보보안기사|필기|기출|백전백승 기출문제|2025년|4회|정보보안 관리 및 법규","2026 수제비 정보보안기사 필기 기본서 · 백전백승 기출문제 · PDF 1188쪽 (인쇄 6-90) · 83번","2025","","","","","information-security-engineer"
"WRITTEN_CBT","정보보안 관리 및 법규","개인정보보호법제17조(개인정보의제공)에따라개 인정보의 제공이 불가능한 경우는?","정보주체로부터동의를받은경우","법령상의무를준수하기위해서불가피한경우","공공기관이법령등에의해소관업무의수행 을위하여불가피한경우","기관이요청하는경우","4","","","","medium","","정보보안기사|필기|기출|백전백승 기출문제|2025년|4회|정보보안 관리 및 법규","2026 수제비 정보보안기사 필기 기본서 · 백전백승 기출문제 · PDF 1192쪽 (인쇄 6-94) · 91번","2025","","","","","information-security-engineer"
"WRITTEN_CBT","정보보안 관리 및 법규","다음중개인정보보호법에따라공공기관이정보 주체의동의없이개인정보를목적외로이용하거나 제3자에게 제공할 수 없는 경우는?","개인정보보호위원회의심의·의결을거쳐,다 른법률에서정하는소관업무를수행하기위 하여제공하는경우","정보주체의생명,신체,재산의이익보호를위 하여긴급히필요한경우","조약이행을위하여외국정부나국제기구에 제공하는경우","행정편의를위해다른부처와 정보를공유하 는경우","4","","","","medium","","정보보안기사|필기|기출|백전백승 기출문제|2025년|4회|정보보안 관리 및 법규","2026 수제비 정보보안기사 필기 기본서 · 백전백승 기출문제 · PDF 1193쪽 (인쇄 6-95) · 94번","2025","","","","","information-security-engineer"
"WRITTEN_CBT","정보보안 관리 및 법규","다음중비영리민간단체지원법제2조에따른비 영리민간단체의개인정보단체소송제기 요건에대 한설명으로 올바르지 않은 것은?","동일한침해를입은100명이상의정보주체로 부터단체소송의 제기를 요청받아야한다","단체의상시구성원수가3,000명이상이고최 근2년동안개인정보보호를위한실적이있는 경우소송을제기할수 있다.","정관에 개인정보 보호를목적으로명시하고 최근3년이상관련활동실적이있어야한다.","중앙행정기관에등록된비영리민간단체여야 한다.","2","","","단체소송의 제기가 가능한비영리민간단체의자격 요건 100명 이상의정보주체/3년 이상 100삼5천행 이를위한활동실적/5천명이상/ 중앙행정기관에 등록","medium","","정보보안기사|필기|기출|백전백승 기출문제|2025년|4회|정보보안 관리 및 법규","2026 수제비 정보보안기사 필기 기본서 · 백전백승 기출문제 · PDF 1193쪽 (인쇄 6-95) · 95번","2025","","","","","information-security-engineer"
"WRITTEN_CBT","정보보안 관리 및 법규","개인정보의안전성확보조치기준에 따른내부관리 계획의 필수 포함 사항에 해당하지 않는 것은?","개인정보보호책임자및개인정보취급자의역 할및책임에관한사항","개인정보처리시스템의운영위탁에따른외부 개발자보안점검에관한사항","개인정보유출사고대응계획의 수립및시행 에관한사항","개인정보의분실·도난·위조·변조를방지하기 위한악성프로그램등방지에관한사항","2","","","외부개발자보안점검에대한사항은내부 관리계획의 필수 포함사항이 아니다","medium","","정보보안기사|필기|기출|백전백승 기출문제|2025년|4회|정보보안 관리 및 법규","2026 수제비 정보보안기사 필기 기본서 · 백전백승 기출문제 · PDF 1194쪽 (인쇄 6-96) · 96번","2025","","","","","information-security-engineer"
"WRITTEN_CBT","정보보안 관리 및 법규","개인정보 보호법 제28조에 따라개인정보를국외 로이전하려는경우,정보주체에게사전에 고지해야 할 사항으로 옳지 않은 것은?","개인정보이전을거부하는방법,절차및 거부 의효과","개인정보를이전받는자의명칭과연락처","이전받는국가의 정보보호관련법령의주요 내용","이전되는개인정보항목,시기및방법","3","","","개인정보 보호법,제28조에 따라개인정보를 국외로이전하려는경우,이전받는국가의 정보보호 관련법령의 주요 내용은 정보주체에게사전에 고지해야할사항이 아니다 개인정보 보호법 제28조에 따라 개인정보의 국외 이전동의시고지사항은 다음과 같다. 1.이전되는개인정보 항목 2.개인정보가 이전되는국가,시기및 방법 3.개인정보를이전받는자의성명(법인인경우에는 그명칭과연락처를말한다) 4.개인정보를 이전받는자의 개인정보 이용목적및 보유·이용기간 5.개인정보의 이전을거부하는방법, 절차및 거부의 효과","medium","","정보보안기사|필기|기출|백전백승 기출문제|2025년|4회|정보보안 관리 및 법규","2026 수제비 정보보안기사 필기 기본서 · 백전백승 기출문제 · PDF 1194쪽 (인쇄 6-96) · 98번","2025","","","","","information-security-engineer"
"WRITTEN_CBT","정보보안 관리 및 법규","클라우드컴퓨팅발전및이용자보호에 관한 법률 제23조의2(클라우드컴퓨팅서비스의 보안인증)에 대한 내용으로 가장 적절하지 않은 것은 무엇인가?","클라우드보안인증제는정보보호수준의향상 및보장을위하여보안인증기준에적합한클라 우드컴퓨팅서비스에대하여 보안인증을수행 하는제도이다.","클라우드보안인증제의 정책기관은행정안전 부이고, 인증기관은 한국인터넷진흥원(KISA) 이다.","보안인중의유효기간은인증서비스등을고려 하여5년,SaaS간편등급은3년이다.","보안인중 대상은 전자결재, 인사및회계관리, 보안서비스, PaaS(개발환경)등중요데이터를 다루는 SaaS 서비스는 표준등급으로 인증을 신 청한다.","2","","","클라우드보안인증제의 정책기관은 과학기술정보통신부이고,인증기관은 한국인터넷진흥원(KISA)이다.","medium","","정보보안기사|필기|기출|백전백승 기출문제|2025년|4회|정보보안 관리 및 법규","2026 수제비 정보보안기사 필기 기본서 · 백전백승 기출문제 · PDF 1195쪽 (인쇄 6-97) · 100번","2025","","","","","information-security-engineer"
