exam_type,category,prompt,choice1,choice2,choice3,choice4,correct_answer,model_answer,key_points,explanation,difficulty,image_url,tags,source,source_year,reference_text,code_snippet,code_language,image_urls,certificate_id
WRITTEN_CBT,1-1 AI·기계학습 기초,다음 설명에 해당하는 개념으로 가장 적절한 것은?,인공지능(AI),머신러닝(ML),가설 공간,회귀,1,,,"인공지능(AI): 환경이나 데이터를 인지·학습·추론하여 목표 달성을 위한 예측, 행동 선택, 계획을 수행하는 시스템",easy,,AI시험|객관식|1-1 AI·기계학습 기초,1-1. AI 기계학습 기초 PDF 강의 정리본,,"환경이나 데이터를 인지·학습·추론하여 목표 달성을 위한 예측, 행동 선택, 계획을 수행하는 시스템",,,,,ai-exam
WRITTEN_CBT,1-1 AI·기계학습 기초,인공지능(AI)에 대한 설명으로 가장 적절한 것은?,AI 범주 안에서 사람이 규칙을 모두 코딩하지 않고 데이터로부터 학습해 목적을 달성하는 접근 방법론,피처와 라벨의 관계를 표현할 수 있는 모든 후보 함수의 모음,연속적인 수치형 반응값을 예측하는 지도학습 문제,"환경이나 데이터를 인지·학습·추론하여 목표 달성을 위한 예측, 행동 선택, 계획을 수행하는 시스템",4,,,"인공지능(AI): 환경이나 데이터를 인지·학습·추론하여 목표 달성을 위한 예측, 행동 선택, 계획을 수행하는 시스템",hard,,AI시험|객관식|개념비교|1-1 AI·기계학습 기초,1-1. AI 기계학습 기초 PDF 강의 정리본,,,,,,,ai-exam
PRACTICAL_WRITTEN_RESPONSE,1-1 AI·기계학습 기초,다음 설명에 해당하는 용어를 쓰시오.,,,,,,인공지능(AI),인공지능(AI)|AI,"인공지능(AI): 환경이나 데이터를 인지·학습·추론하여 목표 달성을 위한 예측, 행동 선택, 계획을 수행하는 시스템",easy,,AI시험|단답형|1-1 AI·기계학습 기초,1-1. AI 기계학습 기초 PDF 강의 정리본,,"환경이나 데이터를 인지·학습·추론하여 목표 달성을 위한 예측, 행동 선택, 계획을 수행하는 시스템",,,,,ai-exam
WRITTEN_CBT,1-1 AI·기계학습 기초,다음 설명에 해당하는 개념으로 가장 적절한 것은?,피처(Feature),모델,분류,머신러닝(ML),4,,,머신러닝(ML): AI 범주 안에서 사람이 규칙을 모두 코딩하지 않고 데이터로부터 학습해 목적을 달성하는 접근 방법론,medium,,AI시험|객관식|1-1 AI·기계학습 기초,1-1. AI 기계학습 기초 PDF 강의 정리본,,AI 범주 안에서 사람이 규칙을 모두 코딩하지 않고 데이터로부터 학습해 목적을 달성하는 접근 방법론,,,,,ai-exam
WRITTEN_CBT,1-1 AI·기계학습 기초,머신러닝(ML)에 대한 설명으로 가장 적절한 것은?,가설 공간에 속하는 특정 함수,입력을 미리 정해진 범주 중 하나로 예측하는 지도학습 문제,AI 범주 안에서 사람이 규칙을 모두 코딩하지 않고 데이터로부터 학습해 목적을 달성하는 접근 방법론,모델이 예측에 사용하는 정보로서 판단의 근거 또는 단서가 되는 입력 특성,3,,,머신러닝(ML): AI 범주 안에서 사람이 규칙을 모두 코딩하지 않고 데이터로부터 학습해 목적을 달성하는 접근 방법론,medium,,AI시험|객관식|개념비교|1-1 AI·기계학습 기초,1-1. AI 기계학습 기초 PDF 강의 정리본,,,,,,,ai-exam
PRACTICAL_WRITTEN_RESPONSE,1-1 AI·기계학습 기초,다음 설명에 해당하는 용어를 쓰시오.,,,,,,머신러닝(ML),머신러닝(ML)|ML,머신러닝(ML): AI 범주 안에서 사람이 규칙을 모두 코딩하지 않고 데이터로부터 학습해 목적을 달성하는 접근 방법론,medium,,AI시험|단답형|1-1 AI·기계학습 기초,1-1. AI 기계학습 기초 PDF 강의 정리본,,AI 범주 안에서 사람이 규칙을 모두 코딩하지 않고 데이터로부터 학습해 목적을 달성하는 접근 방법론,,,,,ai-exam
WRITTEN_CBT,1-1 AI·기계학습 기초,다음 설명에 해당하는 개념으로 가장 적절한 것은?,학습,정밀도,피처(Feature),라벨(Label),3,,,피처(Feature): 모델이 예측에 사용하는 정보로서 판단의 근거 또는 단서가 되는 입력 특성,medium,,AI시험|객관식|1-1 AI·기계학습 기초,1-1. AI 기계학습 기초 PDF 강의 정리본,,모델이 예측에 사용하는 정보로서 판단의 근거 또는 단서가 되는 입력 특성,,,,,ai-exam
WRITTEN_CBT,1-1 AI·기계학습 기초,피처(Feature)에 대한 설명으로 가장 적절한 것은?,양성으로 예측한 표본 가운데 실제 양성인 표본의 비율,모델이 예측에 사용하는 정보로서 판단의 근거 또는 단서가 되는 입력 특성,모델이 예측하려는 정답 또는 목표값,데이터와 성능 척도를 바탕으로 가설 공간의 후보 중 최적 모델을 선택하는 과정,2,,,피처(Feature): 모델이 예측에 사용하는 정보로서 판단의 근거 또는 단서가 되는 입력 특성,medium,,AI시험|객관식|개념비교|1-1 AI·기계학습 기초,1-1. AI 기계학습 기초 PDF 강의 정리본,,,,,,,ai-exam
PRACTICAL_WRITTEN_RESPONSE,1-1 AI·기계학습 기초,다음 설명에 해당하는 용어를 쓰시오.,,,,,,피처(Feature),피처(Feature)|Feature,피처(Feature): 모델이 예측에 사용하는 정보로서 판단의 근거 또는 단서가 되는 입력 특성,medium,,AI시험|단답형|1-1 AI·기계학습 기초,1-1. AI 기계학습 기초 PDF 강의 정리본,,모델이 예측에 사용하는 정보로서 판단의 근거 또는 단서가 되는 입력 특성,,,,,ai-exam
WRITTEN_CBT,1-1 AI·기계학습 기초,다음 설명에 해당하는 개념으로 가장 적절한 것은?,재현율,라벨(Label),가설 공간,지도학습,2,,,라벨(Label): 모델이 예측하려는 정답 또는 목표값,medium,,AI시험|객관식|1-1 AI·기계학습 기초,1-1. AI 기계학습 기초 PDF 강의 정리본,,모델이 예측하려는 정답 또는 목표값,,,,,ai-exam
WRITTEN_CBT,1-1 AI·기계학습 기초,라벨(Label)에 대한 설명으로 가장 적절한 것은?,모델이 예측하려는 정답 또는 목표값,피처와 라벨의 관계를 표현할 수 있는 모든 후보 함수의 모음,입력 피처와 정답 라벨이 함께 주어진 데이터로 입력과 출력의 관계를 학습하는 방식,실제 양성 표본 가운데 모델이 양성으로 찾아낸 표본의 비율,1,,,라벨(Label): 모델이 예측하려는 정답 또는 목표값,medium,,AI시험|객관식|개념비교|1-1 AI·기계학습 기초,1-1. AI 기계학습 기초 PDF 강의 정리본,,,,,,,ai-exam
PRACTICAL_WRITTEN_RESPONSE,1-1 AI·기계학습 기초,다음 설명에 해당하는 용어를 쓰시오.,,,,,,라벨(Label),라벨(Label)|Label,라벨(Label): 모델이 예측하려는 정답 또는 목표값,medium,,AI시험|단답형|1-1 AI·기계학습 기초,1-1. AI 기계학습 기초 PDF 강의 정리본,,모델이 예측하려는 정답 또는 목표값,,,,,ai-exam
WRITTEN_CBT,1-1 AI·기계학습 기초,다음 설명에 해당하는 개념으로 가장 적절한 것은?,가설 공간,모델,회귀,F1-score,1,,,가설 공간: 피처와 라벨의 관계를 표현할 수 있는 모든 후보 함수의 모음,medium,,AI시험|객관식|1-1 AI·기계학습 기초,1-1. AI 기계학습 기초 PDF 강의 정리본,,피처와 라벨의 관계를 표현할 수 있는 모든 후보 함수의 모음,,,,,ai-exam
WRITTEN_CBT,1-1 AI·기계학습 기초,가설 공간에 대한 설명으로 가장 적절한 것은?,가설 공간에 속하는 특정 함수,연속적인 수치형 반응값을 예측하는 지도학습 문제,정밀도와 재현율의 조화평균,피처와 라벨의 관계를 표현할 수 있는 모든 후보 함수의 모음,4,,,가설 공간: 피처와 라벨의 관계를 표현할 수 있는 모든 후보 함수의 모음,hard,,AI시험|객관식|개념비교|1-1 AI·기계학습 기초,1-1. AI 기계학습 기초 PDF 강의 정리본,,,,,,,ai-exam
PRACTICAL_WRITTEN_RESPONSE,1-1 AI·기계학습 기초,다음 설명에 해당하는 용어를 쓰시오.,,,,,,가설 공간,가설 공간,가설 공간: 피처와 라벨의 관계를 표현할 수 있는 모든 후보 함수의 모음,medium,,AI시험|단답형|1-1 AI·기계학습 기초,1-1. AI 기계학습 기초 PDF 강의 정리본,,피처와 라벨의 관계를 표현할 수 있는 모든 후보 함수의 모음,,,,,ai-exam
WRITTEN_CBT,1-1 AI·기계학습 기초,다음 설명에 해당하는 개념으로 가장 적절한 것은?,학습,분류,오버피팅,모델,4,,,모델: 가설 공간에 속하는 특정 함수,easy,,AI시험|객관식|1-1 AI·기계학습 기초,1-1. AI 기계학습 기초 PDF 강의 정리본,,가설 공간에 속하는 특정 함수,,,,,ai-exam
WRITTEN_CBT,1-1 AI·기계학습 기초,모델에 대한 설명으로 가장 적절한 것은?,입력을 미리 정해진 범주 중 하나로 예측하는 지도학습 문제,훈련 데이터에는 지나치게 잘 맞지만 새로운 데이터에 대한 일반화 성능은 낮은 현상,가설 공간에 속하는 특정 함수,데이터와 성능 척도를 바탕으로 가설 공간의 후보 중 최적 모델을 선택하는 과정,3,,,모델: 가설 공간에 속하는 특정 함수,medium,,AI시험|객관식|개념비교|1-1 AI·기계학습 기초,1-1. AI 기계학습 기초 PDF 강의 정리본,,,,,,,ai-exam
PRACTICAL_WRITTEN_RESPONSE,1-1 AI·기계학습 기초,다음 설명에 해당하는 용어를 쓰시오.,,,,,,모델,모델,모델: 가설 공간에 속하는 특정 함수,easy,,AI시험|단답형|1-1 AI·기계학습 기초,1-1. AI 기계학습 기초 PDF 강의 정리본,,가설 공간에 속하는 특정 함수,,,,,ai-exam
WRITTEN_CBT,1-1 AI·기계학습 기초,다음 설명에 해당하는 개념으로 가장 적절한 것은?,정밀도,K-겹 교차검증,학습,지도학습,3,,,학습: 데이터와 성능 척도를 바탕으로 가설 공간의 후보 중 최적 모델을 선택하는 과정,medium,,AI시험|객관식|1-1 AI·기계학습 기초,1-1. AI 기계학습 기초 PDF 강의 정리본,,데이터와 성능 척도를 바탕으로 가설 공간의 후보 중 최적 모델을 선택하는 과정,,,,,ai-exam
WRITTEN_CBT,1-1 AI·기계학습 기초,학습에 대한 설명으로 가장 적절한 것은?,데이터를 K개 부분으로 나눠 한 부분씩 검증에 쓰고 나머지로 학습하는 과정을 K번 반복하는 평가법,데이터와 성능 척도를 바탕으로 가설 공간의 후보 중 최적 모델을 선택하는 과정,입력 피처와 정답 라벨이 함께 주어진 데이터로 입력과 출력의 관계를 학습하는 방식,양성으로 예측한 표본 가운데 실제 양성인 표본의 비율,2,,,학습: 데이터와 성능 척도를 바탕으로 가설 공간의 후보 중 최적 모델을 선택하는 과정,medium,,AI시험|객관식|개념비교|1-1 AI·기계학습 기초,1-1. AI 기계학습 기초 PDF 강의 정리본,,,,,,,ai-exam
PRACTICAL_WRITTEN_RESPONSE,1-1 AI·기계학습 기초,다음 설명에 해당하는 용어를 쓰시오.,,,,,,학습,학습,학습: 데이터와 성능 척도를 바탕으로 가설 공간의 후보 중 최적 모델을 선택하는 과정,medium,,AI시험|단답형|1-1 AI·기계학습 기초,1-1. AI 기계학습 기초 PDF 강의 정리본,,데이터와 성능 척도를 바탕으로 가설 공간의 후보 중 최적 모델을 선택하는 과정,,,,,ai-exam
WRITTEN_CBT,1-1 AI·기계학습 기초,다음 설명에 해당하는 개념으로 가장 적절한 것은?,인공지능(AI),지도학습,회귀,재현율,2,,,지도학습: 입력 피처와 정답 라벨이 함께 주어진 데이터로 입력과 출력의 관계를 학습하는 방식,medium,,AI시험|객관식|1-1 AI·기계학습 기초,1-1. AI 기계학습 기초 PDF 강의 정리본,,입력 피처와 정답 라벨이 함께 주어진 데이터로 입력과 출력의 관계를 학습하는 방식,,,,,ai-exam
WRITTEN_CBT,1-1 AI·기계학습 기초,지도학습에 대한 설명으로 가장 적절한 것은?,입력 피처와 정답 라벨이 함께 주어진 데이터로 입력과 출력의 관계를 학습하는 방식,연속적인 수치형 반응값을 예측하는 지도학습 문제,실제 양성 표본 가운데 모델이 양성으로 찾아낸 표본의 비율,"환경이나 데이터를 인지·학습·추론하여 목표 달성을 위한 예측, 행동 선택, 계획을 수행하는 시스템",1,,,지도학습: 입력 피처와 정답 라벨이 함께 주어진 데이터로 입력과 출력의 관계를 학습하는 방식,medium,,AI시험|객관식|개념비교|1-1 AI·기계학습 기초,1-1. AI 기계학습 기초 PDF 강의 정리본,,,,,,,ai-exam
PRACTICAL_WRITTEN_RESPONSE,1-1 AI·기계학습 기초,다음 설명에 해당하는 용어를 쓰시오.,,,,,,지도학습,지도학습,지도학습: 입력 피처와 정답 라벨이 함께 주어진 데이터로 입력과 출력의 관계를 학습하는 방식,medium,,AI시험|단답형|1-1 AI·기계학습 기초,1-1. AI 기계학습 기초 PDF 강의 정리본,,입력 피처와 정답 라벨이 함께 주어진 데이터로 입력과 출력의 관계를 학습하는 방식,,,,,ai-exam
WRITTEN_CBT,1-1 AI·기계학습 기초,다음 설명에 해당하는 개념으로 가장 적절한 것은?,회귀,분류,F1-score,머신러닝(ML),1,,,회귀: 연속적인 수치형 반응값을 예측하는 지도학습 문제,medium,,AI시험|객관식|1-1 AI·기계학습 기초,1-1. AI 기계학습 기초 PDF 강의 정리본,,연속적인 수치형 반응값을 예측하는 지도학습 문제,,,,,ai-exam
WRITTEN_CBT,1-1 AI·기계학습 기초,회귀에 대한 설명으로 가장 적절한 것은?,입력을 미리 정해진 범주 중 하나로 예측하는 지도학습 문제,정밀도와 재현율의 조화평균,AI 범주 안에서 사람이 규칙을 모두 코딩하지 않고 데이터로부터 학습해 목적을 달성하는 접근 방법론,연속적인 수치형 반응값을 예측하는 지도학습 문제,4,,,회귀: 연속적인 수치형 반응값을 예측하는 지도학습 문제,hard,,AI시험|객관식|개념비교|1-1 AI·기계학습 기초,1-1. AI 기계학습 기초 PDF 강의 정리본,,,,,,,ai-exam
PRACTICAL_WRITTEN_RESPONSE,1-1 AI·기계학습 기초,다음 설명에 해당하는 용어를 쓰시오.,,,,,,회귀,회귀,회귀: 연속적인 수치형 반응값을 예측하는 지도학습 문제,medium,,AI시험|단답형|1-1 AI·기계학습 기초,1-1. AI 기계학습 기초 PDF 강의 정리본,,연속적인 수치형 반응값을 예측하는 지도학습 문제,,,,,ai-exam
WRITTEN_CBT,1-1 AI·기계학습 기초,다음 설명에 해당하는 개념으로 가장 적절한 것은?,정밀도,오버피팅,피처(Feature),분류,4,,,분류: 입력을 미리 정해진 범주 중 하나로 예측하는 지도학습 문제,medium,,AI시험|객관식|1-1 AI·기계학습 기초,1-1. AI 기계학습 기초 PDF 강의 정리본,,입력을 미리 정해진 범주 중 하나로 예측하는 지도학습 문제,,,,,ai-exam
WRITTEN_CBT,1-1 AI·기계학습 기초,분류에 대한 설명으로 가장 적절한 것은?,훈련 데이터에는 지나치게 잘 맞지만 새로운 데이터에 대한 일반화 성능은 낮은 현상,모델이 예측에 사용하는 정보로서 판단의 근거 또는 단서가 되는 입력 특성,입력을 미리 정해진 범주 중 하나로 예측하는 지도학습 문제,양성으로 예측한 표본 가운데 실제 양성인 표본의 비율,3,,,분류: 입력을 미리 정해진 범주 중 하나로 예측하는 지도학습 문제,medium,,AI시험|객관식|개념비교|1-1 AI·기계학습 기초,1-1. AI 기계학습 기초 PDF 강의 정리본,,,,,,,ai-exam
PRACTICAL_WRITTEN_RESPONSE,1-1 AI·기계학습 기초,다음 설명에 해당하는 용어를 쓰시오.,,,,,,분류,분류,분류: 입력을 미리 정해진 범주 중 하나로 예측하는 지도학습 문제,medium,,AI시험|단답형|1-1 AI·기계학습 기초,1-1. AI 기계학습 기초 PDF 강의 정리본,,입력을 미리 정해진 범주 중 하나로 예측하는 지도학습 문제,,,,,ai-exam
WRITTEN_CBT,1-1 AI·기계학습 기초,다음 설명에 해당하는 개념으로 가장 적절한 것은?,K-겹 교차검증,라벨(Label),정밀도,재현율,3,,,정밀도: 양성으로 예측한 표본 가운데 실제 양성인 표본의 비율,easy,,AI시험|객관식|1-1 AI·기계학습 기초,1-1. AI 기계학습 기초 PDF 강의 정리본,,양성으로 예측한 표본 가운데 실제 양성인 표본의 비율,,,,,ai-exam
WRITTEN_CBT,1-1 AI·기계학습 기초,정밀도에 대한 설명으로 가장 적절한 것은?,모델이 예측하려는 정답 또는 목표값,양성으로 예측한 표본 가운데 실제 양성인 표본의 비율,실제 양성 표본 가운데 모델이 양성으로 찾아낸 표본의 비율,데이터를 K개 부분으로 나눠 한 부분씩 검증에 쓰고 나머지로 학습하는 과정을 K번 반복하는 평가법,2,,,정밀도: 양성으로 예측한 표본 가운데 실제 양성인 표본의 비율,medium,,AI시험|객관식|개념비교|1-1 AI·기계학습 기초,1-1. AI 기계학습 기초 PDF 강의 정리본,,,,,,,ai-exam
PRACTICAL_WRITTEN_RESPONSE,1-1 AI·기계학습 기초,다음 설명에 해당하는 용어를 쓰시오.,,,,,,정밀도,정밀도,정밀도: 양성으로 예측한 표본 가운데 실제 양성인 표본의 비율,easy,,AI시험|단답형|1-1 AI·기계학습 기초,1-1. AI 기계학습 기초 PDF 강의 정리본,,양성으로 예측한 표본 가운데 실제 양성인 표본의 비율,,,,,ai-exam
WRITTEN_CBT,1-1 AI·기계학습 기초,다음 설명에 해당하는 개념으로 가장 적절한 것은?,가설 공간,재현율,F1-score,인공지능(AI),2,,,재현율: 실제 양성 표본 가운데 모델이 양성으로 찾아낸 표본의 비율,medium,,AI시험|객관식|1-1 AI·기계학습 기초,1-1. AI 기계학습 기초 PDF 강의 정리본,,실제 양성 표본 가운데 모델이 양성으로 찾아낸 표본의 비율,,,,,ai-exam
WRITTEN_CBT,1-1 AI·기계학습 기초,재현율에 대한 설명으로 가장 적절한 것은?,실제 양성 표본 가운데 모델이 양성으로 찾아낸 표본의 비율,정밀도와 재현율의 조화평균,"환경이나 데이터를 인지·학습·추론하여 목표 달성을 위한 예측, 행동 선택, 계획을 수행하는 시스템",피처와 라벨의 관계를 표현할 수 있는 모든 후보 함수의 모음,1,,,재현율: 실제 양성 표본 가운데 모델이 양성으로 찾아낸 표본의 비율,medium,,AI시험|객관식|개념비교|1-1 AI·기계학습 기초,1-1. AI 기계학습 기초 PDF 강의 정리본,,,,,,,ai-exam
PRACTICAL_WRITTEN_RESPONSE,1-1 AI·기계학습 기초,다음 설명에 해당하는 용어를 쓰시오.,,,,,,재현율,재현율,재현율: 실제 양성 표본 가운데 모델이 양성으로 찾아낸 표본의 비율,medium,,AI시험|단답형|1-1 AI·기계학습 기초,1-1. AI 기계학습 기초 PDF 강의 정리본,,실제 양성 표본 가운데 모델이 양성으로 찾아낸 표본의 비율,,,,,ai-exam
WRITTEN_CBT,1-1 AI·기계학습 기초,다음 설명에 해당하는 개념으로 가장 적절한 것은?,F1-score,오버피팅,머신러닝(ML),모델,1,,,F1-score: 정밀도와 재현율의 조화평균,medium,,AI시험|객관식|1-1 AI·기계학습 기초,1-1. AI 기계학습 기초 PDF 강의 정리본,,정밀도와 재현율의 조화평균,,,,,ai-exam
WRITTEN_CBT,1-1 AI·기계학습 기초,F1-score에 대한 설명으로 가장 적절한 것은?,훈련 데이터에는 지나치게 잘 맞지만 새로운 데이터에 대한 일반화 성능은 낮은 현상,AI 범주 안에서 사람이 규칙을 모두 코딩하지 않고 데이터로부터 학습해 목적을 달성하는 접근 방법론,가설 공간에 속하는 특정 함수,정밀도와 재현율의 조화평균,4,,,F1-score: 정밀도와 재현율의 조화평균,hard,,AI시험|객관식|개념비교|1-1 AI·기계학습 기초,1-1. AI 기계학습 기초 PDF 강의 정리본,,,,,,,ai-exam
PRACTICAL_WRITTEN_RESPONSE,1-1 AI·기계학습 기초,다음 설명에 해당하는 용어를 쓰시오.,,,,,,F1-score,F1-score,F1-score: 정밀도와 재현율의 조화평균,medium,,AI시험|단답형|1-1 AI·기계학습 기초,1-1. AI 기계학습 기초 PDF 강의 정리본,,정밀도와 재현율의 조화평균,,,,,ai-exam
WRITTEN_CBT,1-1 AI·기계학습 기초,다음 설명에 해당하는 개념으로 가장 적절한 것은?,K-겹 교차검증,피처(Feature),학습,오버피팅,4,,,오버피팅: 훈련 데이터에는 지나치게 잘 맞지만 새로운 데이터에 대한 일반화 성능은 낮은 현상,medium,,AI시험|객관식|1-1 AI·기계학습 기초,1-1. AI 기계학습 기초 PDF 강의 정리본,,훈련 데이터에는 지나치게 잘 맞지만 새로운 데이터에 대한 일반화 성능은 낮은 현상,,,,,ai-exam
WRITTEN_CBT,1-1 AI·기계학습 기초,오버피팅에 대한 설명으로 가장 적절한 것은?,모델이 예측에 사용하는 정보로서 판단의 근거 또는 단서가 되는 입력 특성,데이터와 성능 척도를 바탕으로 가설 공간의 후보 중 최적 모델을 선택하는 과정,훈련 데이터에는 지나치게 잘 맞지만 새로운 데이터에 대한 일반화 성능은 낮은 현상,데이터를 K개 부분으로 나눠 한 부분씩 검증에 쓰고 나머지로 학습하는 과정을 K번 반복하는 평가법,3,,,오버피팅: 훈련 데이터에는 지나치게 잘 맞지만 새로운 데이터에 대한 일반화 성능은 낮은 현상,medium,,AI시험|객관식|개념비교|1-1 AI·기계학습 기초,1-1. AI 기계학습 기초 PDF 강의 정리본,,,,,,,ai-exam
PRACTICAL_WRITTEN_RESPONSE,1-1 AI·기계학습 기초,다음 설명에 해당하는 용어를 쓰시오.,,,,,,오버피팅,오버피팅,오버피팅: 훈련 데이터에는 지나치게 잘 맞지만 새로운 데이터에 대한 일반화 성능은 낮은 현상,medium,,AI시험|단답형|1-1 AI·기계학습 기초,1-1. AI 기계학습 기초 PDF 강의 정리본,,훈련 데이터에는 지나치게 잘 맞지만 새로운 데이터에 대한 일반화 성능은 낮은 현상,,,,,ai-exam
WRITTEN_CBT,1-1 AI·기계학습 기초,다음 설명에 해당하는 개념으로 가장 적절한 것은?,라벨(Label),지도학습,K-겹 교차검증,인공지능(AI),3,,,K-겹 교차검증: 데이터를 K개 부분으로 나눠 한 부분씩 검증에 쓰고 나머지로 학습하는 과정을 K번 반복하는 평가법,medium,,AI시험|객관식|1-1 AI·기계학습 기초,1-1. AI 기계학습 기초 PDF 강의 정리본,,데이터를 K개 부분으로 나눠 한 부분씩 검증에 쓰고 나머지로 학습하는 과정을 K번 반복하는 평가법,,,,,ai-exam
WRITTEN_CBT,1-1 AI·기계학습 기초,K-겹 교차검증에 대한 설명으로 가장 적절한 것은?,입력 피처와 정답 라벨이 함께 주어진 데이터로 입력과 출력의 관계를 학습하는 방식,데이터를 K개 부분으로 나눠 한 부분씩 검증에 쓰고 나머지로 학습하는 과정을 K번 반복하는 평가법,"환경이나 데이터를 인지·학습·추론하여 목표 달성을 위한 예측, 행동 선택, 계획을 수행하는 시스템",모델이 예측하려는 정답 또는 목표값,2,,,K-겹 교차검증: 데이터를 K개 부분으로 나눠 한 부분씩 검증에 쓰고 나머지로 학습하는 과정을 K번 반복하는 평가법,medium,,AI시험|객관식|개념비교|1-1 AI·기계학습 기초,1-1. AI 기계학습 기초 PDF 강의 정리본,,,,,,,ai-exam
PRACTICAL_WRITTEN_RESPONSE,1-1 AI·기계학습 기초,다음 설명에 해당하는 용어를 쓰시오.,,,,,,K-겹 교차검증,K-겹 교차검증,K-겹 교차검증: 데이터를 K개 부분으로 나눠 한 부분씩 검증에 쓰고 나머지로 학습하는 과정을 K번 반복하는 평가법,medium,,AI시험|단답형|1-1 AI·기계학습 기초,1-1. AI 기계학습 기초 PDF 강의 정리본,,데이터를 K개 부분으로 나눠 한 부분씩 검증에 쓰고 나머지로 학습하는 과정을 K번 반복하는 평가법,,,,,ai-exam
WRITTEN_CBT,1-2 AI·기계학습 방법,다음 설명에 해당하는 개념으로 가장 적절한 것은?,단순 선형회귀,잔차,회귀계수,ReLU,1,,,단순 선형회귀: 하나의 설명변수와 반응변수 사이의 선형 관계를 모델링하는 회귀,easy,,AI시험|객관식|1-2 AI·기계학습 방법,1-2. AI 기계학습 방법 PDF 강의 정리본,,하나의 설명변수와 반응변수 사이의 선형 관계를 모델링하는 회귀,,,,,ai-exam
WRITTEN_CBT,1-2 AI·기계학습 방법,단순 선형회귀에 대한 설명으로 가장 적절한 것은?,관측값에서 모델의 예측값을 뺀 값,다른 변수를 고정할 때 해당 설명변수가 한 단위 변하면 반응변수가 평균적으로 변하는 양,"음수 입력은 0으로, 양수 입력은 그대로 출력하는 활성화 함수",하나의 설명변수와 반응변수 사이의 선형 관계를 모델링하는 회귀,4,,,단순 선형회귀: 하나의 설명변수와 반응변수 사이의 선형 관계를 모델링하는 회귀,hard,,AI시험|객관식|개념비교|1-2 AI·기계학습 방법,1-2. AI 기계학습 방법 PDF 강의 정리본,,,,,,,ai-exam
PRACTICAL_WRITTEN_RESPONSE,1-2 AI·기계학습 방법,다음 설명에 해당하는 용어를 쓰시오.,,,,,,단순 선형회귀,단순 선형회귀,단순 선형회귀: 하나의 설명변수와 반응변수 사이의 선형 관계를 모델링하는 회귀,easy,,AI시험|단답형|1-2 AI·기계학습 방법,1-2. AI 기계학습 방법 PDF 강의 정리본,,하나의 설명변수와 반응변수 사이의 선형 관계를 모델링하는 회귀,,,,,ai-exam
WRITTEN_CBT,1-2 AI·기계학습 방법,다음 설명에 해당하는 개념으로 가장 적절한 것은?,최소제곱법,로지스틱 회귀,활성화 함수,잔차,4,,,잔차: 관측값에서 모델의 예측값을 뺀 값,medium,,AI시험|객관식|1-2 AI·기계학습 방법,1-2. AI 기계학습 방법 PDF 강의 정리본,,관측값에서 모델의 예측값을 뺀 값,,,,,ai-exam
WRITTEN_CBT,1-2 AI·기계학습 방법,잔차에 대한 설명으로 가장 적절한 것은?,출력이 0과 1 사이가 되도록 범주에 속할 확률을 모델링하는 분류 방법,신경망의 중간 계산 결과에 비선형성을 부여하는 함수,관측값에서 모델의 예측값을 뺀 값,잔차제곱합 RSS가 최소가 되도록 회귀계수를 정하는 방법,3,,,잔차: 관측값에서 모델의 예측값을 뺀 값,medium,,AI시험|객관식|개념비교|1-2 AI·기계학습 방법,1-2. AI 기계학습 방법 PDF 강의 정리본,,,,,,,ai-exam
PRACTICAL_WRITTEN_RESPONSE,1-2 AI·기계학습 방법,다음 설명에 해당하는 용어를 쓰시오.,,,,,,잔차,잔차,잔차: 관측값에서 모델의 예측값을 뺀 값,medium,,AI시험|단답형|1-2 AI·기계학습 방법,1-2. AI 기계학습 방법 PDF 강의 정리본,,관측값에서 모델의 예측값을 뺀 값,,,,,ai-exam
WRITTEN_CBT,1-2 AI·기계학습 방법,다음 설명에 해당하는 개념으로 가장 적절한 것은?,최대 가능도 추정(MLE),히든 유닛,최소제곱법,다중 선형회귀,3,,,최소제곱법: 잔차제곱합 RSS가 최소가 되도록 회귀계수를 정하는 방법,medium,,AI시험|객관식|1-2 AI·기계학습 방법,1-2. AI 기계학습 방법 PDF 강의 정리본,,잔차제곱합 RSS가 최소가 되도록 회귀계수를 정하는 방법,,,,,ai-exam
WRITTEN_CBT,1-2 AI·기계학습 방법,최소제곱법에 대한 설명으로 가장 적절한 것은?,신경망 은닉층에서 입력을 변환하는 중간 단계의 연산 단위,잔차제곱합 RSS가 최소가 되도록 회귀계수를 정하는 방법,여러 설명변수와 반응변수 사이의 선형 관계를 모델링하는 회귀,관측 데이터가 나타날 가능도를 최대화하도록 로지스틱 회귀의 모수를 추정하는 방법,2,,,최소제곱법: 잔차제곱합 RSS가 최소가 되도록 회귀계수를 정하는 방법,medium,,AI시험|객관식|개념비교|1-2 AI·기계학습 방법,1-2. AI 기계학습 방법 PDF 강의 정리본,,,,,,,ai-exam
PRACTICAL_WRITTEN_RESPONSE,1-2 AI·기계학습 방법,다음 설명에 해당하는 용어를 쓰시오.,,,,,,최소제곱법,최소제곱법,최소제곱법: 잔차제곱합 RSS가 최소가 되도록 회귀계수를 정하는 방법,medium,,AI시험|단답형|1-2 AI·기계학습 방법,1-2. AI 기계학습 방법 PDF 강의 정리본,,잔차제곱합 RSS가 최소가 되도록 회귀계수를 정하는 방법,,,,,ai-exam
WRITTEN_CBT,1-2 AI·기계학습 방법,다음 설명에 해당하는 개념으로 가장 적절한 것은?,조각별 선형 함수,다중 선형회귀,회귀계수,얕은 신경망,2,,,다중 선형회귀: 여러 설명변수와 반응변수 사이의 선형 관계를 모델링하는 회귀,medium,,AI시험|객관식|1-2 AI·기계학습 방법,1-2. AI 기계학습 방법 PDF 강의 정리본,,여러 설명변수와 반응변수 사이의 선형 관계를 모델링하는 회귀,,,,,ai-exam
WRITTEN_CBT,1-2 AI·기계학습 방법,다중 선형회귀에 대한 설명으로 가장 적절한 것은?,여러 설명변수와 반응변수 사이의 선형 관계를 모델링하는 회귀,다른 변수를 고정할 때 해당 설명변수가 한 단위 변하면 반응변수가 평균적으로 변하는 양,은닉층이 하나인 신경망,전체적으로는 비선형이지만 입력 구간별로는 선형인 함수,1,,,다중 선형회귀: 여러 설명변수와 반응변수 사이의 선형 관계를 모델링하는 회귀,medium,,AI시험|객관식|개념비교|1-2 AI·기계학습 방법,1-2. AI 기계학습 방법 PDF 강의 정리본,,,,,,,ai-exam
PRACTICAL_WRITTEN_RESPONSE,1-2 AI·기계학습 방법,다음 설명에 해당하는 용어를 쓰시오.,,,,,,다중 선형회귀,다중 선형회귀,다중 선형회귀: 여러 설명변수와 반응변수 사이의 선형 관계를 모델링하는 회귀,medium,,AI시험|단답형|1-2 AI·기계학습 방법,1-2. AI 기계학습 방법 PDF 강의 정리본,,여러 설명변수와 반응변수 사이의 선형 관계를 모델링하는 회귀,,,,,ai-exam
WRITTEN_CBT,1-2 AI·기계학습 방법,다음 설명에 해당하는 개념으로 가장 적절한 것은?,회귀계수,로지스틱 회귀,ReLU,보편 근사 정리,1,,,회귀계수: 다른 변수를 고정할 때 해당 설명변수가 한 단위 변하면 반응변수가 평균적으로 변하는 양,medium,,AI시험|객관식|1-2 AI·기계학습 방법,1-2. AI 기계학습 방법 PDF 강의 정리본,,다른 변수를 고정할 때 해당 설명변수가 한 단위 변하면 반응변수가 평균적으로 변하는 양,,,,,ai-exam
WRITTEN_CBT,1-2 AI·기계학습 방법,회귀계수에 대한 설명으로 가장 적절한 것은?,출력이 0과 1 사이가 되도록 범주에 속할 확률을 모델링하는 분류 방법,"음수 입력은 0으로, 양수 입력은 그대로 출력하는 활성화 함수",충분한 은닉 유닛을 가진 신경망이 넓은 종류의 연속함수를 원하는 정밀도로 근사할 수 있다는 정리,다른 변수를 고정할 때 해당 설명변수가 한 단위 변하면 반응변수가 평균적으로 변하는 양,4,,,회귀계수: 다른 변수를 고정할 때 해당 설명변수가 한 단위 변하면 반응변수가 평균적으로 변하는 양,hard,,AI시험|객관식|개념비교|1-2 AI·기계학습 방법,1-2. AI 기계학습 방법 PDF 강의 정리본,,,,,,,ai-exam
PRACTICAL_WRITTEN_RESPONSE,1-2 AI·기계학습 방법,다음 설명에 해당하는 용어를 쓰시오.,,,,,,회귀계수,회귀계수,회귀계수: 다른 변수를 고정할 때 해당 설명변수가 한 단위 변하면 반응변수가 평균적으로 변하는 양,medium,,AI시험|단답형|1-2 AI·기계학습 방법,1-2. AI 기계학습 방법 PDF 강의 정리본,,다른 변수를 고정할 때 해당 설명변수가 한 단위 변하면 반응변수가 평균적으로 변하는 양,,,,,ai-exam
WRITTEN_CBT,1-2 AI·기계학습 방법,다음 설명에 해당하는 개념으로 가장 적절한 것은?,최대 가능도 추정(MLE),활성화 함수,심층 신경망,로지스틱 회귀,4,,,로지스틱 회귀: 출력이 0과 1 사이가 되도록 범주에 속할 확률을 모델링하는 분류 방법,easy,,AI시험|객관식|1-2 AI·기계학습 방법,1-2. AI 기계학습 방법 PDF 강의 정리본,,출력이 0과 1 사이가 되도록 범주에 속할 확률을 모델링하는 분류 방법,,,,,ai-exam
WRITTEN_CBT,1-2 AI·기계학습 방법,로지스틱 회귀에 대한 설명으로 가장 적절한 것은?,신경망의 중간 계산 결과에 비선형성을 부여하는 함수,둘 이상의 은닉층을 통해 함수들을 계층적으로 합성하는 신경망,출력이 0과 1 사이가 되도록 범주에 속할 확률을 모델링하는 분류 방법,관측 데이터가 나타날 가능도를 최대화하도록 로지스틱 회귀의 모수를 추정하는 방법,3,,,로지스틱 회귀: 출력이 0과 1 사이가 되도록 범주에 속할 확률을 모델링하는 분류 방법,medium,,AI시험|객관식|개념비교|1-2 AI·기계학습 방법,1-2. AI 기계학습 방법 PDF 강의 정리본,,,,,,,ai-exam
PRACTICAL_WRITTEN_RESPONSE,1-2 AI·기계학습 방법,다음 설명에 해당하는 용어를 쓰시오.,,,,,,로지스틱 회귀,로지스틱 회귀,로지스틱 회귀: 출력이 0과 1 사이가 되도록 범주에 속할 확률을 모델링하는 분류 방법,easy,,AI시험|단답형|1-2 AI·기계학습 방법,1-2. AI 기계학습 방법 PDF 강의 정리본,,출력이 0과 1 사이가 되도록 범주에 속할 확률을 모델링하는 분류 방법,,,,,ai-exam
WRITTEN_CBT,1-2 AI·기계학습 방법,다음 설명에 해당하는 개념으로 가장 적절한 것은?,히든 유닛,경사하강법,최대 가능도 추정(MLE),얕은 신경망,3,,,최대 가능도 추정(MLE): 관측 데이터가 나타날 가능도를 최대화하도록 로지스틱 회귀의 모수를 추정하는 방법,medium,,AI시험|객관식|1-2 AI·기계학습 방법,1-2. AI 기계학습 방법 PDF 강의 정리본,,관측 데이터가 나타날 가능도를 최대화하도록 로지스틱 회귀의 모수를 추정하는 방법,,,,,ai-exam
WRITTEN_CBT,1-2 AI·기계학습 방법,최대 가능도 추정(MLE)에 대한 설명으로 가장 적절한 것은?,손실함수의 기울기 반대 방향으로 파라미터를 반복 갱신해 손실을 줄이는 최적화 방법,관측 데이터가 나타날 가능도를 최대화하도록 로지스틱 회귀의 모수를 추정하는 방법,은닉층이 하나인 신경망,신경망 은닉층에서 입력을 변환하는 중간 단계의 연산 단위,2,,,최대 가능도 추정(MLE): 관측 데이터가 나타날 가능도를 최대화하도록 로지스틱 회귀의 모수를 추정하는 방법,medium,,AI시험|객관식|개념비교|1-2 AI·기계학습 방법,1-2. AI 기계학습 방법 PDF 강의 정리본,,,,,,,ai-exam
PRACTICAL_WRITTEN_RESPONSE,1-2 AI·기계학습 방법,다음 설명에 해당하는 용어를 쓰시오.,,,,,,최대 가능도 추정(MLE),최대 가능도 추정(MLE)|MLE,최대 가능도 추정(MLE): 관측 데이터가 나타날 가능도를 최대화하도록 로지스틱 회귀의 모수를 추정하는 방법,medium,,AI시험|단답형|1-2 AI·기계학습 방법,1-2. AI 기계학습 방법 PDF 강의 정리본,,관측 데이터가 나타날 가능도를 최대화하도록 로지스틱 회귀의 모수를 추정하는 방법,,,,,ai-exam
WRITTEN_CBT,1-2 AI·기계학습 방법,다음 설명에 해당하는 개념으로 가장 적절한 것은?,단순 선형회귀,얕은 신경망,ReLU,조각별 선형 함수,2,,,얕은 신경망: 은닉층이 하나인 신경망,medium,,AI시험|객관식|1-2 AI·기계학습 방법,1-2. AI 기계학습 방법 PDF 강의 정리본,,은닉층이 하나인 신경망,,,,,ai-exam
WRITTEN_CBT,1-2 AI·기계학습 방법,얕은 신경망에 대한 설명으로 가장 적절한 것은?,은닉층이 하나인 신경망,"음수 입력은 0으로, 양수 입력은 그대로 출력하는 활성화 함수",전체적으로는 비선형이지만 입력 구간별로는 선형인 함수,하나의 설명변수와 반응변수 사이의 선형 관계를 모델링하는 회귀,1,,,얕은 신경망: 은닉층이 하나인 신경망,medium,,AI시험|객관식|개념비교|1-2 AI·기계학습 방법,1-2. AI 기계학습 방법 PDF 강의 정리본,,,,,,,ai-exam
PRACTICAL_WRITTEN_RESPONSE,1-2 AI·기계학습 방법,다음 설명에 해당하는 용어를 쓰시오.,,,,,,얕은 신경망,얕은 신경망,얕은 신경망: 은닉층이 하나인 신경망,medium,,AI시험|단답형|1-2 AI·기계학습 방법,1-2. AI 기계학습 방법 PDF 강의 정리본,,은닉층이 하나인 신경망,,,,,ai-exam
WRITTEN_CBT,1-2 AI·기계학습 방법,다음 설명에 해당하는 개념으로 가장 적절한 것은?,ReLU,활성화 함수,보편 근사 정리,잔차,1,,,"ReLU: 음수 입력은 0으로, 양수 입력은 그대로 출력하는 활성화 함수",medium,,AI시험|객관식|1-2 AI·기계학습 방법,1-2. AI 기계학습 방법 PDF 강의 정리본,,"음수 입력은 0으로, 양수 입력은 그대로 출력하는 활성화 함수",,,,,ai-exam
WRITTEN_CBT,1-2 AI·기계학습 방법,ReLU에 대한 설명으로 가장 적절한 것은?,신경망의 중간 계산 결과에 비선형성을 부여하는 함수,충분한 은닉 유닛을 가진 신경망이 넓은 종류의 연속함수를 원하는 정밀도로 근사할 수 있다는 정리,관측값에서 모델의 예측값을 뺀 값,"음수 입력은 0으로, 양수 입력은 그대로 출력하는 활성화 함수",4,,,"ReLU: 음수 입력은 0으로, 양수 입력은 그대로 출력하는 활성화 함수",hard,,AI시험|객관식|개념비교|1-2 AI·기계학습 방법,1-2. AI 기계학습 방법 PDF 강의 정리본,,,,,,,ai-exam
PRACTICAL_WRITTEN_RESPONSE,1-2 AI·기계학습 방법,다음 설명에 해당하는 용어를 쓰시오.,,,,,,ReLU,ReLU,"ReLU: 음수 입력은 0으로, 양수 입력은 그대로 출력하는 활성화 함수",medium,,AI시험|단답형|1-2 AI·기계학습 방법,1-2. AI 기계학습 방법 PDF 강의 정리본,,"음수 입력은 0으로, 양수 입력은 그대로 출력하는 활성화 함수",,,,,ai-exam
WRITTEN_CBT,1-2 AI·기계학습 방법,다음 설명에 해당하는 개념으로 가장 적절한 것은?,히든 유닛,심층 신경망,최소제곱법,활성화 함수,4,,,활성화 함수: 신경망의 중간 계산 결과에 비선형성을 부여하는 함수,medium,,AI시험|객관식|1-2 AI·기계학습 방법,1-2. AI 기계학습 방법 PDF 강의 정리본,,신경망의 중간 계산 결과에 비선형성을 부여하는 함수,,,,,ai-exam
WRITTEN_CBT,1-2 AI·기계학습 방법,활성화 함수에 대한 설명으로 가장 적절한 것은?,둘 이상의 은닉층을 통해 함수들을 계층적으로 합성하는 신경망,잔차제곱합 RSS가 최소가 되도록 회귀계수를 정하는 방법,신경망의 중간 계산 결과에 비선형성을 부여하는 함수,신경망 은닉층에서 입력을 변환하는 중간 단계의 연산 단위,3,,,활성화 함수: 신경망의 중간 계산 결과에 비선형성을 부여하는 함수,medium,,AI시험|객관식|개념비교|1-2 AI·기계학습 방법,1-2. AI 기계학습 방법 PDF 강의 정리본,,,,,,,ai-exam
PRACTICAL_WRITTEN_RESPONSE,1-2 AI·기계학습 방법,다음 설명에 해당하는 용어를 쓰시오.,,,,,,활성화 함수,활성화 함수,활성화 함수: 신경망의 중간 계산 결과에 비선형성을 부여하는 함수,medium,,AI시험|단답형|1-2 AI·기계학습 방법,1-2. AI 기계학습 방법 PDF 강의 정리본,,신경망의 중간 계산 결과에 비선형성을 부여하는 함수,,,,,ai-exam
WRITTEN_CBT,1-2 AI·기계학습 방법,다음 설명에 해당하는 개념으로 가장 적절한 것은?,경사하강법,다중 선형회귀,히든 유닛,조각별 선형 함수,3,,,히든 유닛: 신경망 은닉층에서 입력을 변환하는 중간 단계의 연산 단위,easy,,AI시험|객관식|1-2 AI·기계학습 방법,1-2. AI 기계학습 방법 PDF 강의 정리본,,신경망 은닉층에서 입력을 변환하는 중간 단계의 연산 단위,,,,,ai-exam
WRITTEN_CBT,1-2 AI·기계학습 방법,히든 유닛에 대한 설명으로 가장 적절한 것은?,여러 설명변수와 반응변수 사이의 선형 관계를 모델링하는 회귀,신경망 은닉층에서 입력을 변환하는 중간 단계의 연산 단위,전체적으로는 비선형이지만 입력 구간별로는 선형인 함수,손실함수의 기울기 반대 방향으로 파라미터를 반복 갱신해 손실을 줄이는 최적화 방법,2,,,히든 유닛: 신경망 은닉층에서 입력을 변환하는 중간 단계의 연산 단위,medium,,AI시험|객관식|개념비교|1-2 AI·기계학습 방법,1-2. AI 기계학습 방법 PDF 강의 정리본,,,,,,,ai-exam
PRACTICAL_WRITTEN_RESPONSE,1-2 AI·기계학습 방법,다음 설명에 해당하는 용어를 쓰시오.,,,,,,히든 유닛,히든 유닛,히든 유닛: 신경망 은닉층에서 입력을 변환하는 중간 단계의 연산 단위,easy,,AI시험|단답형|1-2 AI·기계학습 방법,1-2. AI 기계학습 방법 PDF 강의 정리본,,신경망 은닉층에서 입력을 변환하는 중간 단계의 연산 단위,,,,,ai-exam
WRITTEN_CBT,1-2 AI·기계학습 방법,다음 설명에 해당하는 개념으로 가장 적절한 것은?,회귀계수,조각별 선형 함수,보편 근사 정리,단순 선형회귀,2,,,조각별 선형 함수: 전체적으로는 비선형이지만 입력 구간별로는 선형인 함수,medium,,AI시험|객관식|1-2 AI·기계학습 방법,1-2. AI 기계학습 방법 PDF 강의 정리본,,전체적으로는 비선형이지만 입력 구간별로는 선형인 함수,,,,,ai-exam
WRITTEN_CBT,1-2 AI·기계학습 방법,조각별 선형 함수에 대한 설명으로 가장 적절한 것은?,전체적으로는 비선형이지만 입력 구간별로는 선형인 함수,충분한 은닉 유닛을 가진 신경망이 넓은 종류의 연속함수를 원하는 정밀도로 근사할 수 있다는 정리,하나의 설명변수와 반응변수 사이의 선형 관계를 모델링하는 회귀,다른 변수를 고정할 때 해당 설명변수가 한 단위 변하면 반응변수가 평균적으로 변하는 양,1,,,조각별 선형 함수: 전체적으로는 비선형이지만 입력 구간별로는 선형인 함수,medium,,AI시험|객관식|개념비교|1-2 AI·기계학습 방법,1-2. AI 기계학습 방법 PDF 강의 정리본,,,,,,,ai-exam
PRACTICAL_WRITTEN_RESPONSE,1-2 AI·기계학습 방법,다음 설명에 해당하는 용어를 쓰시오.,,,,,,조각별 선형 함수,조각별 선형 함수,조각별 선형 함수: 전체적으로는 비선형이지만 입력 구간별로는 선형인 함수,medium,,AI시험|단답형|1-2 AI·기계학습 방법,1-2. AI 기계학습 방법 PDF 강의 정리본,,전체적으로는 비선형이지만 입력 구간별로는 선형인 함수,,,,,ai-exam
WRITTEN_CBT,1-2 AI·기계학습 방법,다음 설명에 해당하는 개념으로 가장 적절한 것은?,보편 근사 정리,심층 신경망,잔차,로지스틱 회귀,1,,,보편 근사 정리: 충분한 은닉 유닛을 가진 신경망이 넓은 종류의 연속함수를 원하는 정밀도로 근사할 수 있다는 정리,medium,,AI시험|객관식|1-2 AI·기계학습 방법,1-2. AI 기계학습 방법 PDF 강의 정리본,,충분한 은닉 유닛을 가진 신경망이 넓은 종류의 연속함수를 원하는 정밀도로 근사할 수 있다는 정리,,,,,ai-exam
WRITTEN_CBT,1-2 AI·기계학습 방법,보편 근사 정리에 대한 설명으로 가장 적절한 것은?,둘 이상의 은닉층을 통해 함수들을 계층적으로 합성하는 신경망,관측값에서 모델의 예측값을 뺀 값,출력이 0과 1 사이가 되도록 범주에 속할 확률을 모델링하는 분류 방법,충분한 은닉 유닛을 가진 신경망이 넓은 종류의 연속함수를 원하는 정밀도로 근사할 수 있다는 정리,4,,,보편 근사 정리: 충분한 은닉 유닛을 가진 신경망이 넓은 종류의 연속함수를 원하는 정밀도로 근사할 수 있다는 정리,hard,,AI시험|객관식|개념비교|1-2 AI·기계학습 방법,1-2. AI 기계학습 방법 PDF 강의 정리본,,,,,,,ai-exam
PRACTICAL_WRITTEN_RESPONSE,1-2 AI·기계학습 방법,다음 설명에 해당하는 용어를 쓰시오.,,,,,,보편 근사 정리,보편 근사 정리,보편 근사 정리: 충분한 은닉 유닛을 가진 신경망이 넓은 종류의 연속함수를 원하는 정밀도로 근사할 수 있다는 정리,medium,,AI시험|단답형|1-2 AI·기계학습 방법,1-2. AI 기계학습 방법 PDF 강의 정리본,,충분한 은닉 유닛을 가진 신경망이 넓은 종류의 연속함수를 원하는 정밀도로 근사할 수 있다는 정리,,,,,ai-exam
WRITTEN_CBT,1-2 AI·기계학습 방법,다음 설명에 해당하는 개념으로 가장 적절한 것은?,경사하강법,최소제곱법,최대 가능도 추정(MLE),심층 신경망,4,,,심층 신경망: 둘 이상의 은닉층을 통해 함수들을 계층적으로 합성하는 신경망,medium,,AI시험|객관식|1-2 AI·기계학습 방법,1-2. AI 기계학습 방법 PDF 강의 정리본,,둘 이상의 은닉층을 통해 함수들을 계층적으로 합성하는 신경망,,,,,ai-exam
WRITTEN_CBT,1-2 AI·기계학습 방법,심층 신경망에 대한 설명으로 가장 적절한 것은?,잔차제곱합 RSS가 최소가 되도록 회귀계수를 정하는 방법,관측 데이터가 나타날 가능도를 최대화하도록 로지스틱 회귀의 모수를 추정하는 방법,둘 이상의 은닉층을 통해 함수들을 계층적으로 합성하는 신경망,손실함수의 기울기 반대 방향으로 파라미터를 반복 갱신해 손실을 줄이는 최적화 방법,3,,,심층 신경망: 둘 이상의 은닉층을 통해 함수들을 계층적으로 합성하는 신경망,medium,,AI시험|객관식|개념비교|1-2 AI·기계학습 방법,1-2. AI 기계학습 방법 PDF 강의 정리본,,,,,,,ai-exam
PRACTICAL_WRITTEN_RESPONSE,1-2 AI·기계학습 방법,다음 설명에 해당하는 용어를 쓰시오.,,,,,,심층 신경망,심층 신경망,심층 신경망: 둘 이상의 은닉층을 통해 함수들을 계층적으로 합성하는 신경망,medium,,AI시험|단답형|1-2 AI·기계학습 방법,1-2. AI 기계학습 방법 PDF 강의 정리본,,둘 이상의 은닉층을 통해 함수들을 계층적으로 합성하는 신경망,,,,,ai-exam
WRITTEN_CBT,1-2 AI·기계학습 방법,다음 설명에 해당하는 개념으로 가장 적절한 것은?,다중 선형회귀,얕은 신경망,경사하강법,단순 선형회귀,3,,,경사하강법: 손실함수의 기울기 반대 방향으로 파라미터를 반복 갱신해 손실을 줄이는 최적화 방법,medium,,AI시험|객관식|1-2 AI·기계학습 방법,1-2. AI 기계학습 방법 PDF 강의 정리본,,손실함수의 기울기 반대 방향으로 파라미터를 반복 갱신해 손실을 줄이는 최적화 방법,,,,,ai-exam
WRITTEN_CBT,1-2 AI·기계학습 방법,경사하강법에 대한 설명으로 가장 적절한 것은?,은닉층이 하나인 신경망,손실함수의 기울기 반대 방향으로 파라미터를 반복 갱신해 손실을 줄이는 최적화 방법,하나의 설명변수와 반응변수 사이의 선형 관계를 모델링하는 회귀,여러 설명변수와 반응변수 사이의 선형 관계를 모델링하는 회귀,2,,,경사하강법: 손실함수의 기울기 반대 방향으로 파라미터를 반복 갱신해 손실을 줄이는 최적화 방법,medium,,AI시험|객관식|개념비교|1-2 AI·기계학습 방법,1-2. AI 기계학습 방법 PDF 강의 정리본,,,,,,,ai-exam
PRACTICAL_WRITTEN_RESPONSE,1-2 AI·기계학습 방법,다음 설명에 해당하는 용어를 쓰시오.,,,,,,경사하강법,경사하강법,경사하강법: 손실함수의 기울기 반대 방향으로 파라미터를 반복 갱신해 손실을 줄이는 최적화 방법,medium,,AI시험|단답형|1-2 AI·기계학습 방법,1-2. AI 기계학습 방법 PDF 강의 정리본,,손실함수의 기울기 반대 방향으로 파라미터를 반복 갱신해 손실을 줄이는 최적화 방법,,,,,ai-exam
WRITTEN_CBT,2-1 자연어 처리 기본,다음 설명에 해당하는 개념으로 가장 적절한 것은?,원-핫 인코딩,워드 임베딩,기울기 소실,출력 게이트,1,,,원-핫 인코딩: 어휘 크기만큼의 차원에서 해당 단어 위치만 1이고 나머지는 0인 벡터 표현,easy,,AI시험|객관식|2-1 자연어 처리 기본,2-1. 자연어 처리 기본 PDF 강의 정리본,,어휘 크기만큼의 차원에서 해당 단어 위치만 1이고 나머지는 0인 벡터 표현,,,,,ai-exam
WRITTEN_CBT,2-1 자연어 처리 기본,원-핫 인코딩에 대한 설명으로 가장 적절한 것은?,단어의 의미적 관계가 반영되도록 단어를 학습 가능한 저차원 밀집 벡터로 표현하는 방법,역전파 과정에서 기울기가 반복적으로 작아져 앞부분 정보의 학습이 어려워지는 현상,LSTM에서 셀 상태 중 현재 은닉 상태로 내보낼 양을 조절하는 게이트,어휘 크기만큼의 차원에서 해당 단어 위치만 1이고 나머지는 0인 벡터 표현,4,,,원-핫 인코딩: 어휘 크기만큼의 차원에서 해당 단어 위치만 1이고 나머지는 0인 벡터 표현,hard,,AI시험|객관식|개념비교|2-1 자연어 처리 기본,2-1. 자연어 처리 기본 PDF 강의 정리본,,,,,,,ai-exam
PRACTICAL_WRITTEN_RESPONSE,2-1 자연어 처리 기본,다음 설명에 해당하는 용어를 쓰시오.,,,,,,원-핫 인코딩,원-핫 인코딩,원-핫 인코딩: 어휘 크기만큼의 차원에서 해당 단어 위치만 1이고 나머지는 0인 벡터 표현,easy,,AI시험|단답형|2-1 자연어 처리 기본,2-1. 자연어 처리 기본 PDF 강의 정리본,,어휘 크기만큼의 차원에서 해당 단어 위치만 1이고 나머지는 0인 벡터 표현,,,,,ai-exam
WRITTEN_CBT,2-1 자연어 처리 기본,다음 설명에 해당하는 개념으로 가장 적절한 것은?,순차 데이터,LSTM,언어 모델,워드 임베딩,4,,,워드 임베딩: 단어의 의미적 관계가 반영되도록 단어를 학습 가능한 저차원 밀집 벡터로 표현하는 방법,medium,,AI시험|객관식|2-1 자연어 처리 기본,2-1. 자연어 처리 기본 PDF 강의 정리본,,단어의 의미적 관계가 반영되도록 단어를 학습 가능한 저차원 밀집 벡터로 표현하는 방법,,,,,ai-exam
WRITTEN_CBT,2-1 자연어 처리 기본,워드 임베딩에 대한 설명으로 가장 적절한 것은?,셀 상태와 게이트 구조를 사용해 RNN보다 장기 의존성을 잘 보존하는 순환 신경망,앞선 토큰들을 바탕으로 다음 토큰의 확률 분포를 예측하는 모델,단어의 의미적 관계가 반영되도록 단어를 학습 가능한 저차원 밀집 벡터로 표현하는 방법,관측값의 순서가 의미를 가지며 앞뒤 원소 사이에 의존성이 있는 데이터,3,,,워드 임베딩: 단어의 의미적 관계가 반영되도록 단어를 학습 가능한 저차원 밀집 벡터로 표현하는 방법,medium,,AI시험|객관식|개념비교|2-1 자연어 처리 기본,2-1. 자연어 처리 기본 PDF 강의 정리본,,,,,,,ai-exam
PRACTICAL_WRITTEN_RESPONSE,2-1 자연어 처리 기본,다음 설명에 해당하는 용어를 쓰시오.,,,,,,워드 임베딩,워드 임베딩,워드 임베딩: 단어의 의미적 관계가 반영되도록 단어를 학습 가능한 저차원 밀집 벡터로 표현하는 방법,medium,,AI시험|단답형|2-1 자연어 처리 기본,2-1. 자연어 처리 기본 PDF 강의 정리본,,단어의 의미적 관계가 반영되도록 단어를 학습 가능한 저차원 밀집 벡터로 표현하는 방법,,,,,ai-exam
WRITTEN_CBT,2-1 자연어 처리 기본,다음 설명에 해당하는 개념으로 가장 적절한 것은?,입력 게이트,Seq2Seq,순차 데이터,RNN,3,,,순차 데이터: 관측값의 순서가 의미를 가지며 앞뒤 원소 사이에 의존성이 있는 데이터,medium,,AI시험|객관식|2-1 자연어 처리 기본,2-1. 자연어 처리 기본 PDF 강의 정리본,,관측값의 순서가 의미를 가지며 앞뒤 원소 사이에 의존성이 있는 데이터,,,,,ai-exam
WRITTEN_CBT,2-1 자연어 처리 기본,순차 데이터에 대한 설명으로 가장 적절한 것은?,입력 시퀀스를 인코더가 표현으로 압축하고 디코더가 출력 시퀀스로 생성하는 구조,관측값의 순서가 의미를 가지며 앞뒤 원소 사이에 의존성이 있는 데이터,이전 시점의 은닉 상태를 다음 시점 계산에 사용하여 순차 데이터를 처리하는 신경망,LSTM에서 새 정보 중 셀 상태에 저장할 양을 조절하는 게이트,2,,,순차 데이터: 관측값의 순서가 의미를 가지며 앞뒤 원소 사이에 의존성이 있는 데이터,medium,,AI시험|객관식|개념비교|2-1 자연어 처리 기본,2-1. 자연어 처리 기본 PDF 강의 정리본,,,,,,,ai-exam
PRACTICAL_WRITTEN_RESPONSE,2-1 자연어 처리 기본,다음 설명에 해당하는 용어를 쓰시오.,,,,,,순차 데이터,순차 데이터,순차 데이터: 관측값의 순서가 의미를 가지며 앞뒤 원소 사이에 의존성이 있는 데이터,medium,,AI시험|단답형|2-1 자연어 처리 기본,2-1. 자연어 처리 기본 PDF 강의 정리본,,관측값의 순서가 의미를 가지며 앞뒤 원소 사이에 의존성이 있는 데이터,,,,,ai-exam
WRITTEN_CBT,2-1 자연어 처리 기본,다음 설명에 해당하는 개념으로 가장 적절한 것은?,어텐션,RNN,기울기 소실,망각 게이트,2,,,RNN: 이전 시점의 은닉 상태를 다음 시점 계산에 사용하여 순차 데이터를 처리하는 신경망,medium,,AI시험|객관식|2-1 자연어 처리 기본,2-1. 자연어 처리 기본 PDF 강의 정리본,,이전 시점의 은닉 상태를 다음 시점 계산에 사용하여 순차 데이터를 처리하는 신경망,,,,,ai-exam
WRITTEN_CBT,2-1 자연어 처리 기본,RNN에 대한 설명으로 가장 적절한 것은?,이전 시점의 은닉 상태를 다음 시점 계산에 사용하여 순차 데이터를 처리하는 신경망,역전파 과정에서 기울기가 반복적으로 작아져 앞부분 정보의 학습이 어려워지는 현상,LSTM에서 이전 셀 상태 중 버릴 정보의 양을 조절하는 게이트,출력 생성 시 입력의 여러 위치에 서로 다른 중요도 가중치를 주어 정보를 결합하는 메커니즘,1,,,RNN: 이전 시점의 은닉 상태를 다음 시점 계산에 사용하여 순차 데이터를 처리하는 신경망,medium,,AI시험|객관식|개념비교|2-1 자연어 처리 기본,2-1. 자연어 처리 기본 PDF 강의 정리본,,,,,,,ai-exam
PRACTICAL_WRITTEN_RESPONSE,2-1 자연어 처리 기본,다음 설명에 해당하는 용어를 쓰시오.,,,,,,RNN,RNN,RNN: 이전 시점의 은닉 상태를 다음 시점 계산에 사용하여 순차 데이터를 처리하는 신경망,medium,,AI시험|단답형|2-1 자연어 처리 기본,2-1. 자연어 처리 기본 PDF 강의 정리본,,이전 시점의 은닉 상태를 다음 시점 계산에 사용하여 순차 데이터를 처리하는 신경망,,,,,ai-exam
WRITTEN_CBT,2-1 자연어 처리 기본,다음 설명에 해당하는 개념으로 가장 적절한 것은?,기울기 소실,LSTM,출력 게이트,셀프 어텐션,1,,,기울기 소실: 역전파 과정에서 기울기가 반복적으로 작아져 앞부분 정보의 학습이 어려워지는 현상,medium,,AI시험|객관식|2-1 자연어 처리 기본,2-1. 자연어 처리 기본 PDF 강의 정리본,,역전파 과정에서 기울기가 반복적으로 작아져 앞부분 정보의 학습이 어려워지는 현상,,,,,ai-exam
WRITTEN_CBT,2-1 자연어 처리 기본,기울기 소실에 대한 설명으로 가장 적절한 것은?,셀 상태와 게이트 구조를 사용해 RNN보다 장기 의존성을 잘 보존하는 순환 신경망,LSTM에서 셀 상태 중 현재 은닉 상태로 내보낼 양을 조절하는 게이트,한 시퀀스 내부의 각 토큰이 같은 시퀀스의 모든 토큰을 참고해 표현을 만드는 방식,역전파 과정에서 기울기가 반복적으로 작아져 앞부분 정보의 학습이 어려워지는 현상,4,,,기울기 소실: 역전파 과정에서 기울기가 반복적으로 작아져 앞부분 정보의 학습이 어려워지는 현상,hard,,AI시험|객관식|개념비교|2-1 자연어 처리 기본,2-1. 자연어 처리 기본 PDF 강의 정리본,,,,,,,ai-exam
PRACTICAL_WRITTEN_RESPONSE,2-1 자연어 처리 기본,다음 설명에 해당하는 용어를 쓰시오.,,,,,,기울기 소실,기울기 소실,기울기 소실: 역전파 과정에서 기울기가 반복적으로 작아져 앞부분 정보의 학습이 어려워지는 현상,medium,,AI시험|단답형|2-1 자연어 처리 기본,2-1. 자연어 처리 기본 PDF 강의 정리본,,역전파 과정에서 기울기가 반복적으로 작아져 앞부분 정보의 학습이 어려워지는 현상,,,,,ai-exam
WRITTEN_CBT,2-1 자연어 처리 기본,다음 설명에 해당하는 개념으로 가장 적절한 것은?,입력 게이트,언어 모델,트랜스포머,LSTM,4,,,LSTM: 셀 상태와 게이트 구조를 사용해 RNN보다 장기 의존성을 잘 보존하는 순환 신경망,easy,,AI시험|객관식|2-1 자연어 처리 기본,2-1. 자연어 처리 기본 PDF 강의 정리본,,셀 상태와 게이트 구조를 사용해 RNN보다 장기 의존성을 잘 보존하는 순환 신경망,,,,,ai-exam
WRITTEN_CBT,2-1 자연어 처리 기본,LSTM에 대한 설명으로 가장 적절한 것은?,앞선 토큰들을 바탕으로 다음 토큰의 확률 분포를 예측하는 모델,순환 구조 없이 셀프 어텐션과 위치 정보를 이용해 시퀀스를 병렬 처리하는 구조,셀 상태와 게이트 구조를 사용해 RNN보다 장기 의존성을 잘 보존하는 순환 신경망,LSTM에서 새 정보 중 셀 상태에 저장할 양을 조절하는 게이트,3,,,LSTM: 셀 상태와 게이트 구조를 사용해 RNN보다 장기 의존성을 잘 보존하는 순환 신경망,medium,,AI시험|객관식|개념비교|2-1 자연어 처리 기본,2-1. 자연어 처리 기본 PDF 강의 정리본,,,,,,,ai-exam
PRACTICAL_WRITTEN_RESPONSE,2-1 자연어 처리 기본,다음 설명에 해당하는 용어를 쓰시오.,,,,,,LSTM,LSTM,LSTM: 셀 상태와 게이트 구조를 사용해 RNN보다 장기 의존성을 잘 보존하는 순환 신경망,easy,,AI시험|단답형|2-1 자연어 처리 기본,2-1. 자연어 처리 기본 PDF 강의 정리본,,셀 상태와 게이트 구조를 사용해 RNN보다 장기 의존성을 잘 보존하는 순환 신경망,,,,,ai-exam
WRITTEN_CBT,2-1 자연어 처리 기본,다음 설명에 해당하는 개념으로 가장 적절한 것은?,Seq2Seq,In-Context Learning,입력 게이트,망각 게이트,3,,,입력 게이트: LSTM에서 새 정보 중 셀 상태에 저장할 양을 조절하는 게이트,medium,,AI시험|객관식|2-1 자연어 처리 기본,2-1. 자연어 처리 기본 PDF 강의 정리본,,LSTM에서 새 정보 중 셀 상태에 저장할 양을 조절하는 게이트,,,,,ai-exam
WRITTEN_CBT,2-1 자연어 처리 기본,입력 게이트에 대한 설명으로 가장 적절한 것은?,모델 파라미터를 갱신하지 않고 프롬프트의 설명이나 예시만으로 새 과제를 수행하는 방식,LSTM에서 새 정보 중 셀 상태에 저장할 양을 조절하는 게이트,LSTM에서 이전 셀 상태 중 버릴 정보의 양을 조절하는 게이트,입력 시퀀스를 인코더가 표현으로 압축하고 디코더가 출력 시퀀스로 생성하는 구조,2,,,입력 게이트: LSTM에서 새 정보 중 셀 상태에 저장할 양을 조절하는 게이트,medium,,AI시험|객관식|개념비교|2-1 자연어 처리 기본,2-1. 자연어 처리 기본 PDF 강의 정리본,,,,,,,ai-exam
PRACTICAL_WRITTEN_RESPONSE,2-1 자연어 처리 기본,다음 설명에 해당하는 용어를 쓰시오.,,,,,,입력 게이트,입력 게이트,입력 게이트: LSTM에서 새 정보 중 셀 상태에 저장할 양을 조절하는 게이트,medium,,AI시험|단답형|2-1 자연어 처리 기본,2-1. 자연어 처리 기본 PDF 강의 정리본,,LSTM에서 새 정보 중 셀 상태에 저장할 양을 조절하는 게이트,,,,,ai-exam
WRITTEN_CBT,2-1 자연어 처리 기본,다음 설명에 해당하는 개념으로 가장 적절한 것은?,원-핫 인코딩,망각 게이트,출력 게이트,어텐션,2,,,망각 게이트: LSTM에서 이전 셀 상태 중 버릴 정보의 양을 조절하는 게이트,medium,,AI시험|객관식|2-1 자연어 처리 기본,2-1. 자연어 처리 기본 PDF 강의 정리본,,LSTM에서 이전 셀 상태 중 버릴 정보의 양을 조절하는 게이트,,,,,ai-exam
WRITTEN_CBT,2-1 자연어 처리 기본,망각 게이트에 대한 설명으로 가장 적절한 것은?,LSTM에서 이전 셀 상태 중 버릴 정보의 양을 조절하는 게이트,LSTM에서 셀 상태 중 현재 은닉 상태로 내보낼 양을 조절하는 게이트,출력 생성 시 입력의 여러 위치에 서로 다른 중요도 가중치를 주어 정보를 결합하는 메커니즘,어휘 크기만큼의 차원에서 해당 단어 위치만 1이고 나머지는 0인 벡터 표현,1,,,망각 게이트: LSTM에서 이전 셀 상태 중 버릴 정보의 양을 조절하는 게이트,medium,,AI시험|객관식|개념비교|2-1 자연어 처리 기본,2-1. 자연어 처리 기본 PDF 강의 정리본,,,,,,,ai-exam
PRACTICAL_WRITTEN_RESPONSE,2-1 자연어 처리 기본,다음 설명에 해당하는 용어를 쓰시오.,,,,,,망각 게이트,망각 게이트,망각 게이트: LSTM에서 이전 셀 상태 중 버릴 정보의 양을 조절하는 게이트,medium,,AI시험|단답형|2-1 자연어 처리 기본,2-1. 자연어 처리 기본 PDF 강의 정리본,,LSTM에서 이전 셀 상태 중 버릴 정보의 양을 조절하는 게이트,,,,,ai-exam
WRITTEN_CBT,2-1 자연어 처리 기본,다음 설명에 해당하는 개념으로 가장 적절한 것은?,출력 게이트,언어 모델,셀프 어텐션,워드 임베딩,1,,,출력 게이트: LSTM에서 셀 상태 중 현재 은닉 상태로 내보낼 양을 조절하는 게이트,medium,,AI시험|객관식|2-1 자연어 처리 기본,2-1. 자연어 처리 기본 PDF 강의 정리본,,LSTM에서 셀 상태 중 현재 은닉 상태로 내보낼 양을 조절하는 게이트,,,,,ai-exam
WRITTEN_CBT,2-1 자연어 처리 기본,출력 게이트에 대한 설명으로 가장 적절한 것은?,앞선 토큰들을 바탕으로 다음 토큰의 확률 분포를 예측하는 모델,한 시퀀스 내부의 각 토큰이 같은 시퀀스의 모든 토큰을 참고해 표현을 만드는 방식,단어의 의미적 관계가 반영되도록 단어를 학습 가능한 저차원 밀집 벡터로 표현하는 방법,LSTM에서 셀 상태 중 현재 은닉 상태로 내보낼 양을 조절하는 게이트,4,,,출력 게이트: LSTM에서 셀 상태 중 현재 은닉 상태로 내보낼 양을 조절하는 게이트,hard,,AI시험|객관식|개념비교|2-1 자연어 처리 기본,2-1. 자연어 처리 기본 PDF 강의 정리본,,,,,,,ai-exam
PRACTICAL_WRITTEN_RESPONSE,2-1 자연어 처리 기본,다음 설명에 해당하는 용어를 쓰시오.,,,,,,출력 게이트,출력 게이트,출력 게이트: LSTM에서 셀 상태 중 현재 은닉 상태로 내보낼 양을 조절하는 게이트,medium,,AI시험|단답형|2-1 자연어 처리 기본,2-1. 자연어 처리 기본 PDF 강의 정리본,,LSTM에서 셀 상태 중 현재 은닉 상태로 내보낼 양을 조절하는 게이트,,,,,ai-exam
WRITTEN_CBT,2-1 자연어 처리 기본,다음 설명에 해당하는 개념으로 가장 적절한 것은?,Seq2Seq,트랜스포머,순차 데이터,언어 모델,4,,,언어 모델: 앞선 토큰들을 바탕으로 다음 토큰의 확률 분포를 예측하는 모델,medium,,AI시험|객관식|2-1 자연어 처리 기본,2-1. 자연어 처리 기본 PDF 강의 정리본,,앞선 토큰들을 바탕으로 다음 토큰의 확률 분포를 예측하는 모델,,,,,ai-exam
WRITTEN_CBT,2-1 자연어 처리 기본,언어 모델에 대한 설명으로 가장 적절한 것은?,순환 구조 없이 셀프 어텐션과 위치 정보를 이용해 시퀀스를 병렬 처리하는 구조,관측값의 순서가 의미를 가지며 앞뒤 원소 사이에 의존성이 있는 데이터,앞선 토큰들을 바탕으로 다음 토큰의 확률 분포를 예측하는 모델,입력 시퀀스를 인코더가 표현으로 압축하고 디코더가 출력 시퀀스로 생성하는 구조,3,,,언어 모델: 앞선 토큰들을 바탕으로 다음 토큰의 확률 분포를 예측하는 모델,medium,,AI시험|객관식|개념비교|2-1 자연어 처리 기본,2-1. 자연어 처리 기본 PDF 강의 정리본,,,,,,,ai-exam
PRACTICAL_WRITTEN_RESPONSE,2-1 자연어 처리 기본,다음 설명에 해당하는 용어를 쓰시오.,,,,,,언어 모델,언어 모델,언어 모델: 앞선 토큰들을 바탕으로 다음 토큰의 확률 분포를 예측하는 모델,medium,,AI시험|단답형|2-1 자연어 처리 기본,2-1. 자연어 처리 기본 PDF 강의 정리본,,앞선 토큰들을 바탕으로 다음 토큰의 확률 분포를 예측하는 모델,,,,,ai-exam
WRITTEN_CBT,2-1 자연어 처리 기본,다음 설명에 해당하는 개념으로 가장 적절한 것은?,In-Context Learning,RNN,Seq2Seq,어텐션,3,,,Seq2Seq: 입력 시퀀스를 인코더가 표현으로 압축하고 디코더가 출력 시퀀스로 생성하는 구조,easy,,AI시험|객관식|2-1 자연어 처리 기본,2-1. 자연어 처리 기본 PDF 강의 정리본,,입력 시퀀스를 인코더가 표현으로 압축하고 디코더가 출력 시퀀스로 생성하는 구조,,,,,ai-exam
WRITTEN_CBT,2-1 자연어 처리 기본,Seq2Seq에 대한 설명으로 가장 적절한 것은?,이전 시점의 은닉 상태를 다음 시점 계산에 사용하여 순차 데이터를 처리하는 신경망,입력 시퀀스를 인코더가 표현으로 압축하고 디코더가 출력 시퀀스로 생성하는 구조,출력 생성 시 입력의 여러 위치에 서로 다른 중요도 가중치를 주어 정보를 결합하는 메커니즘,모델 파라미터를 갱신하지 않고 프롬프트의 설명이나 예시만으로 새 과제를 수행하는 방식,2,,,Seq2Seq: 입력 시퀀스를 인코더가 표현으로 압축하고 디코더가 출력 시퀀스로 생성하는 구조,medium,,AI시험|객관식|개념비교|2-1 자연어 처리 기본,2-1. 자연어 처리 기본 PDF 강의 정리본,,,,,,,ai-exam
PRACTICAL_WRITTEN_RESPONSE,2-1 자연어 처리 기본,다음 설명에 해당하는 용어를 쓰시오.,,,,,,Seq2Seq,Seq2Seq,Seq2Seq: 입력 시퀀스를 인코더가 표현으로 압축하고 디코더가 출력 시퀀스로 생성하는 구조,easy,,AI시험|단답형|2-1 자연어 처리 기본,2-1. 자연어 처리 기본 PDF 강의 정리본,,입력 시퀀스를 인코더가 표현으로 압축하고 디코더가 출력 시퀀스로 생성하는 구조,,,,,ai-exam
WRITTEN_CBT,2-1 자연어 처리 기본,다음 설명에 해당하는 개념으로 가장 적절한 것은?,기울기 소실,어텐션,셀프 어텐션,원-핫 인코딩,2,,,어텐션: 출력 생성 시 입력의 여러 위치에 서로 다른 중요도 가중치를 주어 정보를 결합하는 메커니즘,medium,,AI시험|객관식|2-1 자연어 처리 기본,2-1. 자연어 처리 기본 PDF 강의 정리본,,출력 생성 시 입력의 여러 위치에 서로 다른 중요도 가중치를 주어 정보를 결합하는 메커니즘,,,,,ai-exam
WRITTEN_CBT,2-1 자연어 처리 기본,어텐션에 대한 설명으로 가장 적절한 것은?,출력 생성 시 입력의 여러 위치에 서로 다른 중요도 가중치를 주어 정보를 결합하는 메커니즘,한 시퀀스 내부의 각 토큰이 같은 시퀀스의 모든 토큰을 참고해 표현을 만드는 방식,어휘 크기만큼의 차원에서 해당 단어 위치만 1이고 나머지는 0인 벡터 표현,역전파 과정에서 기울기가 반복적으로 작아져 앞부분 정보의 학습이 어려워지는 현상,1,,,어텐션: 출력 생성 시 입력의 여러 위치에 서로 다른 중요도 가중치를 주어 정보를 결합하는 메커니즘,medium,,AI시험|객관식|개념비교|2-1 자연어 처리 기본,2-1. 자연어 처리 기본 PDF 강의 정리본,,,,,,,ai-exam
PRACTICAL_WRITTEN_RESPONSE,2-1 자연어 처리 기본,다음 설명에 해당하는 용어를 쓰시오.,,,,,,어텐션,어텐션,어텐션: 출력 생성 시 입력의 여러 위치에 서로 다른 중요도 가중치를 주어 정보를 결합하는 메커니즘,medium,,AI시험|단답형|2-1 자연어 처리 기본,2-1. 자연어 처리 기본 PDF 강의 정리본,,출력 생성 시 입력의 여러 위치에 서로 다른 중요도 가중치를 주어 정보를 결합하는 메커니즘,,,,,ai-exam
WRITTEN_CBT,2-1 자연어 처리 기본,다음 설명에 해당하는 개념으로 가장 적절한 것은?,셀프 어텐션,트랜스포머,워드 임베딩,LSTM,1,,,셀프 어텐션: 한 시퀀스 내부의 각 토큰이 같은 시퀀스의 모든 토큰을 참고해 표현을 만드는 방식,medium,,AI시험|객관식|2-1 자연어 처리 기본,2-1. 자연어 처리 기본 PDF 강의 정리본,,한 시퀀스 내부의 각 토큰이 같은 시퀀스의 모든 토큰을 참고해 표현을 만드는 방식,,,,,ai-exam
WRITTEN_CBT,2-1 자연어 처리 기본,셀프 어텐션에 대한 설명으로 가장 적절한 것은?,순환 구조 없이 셀프 어텐션과 위치 정보를 이용해 시퀀스를 병렬 처리하는 구조,단어의 의미적 관계가 반영되도록 단어를 학습 가능한 저차원 밀집 벡터로 표현하는 방법,셀 상태와 게이트 구조를 사용해 RNN보다 장기 의존성을 잘 보존하는 순환 신경망,한 시퀀스 내부의 각 토큰이 같은 시퀀스의 모든 토큰을 참고해 표현을 만드는 방식,4,,,셀프 어텐션: 한 시퀀스 내부의 각 토큰이 같은 시퀀스의 모든 토큰을 참고해 표현을 만드는 방식,hard,,AI시험|객관식|개념비교|2-1 자연어 처리 기본,2-1. 자연어 처리 기본 PDF 강의 정리본,,,,,,,ai-exam
PRACTICAL_WRITTEN_RESPONSE,2-1 자연어 처리 기본,다음 설명에 해당하는 용어를 쓰시오.,,,,,,셀프 어텐션,셀프 어텐션,셀프 어텐션: 한 시퀀스 내부의 각 토큰이 같은 시퀀스의 모든 토큰을 참고해 표현을 만드는 방식,medium,,AI시험|단답형|2-1 자연어 처리 기본,2-1. 자연어 처리 기본 PDF 강의 정리본,,한 시퀀스 내부의 각 토큰이 같은 시퀀스의 모든 토큰을 참고해 표현을 만드는 방식,,,,,ai-exam
WRITTEN_CBT,2-1 자연어 처리 기본,다음 설명에 해당하는 개념으로 가장 적절한 것은?,In-Context Learning,순차 데이터,입력 게이트,트랜스포머,4,,,트랜스포머: 순환 구조 없이 셀프 어텐션과 위치 정보를 이용해 시퀀스를 병렬 처리하는 구조,medium,,AI시험|객관식|2-1 자연어 처리 기본,2-1. 자연어 처리 기본 PDF 강의 정리본,,순환 구조 없이 셀프 어텐션과 위치 정보를 이용해 시퀀스를 병렬 처리하는 구조,,,,,ai-exam
WRITTEN_CBT,2-1 자연어 처리 기본,트랜스포머에 대한 설명으로 가장 적절한 것은?,관측값의 순서가 의미를 가지며 앞뒤 원소 사이에 의존성이 있는 데이터,LSTM에서 새 정보 중 셀 상태에 저장할 양을 조절하는 게이트,순환 구조 없이 셀프 어텐션과 위치 정보를 이용해 시퀀스를 병렬 처리하는 구조,모델 파라미터를 갱신하지 않고 프롬프트의 설명이나 예시만으로 새 과제를 수행하는 방식,3,,,트랜스포머: 순환 구조 없이 셀프 어텐션과 위치 정보를 이용해 시퀀스를 병렬 처리하는 구조,medium,,AI시험|객관식|개념비교|2-1 자연어 처리 기본,2-1. 자연어 처리 기본 PDF 강의 정리본,,,,,,,ai-exam
PRACTICAL_WRITTEN_RESPONSE,2-1 자연어 처리 기본,다음 설명에 해당하는 용어를 쓰시오.,,,,,,트랜스포머,트랜스포머,트랜스포머: 순환 구조 없이 셀프 어텐션과 위치 정보를 이용해 시퀀스를 병렬 처리하는 구조,medium,,AI시험|단답형|2-1 자연어 처리 기본,2-1. 자연어 처리 기본 PDF 강의 정리본,,순환 구조 없이 셀프 어텐션과 위치 정보를 이용해 시퀀스를 병렬 처리하는 구조,,,,,ai-exam
WRITTEN_CBT,2-1 자연어 처리 기본,다음 설명에 해당하는 개념으로 가장 적절한 것은?,RNN,망각 게이트,In-Context Learning,원-핫 인코딩,3,,,In-Context Learning: 모델 파라미터를 갱신하지 않고 프롬프트의 설명이나 예시만으로 새 과제를 수행하는 방식,medium,,AI시험|객관식|2-1 자연어 처리 기본,2-1. 자연어 처리 기본 PDF 강의 정리본,,모델 파라미터를 갱신하지 않고 프롬프트의 설명이나 예시만으로 새 과제를 수행하는 방식,,,,,ai-exam
WRITTEN_CBT,2-1 자연어 처리 기본,In-Context Learning에 대한 설명으로 가장 적절한 것은?,LSTM에서 이전 셀 상태 중 버릴 정보의 양을 조절하는 게이트,모델 파라미터를 갱신하지 않고 프롬프트의 설명이나 예시만으로 새 과제를 수행하는 방식,어휘 크기만큼의 차원에서 해당 단어 위치만 1이고 나머지는 0인 벡터 표현,이전 시점의 은닉 상태를 다음 시점 계산에 사용하여 순차 데이터를 처리하는 신경망,2,,,In-Context Learning: 모델 파라미터를 갱신하지 않고 프롬프트의 설명이나 예시만으로 새 과제를 수행하는 방식,medium,,AI시험|객관식|개념비교|2-1 자연어 처리 기본,2-1. 자연어 처리 기본 PDF 강의 정리본,,,,,,,ai-exam
PRACTICAL_WRITTEN_RESPONSE,2-1 자연어 처리 기본,다음 설명에 해당하는 용어를 쓰시오.,,,,,,In-Context Learning,In-Context Learning,In-Context Learning: 모델 파라미터를 갱신하지 않고 프롬프트의 설명이나 예시만으로 새 과제를 수행하는 방식,medium,,AI시험|단답형|2-1 자연어 처리 기본,2-1. 자연어 처리 기본 PDF 강의 정리본,,모델 파라미터를 갱신하지 않고 프롬프트의 설명이나 예시만으로 새 과제를 수행하는 방식,,,,,ai-exam
WRITTEN_CBT,2-2 텍스트 파운데이션 모델,다음 설명에 해당하는 개념으로 가장 적절한 것은?,텍스트 파운데이션 모델,사전 학습,디코딩,Temperature,1,,,텍스트 파운데이션 모델: 대규모 텍스트로 사전 학습되어 다양한 자연어 과제에 적응할 수 있는 범용 기반 모델,easy,,AI시험|객관식|2-2 텍스트 파운데이션 모델,2-2. 텍스트 파운데이션 모델 PDF 강의 정리본,,대규모 텍스트로 사전 학습되어 다양한 자연어 과제에 적응할 수 있는 범용 기반 모델,,,,,ai-exam
WRITTEN_CBT,2-2 텍스트 파운데이션 모델,텍스트 파운데이션 모델에 대한 설명으로 가장 적절한 것은?,대규모 데이터에서 일반적인 언어 패턴과 지식을 먼저 학습하는 단계,언어 모델의 다음 토큰 확률 분포에서 실제 출력 토큰을 선택하는 과정,토큰 확률 분포의 평탄함을 조절해 출력의 무작위성과 다양성을 제어하는 값,대규모 텍스트로 사전 학습되어 다양한 자연어 과제에 적응할 수 있는 범용 기반 모델,4,,,텍스트 파운데이션 모델: 대규모 텍스트로 사전 학습되어 다양한 자연어 과제에 적응할 수 있는 범용 기반 모델,hard,,AI시험|객관식|개념비교|2-2 텍스트 파운데이션 모델,2-2. 텍스트 파운데이션 모델 PDF 강의 정리본,,,,,,,ai-exam
PRACTICAL_WRITTEN_RESPONSE,2-2 텍스트 파운데이션 모델,다음 설명에 해당하는 용어를 쓰시오.,,,,,,텍스트 파운데이션 모델,텍스트 파운데이션 모델,텍스트 파운데이션 모델: 대규모 텍스트로 사전 학습되어 다양한 자연어 과제에 적응할 수 있는 범용 기반 모델,easy,,AI시험|단답형|2-2 텍스트 파운데이션 모델,2-2. 텍스트 파운데이션 모델 PDF 강의 정리본,,대규모 텍스트로 사전 학습되어 다양한 자연어 과제에 적응할 수 있는 범용 기반 모델,,,,,ai-exam
WRITTEN_CBT,2-2 텍스트 파운데이션 모델,다음 설명에 해당하는 개념으로 가장 적절한 것은?,지시 학습,그리디 디코딩,Top-K 샘플링,사전 학습,4,,,사전 학습: 대규모 데이터에서 일반적인 언어 패턴과 지식을 먼저 학습하는 단계,medium,,AI시험|객관식|2-2 텍스트 파운데이션 모델,2-2. 텍스트 파운데이션 모델 PDF 강의 정리본,,대규모 데이터에서 일반적인 언어 패턴과 지식을 먼저 학습하는 단계,,,,,ai-exam
WRITTEN_CBT,2-2 텍스트 파운데이션 모델,사전 학습에 대한 설명으로 가장 적절한 것은?,각 생성 단계에서 확률이 가장 높은 토큰 하나를 선택하는 방법,확률이 높은 상위 K개 토큰만 후보로 남겨 샘플링하는 방법,대규모 데이터에서 일반적인 언어 패턴과 지식을 먼저 학습하는 단계,지시문과 그에 맞는 응답 데이터로 모델이 사용자의 명령을 따르도록 조정하는 학습,3,,,사전 학습: 대규모 데이터에서 일반적인 언어 패턴과 지식을 먼저 학습하는 단계,medium,,AI시험|객관식|개념비교|2-2 텍스트 파운데이션 모델,2-2. 텍스트 파운데이션 모델 PDF 강의 정리본,,,,,,,ai-exam
PRACTICAL_WRITTEN_RESPONSE,2-2 텍스트 파운데이션 모델,다음 설명에 해당하는 용어를 쓰시오.,,,,,,사전 학습,사전 학습,사전 학습: 대규모 데이터에서 일반적인 언어 패턴과 지식을 먼저 학습하는 단계,medium,,AI시험|단답형|2-2 텍스트 파운데이션 모델,2-2. 텍스트 파운데이션 모델 PDF 강의 정리본,,대규모 데이터에서 일반적인 언어 패턴과 지식을 먼저 학습하는 단계,,,,,ai-exam
WRITTEN_CBT,2-2 텍스트 파운데이션 모델,다음 설명에 해당하는 개념으로 가장 적절한 것은?,빔 서치,Top-P 샘플링,지시 학습,선호 학습,3,,,지시 학습: 지시문과 그에 맞는 응답 데이터로 모델이 사용자의 명령을 따르도록 조정하는 학습,medium,,AI시험|객관식|2-2 텍스트 파운데이션 모델,2-2. 텍스트 파운데이션 모델 PDF 강의 정리본,,지시문과 그에 맞는 응답 데이터로 모델이 사용자의 명령을 따르도록 조정하는 학습,,,,,ai-exam
WRITTEN_CBT,2-2 텍스트 파운데이션 모델,지시 학습에 대한 설명으로 가장 적절한 것은?,누적 확률이 P에 도달하는 최소 토큰 집합에서 샘플링하는 방법,지시문과 그에 맞는 응답 데이터로 모델이 사용자의 명령을 따르도록 조정하는 학습,여러 응답에 대한 인간 또는 평가자의 선호 정보를 사용해 바람직한 출력을 학습하는 과정,여러 개의 유망한 토큰 시퀀스 후보를 유지하며 전체 확률이 높은 출력을 찾는 방법,2,,,지시 학습: 지시문과 그에 맞는 응답 데이터로 모델이 사용자의 명령을 따르도록 조정하는 학습,medium,,AI시험|객관식|개념비교|2-2 텍스트 파운데이션 모델,2-2. 텍스트 파운데이션 모델 PDF 강의 정리본,,,,,,,ai-exam
PRACTICAL_WRITTEN_RESPONSE,2-2 텍스트 파운데이션 모델,다음 설명에 해당하는 용어를 쓰시오.,,,,,,지시 학습,지시 학습,지시 학습: 지시문과 그에 맞는 응답 데이터로 모델이 사용자의 명령을 따르도록 조정하는 학습,medium,,AI시험|단답형|2-2 텍스트 파운데이션 모델,2-2. 텍스트 파운데이션 모델 PDF 강의 정리본,,지시문과 그에 맞는 응답 데이터로 모델이 사용자의 명령을 따르도록 조정하는 학습,,,,,ai-exam
WRITTEN_CBT,2-2 텍스트 파운데이션 모델,다음 설명에 해당하는 개념으로 가장 적절한 것은?,프롬프트 엔지니어링,선호 학습,디코딩,샘플링,2,,,선호 학습: 여러 응답에 대한 인간 또는 평가자의 선호 정보를 사용해 바람직한 출력을 학습하는 과정,medium,,AI시험|객관식|2-2 텍스트 파운데이션 모델,2-2. 텍스트 파운데이션 모델 PDF 강의 정리본,,여러 응답에 대한 인간 또는 평가자의 선호 정보를 사용해 바람직한 출력을 학습하는 과정,,,,,ai-exam
WRITTEN_CBT,2-2 텍스트 파운데이션 모델,선호 학습에 대한 설명으로 가장 적절한 것은?,여러 응답에 대한 인간 또는 평가자의 선호 정보를 사용해 바람직한 출력을 학습하는 과정,언어 모델의 다음 토큰 확률 분포에서 실제 출력 토큰을 선택하는 과정,확률 분포에 따라 토큰을 무작위로 뽑아 다양한 출력을 만드는 디코딩 방법,"원하는 출력이 나오도록 모델 입력의 지시, 맥락, 예시를 설계하는 활동",1,,,선호 학습: 여러 응답에 대한 인간 또는 평가자의 선호 정보를 사용해 바람직한 출력을 학습하는 과정,medium,,AI시험|객관식|개념비교|2-2 텍스트 파운데이션 모델,2-2. 텍스트 파운데이션 모델 PDF 강의 정리본,,,,,,,ai-exam
PRACTICAL_WRITTEN_RESPONSE,2-2 텍스트 파운데이션 모델,다음 설명에 해당하는 용어를 쓰시오.,,,,,,선호 학습,선호 학습,선호 학습: 여러 응답에 대한 인간 또는 평가자의 선호 정보를 사용해 바람직한 출력을 학습하는 과정,medium,,AI시험|단답형|2-2 텍스트 파운데이션 모델,2-2. 텍스트 파운데이션 모델 PDF 강의 정리본,,여러 응답에 대한 인간 또는 평가자의 선호 정보를 사용해 바람직한 출력을 학습하는 과정,,,,,ai-exam
WRITTEN_CBT,2-2 텍스트 파운데이션 모델,다음 설명에 해당하는 개념으로 가장 적절한 것은?,디코딩,그리디 디코딩,Temperature,제로샷 프롬프팅,1,,,디코딩: 언어 모델의 다음 토큰 확률 분포에서 실제 출력 토큰을 선택하는 과정,medium,,AI시험|객관식|2-2 텍스트 파운데이션 모델,2-2. 텍스트 파운데이션 모델 PDF 강의 정리본,,언어 모델의 다음 토큰 확률 분포에서 실제 출력 토큰을 선택하는 과정,,,,,ai-exam
WRITTEN_CBT,2-2 텍스트 파운데이션 모델,디코딩에 대한 설명으로 가장 적절한 것은?,각 생성 단계에서 확률이 가장 높은 토큰 하나를 선택하는 방법,토큰 확률 분포의 평탄함을 조절해 출력의 무작위성과 다양성을 제어하는 값,과제 예시 없이 지시만 제공해 모델이 작업을 수행하게 하는 방식,언어 모델의 다음 토큰 확률 분포에서 실제 출력 토큰을 선택하는 과정,4,,,디코딩: 언어 모델의 다음 토큰 확률 분포에서 실제 출력 토큰을 선택하는 과정,hard,,AI시험|객관식|개념비교|2-2 텍스트 파운데이션 모델,2-2. 텍스트 파운데이션 모델 PDF 강의 정리본,,,,,,,ai-exam
PRACTICAL_WRITTEN_RESPONSE,2-2 텍스트 파운데이션 모델,다음 설명에 해당하는 용어를 쓰시오.,,,,,,디코딩,디코딩,디코딩: 언어 모델의 다음 토큰 확률 분포에서 실제 출력 토큰을 선택하는 과정,medium,,AI시험|단답형|2-2 텍스트 파운데이션 모델,2-2. 텍스트 파운데이션 모델 PDF 강의 정리본,,언어 모델의 다음 토큰 확률 분포에서 실제 출력 토큰을 선택하는 과정,,,,,ai-exam
WRITTEN_CBT,2-2 텍스트 파운데이션 모델,다음 설명에 해당하는 개념으로 가장 적절한 것은?,빔 서치,Top-K 샘플링,퓨샷 프롬프팅,그리디 디코딩,4,,,그리디 디코딩: 각 생성 단계에서 확률이 가장 높은 토큰 하나를 선택하는 방법,easy,,AI시험|객관식|2-2 텍스트 파운데이션 모델,2-2. 텍스트 파운데이션 모델 PDF 강의 정리본,,각 생성 단계에서 확률이 가장 높은 토큰 하나를 선택하는 방법,,,,,ai-exam
WRITTEN_CBT,2-2 텍스트 파운데이션 모델,그리디 디코딩에 대한 설명으로 가장 적절한 것은?,확률이 높은 상위 K개 토큰만 후보로 남겨 샘플링하는 방법,프롬프트 안에 소수의 입력·출력 예시를 제공하는 방식,각 생성 단계에서 확률이 가장 높은 토큰 하나를 선택하는 방법,여러 개의 유망한 토큰 시퀀스 후보를 유지하며 전체 확률이 높은 출력을 찾는 방법,3,,,그리디 디코딩: 각 생성 단계에서 확률이 가장 높은 토큰 하나를 선택하는 방법,medium,,AI시험|객관식|개념비교|2-2 텍스트 파운데이션 모델,2-2. 텍스트 파운데이션 모델 PDF 강의 정리본,,,,,,,ai-exam
PRACTICAL_WRITTEN_RESPONSE,2-2 텍스트 파운데이션 모델,다음 설명에 해당하는 용어를 쓰시오.,,,,,,그리디 디코딩,그리디 디코딩,그리디 디코딩: 각 생성 단계에서 확률이 가장 높은 토큰 하나를 선택하는 방법,easy,,AI시험|단답형|2-2 텍스트 파운데이션 모델,2-2. 텍스트 파운데이션 모델 PDF 강의 정리본,,각 생성 단계에서 확률이 가장 높은 토큰 하나를 선택하는 방법,,,,,ai-exam
WRITTEN_CBT,2-2 텍스트 파운데이션 모델,다음 설명에 해당하는 개념으로 가장 적절한 것은?,Top-P 샘플링,환각,빔 서치,샘플링,3,,,빔 서치: 여러 개의 유망한 토큰 시퀀스 후보를 유지하며 전체 확률이 높은 출력을 찾는 방법,medium,,AI시험|객관식|2-2 텍스트 파운데이션 모델,2-2. 텍스트 파운데이션 모델 PDF 강의 정리본,,여러 개의 유망한 토큰 시퀀스 후보를 유지하며 전체 확률이 높은 출력을 찾는 방법,,,,,ai-exam
WRITTEN_CBT,2-2 텍스트 파운데이션 모델,빔 서치에 대한 설명으로 가장 적절한 것은?,언어 모델이 사실이 아니거나 근거가 없는 내용을 그럴듯하게 생성하는 현상,여러 개의 유망한 토큰 시퀀스 후보를 유지하며 전체 확률이 높은 출력을 찾는 방법,확률 분포에 따라 토큰을 무작위로 뽑아 다양한 출력을 만드는 디코딩 방법,누적 확률이 P에 도달하는 최소 토큰 집합에서 샘플링하는 방법,2,,,빔 서치: 여러 개의 유망한 토큰 시퀀스 후보를 유지하며 전체 확률이 높은 출력을 찾는 방법,medium,,AI시험|객관식|개념비교|2-2 텍스트 파운데이션 모델,2-2. 텍스트 파운데이션 모델 PDF 강의 정리본,,,,,,,ai-exam
PRACTICAL_WRITTEN_RESPONSE,2-2 텍스트 파운데이션 모델,다음 설명에 해당하는 용어를 쓰시오.,,,,,,빔 서치,빔 서치,빔 서치: 여러 개의 유망한 토큰 시퀀스 후보를 유지하며 전체 확률이 높은 출력을 찾는 방법,medium,,AI시험|단답형|2-2 텍스트 파운데이션 모델,2-2. 텍스트 파운데이션 모델 PDF 강의 정리본,,여러 개의 유망한 토큰 시퀀스 후보를 유지하며 전체 확률이 높은 출력을 찾는 방법,,,,,ai-exam
WRITTEN_CBT,2-2 텍스트 파운데이션 모델,다음 설명에 해당하는 개념으로 가장 적절한 것은?,텍스트 파운데이션 모델,샘플링,Temperature,프롬프트 엔지니어링,2,,,샘플링: 확률 분포에 따라 토큰을 무작위로 뽑아 다양한 출력을 만드는 디코딩 방법,medium,,AI시험|객관식|2-2 텍스트 파운데이션 모델,2-2. 텍스트 파운데이션 모델 PDF 강의 정리본,,확률 분포에 따라 토큰을 무작위로 뽑아 다양한 출력을 만드는 디코딩 방법,,,,,ai-exam
WRITTEN_CBT,2-2 텍스트 파운데이션 모델,샘플링에 대한 설명으로 가장 적절한 것은?,확률 분포에 따라 토큰을 무작위로 뽑아 다양한 출력을 만드는 디코딩 방법,토큰 확률 분포의 평탄함을 조절해 출력의 무작위성과 다양성을 제어하는 값,"원하는 출력이 나오도록 모델 입력의 지시, 맥락, 예시를 설계하는 활동",대규모 텍스트로 사전 학습되어 다양한 자연어 과제에 적응할 수 있는 범용 기반 모델,1,,,샘플링: 확률 분포에 따라 토큰을 무작위로 뽑아 다양한 출력을 만드는 디코딩 방법,medium,,AI시험|객관식|개념비교|2-2 텍스트 파운데이션 모델,2-2. 텍스트 파운데이션 모델 PDF 강의 정리본,,,,,,,ai-exam
PRACTICAL_WRITTEN_RESPONSE,2-2 텍스트 파운데이션 모델,다음 설명에 해당하는 용어를 쓰시오.,,,,,,샘플링,샘플링,샘플링: 확률 분포에 따라 토큰을 무작위로 뽑아 다양한 출력을 만드는 디코딩 방법,medium,,AI시험|단답형|2-2 텍스트 파운데이션 모델,2-2. 텍스트 파운데이션 모델 PDF 강의 정리본,,확률 분포에 따라 토큰을 무작위로 뽑아 다양한 출력을 만드는 디코딩 방법,,,,,ai-exam
WRITTEN_CBT,2-2 텍스트 파운데이션 모델,다음 설명에 해당하는 개념으로 가장 적절한 것은?,Temperature,Top-K 샘플링,제로샷 프롬프팅,사전 학습,1,,,Temperature: 토큰 확률 분포의 평탄함을 조절해 출력의 무작위성과 다양성을 제어하는 값,medium,,AI시험|객관식|2-2 텍스트 파운데이션 모델,2-2. 텍스트 파운데이션 모델 PDF 강의 정리본,,토큰 확률 분포의 평탄함을 조절해 출력의 무작위성과 다양성을 제어하는 값,,,,,ai-exam
WRITTEN_CBT,2-2 텍스트 파운데이션 모델,Temperature에 대한 설명으로 가장 적절한 것은?,확률이 높은 상위 K개 토큰만 후보로 남겨 샘플링하는 방법,과제 예시 없이 지시만 제공해 모델이 작업을 수행하게 하는 방식,대규모 데이터에서 일반적인 언어 패턴과 지식을 먼저 학습하는 단계,토큰 확률 분포의 평탄함을 조절해 출력의 무작위성과 다양성을 제어하는 값,4,,,Temperature: 토큰 확률 분포의 평탄함을 조절해 출력의 무작위성과 다양성을 제어하는 값,hard,,AI시험|객관식|개념비교|2-2 텍스트 파운데이션 모델,2-2. 텍스트 파운데이션 모델 PDF 강의 정리본,,,,,,,ai-exam
PRACTICAL_WRITTEN_RESPONSE,2-2 텍스트 파운데이션 모델,다음 설명에 해당하는 용어를 쓰시오.,,,,,,Temperature,Temperature,Temperature: 토큰 확률 분포의 평탄함을 조절해 출력의 무작위성과 다양성을 제어하는 값,medium,,AI시험|단답형|2-2 텍스트 파운데이션 모델,2-2. 텍스트 파운데이션 모델 PDF 강의 정리본,,토큰 확률 분포의 평탄함을 조절해 출력의 무작위성과 다양성을 제어하는 값,,,,,ai-exam
WRITTEN_CBT,2-2 텍스트 파운데이션 모델,다음 설명에 해당하는 개념으로 가장 적절한 것은?,Top-P 샘플링,퓨샷 프롬프팅,지시 학습,Top-K 샘플링,4,,,Top-K 샘플링: 확률이 높은 상위 K개 토큰만 후보로 남겨 샘플링하는 방법,medium,,AI시험|객관식|2-2 텍스트 파운데이션 모델,2-2. 텍스트 파운데이션 모델 PDF 강의 정리본,,확률이 높은 상위 K개 토큰만 후보로 남겨 샘플링하는 방법,,,,,ai-exam
WRITTEN_CBT,2-2 텍스트 파운데이션 모델,Top-K 샘플링에 대한 설명으로 가장 적절한 것은?,프롬프트 안에 소수의 입력·출력 예시를 제공하는 방식,지시문과 그에 맞는 응답 데이터로 모델이 사용자의 명령을 따르도록 조정하는 학습,확률이 높은 상위 K개 토큰만 후보로 남겨 샘플링하는 방법,누적 확률이 P에 도달하는 최소 토큰 집합에서 샘플링하는 방법,3,,,Top-K 샘플링: 확률이 높은 상위 K개 토큰만 후보로 남겨 샘플링하는 방법,medium,,AI시험|객관식|개념비교|2-2 텍스트 파운데이션 모델,2-2. 텍스트 파운데이션 모델 PDF 강의 정리본,,,,,,,ai-exam
PRACTICAL_WRITTEN_RESPONSE,2-2 텍스트 파운데이션 모델,다음 설명에 해당하는 용어를 쓰시오.,,,,,,Top-K 샘플링,Top-K 샘플링,Top-K 샘플링: 확률이 높은 상위 K개 토큰만 후보로 남겨 샘플링하는 방법,medium,,AI시험|단답형|2-2 텍스트 파운데이션 모델,2-2. 텍스트 파운데이션 모델 PDF 강의 정리본,,확률이 높은 상위 K개 토큰만 후보로 남겨 샘플링하는 방법,,,,,ai-exam
WRITTEN_CBT,2-2 텍스트 파운데이션 모델,다음 설명에 해당하는 개념으로 가장 적절한 것은?,환각,선호 학습,Top-P 샘플링,프롬프트 엔지니어링,3,,,Top-P 샘플링: 누적 확률이 P에 도달하는 최소 토큰 집합에서 샘플링하는 방법,easy,,AI시험|객관식|2-2 텍스트 파운데이션 모델,2-2. 텍스트 파운데이션 모델 PDF 강의 정리본,,누적 확률이 P에 도달하는 최소 토큰 집합에서 샘플링하는 방법,,,,,ai-exam
WRITTEN_CBT,2-2 텍스트 파운데이션 모델,Top-P 샘플링에 대한 설명으로 가장 적절한 것은?,여러 응답에 대한 인간 또는 평가자의 선호 정보를 사용해 바람직한 출력을 학습하는 과정,누적 확률이 P에 도달하는 최소 토큰 집합에서 샘플링하는 방법,"원하는 출력이 나오도록 모델 입력의 지시, 맥락, 예시를 설계하는 활동",언어 모델이 사실이 아니거나 근거가 없는 내용을 그럴듯하게 생성하는 현상,2,,,Top-P 샘플링: 누적 확률이 P에 도달하는 최소 토큰 집합에서 샘플링하는 방법,medium,,AI시험|객관식|개념비교|2-2 텍스트 파운데이션 모델,2-2. 텍스트 파운데이션 모델 PDF 강의 정리본,,,,,,,ai-exam
PRACTICAL_WRITTEN_RESPONSE,2-2 텍스트 파운데이션 모델,다음 설명에 해당하는 용어를 쓰시오.,,,,,,Top-P 샘플링,Top-P 샘플링,Top-P 샘플링: 누적 확률이 P에 도달하는 최소 토큰 집합에서 샘플링하는 방법,easy,,AI시험|단답형|2-2 텍스트 파운데이션 모델,2-2. 텍스트 파운데이션 모델 PDF 강의 정리본,,누적 확률이 P에 도달하는 최소 토큰 집합에서 샘플링하는 방법,,,,,ai-exam
WRITTEN_CBT,2-2 텍스트 파운데이션 모델,다음 설명에 해당하는 개념으로 가장 적절한 것은?,디코딩,프롬프트 엔지니어링,제로샷 프롬프팅,텍스트 파운데이션 모델,2,,,"프롬프트 엔지니어링: 원하는 출력이 나오도록 모델 입력의 지시, 맥락, 예시를 설계하는 활동",medium,,AI시험|객관식|2-2 텍스트 파운데이션 모델,2-2. 텍스트 파운데이션 모델 PDF 강의 정리본,,"원하는 출력이 나오도록 모델 입력의 지시, 맥락, 예시를 설계하는 활동",,,,,ai-exam
WRITTEN_CBT,2-2 텍스트 파운데이션 모델,프롬프트 엔지니어링에 대한 설명으로 가장 적절한 것은?,"원하는 출력이 나오도록 모델 입력의 지시, 맥락, 예시를 설계하는 활동",과제 예시 없이 지시만 제공해 모델이 작업을 수행하게 하는 방식,대규모 텍스트로 사전 학습되어 다양한 자연어 과제에 적응할 수 있는 범용 기반 모델,언어 모델의 다음 토큰 확률 분포에서 실제 출력 토큰을 선택하는 과정,1,,,"프롬프트 엔지니어링: 원하는 출력이 나오도록 모델 입력의 지시, 맥락, 예시를 설계하는 활동",medium,,AI시험|객관식|개념비교|2-2 텍스트 파운데이션 모델,2-2. 텍스트 파운데이션 모델 PDF 강의 정리본,,,,,,,ai-exam
PRACTICAL_WRITTEN_RESPONSE,2-2 텍스트 파운데이션 모델,다음 설명에 해당하는 용어를 쓰시오.,,,,,,프롬프트 엔지니어링,프롬프트 엔지니어링,"프롬프트 엔지니어링: 원하는 출력이 나오도록 모델 입력의 지시, 맥락, 예시를 설계하는 활동",medium,,AI시험|단답형|2-2 텍스트 파운데이션 모델,2-2. 텍스트 파운데이션 모델 PDF 강의 정리본,,"원하는 출력이 나오도록 모델 입력의 지시, 맥락, 예시를 설계하는 활동",,,,,ai-exam
WRITTEN_CBT,2-2 텍스트 파운데이션 모델,다음 설명에 해당하는 개념으로 가장 적절한 것은?,제로샷 프롬프팅,퓨샷 프롬프팅,사전 학습,그리디 디코딩,1,,,제로샷 프롬프팅: 과제 예시 없이 지시만 제공해 모델이 작업을 수행하게 하는 방식,medium,,AI시험|객관식|2-2 텍스트 파운데이션 모델,2-2. 텍스트 파운데이션 모델 PDF 강의 정리본,,과제 예시 없이 지시만 제공해 모델이 작업을 수행하게 하는 방식,,,,,ai-exam
WRITTEN_CBT,2-2 텍스트 파운데이션 모델,제로샷 프롬프팅에 대한 설명으로 가장 적절한 것은?,프롬프트 안에 소수의 입력·출력 예시를 제공하는 방식,대규모 데이터에서 일반적인 언어 패턴과 지식을 먼저 학습하는 단계,각 생성 단계에서 확률이 가장 높은 토큰 하나를 선택하는 방법,과제 예시 없이 지시만 제공해 모델이 작업을 수행하게 하는 방식,4,,,제로샷 프롬프팅: 과제 예시 없이 지시만 제공해 모델이 작업을 수행하게 하는 방식,hard,,AI시험|객관식|개념비교|2-2 텍스트 파운데이션 모델,2-2. 텍스트 파운데이션 모델 PDF 강의 정리본,,,,,,,ai-exam
PRACTICAL_WRITTEN_RESPONSE,2-2 텍스트 파운데이션 모델,다음 설명에 해당하는 용어를 쓰시오.,,,,,,제로샷 프롬프팅,제로샷 프롬프팅,제로샷 프롬프팅: 과제 예시 없이 지시만 제공해 모델이 작업을 수행하게 하는 방식,medium,,AI시험|단답형|2-2 텍스트 파운데이션 모델,2-2. 텍스트 파운데이션 모델 PDF 강의 정리본,,과제 예시 없이 지시만 제공해 모델이 작업을 수행하게 하는 방식,,,,,ai-exam
WRITTEN_CBT,2-2 텍스트 파운데이션 모델,다음 설명에 해당하는 개념으로 가장 적절한 것은?,환각,지시 학습,빔 서치,퓨샷 프롬프팅,4,,,퓨샷 프롬프팅: 프롬프트 안에 소수의 입력·출력 예시를 제공하는 방식,medium,,AI시험|객관식|2-2 텍스트 파운데이션 모델,2-2. 텍스트 파운데이션 모델 PDF 강의 정리본,,프롬프트 안에 소수의 입력·출력 예시를 제공하는 방식,,,,,ai-exam
WRITTEN_CBT,2-2 텍스트 파운데이션 모델,퓨샷 프롬프팅에 대한 설명으로 가장 적절한 것은?,지시문과 그에 맞는 응답 데이터로 모델이 사용자의 명령을 따르도록 조정하는 학습,여러 개의 유망한 토큰 시퀀스 후보를 유지하며 전체 확률이 높은 출력을 찾는 방법,프롬프트 안에 소수의 입력·출력 예시를 제공하는 방식,언어 모델이 사실이 아니거나 근거가 없는 내용을 그럴듯하게 생성하는 현상,3,,,퓨샷 프롬프팅: 프롬프트 안에 소수의 입력·출력 예시를 제공하는 방식,medium,,AI시험|객관식|개념비교|2-2 텍스트 파운데이션 모델,2-2. 텍스트 파운데이션 모델 PDF 강의 정리본,,,,,,,ai-exam
PRACTICAL_WRITTEN_RESPONSE,2-2 텍스트 파운데이션 모델,다음 설명에 해당하는 용어를 쓰시오.,,,,,,퓨샷 프롬프팅,퓨샷 프롬프팅,퓨샷 프롬프팅: 프롬프트 안에 소수의 입력·출력 예시를 제공하는 방식,medium,,AI시험|단답형|2-2 텍스트 파운데이션 모델,2-2. 텍스트 파운데이션 모델 PDF 강의 정리본,,프롬프트 안에 소수의 입력·출력 예시를 제공하는 방식,,,,,ai-exam
WRITTEN_CBT,2-2 텍스트 파운데이션 모델,다음 설명에 해당하는 개념으로 가장 적절한 것은?,선호 학습,샘플링,환각,텍스트 파운데이션 모델,3,,,환각: 언어 모델이 사실이 아니거나 근거가 없는 내용을 그럴듯하게 생성하는 현상,medium,,AI시험|객관식|2-2 텍스트 파운데이션 모델,2-2. 텍스트 파운데이션 모델 PDF 강의 정리본,,언어 모델이 사실이 아니거나 근거가 없는 내용을 그럴듯하게 생성하는 현상,,,,,ai-exam
WRITTEN_CBT,2-2 텍스트 파운데이션 모델,환각에 대한 설명으로 가장 적절한 것은?,확률 분포에 따라 토큰을 무작위로 뽑아 다양한 출력을 만드는 디코딩 방법,언어 모델이 사실이 아니거나 근거가 없는 내용을 그럴듯하게 생성하는 현상,대규모 텍스트로 사전 학습되어 다양한 자연어 과제에 적응할 수 있는 범용 기반 모델,여러 응답에 대한 인간 또는 평가자의 선호 정보를 사용해 바람직한 출력을 학습하는 과정,2,,,환각: 언어 모델이 사실이 아니거나 근거가 없는 내용을 그럴듯하게 생성하는 현상,medium,,AI시험|객관식|개념비교|2-2 텍스트 파운데이션 모델,2-2. 텍스트 파운데이션 모델 PDF 강의 정리본,,,,,,,ai-exam
PRACTICAL_WRITTEN_RESPONSE,2-2 텍스트 파운데이션 모델,다음 설명에 해당하는 용어를 쓰시오.,,,,,,환각,환각,환각: 언어 모델이 사실이 아니거나 근거가 없는 내용을 그럴듯하게 생성하는 현상,medium,,AI시험|단답형|2-2 텍스트 파운데이션 모델,2-2. 텍스트 파운데이션 모델 PDF 강의 정리본,,언어 모델이 사실이 아니거나 근거가 없는 내용을 그럴듯하게 생성하는 현상,,,,,ai-exam
WRITTEN_CBT,3-1 딥러닝·영상 모델,다음 설명에 해당하는 개념으로 가장 적절한 것은?,CNN,합성곱,풀링,잔차 연결,1,,,CNN: 국소 연결과 가중치 공유를 활용해 이미지의 공간적 특징을 추출하는 신경망,easy,,AI시험|객관식|3-1 딥러닝·영상 모델,3-1. 딥러닝 영상 모델 PDF 강의 정리본,,국소 연결과 가중치 공유를 활용해 이미지의 공간적 특징을 추출하는 신경망,,,,,ai-exam
WRITTEN_CBT,3-1 딥러닝·영상 모델,CNN에 대한 설명으로 가장 적절한 것은?,작은 커널을 입력 위로 이동시키며 국소 패턴을 계산하는 연산,특징 맵의 공간 크기를 줄여 계산량과 위치 변화 민감도를 낮추는 연산,블록의 입력을 변환 결과에 직접 더해 기울기 흐름을 돕는 연결,국소 연결과 가중치 공유를 활용해 이미지의 공간적 특징을 추출하는 신경망,4,,,CNN: 국소 연결과 가중치 공유를 활용해 이미지의 공간적 특징을 추출하는 신경망,hard,,AI시험|객관식|개념비교|3-1 딥러닝·영상 모델,3-1. 딥러닝 영상 모델 PDF 강의 정리본,,,,,,,ai-exam
PRACTICAL_WRITTEN_RESPONSE,3-1 딥러닝·영상 모델,다음 설명에 해당하는 용어를 쓰시오.,,,,,,CNN,CNN,CNN: 국소 연결과 가중치 공유를 활용해 이미지의 공간적 특징을 추출하는 신경망,easy,,AI시험|단답형|3-1 딥러닝·영상 모델,3-1. 딥러닝 영상 모델 PDF 강의 정리본,,국소 연결과 가중치 공유를 활용해 이미지의 공간적 특징을 추출하는 신경망,,,,,ai-exam
WRITTEN_CBT,3-1 딥러닝·영상 모델,다음 설명에 해당하는 개념으로 가장 적절한 것은?,가중치 공유,AlexNet,MobileNet,합성곱,4,,,합성곱: 작은 커널을 입력 위로 이동시키며 국소 패턴을 계산하는 연산,medium,,AI시험|객관식|3-1 딥러닝·영상 모델,3-1. 딥러닝 영상 모델 PDF 강의 정리본,,작은 커널을 입력 위로 이동시키며 국소 패턴을 계산하는 연산,,,,,ai-exam
WRITTEN_CBT,3-1 딥러닝·영상 모델,합성곱에 대한 설명으로 가장 적절한 것은?,ReLU와 GPU 학습을 활용해 대규모 이미지 분류에서 CNN의 가능성을 입증한 모델,깊이별 분리 합성곱을 이용해 연산량과 파라미터 수를 줄인 경량 CNN,작은 커널을 입력 위로 이동시키며 국소 패턴을 계산하는 연산,같은 합성곱 커널을 이미지의 모든 위치에 반복 적용하는 특성,3,,,합성곱: 작은 커널을 입력 위로 이동시키며 국소 패턴을 계산하는 연산,medium,,AI시험|객관식|개념비교|3-1 딥러닝·영상 모델,3-1. 딥러닝 영상 모델 PDF 강의 정리본,,,,,,,ai-exam
PRACTICAL_WRITTEN_RESPONSE,3-1 딥러닝·영상 모델,다음 설명에 해당하는 용어를 쓰시오.,,,,,,합성곱,합성곱,합성곱: 작은 커널을 입력 위로 이동시키며 국소 패턴을 계산하는 연산,medium,,AI시험|단답형|3-1 딥러닝·영상 모델,3-1. 딥러닝 영상 모델 PDF 강의 정리본,,작은 커널을 입력 위로 이동시키며 국소 패턴을 계산하는 연산,,,,,ai-exam
WRITTEN_CBT,3-1 딥러닝·영상 모델,다음 설명에 해당하는 개념으로 가장 적절한 것은?,VGGNet,깊이별 분리 합성곱,가중치 공유,수용 영역,3,,,가중치 공유: 같은 합성곱 커널을 이미지의 모든 위치에 반복 적용하는 특성,medium,,AI시험|객관식|3-1 딥러닝·영상 모델,3-1. 딥러닝 영상 모델 PDF 강의 정리본,,같은 합성곱 커널을 이미지의 모든 위치에 반복 적용하는 특성,,,,,ai-exam
WRITTEN_CBT,3-1 딥러닝·영상 모델,가중치 공유에 대한 설명으로 가장 적절한 것은?,채널별 공간 합성곱과 1×1 점별 합성곱으로 일반 합성곱을 분리한 연산,같은 합성곱 커널을 이미지의 모든 위치에 반복 적용하는 특성,특정 뉴런의 출력에 영향을 미치는 원본 입력 영역,작은 3×3 합성곱을 깊게 쌓아 단순하고 규칙적인 구조를 만든 모델,2,,,가중치 공유: 같은 합성곱 커널을 이미지의 모든 위치에 반복 적용하는 특성,medium,,AI시험|객관식|개념비교|3-1 딥러닝·영상 모델,3-1. 딥러닝 영상 모델 PDF 강의 정리본,,,,,,,ai-exam
PRACTICAL_WRITTEN_RESPONSE,3-1 딥러닝·영상 모델,다음 설명에 해당하는 용어를 쓰시오.,,,,,,가중치 공유,가중치 공유,가중치 공유: 같은 합성곱 커널을 이미지의 모든 위치에 반복 적용하는 특성,medium,,AI시험|단답형|3-1 딥러닝·영상 모델,3-1. 딥러닝 영상 모델 PDF 강의 정리본,,같은 합성곱 커널을 이미지의 모든 위치에 반복 적용하는 특성,,,,,ai-exam
WRITTEN_CBT,3-1 딥러닝·영상 모델,다음 설명에 해당하는 개념으로 가장 적절한 것은?,장거리 의존성,수용 영역,풀링,ResNet,2,,,수용 영역: 특정 뉴런의 출력에 영향을 미치는 원본 입력 영역,medium,,AI시험|객관식|3-1 딥러닝·영상 모델,3-1. 딥러닝 영상 모델 PDF 강의 정리본,,특정 뉴런의 출력에 영향을 미치는 원본 입력 영역,,,,,ai-exam
WRITTEN_CBT,3-1 딥러닝·영상 모델,수용 영역에 대한 설명으로 가장 적절한 것은?,특정 뉴런의 출력에 영향을 미치는 원본 입력 영역,특징 맵의 공간 크기를 줄여 계산량과 위치 변화 민감도를 낮추는 연산,잔차 연결을 사용해 매우 깊은 신경망의 학습을 가능하게 한 모델,멀리 떨어진 입력 위치 사이의 관계를 모델이 포착해야 하는 성질,1,,,수용 영역: 특정 뉴런의 출력에 영향을 미치는 원본 입력 영역,medium,,AI시험|객관식|개념비교|3-1 딥러닝·영상 모델,3-1. 딥러닝 영상 모델 PDF 강의 정리본,,,,,,,ai-exam
PRACTICAL_WRITTEN_RESPONSE,3-1 딥러닝·영상 모델,다음 설명에 해당하는 용어를 쓰시오.,,,,,,수용 영역,수용 영역,수용 영역: 특정 뉴런의 출력에 영향을 미치는 원본 입력 영역,medium,,AI시험|단답형|3-1 딥러닝·영상 모델,3-1. 딥러닝 영상 모델 PDF 강의 정리본,,특정 뉴런의 출력에 영향을 미치는 원본 입력 영역,,,,,ai-exam
WRITTEN_CBT,3-1 딥러닝·영상 모델,다음 설명에 해당하는 개념으로 가장 적절한 것은?,풀링,AlexNet,잔차 연결,위치 인코딩,1,,,풀링: 특징 맵의 공간 크기를 줄여 계산량과 위치 변화 민감도를 낮추는 연산,medium,,AI시험|객관식|3-1 딥러닝·영상 모델,3-1. 딥러닝 영상 모델 PDF 강의 정리본,,특징 맵의 공간 크기를 줄여 계산량과 위치 변화 민감도를 낮추는 연산,,,,,ai-exam
WRITTEN_CBT,3-1 딥러닝·영상 모델,풀링에 대한 설명으로 가장 적절한 것은?,ReLU와 GPU 학습을 활용해 대규모 이미지 분류에서 CNN의 가능성을 입증한 모델,블록의 입력을 변환 결과에 직접 더해 기울기 흐름을 돕는 연결,어텐션 모델에 토큰 또는 패치의 순서와 위치 정보를 제공하는 표현,특징 맵의 공간 크기를 줄여 계산량과 위치 변화 민감도를 낮추는 연산,4,,,풀링: 특징 맵의 공간 크기를 줄여 계산량과 위치 변화 민감도를 낮추는 연산,hard,,AI시험|객관식|개념비교|3-1 딥러닝·영상 모델,3-1. 딥러닝 영상 모델 PDF 강의 정리본,,,,,,,ai-exam
PRACTICAL_WRITTEN_RESPONSE,3-1 딥러닝·영상 모델,다음 설명에 해당하는 용어를 쓰시오.,,,,,,풀링,풀링,풀링: 특징 맵의 공간 크기를 줄여 계산량과 위치 변화 민감도를 낮추는 연산,medium,,AI시험|단답형|3-1 딥러닝·영상 모델,3-1. 딥러닝 영상 모델 PDF 강의 정리본,,특징 맵의 공간 크기를 줄여 계산량과 위치 변화 민감도를 낮추는 연산,,,,,ai-exam
WRITTEN_CBT,3-1 딥러닝·영상 모델,다음 설명에 해당하는 개념으로 가장 적절한 것은?,VGGNet,MobileNet,Vision Transformer,AlexNet,4,,,AlexNet: ReLU와 GPU 학습을 활용해 대규모 이미지 분류에서 CNN의 가능성을 입증한 모델,easy,,AI시험|객관식|3-1 딥러닝·영상 모델,3-1. 딥러닝 영상 모델 PDF 강의 정리본,,ReLU와 GPU 학습을 활용해 대규모 이미지 분류에서 CNN의 가능성을 입증한 모델,,,,,ai-exam
WRITTEN_CBT,3-1 딥러닝·영상 모델,AlexNet에 대한 설명으로 가장 적절한 것은?,깊이별 분리 합성곱을 이용해 연산량과 파라미터 수를 줄인 경량 CNN,이미지를 패치 시퀀스로 나누고 셀프 어텐션으로 처리하는 영상 모델,ReLU와 GPU 학습을 활용해 대규모 이미지 분류에서 CNN의 가능성을 입증한 모델,작은 3×3 합성곱을 깊게 쌓아 단순하고 규칙적인 구조를 만든 모델,3,,,AlexNet: ReLU와 GPU 학습을 활용해 대규모 이미지 분류에서 CNN의 가능성을 입증한 모델,medium,,AI시험|객관식|개념비교|3-1 딥러닝·영상 모델,3-1. 딥러닝 영상 모델 PDF 강의 정리본,,,,,,,ai-exam
PRACTICAL_WRITTEN_RESPONSE,3-1 딥러닝·영상 모델,다음 설명에 해당하는 용어를 쓰시오.,,,,,,AlexNet,AlexNet,AlexNet: ReLU와 GPU 학습을 활용해 대규모 이미지 분류에서 CNN의 가능성을 입증한 모델,easy,,AI시험|단답형|3-1 딥러닝·영상 모델,3-1. 딥러닝 영상 모델 PDF 강의 정리본,,ReLU와 GPU 학습을 활용해 대규모 이미지 분류에서 CNN의 가능성을 입증한 모델,,,,,ai-exam
WRITTEN_CBT,3-1 딥러닝·영상 모델,다음 설명에 해당하는 개념으로 가장 적절한 것은?,깊이별 분리 합성곱,이미지 패치,VGGNet,ResNet,3,,,VGGNet: 작은 3×3 합성곱을 깊게 쌓아 단순하고 규칙적인 구조를 만든 모델,medium,,AI시험|객관식|3-1 딥러닝·영상 모델,3-1. 딥러닝 영상 모델 PDF 강의 정리본,,작은 3×3 합성곱을 깊게 쌓아 단순하고 규칙적인 구조를 만든 모델,,,,,ai-exam
WRITTEN_CBT,3-1 딥러닝·영상 모델,VGGNet에 대한 설명으로 가장 적절한 것은?,Vision Transformer가 토큰처럼 다루도록 이미지를 일정 크기로 나눈 작은 영역,작은 3×3 합성곱을 깊게 쌓아 단순하고 규칙적인 구조를 만든 모델,잔차 연결을 사용해 매우 깊은 신경망의 학습을 가능하게 한 모델,채널별 공간 합성곱과 1×1 점별 합성곱으로 일반 합성곱을 분리한 연산,2,,,VGGNet: 작은 3×3 합성곱을 깊게 쌓아 단순하고 규칙적인 구조를 만든 모델,medium,,AI시험|객관식|개념비교|3-1 딥러닝·영상 모델,3-1. 딥러닝 영상 모델 PDF 강의 정리본,,,,,,,ai-exam
PRACTICAL_WRITTEN_RESPONSE,3-1 딥러닝·영상 모델,다음 설명에 해당하는 용어를 쓰시오.,,,,,,VGGNet,VGGNet,VGGNet: 작은 3×3 합성곱을 깊게 쌓아 단순하고 규칙적인 구조를 만든 모델,medium,,AI시험|단답형|3-1 딥러닝·영상 모델,3-1. 딥러닝 영상 모델 PDF 강의 정리본,,작은 3×3 합성곱을 깊게 쌓아 단순하고 규칙적인 구조를 만든 모델,,,,,ai-exam
WRITTEN_CBT,3-1 딥러닝·영상 모델,다음 설명에 해당하는 개념으로 가장 적절한 것은?,CNN,ResNet,잔차 연결,장거리 의존성,2,,,ResNet: 잔차 연결을 사용해 매우 깊은 신경망의 학습을 가능하게 한 모델,medium,,AI시험|객관식|3-1 딥러닝·영상 모델,3-1. 딥러닝 영상 모델 PDF 강의 정리본,,잔차 연결을 사용해 매우 깊은 신경망의 학습을 가능하게 한 모델,,,,,ai-exam
WRITTEN_CBT,3-1 딥러닝·영상 모델,ResNet에 대한 설명으로 가장 적절한 것은?,잔차 연결을 사용해 매우 깊은 신경망의 학습을 가능하게 한 모델,블록의 입력을 변환 결과에 직접 더해 기울기 흐름을 돕는 연결,멀리 떨어진 입력 위치 사이의 관계를 모델이 포착해야 하는 성질,국소 연결과 가중치 공유를 활용해 이미지의 공간적 특징을 추출하는 신경망,1,,,ResNet: 잔차 연결을 사용해 매우 깊은 신경망의 학습을 가능하게 한 모델,medium,,AI시험|객관식|개념비교|3-1 딥러닝·영상 모델,3-1. 딥러닝 영상 모델 PDF 강의 정리본,,,,,,,ai-exam
PRACTICAL_WRITTEN_RESPONSE,3-1 딥러닝·영상 모델,다음 설명에 해당하는 용어를 쓰시오.,,,,,,ResNet,ResNet,ResNet: 잔차 연결을 사용해 매우 깊은 신경망의 학습을 가능하게 한 모델,medium,,AI시험|단답형|3-1 딥러닝·영상 모델,3-1. 딥러닝 영상 모델 PDF 강의 정리본,,잔차 연결을 사용해 매우 깊은 신경망의 학습을 가능하게 한 모델,,,,,ai-exam
WRITTEN_CBT,3-1 딥러닝·영상 모델,다음 설명에 해당하는 개념으로 가장 적절한 것은?,잔차 연결,MobileNet,위치 인코딩,합성곱,1,,,잔차 연결: 블록의 입력을 변환 결과에 직접 더해 기울기 흐름을 돕는 연결,medium,,AI시험|객관식|3-1 딥러닝·영상 모델,3-1. 딥러닝 영상 모델 PDF 강의 정리본,,블록의 입력을 변환 결과에 직접 더해 기울기 흐름을 돕는 연결,,,,,ai-exam
WRITTEN_CBT,3-1 딥러닝·영상 모델,잔차 연결에 대한 설명으로 가장 적절한 것은?,깊이별 분리 합성곱을 이용해 연산량과 파라미터 수를 줄인 경량 CNN,어텐션 모델에 토큰 또는 패치의 순서와 위치 정보를 제공하는 표현,작은 커널을 입력 위로 이동시키며 국소 패턴을 계산하는 연산,블록의 입력을 변환 결과에 직접 더해 기울기 흐름을 돕는 연결,4,,,잔차 연결: 블록의 입력을 변환 결과에 직접 더해 기울기 흐름을 돕는 연결,hard,,AI시험|객관식|개념비교|3-1 딥러닝·영상 모델,3-1. 딥러닝 영상 모델 PDF 강의 정리본,,,,,,,ai-exam
PRACTICAL_WRITTEN_RESPONSE,3-1 딥러닝·영상 모델,다음 설명에 해당하는 용어를 쓰시오.,,,,,,잔차 연결,잔차 연결,잔차 연결: 블록의 입력을 변환 결과에 직접 더해 기울기 흐름을 돕는 연결,medium,,AI시험|단답형|3-1 딥러닝·영상 모델,3-1. 딥러닝 영상 모델 PDF 강의 정리본,,블록의 입력을 변환 결과에 직접 더해 기울기 흐름을 돕는 연결,,,,,ai-exam
WRITTEN_CBT,3-1 딥러닝·영상 모델,다음 설명에 해당하는 개념으로 가장 적절한 것은?,깊이별 분리 합성곱,Vision Transformer,가중치 공유,MobileNet,4,,,MobileNet: 깊이별 분리 합성곱을 이용해 연산량과 파라미터 수를 줄인 경량 CNN,medium,,AI시험|객관식|3-1 딥러닝·영상 모델,3-1. 딥러닝 영상 모델 PDF 강의 정리본,,깊이별 분리 합성곱을 이용해 연산량과 파라미터 수를 줄인 경량 CNN,,,,,ai-exam
WRITTEN_CBT,3-1 딥러닝·영상 모델,MobileNet에 대한 설명으로 가장 적절한 것은?,이미지를 패치 시퀀스로 나누고 셀프 어텐션으로 처리하는 영상 모델,같은 합성곱 커널을 이미지의 모든 위치에 반복 적용하는 특성,깊이별 분리 합성곱을 이용해 연산량과 파라미터 수를 줄인 경량 CNN,채널별 공간 합성곱과 1×1 점별 합성곱으로 일반 합성곱을 분리한 연산,3,,,MobileNet: 깊이별 분리 합성곱을 이용해 연산량과 파라미터 수를 줄인 경량 CNN,medium,,AI시험|객관식|개념비교|3-1 딥러닝·영상 모델,3-1. 딥러닝 영상 모델 PDF 강의 정리본,,,,,,,ai-exam
PRACTICAL_WRITTEN_RESPONSE,3-1 딥러닝·영상 모델,다음 설명에 해당하는 용어를 쓰시오.,,,,,,MobileNet,MobileNet,MobileNet: 깊이별 분리 합성곱을 이용해 연산량과 파라미터 수를 줄인 경량 CNN,medium,,AI시험|단답형|3-1 딥러닝·영상 모델,3-1. 딥러닝 영상 모델 PDF 강의 정리본,,깊이별 분리 합성곱을 이용해 연산량과 파라미터 수를 줄인 경량 CNN,,,,,ai-exam
WRITTEN_CBT,3-1 딥러닝·영상 모델,다음 설명에 해당하는 개념으로 가장 적절한 것은?,이미지 패치,수용 영역,깊이별 분리 합성곱,장거리 의존성,3,,,깊이별 분리 합성곱: 채널별 공간 합성곱과 1×1 점별 합성곱으로 일반 합성곱을 분리한 연산,easy,,AI시험|객관식|3-1 딥러닝·영상 모델,3-1. 딥러닝 영상 모델 PDF 강의 정리본,,채널별 공간 합성곱과 1×1 점별 합성곱으로 일반 합성곱을 분리한 연산,,,,,ai-exam
WRITTEN_CBT,3-1 딥러닝·영상 모델,깊이별 분리 합성곱에 대한 설명으로 가장 적절한 것은?,특정 뉴런의 출력에 영향을 미치는 원본 입력 영역,채널별 공간 합성곱과 1×1 점별 합성곱으로 일반 합성곱을 분리한 연산,멀리 떨어진 입력 위치 사이의 관계를 모델이 포착해야 하는 성질,Vision Transformer가 토큰처럼 다루도록 이미지를 일정 크기로 나눈 작은 영역,2,,,깊이별 분리 합성곱: 채널별 공간 합성곱과 1×1 점별 합성곱으로 일반 합성곱을 분리한 연산,medium,,AI시험|객관식|개념비교|3-1 딥러닝·영상 모델,3-1. 딥러닝 영상 모델 PDF 강의 정리본,,,,,,,ai-exam
PRACTICAL_WRITTEN_RESPONSE,3-1 딥러닝·영상 모델,다음 설명에 해당하는 용어를 쓰시오.,,,,,,깊이별 분리 합성곱,깊이별 분리 합성곱,깊이별 분리 합성곱: 채널별 공간 합성곱과 1×1 점별 합성곱으로 일반 합성곱을 분리한 연산,easy,,AI시험|단답형|3-1 딥러닝·영상 모델,3-1. 딥러닝 영상 모델 PDF 강의 정리본,,채널별 공간 합성곱과 1×1 점별 합성곱으로 일반 합성곱을 분리한 연산,,,,,ai-exam
WRITTEN_CBT,3-1 딥러닝·영상 모델,다음 설명에 해당하는 개념으로 가장 적절한 것은?,풀링,장거리 의존성,위치 인코딩,CNN,2,,,장거리 의존성: 멀리 떨어진 입력 위치 사이의 관계를 모델이 포착해야 하는 성질,medium,,AI시험|객관식|3-1 딥러닝·영상 모델,3-1. 딥러닝 영상 모델 PDF 강의 정리본,,멀리 떨어진 입력 위치 사이의 관계를 모델이 포착해야 하는 성질,,,,,ai-exam
WRITTEN_CBT,3-1 딥러닝·영상 모델,장거리 의존성에 대한 설명으로 가장 적절한 것은?,멀리 떨어진 입력 위치 사이의 관계를 모델이 포착해야 하는 성질,어텐션 모델에 토큰 또는 패치의 순서와 위치 정보를 제공하는 표현,국소 연결과 가중치 공유를 활용해 이미지의 공간적 특징을 추출하는 신경망,특징 맵의 공간 크기를 줄여 계산량과 위치 변화 민감도를 낮추는 연산,1,,,장거리 의존성: 멀리 떨어진 입력 위치 사이의 관계를 모델이 포착해야 하는 성질,medium,,AI시험|객관식|개념비교|3-1 딥러닝·영상 모델,3-1. 딥러닝 영상 모델 PDF 강의 정리본,,,,,,,ai-exam
PRACTICAL_WRITTEN_RESPONSE,3-1 딥러닝·영상 모델,다음 설명에 해당하는 용어를 쓰시오.,,,,,,장거리 의존성,장거리 의존성,장거리 의존성: 멀리 떨어진 입력 위치 사이의 관계를 모델이 포착해야 하는 성질,medium,,AI시험|단답형|3-1 딥러닝·영상 모델,3-1. 딥러닝 영상 모델 PDF 강의 정리본,,멀리 떨어진 입력 위치 사이의 관계를 모델이 포착해야 하는 성질,,,,,ai-exam
WRITTEN_CBT,3-1 딥러닝·영상 모델,다음 설명에 해당하는 개념으로 가장 적절한 것은?,위치 인코딩,Vision Transformer,합성곱,AlexNet,1,,,위치 인코딩: 어텐션 모델에 토큰 또는 패치의 순서와 위치 정보를 제공하는 표현,medium,,AI시험|객관식|3-1 딥러닝·영상 모델,3-1. 딥러닝 영상 모델 PDF 강의 정리본,,어텐션 모델에 토큰 또는 패치의 순서와 위치 정보를 제공하는 표현,,,,,ai-exam
WRITTEN_CBT,3-1 딥러닝·영상 모델,위치 인코딩에 대한 설명으로 가장 적절한 것은?,이미지를 패치 시퀀스로 나누고 셀프 어텐션으로 처리하는 영상 모델,작은 커널을 입력 위로 이동시키며 국소 패턴을 계산하는 연산,ReLU와 GPU 학습을 활용해 대규모 이미지 분류에서 CNN의 가능성을 입증한 모델,어텐션 모델에 토큰 또는 패치의 순서와 위치 정보를 제공하는 표현,4,,,위치 인코딩: 어텐션 모델에 토큰 또는 패치의 순서와 위치 정보를 제공하는 표현,hard,,AI시험|객관식|개념비교|3-1 딥러닝·영상 모델,3-1. 딥러닝 영상 모델 PDF 강의 정리본,,,,,,,ai-exam
PRACTICAL_WRITTEN_RESPONSE,3-1 딥러닝·영상 모델,다음 설명에 해당하는 용어를 쓰시오.,,,,,,위치 인코딩,위치 인코딩,위치 인코딩: 어텐션 모델에 토큰 또는 패치의 순서와 위치 정보를 제공하는 표현,medium,,AI시험|단답형|3-1 딥러닝·영상 모델,3-1. 딥러닝 영상 모델 PDF 강의 정리본,,어텐션 모델에 토큰 또는 패치의 순서와 위치 정보를 제공하는 표현,,,,,ai-exam
WRITTEN_CBT,3-1 딥러닝·영상 모델,다음 설명에 해당하는 개념으로 가장 적절한 것은?,이미지 패치,가중치 공유,VGGNet,Vision Transformer,4,,,Vision Transformer: 이미지를 패치 시퀀스로 나누고 셀프 어텐션으로 처리하는 영상 모델,medium,,AI시험|객관식|3-1 딥러닝·영상 모델,3-1. 딥러닝 영상 모델 PDF 강의 정리본,,이미지를 패치 시퀀스로 나누고 셀프 어텐션으로 처리하는 영상 모델,,,,,ai-exam
WRITTEN_CBT,3-1 딥러닝·영상 모델,Vision Transformer에 대한 설명으로 가장 적절한 것은?,같은 합성곱 커널을 이미지의 모든 위치에 반복 적용하는 특성,작은 3×3 합성곱을 깊게 쌓아 단순하고 규칙적인 구조를 만든 모델,이미지를 패치 시퀀스로 나누고 셀프 어텐션으로 처리하는 영상 모델,Vision Transformer가 토큰처럼 다루도록 이미지를 일정 크기로 나눈 작은 영역,3,,,Vision Transformer: 이미지를 패치 시퀀스로 나누고 셀프 어텐션으로 처리하는 영상 모델,medium,,AI시험|객관식|개념비교|3-1 딥러닝·영상 모델,3-1. 딥러닝 영상 모델 PDF 강의 정리본,,,,,,,ai-exam
PRACTICAL_WRITTEN_RESPONSE,3-1 딥러닝·영상 모델,다음 설명에 해당하는 용어를 쓰시오.,,,,,,Vision Transformer,Vision Transformer,Vision Transformer: 이미지를 패치 시퀀스로 나누고 셀프 어텐션으로 처리하는 영상 모델,medium,,AI시험|단답형|3-1 딥러닝·영상 모델,3-1. 딥러닝 영상 모델 PDF 강의 정리본,,이미지를 패치 시퀀스로 나누고 셀프 어텐션으로 처리하는 영상 모델,,,,,ai-exam
WRITTEN_CBT,3-1 딥러닝·영상 모델,다음 설명에 해당하는 개념으로 가장 적절한 것은?,수용 영역,ResNet,이미지 패치,CNN,3,,,이미지 패치: Vision Transformer가 토큰처럼 다루도록 이미지를 일정 크기로 나눈 작은 영역,medium,,AI시험|객관식|3-1 딥러닝·영상 모델,3-1. 딥러닝 영상 모델 PDF 강의 정리본,,Vision Transformer가 토큰처럼 다루도록 이미지를 일정 크기로 나눈 작은 영역,,,,,ai-exam
WRITTEN_CBT,3-1 딥러닝·영상 모델,이미지 패치에 대한 설명으로 가장 적절한 것은?,잔차 연결을 사용해 매우 깊은 신경망의 학습을 가능하게 한 모델,Vision Transformer가 토큰처럼 다루도록 이미지를 일정 크기로 나눈 작은 영역,국소 연결과 가중치 공유를 활용해 이미지의 공간적 특징을 추출하는 신경망,특정 뉴런의 출력에 영향을 미치는 원본 입력 영역,2,,,이미지 패치: Vision Transformer가 토큰처럼 다루도록 이미지를 일정 크기로 나눈 작은 영역,medium,,AI시험|객관식|개념비교|3-1 딥러닝·영상 모델,3-1. 딥러닝 영상 모델 PDF 강의 정리본,,,,,,,ai-exam
PRACTICAL_WRITTEN_RESPONSE,3-1 딥러닝·영상 모델,다음 설명에 해당하는 용어를 쓰시오.,,,,,,이미지 패치,이미지 패치,이미지 패치: Vision Transformer가 토큰처럼 다루도록 이미지를 일정 크기로 나눈 작은 영역,medium,,AI시험|단답형|3-1 딥러닝·영상 모델,3-1. 딥러닝 영상 모델 PDF 강의 정리본,,Vision Transformer가 토큰처럼 다루도록 이미지를 일정 크기로 나눈 작은 영역,,,,,ai-exam
WRITTEN_CBT,3-2 이미지 파운데이션 모델,다음 설명에 해당하는 개념으로 가장 적절한 것은?,파운데이션 모델,멀티모달 모델,제로샷 이미지 분류,객체 탐지,1,,,파운데이션 모델: 대규모 데이터로 사전 학습되어 여러 하위 과제에 파인튜닝하거나 전이할 수 있는 기반 모델,easy,,AI시험|객관식|3-2 이미지 파운데이션 모델,3-2. 이미지 파운데이션 모델 PDF 강의 정리본,,대규모 데이터로 사전 학습되어 여러 하위 과제에 파인튜닝하거나 전이할 수 있는 기반 모델,,,,,ai-exam
WRITTEN_CBT,3-2 이미지 파운데이션 모델,파운데이션 모델에 대한 설명으로 가장 적절한 것은?,"텍스트, 이미지, 오디오처럼 서로 다른 종류의 데이터를 함께 이해하거나 생성하는 모델",새 분류용 학습 없이 이미지와 클래스 설명 텍스트의 유사도로 범주를 예측하는 방식,이미지 속 객체의 종류와 위치를 경계 상자로 찾는 과제,대규모 데이터로 사전 학습되어 여러 하위 과제에 파인튜닝하거나 전이할 수 있는 기반 모델,4,,,파운데이션 모델: 대규모 데이터로 사전 학습되어 여러 하위 과제에 파인튜닝하거나 전이할 수 있는 기반 모델,hard,,AI시험|객관식|개념비교|3-2 이미지 파운데이션 모델,3-2. 이미지 파운데이션 모델 PDF 강의 정리본,,,,,,,ai-exam
PRACTICAL_WRITTEN_RESPONSE,3-2 이미지 파운데이션 모델,다음 설명에 해당하는 용어를 쓰시오.,,,,,,파운데이션 모델,파운데이션 모델,파운데이션 모델: 대규모 데이터로 사전 학습되어 여러 하위 과제에 파인튜닝하거나 전이할 수 있는 기반 모델,easy,,AI시험|단답형|3-2 이미지 파운데이션 모델,3-2. 이미지 파운데이션 모델 PDF 강의 정리본,,대규모 데이터로 사전 학습되어 여러 하위 과제에 파인튜닝하거나 전이할 수 있는 기반 모델,,,,,ai-exam
WRITTEN_CBT,3-2 이미지 파운데이션 모델,다음 설명에 해당하는 개념으로 가장 적절한 것은?,CLIP,SigLIP,인스턴스 세그멘테이션,멀티모달 모델,4,,,"멀티모달 모델: 텍스트, 이미지, 오디오처럼 서로 다른 종류의 데이터를 함께 이해하거나 생성하는 모델",medium,,AI시험|객관식|3-2 이미지 파운데이션 모델,3-2. 이미지 파운데이션 모델 PDF 강의 정리본,,"텍스트, 이미지, 오디오처럼 서로 다른 종류의 데이터를 함께 이해하거나 생성하는 모델",,,,,ai-exam
WRITTEN_CBT,3-2 이미지 파운데이션 모델,멀티모달 모델에 대한 설명으로 가장 적절한 것은?,이미지·텍스트 쌍마다 시그모이드 손실을 적용하여 정합을 학습하는 비전·언어 모델,같은 범주의 서로 다른 객체 인스턴스를 구분해 각각의 픽셀 마스크를 예측하는 과제,"텍스트, 이미지, 오디오처럼 서로 다른 종류의 데이터를 함께 이해하거나 생성하는 모델",이미지 인코더와 텍스트 인코더를 대조학습하여 이미지와 문장을 같은 임베딩 공간에 정렬한 모델,3,,,"멀티모달 모델: 텍스트, 이미지, 오디오처럼 서로 다른 종류의 데이터를 함께 이해하거나 생성하는 모델",medium,,AI시험|객관식|개념비교|3-2 이미지 파운데이션 모델,3-2. 이미지 파운데이션 모델 PDF 강의 정리본,,,,,,,ai-exam
PRACTICAL_WRITTEN_RESPONSE,3-2 이미지 파운데이션 모델,다음 설명에 해당하는 용어를 쓰시오.,,,,,,멀티모달 모델,멀티모달 모델,"멀티모달 모델: 텍스트, 이미지, 오디오처럼 서로 다른 종류의 데이터를 함께 이해하거나 생성하는 모델",medium,,AI시험|단답형|3-2 이미지 파운데이션 모델,3-2. 이미지 파운데이션 모델 PDF 강의 정리본,,"텍스트, 이미지, 오디오처럼 서로 다른 종류의 데이터를 함께 이해하거나 생성하는 모델",,,,,ai-exam
WRITTEN_CBT,3-2 이미지 파운데이션 모델,다음 설명에 해당하는 개념으로 가장 적절한 것은?,LLaVA,이미지 생성 모델,CLIP,대조학습,3,,,CLIP: 이미지 인코더와 텍스트 인코더를 대조학습하여 이미지와 문장을 같은 임베딩 공간에 정렬한 모델,medium,,AI시험|객관식|3-2 이미지 파운데이션 모델,3-2. 이미지 파운데이션 모델 PDF 강의 정리본,,이미지 인코더와 텍스트 인코더를 대조학습하여 이미지와 문장을 같은 임베딩 공간에 정렬한 모델,,,,,ai-exam
WRITTEN_CBT,3-2 이미지 파운데이션 모델,CLIP에 대한 설명으로 가장 적절한 것은?,텍스트 조건이나 다른 입력을 바탕으로 새로운 이미지를 합성하는 모델,이미지 인코더와 텍스트 인코더를 대조학습하여 이미지와 문장을 같은 임베딩 공간에 정렬한 모델,"짝이 맞는 이미지·텍스트 표현은 가깝게, 맞지 않는 쌍은 멀게 학습하는 방식",비전 인코더의 이미지 표현을 언어 모델과 연결해 이미지 기반 대화를 수행하는 멀티모달 언어모델,2,,,CLIP: 이미지 인코더와 텍스트 인코더를 대조학습하여 이미지와 문장을 같은 임베딩 공간에 정렬한 모델,medium,,AI시험|객관식|개념비교|3-2 이미지 파운데이션 모델,3-2. 이미지 파운데이션 모델 PDF 강의 정리본,,,,,,,ai-exam
PRACTICAL_WRITTEN_RESPONSE,3-2 이미지 파운데이션 모델,다음 설명에 해당하는 용어를 쓰시오.,,,,,,CLIP,CLIP,CLIP: 이미지 인코더와 텍스트 인코더를 대조학습하여 이미지와 문장을 같은 임베딩 공간에 정렬한 모델,medium,,AI시험|단답형|3-2 이미지 파운데이션 모델,3-2. 이미지 파운데이션 모델 PDF 강의 정리본,,이미지 인코더와 텍스트 인코더를 대조학습하여 이미지와 문장을 같은 임베딩 공간에 정렬한 모델,,,,,ai-exam
WRITTEN_CBT,3-2 이미지 파운데이션 모델,다음 설명에 해당하는 개념으로 가장 적절한 것은?,깊이 추정,대조학습,제로샷 이미지 분류,세그멘테이션,2,,,"대조학습: 짝이 맞는 이미지·텍스트 표현은 가깝게, 맞지 않는 쌍은 멀게 학습하는 방식",medium,,AI시험|객관식|3-2 이미지 파운데이션 모델,3-2. 이미지 파운데이션 모델 PDF 강의 정리본,,"짝이 맞는 이미지·텍스트 표현은 가깝게, 맞지 않는 쌍은 멀게 학습하는 방식",,,,,ai-exam
WRITTEN_CBT,3-2 이미지 파운데이션 모델,대조학습에 대한 설명으로 가장 적절한 것은?,"짝이 맞는 이미지·텍스트 표현은 가깝게, 맞지 않는 쌍은 멀게 학습하는 방식",새 분류용 학습 없이 이미지와 클래스 설명 텍스트의 유사도로 범주를 예측하는 방식,이미지의 각 픽셀에 의미 범주 또는 객체 소속을 할당하는 과제,이미지의 각 위치에 카메라로부터의 거리 또는 상대적 깊이를 예측하는 과제,1,,,"대조학습: 짝이 맞는 이미지·텍스트 표현은 가깝게, 맞지 않는 쌍은 멀게 학습하는 방식",medium,,AI시험|객관식|개념비교|3-2 이미지 파운데이션 모델,3-2. 이미지 파운데이션 모델 PDF 강의 정리본,,,,,,,ai-exam
PRACTICAL_WRITTEN_RESPONSE,3-2 이미지 파운데이션 모델,다음 설명에 해당하는 용어를 쓰시오.,,,,,,대조학습,대조학습,"대조학습: 짝이 맞는 이미지·텍스트 표현은 가깝게, 맞지 않는 쌍은 멀게 학습하는 방식",medium,,AI시험|단답형|3-2 이미지 파운데이션 모델,3-2. 이미지 파운데이션 모델 PDF 강의 정리본,,"짝이 맞는 이미지·텍스트 표현은 가깝게, 맞지 않는 쌍은 멀게 학습하는 방식",,,,,ai-exam
WRITTEN_CBT,3-2 이미지 파운데이션 모델,다음 설명에 해당하는 개념으로 가장 적절한 것은?,제로샷 이미지 분류,SigLIP,객체 탐지,파인튜닝,1,,,제로샷 이미지 분류: 새 분류용 학습 없이 이미지와 클래스 설명 텍스트의 유사도로 범주를 예측하는 방식,medium,,AI시험|객관식|3-2 이미지 파운데이션 모델,3-2. 이미지 파운데이션 모델 PDF 강의 정리본,,새 분류용 학습 없이 이미지와 클래스 설명 텍스트의 유사도로 범주를 예측하는 방식,,,,,ai-exam
WRITTEN_CBT,3-2 이미지 파운데이션 모델,제로샷 이미지 분류에 대한 설명으로 가장 적절한 것은?,이미지·텍스트 쌍마다 시그모이드 손실을 적용하여 정합을 학습하는 비전·언어 모델,이미지 속 객체의 종류와 위치를 경계 상자로 찾는 과제,사전 학습 모델의 파라미터를 특정 데이터와 목적에 맞게 추가 학습하는 과정,새 분류용 학습 없이 이미지와 클래스 설명 텍스트의 유사도로 범주를 예측하는 방식,4,,,제로샷 이미지 분류: 새 분류용 학습 없이 이미지와 클래스 설명 텍스트의 유사도로 범주를 예측하는 방식,hard,,AI시험|객관식|개념비교|3-2 이미지 파운데이션 모델,3-2. 이미지 파운데이션 모델 PDF 강의 정리본,,,,,,,ai-exam
PRACTICAL_WRITTEN_RESPONSE,3-2 이미지 파운데이션 모델,다음 설명에 해당하는 용어를 쓰시오.,,,,,,제로샷 이미지 분류,제로샷 이미지 분류,제로샷 이미지 분류: 새 분류용 학습 없이 이미지와 클래스 설명 텍스트의 유사도로 범주를 예측하는 방식,medium,,AI시험|단답형|3-2 이미지 파운데이션 모델,3-2. 이미지 파운데이션 모델 PDF 강의 정리본,,새 분류용 학습 없이 이미지와 클래스 설명 텍스트의 유사도로 범주를 예측하는 방식,,,,,ai-exam
WRITTEN_CBT,3-2 이미지 파운데이션 모델,다음 설명에 해당하는 개념으로 가장 적절한 것은?,LLaVA,인스턴스 세그멘테이션,지식 증류,SigLIP,4,,,SigLIP: 이미지·텍스트 쌍마다 시그모이드 손실을 적용하여 정합을 학습하는 비전·언어 모델,easy,,AI시험|객관식|3-2 이미지 파운데이션 모델,3-2. 이미지 파운데이션 모델 PDF 강의 정리본,,이미지·텍스트 쌍마다 시그모이드 손실을 적용하여 정합을 학습하는 비전·언어 모델,,,,,ai-exam
WRITTEN_CBT,3-2 이미지 파운데이션 모델,SigLIP에 대한 설명으로 가장 적절한 것은?,같은 범주의 서로 다른 객체 인스턴스를 구분해 각각의 픽셀 마스크를 예측하는 과제,큰 교사 모델의 출력이나 표현을 작은 학생 모델이 모방하도록 학습하는 기법,이미지·텍스트 쌍마다 시그모이드 손실을 적용하여 정합을 학습하는 비전·언어 모델,비전 인코더의 이미지 표현을 언어 모델과 연결해 이미지 기반 대화를 수행하는 멀티모달 언어모델,3,,,SigLIP: 이미지·텍스트 쌍마다 시그모이드 손실을 적용하여 정합을 학습하는 비전·언어 모델,medium,,AI시험|객관식|개념비교|3-2 이미지 파운데이션 모델,3-2. 이미지 파운데이션 모델 PDF 강의 정리본,,,,,,,ai-exam
PRACTICAL_WRITTEN_RESPONSE,3-2 이미지 파운데이션 모델,다음 설명에 해당하는 용어를 쓰시오.,,,,,,SigLIP,SigLIP,SigLIP: 이미지·텍스트 쌍마다 시그모이드 손실을 적용하여 정합을 학습하는 비전·언어 모델,easy,,AI시험|단답형|3-2 이미지 파운데이션 모델,3-2. 이미지 파운데이션 모델 PDF 강의 정리본,,이미지·텍스트 쌍마다 시그모이드 손실을 적용하여 정합을 학습하는 비전·언어 모델,,,,,ai-exam
WRITTEN_CBT,3-2 이미지 파운데이션 모델,다음 설명에 해당하는 개념으로 가장 적절한 것은?,이미지 생성 모델,합성 데이터,LLaVA,세그멘테이션,3,,,LLaVA: 비전 인코더의 이미지 표현을 언어 모델과 연결해 이미지 기반 대화를 수행하는 멀티모달 언어모델,medium,,AI시험|객관식|3-2 이미지 파운데이션 모델,3-2. 이미지 파운데이션 모델 PDF 강의 정리본,,비전 인코더의 이미지 표현을 언어 모델과 연결해 이미지 기반 대화를 수행하는 멀티모달 언어모델,,,,,ai-exam
WRITTEN_CBT,3-2 이미지 파운데이션 모델,LLaVA에 대한 설명으로 가장 적절한 것은?,실제 수집 대신 모델이나 시뮬레이션을 통해 인공적으로 생성한 학습 데이터,비전 인코더의 이미지 표현을 언어 모델과 연결해 이미지 기반 대화를 수행하는 멀티모달 언어모델,이미지의 각 픽셀에 의미 범주 또는 객체 소속을 할당하는 과제,텍스트 조건이나 다른 입력을 바탕으로 새로운 이미지를 합성하는 모델,2,,,LLaVA: 비전 인코더의 이미지 표현을 언어 모델과 연결해 이미지 기반 대화를 수행하는 멀티모달 언어모델,medium,,AI시험|객관식|개념비교|3-2 이미지 파운데이션 모델,3-2. 이미지 파운데이션 모델 PDF 강의 정리본,,,,,,,ai-exam
PRACTICAL_WRITTEN_RESPONSE,3-2 이미지 파운데이션 모델,다음 설명에 해당하는 용어를 쓰시오.,,,,,,LLaVA,LLaVA,LLaVA: 비전 인코더의 이미지 표현을 언어 모델과 연결해 이미지 기반 대화를 수행하는 멀티모달 언어모델,medium,,AI시험|단답형|3-2 이미지 파운데이션 모델,3-2. 이미지 파운데이션 모델 PDF 강의 정리본,,비전 인코더의 이미지 표현을 언어 모델과 연결해 이미지 기반 대화를 수행하는 멀티모달 언어모델,,,,,ai-exam
WRITTEN_CBT,3-2 이미지 파운데이션 모델,다음 설명에 해당하는 개념으로 가장 적절한 것은?,파운데이션 모델,세그멘테이션,객체 탐지,깊이 추정,2,,,세그멘테이션: 이미지의 각 픽셀에 의미 범주 또는 객체 소속을 할당하는 과제,medium,,AI시험|객관식|3-2 이미지 파운데이션 모델,3-2. 이미지 파운데이션 모델 PDF 강의 정리본,,이미지의 각 픽셀에 의미 범주 또는 객체 소속을 할당하는 과제,,,,,ai-exam
WRITTEN_CBT,3-2 이미지 파운데이션 모델,세그멘테이션에 대한 설명으로 가장 적절한 것은?,이미지의 각 픽셀에 의미 범주 또는 객체 소속을 할당하는 과제,이미지 속 객체의 종류와 위치를 경계 상자로 찾는 과제,이미지의 각 위치에 카메라로부터의 거리 또는 상대적 깊이를 예측하는 과제,대규모 데이터로 사전 학습되어 여러 하위 과제에 파인튜닝하거나 전이할 수 있는 기반 모델,1,,,세그멘테이션: 이미지의 각 픽셀에 의미 범주 또는 객체 소속을 할당하는 과제,medium,,AI시험|객관식|개념비교|3-2 이미지 파운데이션 모델,3-2. 이미지 파운데이션 모델 PDF 강의 정리본,,,,,,,ai-exam
PRACTICAL_WRITTEN_RESPONSE,3-2 이미지 파운데이션 모델,다음 설명에 해당하는 용어를 쓰시오.,,,,,,세그멘테이션,세그멘테이션,세그멘테이션: 이미지의 각 픽셀에 의미 범주 또는 객체 소속을 할당하는 과제,medium,,AI시험|단답형|3-2 이미지 파운데이션 모델,3-2. 이미지 파운데이션 모델 PDF 강의 정리본,,이미지의 각 픽셀에 의미 범주 또는 객체 소속을 할당하는 과제,,,,,ai-exam
WRITTEN_CBT,3-2 이미지 파운데이션 모델,다음 설명에 해당하는 개념으로 가장 적절한 것은?,객체 탐지,인스턴스 세그멘테이션,파인튜닝,멀티모달 모델,1,,,객체 탐지: 이미지 속 객체의 종류와 위치를 경계 상자로 찾는 과제,medium,,AI시험|객관식|3-2 이미지 파운데이션 모델,3-2. 이미지 파운데이션 모델 PDF 강의 정리본,,이미지 속 객체의 종류와 위치를 경계 상자로 찾는 과제,,,,,ai-exam
WRITTEN_CBT,3-2 이미지 파운데이션 모델,객체 탐지에 대한 설명으로 가장 적절한 것은?,같은 범주의 서로 다른 객체 인스턴스를 구분해 각각의 픽셀 마스크를 예측하는 과제,사전 학습 모델의 파라미터를 특정 데이터와 목적에 맞게 추가 학습하는 과정,"텍스트, 이미지, 오디오처럼 서로 다른 종류의 데이터를 함께 이해하거나 생성하는 모델",이미지 속 객체의 종류와 위치를 경계 상자로 찾는 과제,4,,,객체 탐지: 이미지 속 객체의 종류와 위치를 경계 상자로 찾는 과제,hard,,AI시험|객관식|개념비교|3-2 이미지 파운데이션 모델,3-2. 이미지 파운데이션 모델 PDF 강의 정리본,,,,,,,ai-exam
PRACTICAL_WRITTEN_RESPONSE,3-2 이미지 파운데이션 모델,다음 설명에 해당하는 용어를 쓰시오.,,,,,,객체 탐지,객체 탐지,객체 탐지: 이미지 속 객체의 종류와 위치를 경계 상자로 찾는 과제,medium,,AI시험|단답형|3-2 이미지 파운데이션 모델,3-2. 이미지 파운데이션 모델 PDF 강의 정리본,,이미지 속 객체의 종류와 위치를 경계 상자로 찾는 과제,,,,,ai-exam
WRITTEN_CBT,3-2 이미지 파운데이션 모델,다음 설명에 해당하는 개념으로 가장 적절한 것은?,이미지 생성 모델,지식 증류,CLIP,인스턴스 세그멘테이션,4,,,인스턴스 세그멘테이션: 같은 범주의 서로 다른 객체 인스턴스를 구분해 각각의 픽셀 마스크를 예측하는 과제,medium,,AI시험|객관식|3-2 이미지 파운데이션 모델,3-2. 이미지 파운데이션 모델 PDF 강의 정리본,,같은 범주의 서로 다른 객체 인스턴스를 구분해 각각의 픽셀 마스크를 예측하는 과제,,,,,ai-exam
WRITTEN_CBT,3-2 이미지 파운데이션 모델,인스턴스 세그멘테이션에 대한 설명으로 가장 적절한 것은?,큰 교사 모델의 출력이나 표현을 작은 학생 모델이 모방하도록 학습하는 기법,이미지 인코더와 텍스트 인코더를 대조학습하여 이미지와 문장을 같은 임베딩 공간에 정렬한 모델,같은 범주의 서로 다른 객체 인스턴스를 구분해 각각의 픽셀 마스크를 예측하는 과제,텍스트 조건이나 다른 입력을 바탕으로 새로운 이미지를 합성하는 모델,3,,,인스턴스 세그멘테이션: 같은 범주의 서로 다른 객체 인스턴스를 구분해 각각의 픽셀 마스크를 예측하는 과제,medium,,AI시험|객관식|개념비교|3-2 이미지 파운데이션 모델,3-2. 이미지 파운데이션 모델 PDF 강의 정리본,,,,,,,ai-exam
PRACTICAL_WRITTEN_RESPONSE,3-2 이미지 파운데이션 모델,다음 설명에 해당하는 용어를 쓰시오.,,,,,,인스턴스 세그멘테이션,인스턴스 세그멘테이션,인스턴스 세그멘테이션: 같은 범주의 서로 다른 객체 인스턴스를 구분해 각각의 픽셀 마스크를 예측하는 과제,medium,,AI시험|단답형|3-2 이미지 파운데이션 모델,3-2. 이미지 파운데이션 모델 PDF 강의 정리본,,같은 범주의 서로 다른 객체 인스턴스를 구분해 각각의 픽셀 마스크를 예측하는 과제,,,,,ai-exam
WRITTEN_CBT,3-2 이미지 파운데이션 모델,다음 설명에 해당하는 개념으로 가장 적절한 것은?,합성 데이터,대조학습,이미지 생성 모델,깊이 추정,3,,,이미지 생성 모델: 텍스트 조건이나 다른 입력을 바탕으로 새로운 이미지를 합성하는 모델,easy,,AI시험|객관식|3-2 이미지 파운데이션 모델,3-2. 이미지 파운데이션 모델 PDF 강의 정리본,,텍스트 조건이나 다른 입력을 바탕으로 새로운 이미지를 합성하는 모델,,,,,ai-exam
WRITTEN_CBT,3-2 이미지 파운데이션 모델,이미지 생성 모델에 대한 설명으로 가장 적절한 것은?,"짝이 맞는 이미지·텍스트 표현은 가깝게, 맞지 않는 쌍은 멀게 학습하는 방식",텍스트 조건이나 다른 입력을 바탕으로 새로운 이미지를 합성하는 모델,이미지의 각 위치에 카메라로부터의 거리 또는 상대적 깊이를 예측하는 과제,실제 수집 대신 모델이나 시뮬레이션을 통해 인공적으로 생성한 학습 데이터,2,,,이미지 생성 모델: 텍스트 조건이나 다른 입력을 바탕으로 새로운 이미지를 합성하는 모델,medium,,AI시험|객관식|개념비교|3-2 이미지 파운데이션 모델,3-2. 이미지 파운데이션 모델 PDF 강의 정리본,,,,,,,ai-exam
PRACTICAL_WRITTEN_RESPONSE,3-2 이미지 파운데이션 모델,다음 설명에 해당하는 용어를 쓰시오.,,,,,,이미지 생성 모델,이미지 생성 모델,이미지 생성 모델: 텍스트 조건이나 다른 입력을 바탕으로 새로운 이미지를 합성하는 모델,easy,,AI시험|단답형|3-2 이미지 파운데이션 모델,3-2. 이미지 파운데이션 모델 PDF 강의 정리본,,텍스트 조건이나 다른 입력을 바탕으로 새로운 이미지를 합성하는 모델,,,,,ai-exam
WRITTEN_CBT,3-2 이미지 파운데이션 모델,다음 설명에 해당하는 개념으로 가장 적절한 것은?,제로샷 이미지 분류,깊이 추정,파인튜닝,파운데이션 모델,2,,,깊이 추정: 이미지의 각 위치에 카메라로부터의 거리 또는 상대적 깊이를 예측하는 과제,medium,,AI시험|객관식|3-2 이미지 파운데이션 모델,3-2. 이미지 파운데이션 모델 PDF 강의 정리본,,이미지의 각 위치에 카메라로부터의 거리 또는 상대적 깊이를 예측하는 과제,,,,,ai-exam
WRITTEN_CBT,3-2 이미지 파운데이션 모델,깊이 추정에 대한 설명으로 가장 적절한 것은?,이미지의 각 위치에 카메라로부터의 거리 또는 상대적 깊이를 예측하는 과제,사전 학습 모델의 파라미터를 특정 데이터와 목적에 맞게 추가 학습하는 과정,대규모 데이터로 사전 학습되어 여러 하위 과제에 파인튜닝하거나 전이할 수 있는 기반 모델,새 분류용 학습 없이 이미지와 클래스 설명 텍스트의 유사도로 범주를 예측하는 방식,1,,,깊이 추정: 이미지의 각 위치에 카메라로부터의 거리 또는 상대적 깊이를 예측하는 과제,medium,,AI시험|객관식|개념비교|3-2 이미지 파운데이션 모델,3-2. 이미지 파운데이션 모델 PDF 강의 정리본,,,,,,,ai-exam
PRACTICAL_WRITTEN_RESPONSE,3-2 이미지 파운데이션 모델,다음 설명에 해당하는 용어를 쓰시오.,,,,,,깊이 추정,깊이 추정,깊이 추정: 이미지의 각 위치에 카메라로부터의 거리 또는 상대적 깊이를 예측하는 과제,medium,,AI시험|단답형|3-2 이미지 파운데이션 모델,3-2. 이미지 파운데이션 모델 PDF 강의 정리본,,이미지의 각 위치에 카메라로부터의 거리 또는 상대적 깊이를 예측하는 과제,,,,,ai-exam
WRITTEN_CBT,3-2 이미지 파운데이션 모델,다음 설명에 해당하는 개념으로 가장 적절한 것은?,파인튜닝,지식 증류,멀티모달 모델,SigLIP,1,,,파인튜닝: 사전 학습 모델의 파라미터를 특정 데이터와 목적에 맞게 추가 학습하는 과정,medium,,AI시험|객관식|3-2 이미지 파운데이션 모델,3-2. 이미지 파운데이션 모델 PDF 강의 정리본,,사전 학습 모델의 파라미터를 특정 데이터와 목적에 맞게 추가 학습하는 과정,,,,,ai-exam
WRITTEN_CBT,3-2 이미지 파운데이션 모델,파인튜닝에 대한 설명으로 가장 적절한 것은?,큰 교사 모델의 출력이나 표현을 작은 학생 모델이 모방하도록 학습하는 기법,"텍스트, 이미지, 오디오처럼 서로 다른 종류의 데이터를 함께 이해하거나 생성하는 모델",이미지·텍스트 쌍마다 시그모이드 손실을 적용하여 정합을 학습하는 비전·언어 모델,사전 학습 모델의 파라미터를 특정 데이터와 목적에 맞게 추가 학습하는 과정,4,,,파인튜닝: 사전 학습 모델의 파라미터를 특정 데이터와 목적에 맞게 추가 학습하는 과정,hard,,AI시험|객관식|개념비교|3-2 이미지 파운데이션 모델,3-2. 이미지 파운데이션 모델 PDF 강의 정리본,,,,,,,ai-exam
PRACTICAL_WRITTEN_RESPONSE,3-2 이미지 파운데이션 모델,다음 설명에 해당하는 용어를 쓰시오.,,,,,,파인튜닝,파인튜닝,파인튜닝: 사전 학습 모델의 파라미터를 특정 데이터와 목적에 맞게 추가 학습하는 과정,medium,,AI시험|단답형|3-2 이미지 파운데이션 모델,3-2. 이미지 파운데이션 모델 PDF 강의 정리본,,사전 학습 모델의 파라미터를 특정 데이터와 목적에 맞게 추가 학습하는 과정,,,,,ai-exam
WRITTEN_CBT,3-2 이미지 파운데이션 모델,다음 설명에 해당하는 개념으로 가장 적절한 것은?,합성 데이터,CLIP,LLaVA,지식 증류,4,,,지식 증류: 큰 교사 모델의 출력이나 표현을 작은 학생 모델이 모방하도록 학습하는 기법,medium,,AI시험|객관식|3-2 이미지 파운데이션 모델,3-2. 이미지 파운데이션 모델 PDF 강의 정리본,,큰 교사 모델의 출력이나 표현을 작은 학생 모델이 모방하도록 학습하는 기법,,,,,ai-exam
WRITTEN_CBT,3-2 이미지 파운데이션 모델,3-2 이미지 파운데이션 모델에서 다루는 지식 증류에 대한 설명으로 가장 적절한 것은?,이미지 인코더와 텍스트 인코더를 대조학습하여 이미지와 문장을 같은 임베딩 공간에 정렬한 모델,비전 인코더의 이미지 표현을 언어 모델과 연결해 이미지 기반 대화를 수행하는 멀티모달 언어모델,큰 교사 모델의 출력이나 표현을 작은 학생 모델이 모방하도록 학습하는 기법,실제 수집 대신 모델이나 시뮬레이션을 통해 인공적으로 생성한 학습 데이터,3,,,지식 증류: 큰 교사 모델의 출력이나 표현을 작은 학생 모델이 모방하도록 학습하는 기법,medium,,AI시험|객관식|개념비교|3-2 이미지 파운데이션 모델,3-2. 이미지 파운데이션 모델 PDF 강의 정리본,,,,,,,ai-exam
PRACTICAL_WRITTEN_RESPONSE,3-2 이미지 파운데이션 모델,다음 설명에 해당하는 용어를 쓰시오.,,,,,,지식 증류,지식 증류,지식 증류: 큰 교사 모델의 출력이나 표현을 작은 학생 모델이 모방하도록 학습하는 기법,medium,,AI시험|단답형|3-2 이미지 파운데이션 모델,3-2. 이미지 파운데이션 모델 PDF 강의 정리본,,큰 교사 모델의 출력이나 표현을 작은 학생 모델이 모방하도록 학습하는 기법,,,,,ai-exam
WRITTEN_CBT,3-2 이미지 파운데이션 모델,다음 설명에 해당하는 개념으로 가장 적절한 것은?,대조학습,세그멘테이션,합성 데이터,파운데이션 모델,3,,,합성 데이터: 실제 수집 대신 모델이나 시뮬레이션을 통해 인공적으로 생성한 학습 데이터,medium,,AI시험|객관식|3-2 이미지 파운데이션 모델,3-2. 이미지 파운데이션 모델 PDF 강의 정리본,,실제 수집 대신 모델이나 시뮬레이션을 통해 인공적으로 생성한 학습 데이터,,,,,ai-exam
WRITTEN_CBT,3-2 이미지 파운데이션 모델,합성 데이터에 대한 설명으로 가장 적절한 것은?,이미지의 각 픽셀에 의미 범주 또는 객체 소속을 할당하는 과제,실제 수집 대신 모델이나 시뮬레이션을 통해 인공적으로 생성한 학습 데이터,대규모 데이터로 사전 학습되어 여러 하위 과제에 파인튜닝하거나 전이할 수 있는 기반 모델,"짝이 맞는 이미지·텍스트 표현은 가깝게, 맞지 않는 쌍은 멀게 학습하는 방식",2,,,합성 데이터: 실제 수집 대신 모델이나 시뮬레이션을 통해 인공적으로 생성한 학습 데이터,medium,,AI시험|객관식|개념비교|3-2 이미지 파운데이션 모델,3-2. 이미지 파운데이션 모델 PDF 강의 정리본,,,,,,,ai-exam
PRACTICAL_WRITTEN_RESPONSE,3-2 이미지 파운데이션 모델,다음 설명에 해당하는 용어를 쓰시오.,,,,,,합성 데이터,합성 데이터,합성 데이터: 실제 수집 대신 모델이나 시뮬레이션을 통해 인공적으로 생성한 학습 데이터,medium,,AI시험|단답형|3-2 이미지 파운데이션 모델,3-2. 이미지 파운데이션 모델 PDF 강의 정리본,,실제 수집 대신 모델이나 시뮬레이션을 통해 인공적으로 생성한 학습 데이터,,,,,ai-exam
WRITTEN_CBT,4-1 LangChain 서비스 개발,다음 설명에 해당하는 개념으로 가장 적절한 것은?,포스트 트레이닝,RLHF,정보 검색,LLM 에이전트,1,,,"포스트 트레이닝: 사전 학습 모델을 지시 준수, 선호 정렬 또는 특정 능력에 맞게 추가로 조정하는 학습 단계",easy,,AI시험|객관식|4-1 LangChain 서비스 개발,4-1. LangChain 서비스 개발 PDF 강의 정리본,,"사전 학습 모델을 지시 준수, 선호 정렬 또는 특정 능력에 맞게 추가로 조정하는 학습 단계",,,,,ai-exam
WRITTEN_CBT,4-1 LangChain 서비스 개발,포스트 트레이닝에 대한 설명으로 가장 적절한 것은?,인간 피드백으로 보상 모델을 만들고 강화학습으로 언어 모델을 인간 선호에 맞추는 방법,질의와 관련된 문서나 정보를 저장소에서 찾아 순위를 매기는 과정,"언어 모델을 중심으로 계획, 메모리, 도구 사용을 결합해 목표를 자율적으로 수행하는 시스템","사전 학습 모델을 지시 준수, 선호 정렬 또는 특정 능력에 맞게 추가로 조정하는 학습 단계",4,,,"포스트 트레이닝: 사전 학습 모델을 지시 준수, 선호 정렬 또는 특정 능력에 맞게 추가로 조정하는 학습 단계",hard,,AI시험|객관식|개념비교|4-1 LangChain 서비스 개발,4-1. LangChain 서비스 개발 PDF 강의 정리본,,,,,,,ai-exam
PRACTICAL_WRITTEN_RESPONSE,4-1 LangChain 서비스 개발,다음 설명에 해당하는 용어를 쓰시오.,,,,,,포스트 트레이닝,포스트 트레이닝,"포스트 트레이닝: 사전 학습 모델을 지시 준수, 선호 정렬 또는 특정 능력에 맞게 추가로 조정하는 학습 단계",easy,,AI시험|단답형|4-1 LangChain 서비스 개발,4-1. LangChain 서비스 개발 PDF 강의 정리본,,"사전 학습 모델을 지시 준수, 선호 정렬 또는 특정 능력에 맞게 추가로 조정하는 학습 단계",,,,,ai-exam
WRITTEN_CBT,4-1 LangChain 서비스 개발,다음 설명에 해당하는 개념으로 가장 적절한 것은?,DPO,RAG,도구,RLHF,4,,,RLHF: 인간 피드백으로 보상 모델을 만들고 강화학습으로 언어 모델을 인간 선호에 맞추는 방법,medium,,AI시험|객관식|4-1 LangChain 서비스 개발,4-1. LangChain 서비스 개발 PDF 강의 정리본,,인간 피드백으로 보상 모델을 만들고 강화학습으로 언어 모델을 인간 선호에 맞추는 방법,,,,,ai-exam
WRITTEN_CBT,4-1 LangChain 서비스 개발,RLHF에 대한 설명으로 가장 적절한 것은?,외부 지식에서 관련 정보를 검색한 뒤 그 내용을 근거로 답변을 생성하는 프레임워크,"에이전트가 검색, 계산, API 호출 또는 환경 조작 같은 외부 기능을 실행하게 하는 인터페이스",인간 피드백으로 보상 모델을 만들고 강화학습으로 언어 모델을 인간 선호에 맞추는 방법,별도의 보상 모델과 강화학습 없이 선호 응답 쌍으로 모델을 직접 최적화하는 방법,3,,,RLHF: 인간 피드백으로 보상 모델을 만들고 강화학습으로 언어 모델을 인간 선호에 맞추는 방법,medium,,AI시험|객관식|개념비교|4-1 LangChain 서비스 개발,4-1. LangChain 서비스 개발 PDF 강의 정리본,,,,,,,ai-exam
PRACTICAL_WRITTEN_RESPONSE,4-1 LangChain 서비스 개발,다음 설명에 해당하는 용어를 쓰시오.,,,,,,RLHF,RLHF,RLHF: 인간 피드백으로 보상 모델을 만들고 강화학습으로 언어 모델을 인간 선호에 맞추는 방법,medium,,AI시험|단답형|4-1 LangChain 서비스 개발,4-1. LangChain 서비스 개발 PDF 강의 정리본,,인간 피드백으로 보상 모델을 만들고 강화학습으로 언어 모델을 인간 선호에 맞추는 방법,,,,,ai-exam
WRITTEN_CBT,4-1 LangChain 서비스 개발,다음 설명에 해당하는 개념으로 가장 적절한 것은?,희소 검색기(Sparse Retriever),MCP,DPO,RLVR,3,,,DPO: 별도의 보상 모델과 강화학습 없이 선호 응답 쌍으로 모델을 직접 최적화하는 방법,medium,,AI시험|객관식|4-1 LangChain 서비스 개발,4-1. LangChain 서비스 개발 PDF 강의 정리본,,별도의 보상 모델과 강화학습 없이 선호 응답 쌍으로 모델을 직접 최적화하는 방법,,,,,ai-exam
WRITTEN_CBT,4-1 LangChain 서비스 개발,DPO에 대한 설명으로 가장 적절한 것은?,"AI 애플리케이션이 외부 도구와 리소스, 프롬프트에 표준 방식으로 연결되게 하는 프로토콜",별도의 보상 모델과 강화학습 없이 선호 응답 쌍으로 모델을 직접 최적화하는 방법,수학 정답처럼 자동 검증할 수 있는 보상을 사용해 모델을 강화학습하는 방법,단어나 토큰의 일치와 빈도 기반 표현을 이용해 질의와 관련 문서를 검색하는 방식,2,,,DPO: 별도의 보상 모델과 강화학습 없이 선호 응답 쌍으로 모델을 직접 최적화하는 방법,medium,,AI시험|객관식|개념비교|4-1 LangChain 서비스 개발,4-1. LangChain 서비스 개발 PDF 강의 정리본,,,,,,,ai-exam
PRACTICAL_WRITTEN_RESPONSE,4-1 LangChain 서비스 개발,다음 설명에 해당하는 용어를 쓰시오.,,,,,,DPO,DPO,DPO: 별도의 보상 모델과 강화학습 없이 선호 응답 쌍으로 모델을 직접 최적화하는 방법,medium,,AI시험|단답형|4-1 LangChain 서비스 개발,4-1. LangChain 서비스 개발 PDF 강의 정리본,,별도의 보상 모델과 강화학습 없이 선호 응답 쌍으로 모델을 직접 최적화하는 방법,,,,,ai-exam
WRITTEN_CBT,4-1 LangChain 서비스 개발,다음 설명에 해당하는 개념으로 가장 적절한 것은?,MCP 호스트,RLVR,정보 검색,밀집 검색기(Dense Retriever),2,,,RLVR: 수학 정답처럼 자동 검증할 수 있는 보상을 사용해 모델을 강화학습하는 방법,medium,,AI시험|객관식|4-1 LangChain 서비스 개발,4-1. LangChain 서비스 개발 PDF 강의 정리본,,수학 정답처럼 자동 검증할 수 있는 보상을 사용해 모델을 강화학습하는 방법,,,,,ai-exam
WRITTEN_CBT,4-1 LangChain 서비스 개발,RLVR에 대한 설명으로 가장 적절한 것은?,수학 정답처럼 자동 검증할 수 있는 보상을 사용해 모델을 강화학습하는 방법,질의와 관련된 문서나 정보를 저장소에서 찾아 순위를 매기는 과정,질의와 문서를 밀집 벡터로 표현하고 의미적 유사도를 바탕으로 검색하는 방식,하나 이상의 MCP 클라이언트를 조정하고 관리하는 AI 애플리케이션,1,,,RLVR: 수학 정답처럼 자동 검증할 수 있는 보상을 사용해 모델을 강화학습하는 방법,medium,,AI시험|객관식|개념비교|4-1 LangChain 서비스 개발,4-1. LangChain 서비스 개발 PDF 강의 정리본,,,,,,,ai-exam
PRACTICAL_WRITTEN_RESPONSE,4-1 LangChain 서비스 개발,다음 설명에 해당하는 용어를 쓰시오.,,,,,,RLVR,RLVR,RLVR: 수학 정답처럼 자동 검증할 수 있는 보상을 사용해 모델을 강화학습하는 방법,medium,,AI시험|단답형|4-1 LangChain 서비스 개발,4-1. LangChain 서비스 개발 PDF 강의 정리본,,수학 정답처럼 자동 검증할 수 있는 보상을 사용해 모델을 강화학습하는 방법,,,,,ai-exam
WRITTEN_CBT,4-1 LangChain 서비스 개발,다음 설명에 해당하는 개념으로 가장 적절한 것은?,정보 검색,RAG,LLM 에이전트,MCP 클라이언트,1,,,정보 검색: 질의와 관련된 문서나 정보를 저장소에서 찾아 순위를 매기는 과정,medium,,AI시험|객관식|4-1 LangChain 서비스 개발,4-1. LangChain 서비스 개발 PDF 강의 정리본,,질의와 관련된 문서나 정보를 저장소에서 찾아 순위를 매기는 과정,,,,,ai-exam
WRITTEN_CBT,4-1 LangChain 서비스 개발,정보 검색에 대한 설명으로 가장 적절한 것은?,외부 지식에서 관련 정보를 검색한 뒤 그 내용을 근거로 답변을 생성하는 프레임워크,"언어 모델을 중심으로 계획, 메모리, 도구 사용을 결합해 목표를 자율적으로 수행하는 시스템",호스트와 MCP 서버 사이의 연결을 유지하고 서버의 컨텍스트를 가져오는 구성요소,질의와 관련된 문서나 정보를 저장소에서 찾아 순위를 매기는 과정,4,,,정보 검색: 질의와 관련된 문서나 정보를 저장소에서 찾아 순위를 매기는 과정,hard,,AI시험|객관식|개념비교|4-1 LangChain 서비스 개발,4-1. LangChain 서비스 개발 PDF 강의 정리본,,,,,,,ai-exam
PRACTICAL_WRITTEN_RESPONSE,4-1 LangChain 서비스 개발,다음 설명에 해당하는 용어를 쓰시오.,,,,,,정보 검색,정보 검색,정보 검색: 질의와 관련된 문서나 정보를 저장소에서 찾아 순위를 매기는 과정,medium,,AI시험|단답형|4-1 LangChain 서비스 개발,4-1. LangChain 서비스 개발 PDF 강의 정리본,,질의와 관련된 문서나 정보를 저장소에서 찾아 순위를 매기는 과정,,,,,ai-exam
WRITTEN_CBT,4-1 LangChain 서비스 개발,다음 설명에 해당하는 개념으로 가장 적절한 것은?,희소 검색기(Sparse Retriever),도구,MCP 서버,RAG,4,,,RAG: 외부 지식에서 관련 정보를 검색한 뒤 그 내용을 근거로 답변을 생성하는 프레임워크,easy,,AI시험|객관식|4-1 LangChain 서비스 개발,4-1. LangChain 서비스 개발 PDF 강의 정리본,,외부 지식에서 관련 정보를 검색한 뒤 그 내용을 근거로 답변을 생성하는 프레임워크,,,,,ai-exam
WRITTEN_CBT,4-1 LangChain 서비스 개발,RAG에 대한 설명으로 가장 적절한 것은?,"에이전트가 검색, 계산, API 호출 또는 환경 조작 같은 외부 기능을 실행하게 하는 인터페이스","클라이언트에 도구, 리소스, 프롬프트 등의 컨텍스트를 제공하는 프로그램",외부 지식에서 관련 정보를 검색한 뒤 그 내용을 근거로 답변을 생성하는 프레임워크,단어나 토큰의 일치와 빈도 기반 표현을 이용해 질의와 관련 문서를 검색하는 방식,3,,,RAG: 외부 지식에서 관련 정보를 검색한 뒤 그 내용을 근거로 답변을 생성하는 프레임워크,medium,,AI시험|객관식|개념비교|4-1 LangChain 서비스 개발,4-1. LangChain 서비스 개발 PDF 강의 정리본,,,,,,,ai-exam
PRACTICAL_WRITTEN_RESPONSE,4-1 LangChain 서비스 개발,다음 설명에 해당하는 용어를 쓰시오.,,,,,,RAG,RAG,RAG: 외부 지식에서 관련 정보를 검색한 뒤 그 내용을 근거로 답변을 생성하는 프레임워크,easy,,AI시험|단답형|4-1 LangChain 서비스 개발,4-1. LangChain 서비스 개발 PDF 강의 정리본,,외부 지식에서 관련 정보를 검색한 뒤 그 내용을 근거로 답변을 생성하는 프레임워크,,,,,ai-exam
WRITTEN_CBT,4-1 LangChain 서비스 개발,다음 설명에 해당하는 개념으로 가장 적절한 것은?,MCP,LangChain,희소 검색기(Sparse Retriever),밀집 검색기(Dense Retriever),3,,,희소 검색기(Sparse Retriever): 단어나 토큰의 일치와 빈도 기반 표현을 이용해 질의와 관련 문서를 검색하는 방식,medium,,AI시험|객관식|4-1 LangChain 서비스 개발,4-1. LangChain 서비스 개발 PDF 강의 정리본,,단어나 토큰의 일치와 빈도 기반 표현을 이용해 질의와 관련 문서를 검색하는 방식,,,,,ai-exam
WRITTEN_CBT,4-1 LangChain 서비스 개발,희소 검색기(Sparse Retriever)에 대한 설명으로 가장 적절한 것은?,"프롬프트, 메모리, 도구, 에이전트 같은 LLM 애플리케이션 구성요소를 모듈화한 프레임워크",단어나 토큰의 일치와 빈도 기반 표현을 이용해 질의와 관련 문서를 검색하는 방식,질의와 문서를 밀집 벡터로 표현하고 의미적 유사도를 바탕으로 검색하는 방식,"AI 애플리케이션이 외부 도구와 리소스, 프롬프트에 표준 방식으로 연결되게 하는 프로토콜",2,,,희소 검색기(Sparse Retriever): 단어나 토큰의 일치와 빈도 기반 표현을 이용해 질의와 관련 문서를 검색하는 방식,medium,,AI시험|객관식|개념비교|4-1 LangChain 서비스 개발,4-1. LangChain 서비스 개발 PDF 강의 정리본,,,,,,,ai-exam
PRACTICAL_WRITTEN_RESPONSE,4-1 LangChain 서비스 개발,다음 설명에 해당하는 용어를 쓰시오.,,,,,,희소 검색기(Sparse Retriever),희소 검색기(Sparse Retriever)|Sparse Retriever,희소 검색기(Sparse Retriever): 단어나 토큰의 일치와 빈도 기반 표현을 이용해 질의와 관련 문서를 검색하는 방식,medium,,AI시험|단답형|4-1 LangChain 서비스 개발,4-1. LangChain 서비스 개발 PDF 강의 정리본,,단어나 토큰의 일치와 빈도 기반 표현을 이용해 질의와 관련 문서를 검색하는 방식,,,,,ai-exam
WRITTEN_CBT,4-1 LangChain 서비스 개발,다음 설명에 해당하는 개념으로 가장 적절한 것은?,포스트 트레이닝,밀집 검색기(Dense Retriever),LLM 에이전트,MCP 호스트,2,,,밀집 검색기(Dense Retriever): 질의와 문서를 밀집 벡터로 표현하고 의미적 유사도를 바탕으로 검색하는 방식,medium,,AI시험|객관식|4-1 LangChain 서비스 개발,4-1. LangChain 서비스 개발 PDF 강의 정리본,,질의와 문서를 밀집 벡터로 표현하고 의미적 유사도를 바탕으로 검색하는 방식,,,,,ai-exam
WRITTEN_CBT,4-1 LangChain 서비스 개발,밀집 검색기(Dense Retriever)에 대한 설명으로 가장 적절한 것은?,질의와 문서를 밀집 벡터로 표현하고 의미적 유사도를 바탕으로 검색하는 방식,"언어 모델을 중심으로 계획, 메모리, 도구 사용을 결합해 목표를 자율적으로 수행하는 시스템",하나 이상의 MCP 클라이언트를 조정하고 관리하는 AI 애플리케이션,"사전 학습 모델을 지시 준수, 선호 정렬 또는 특정 능력에 맞게 추가로 조정하는 학습 단계",1,,,밀집 검색기(Dense Retriever): 질의와 문서를 밀집 벡터로 표현하고 의미적 유사도를 바탕으로 검색하는 방식,medium,,AI시험|객관식|개념비교|4-1 LangChain 서비스 개발,4-1. LangChain 서비스 개발 PDF 강의 정리본,,,,,,,ai-exam
PRACTICAL_WRITTEN_RESPONSE,4-1 LangChain 서비스 개발,다음 설명에 해당하는 용어를 쓰시오.,,,,,,밀집 검색기(Dense Retriever),밀집 검색기(Dense Retriever)|Dense Retriever,밀집 검색기(Dense Retriever): 질의와 문서를 밀집 벡터로 표현하고 의미적 유사도를 바탕으로 검색하는 방식,medium,,AI시험|단답형|4-1 LangChain 서비스 개발,4-1. LangChain 서비스 개발 PDF 강의 정리본,,질의와 문서를 밀집 벡터로 표현하고 의미적 유사도를 바탕으로 검색하는 방식,,,,,ai-exam
WRITTEN_CBT,4-1 LangChain 서비스 개발,다음 설명에 해당하는 개념으로 가장 적절한 것은?,LLM 에이전트,도구,MCP 클라이언트,RLHF,1,,,"LLM 에이전트: 언어 모델을 중심으로 계획, 메모리, 도구 사용을 결합해 목표를 자율적으로 수행하는 시스템",medium,,AI시험|객관식|4-1 LangChain 서비스 개발,4-1. LangChain 서비스 개발 PDF 강의 정리본,,"언어 모델을 중심으로 계획, 메모리, 도구 사용을 결합해 목표를 자율적으로 수행하는 시스템",,,,,ai-exam
WRITTEN_CBT,4-1 LangChain 서비스 개발,LLM 에이전트에 대한 설명으로 가장 적절한 것은?,"에이전트가 검색, 계산, API 호출 또는 환경 조작 같은 외부 기능을 실행하게 하는 인터페이스",호스트와 MCP 서버 사이의 연결을 유지하고 서버의 컨텍스트를 가져오는 구성요소,인간 피드백으로 보상 모델을 만들고 강화학습으로 언어 모델을 인간 선호에 맞추는 방법,"언어 모델을 중심으로 계획, 메모리, 도구 사용을 결합해 목표를 자율적으로 수행하는 시스템",4,,,"LLM 에이전트: 언어 모델을 중심으로 계획, 메모리, 도구 사용을 결합해 목표를 자율적으로 수행하는 시스템",hard,,AI시험|객관식|개념비교|4-1 LangChain 서비스 개발,4-1. LangChain 서비스 개발 PDF 강의 정리본,,,,,,,ai-exam
PRACTICAL_WRITTEN_RESPONSE,4-1 LangChain 서비스 개발,다음 설명에 해당하는 용어를 쓰시오.,,,,,,LLM 에이전트,LLM 에이전트,"LLM 에이전트: 언어 모델을 중심으로 계획, 메모리, 도구 사용을 결합해 목표를 자율적으로 수행하는 시스템",medium,,AI시험|단답형|4-1 LangChain 서비스 개발,4-1. LangChain 서비스 개발 PDF 강의 정리본,,"언어 모델을 중심으로 계획, 메모리, 도구 사용을 결합해 목표를 자율적으로 수행하는 시스템",,,,,ai-exam
WRITTEN_CBT,4-1 LangChain 서비스 개발,다음 설명에 해당하는 개념으로 가장 적절한 것은?,MCP,MCP 서버,DPO,도구,4,,,"도구: 에이전트가 검색, 계산, API 호출 또는 환경 조작 같은 외부 기능을 실행하게 하는 인터페이스",medium,,AI시험|객관식|4-1 LangChain 서비스 개발,4-1. LangChain 서비스 개발 PDF 강의 정리본,,"에이전트가 검색, 계산, API 호출 또는 환경 조작 같은 외부 기능을 실행하게 하는 인터페이스",,,,,ai-exam
WRITTEN_CBT,4-1 LangChain 서비스 개발,도구에 대한 설명으로 가장 적절한 것은?,"클라이언트에 도구, 리소스, 프롬프트 등의 컨텍스트를 제공하는 프로그램",별도의 보상 모델과 강화학습 없이 선호 응답 쌍으로 모델을 직접 최적화하는 방법,"에이전트가 검색, 계산, API 호출 또는 환경 조작 같은 외부 기능을 실행하게 하는 인터페이스","AI 애플리케이션이 외부 도구와 리소스, 프롬프트에 표준 방식으로 연결되게 하는 프로토콜",3,,,"도구: 에이전트가 검색, 계산, API 호출 또는 환경 조작 같은 외부 기능을 실행하게 하는 인터페이스",medium,,AI시험|객관식|개념비교|4-1 LangChain 서비스 개발,4-1. LangChain 서비스 개발 PDF 강의 정리본,,,,,,,ai-exam
PRACTICAL_WRITTEN_RESPONSE,4-1 LangChain 서비스 개발,다음 설명에 해당하는 용어를 쓰시오.,,,,,,도구,도구,"도구: 에이전트가 검색, 계산, API 호출 또는 환경 조작 같은 외부 기능을 실행하게 하는 인터페이스",medium,,AI시험|단답형|4-1 LangChain 서비스 개발,4-1. LangChain 서비스 개발 PDF 강의 정리본,,"에이전트가 검색, 계산, API 호출 또는 환경 조작 같은 외부 기능을 실행하게 하는 인터페이스",,,,,ai-exam
WRITTEN_CBT,4-1 LangChain 서비스 개발,다음 설명에 해당하는 개념으로 가장 적절한 것은?,LangChain,RLVR,MCP,MCP 호스트,3,,,"MCP: AI 애플리케이션이 외부 도구와 리소스, 프롬프트에 표준 방식으로 연결되게 하는 프로토콜",easy,,AI시험|객관식|4-1 LangChain 서비스 개발,4-1. LangChain 서비스 개발 PDF 강의 정리본,,"AI 애플리케이션이 외부 도구와 리소스, 프롬프트에 표준 방식으로 연결되게 하는 프로토콜",,,,,ai-exam
WRITTEN_CBT,4-1 LangChain 서비스 개발,MCP에 대한 설명으로 가장 적절한 것은?,수학 정답처럼 자동 검증할 수 있는 보상을 사용해 모델을 강화학습하는 방법,"AI 애플리케이션이 외부 도구와 리소스, 프롬프트에 표준 방식으로 연결되게 하는 프로토콜",하나 이상의 MCP 클라이언트를 조정하고 관리하는 AI 애플리케이션,"프롬프트, 메모리, 도구, 에이전트 같은 LLM 애플리케이션 구성요소를 모듈화한 프레임워크",2,,,"MCP: AI 애플리케이션이 외부 도구와 리소스, 프롬프트에 표준 방식으로 연결되게 하는 프로토콜",medium,,AI시험|객관식|개념비교|4-1 LangChain 서비스 개발,4-1. LangChain 서비스 개발 PDF 강의 정리본,,,,,,,ai-exam
PRACTICAL_WRITTEN_RESPONSE,4-1 LangChain 서비스 개발,다음 설명에 해당하는 용어를 쓰시오.,,,,,,MCP,MCP,"MCP: AI 애플리케이션이 외부 도구와 리소스, 프롬프트에 표준 방식으로 연결되게 하는 프로토콜",easy,,AI시험|단답형|4-1 LangChain 서비스 개발,4-1. LangChain 서비스 개발 PDF 강의 정리본,,"AI 애플리케이션이 외부 도구와 리소스, 프롬프트에 표준 방식으로 연결되게 하는 프로토콜",,,,,ai-exam
WRITTEN_CBT,4-1 LangChain 서비스 개발,다음 설명에 해당하는 개념으로 가장 적절한 것은?,정보 검색,MCP 호스트,MCP 클라이언트,포스트 트레이닝,2,,,MCP 호스트: 하나 이상의 MCP 클라이언트를 조정하고 관리하는 AI 애플리케이션,medium,,AI시험|객관식|4-1 LangChain 서비스 개발,4-1. LangChain 서비스 개발 PDF 강의 정리본,,하나 이상의 MCP 클라이언트를 조정하고 관리하는 AI 애플리케이션,,,,,ai-exam
WRITTEN_CBT,4-1 LangChain 서비스 개발,MCP 호스트에 대한 설명으로 가장 적절한 것은?,하나 이상의 MCP 클라이언트를 조정하고 관리하는 AI 애플리케이션,호스트와 MCP 서버 사이의 연결을 유지하고 서버의 컨텍스트를 가져오는 구성요소,"사전 학습 모델을 지시 준수, 선호 정렬 또는 특정 능력에 맞게 추가로 조정하는 학습 단계",질의와 관련된 문서나 정보를 저장소에서 찾아 순위를 매기는 과정,1,,,MCP 호스트: 하나 이상의 MCP 클라이언트를 조정하고 관리하는 AI 애플리케이션,medium,,AI시험|객관식|개념비교|4-1 LangChain 서비스 개발,4-1. LangChain 서비스 개발 PDF 강의 정리본,,,,,,,ai-exam
PRACTICAL_WRITTEN_RESPONSE,4-1 LangChain 서비스 개발,다음 설명에 해당하는 용어를 쓰시오.,,,,,,MCP 호스트,MCP 호스트,MCP 호스트: 하나 이상의 MCP 클라이언트를 조정하고 관리하는 AI 애플리케이션,medium,,AI시험|단답형|4-1 LangChain 서비스 개발,4-1. LangChain 서비스 개발 PDF 강의 정리본,,하나 이상의 MCP 클라이언트를 조정하고 관리하는 AI 애플리케이션,,,,,ai-exam
WRITTEN_CBT,4-1 LangChain 서비스 개발,다음 설명에 해당하는 개념으로 가장 적절한 것은?,MCP 클라이언트,MCP 서버,RLHF,RAG,1,,,MCP 클라이언트: 호스트와 MCP 서버 사이의 연결을 유지하고 서버의 컨텍스트를 가져오는 구성요소,medium,,AI시험|객관식|4-1 LangChain 서비스 개발,4-1. LangChain 서비스 개발 PDF 강의 정리본,,호스트와 MCP 서버 사이의 연결을 유지하고 서버의 컨텍스트를 가져오는 구성요소,,,,,ai-exam
WRITTEN_CBT,4-1 LangChain 서비스 개발,MCP 클라이언트에 대한 설명으로 가장 적절한 것은?,"클라이언트에 도구, 리소스, 프롬프트 등의 컨텍스트를 제공하는 프로그램",인간 피드백으로 보상 모델을 만들고 강화학습으로 언어 모델을 인간 선호에 맞추는 방법,외부 지식에서 관련 정보를 검색한 뒤 그 내용을 근거로 답변을 생성하는 프레임워크,호스트와 MCP 서버 사이의 연결을 유지하고 서버의 컨텍스트를 가져오는 구성요소,4,,,MCP 클라이언트: 호스트와 MCP 서버 사이의 연결을 유지하고 서버의 컨텍스트를 가져오는 구성요소,hard,,AI시험|객관식|개념비교|4-1 LangChain 서비스 개발,4-1. LangChain 서비스 개발 PDF 강의 정리본,,,,,,,ai-exam
PRACTICAL_WRITTEN_RESPONSE,4-1 LangChain 서비스 개발,다음 설명에 해당하는 용어를 쓰시오.,,,,,,MCP 클라이언트,MCP 클라이언트,MCP 클라이언트: 호스트와 MCP 서버 사이의 연결을 유지하고 서버의 컨텍스트를 가져오는 구성요소,medium,,AI시험|단답형|4-1 LangChain 서비스 개발,4-1. LangChain 서비스 개발 PDF 강의 정리본,,호스트와 MCP 서버 사이의 연결을 유지하고 서버의 컨텍스트를 가져오는 구성요소,,,,,ai-exam
WRITTEN_CBT,4-1 LangChain 서비스 개발,다음 설명에 해당하는 개념으로 가장 적절한 것은?,LangChain,DPO,희소 검색기(Sparse Retriever),MCP 서버,4,,,"MCP 서버: 클라이언트에 도구, 리소스, 프롬프트 등의 컨텍스트를 제공하는 프로그램",medium,,AI시험|객관식|4-1 LangChain 서비스 개발,4-1. LangChain 서비스 개발 PDF 강의 정리본,,"클라이언트에 도구, 리소스, 프롬프트 등의 컨텍스트를 제공하는 프로그램",,,,,ai-exam
WRITTEN_CBT,4-1 LangChain 서비스 개발,MCP 서버에 대한 설명으로 가장 적절한 것은?,별도의 보상 모델과 강화학습 없이 선호 응답 쌍으로 모델을 직접 최적화하는 방법,단어나 토큰의 일치와 빈도 기반 표현을 이용해 질의와 관련 문서를 검색하는 방식,"클라이언트에 도구, 리소스, 프롬프트 등의 컨텍스트를 제공하는 프로그램","프롬프트, 메모리, 도구, 에이전트 같은 LLM 애플리케이션 구성요소를 모듈화한 프레임워크",3,,,"MCP 서버: 클라이언트에 도구, 리소스, 프롬프트 등의 컨텍스트를 제공하는 프로그램",medium,,AI시험|객관식|개념비교|4-1 LangChain 서비스 개발,4-1. LangChain 서비스 개발 PDF 강의 정리본,,,,,,,ai-exam
PRACTICAL_WRITTEN_RESPONSE,4-1 LangChain 서비스 개발,다음 설명에 해당하는 용어를 쓰시오.,,,,,,MCP 서버,MCP 서버,"MCP 서버: 클라이언트에 도구, 리소스, 프롬프트 등의 컨텍스트를 제공하는 프로그램",medium,,AI시험|단답형|4-1 LangChain 서비스 개발,4-1. LangChain 서비스 개발 PDF 강의 정리본,,"클라이언트에 도구, 리소스, 프롬프트 등의 컨텍스트를 제공하는 프로그램",,,,,ai-exam
WRITTEN_CBT,4-1 LangChain 서비스 개발,다음 설명에 해당하는 개념으로 가장 적절한 것은?,RLVR,밀집 검색기(Dense Retriever),LangChain,포스트 트레이닝,3,,,"LangChain: 프롬프트, 메모리, 도구, 에이전트 같은 LLM 애플리케이션 구성요소를 모듈화한 프레임워크",medium,,AI시험|객관식|4-1 LangChain 서비스 개발,4-1. LangChain 서비스 개발 PDF 강의 정리본,,"프롬프트, 메모리, 도구, 에이전트 같은 LLM 애플리케이션 구성요소를 모듈화한 프레임워크",,,,,ai-exam
WRITTEN_CBT,4-1 LangChain 서비스 개발,LangChain에 대한 설명으로 가장 적절한 것은?,질의와 문서를 밀집 벡터로 표현하고 의미적 유사도를 바탕으로 검색하는 방식,"프롬프트, 메모리, 도구, 에이전트 같은 LLM 애플리케이션 구성요소를 모듈화한 프레임워크","사전 학습 모델을 지시 준수, 선호 정렬 또는 특정 능력에 맞게 추가로 조정하는 학습 단계",수학 정답처럼 자동 검증할 수 있는 보상을 사용해 모델을 강화학습하는 방법,2,,,"LangChain: 프롬프트, 메모리, 도구, 에이전트 같은 LLM 애플리케이션 구성요소를 모듈화한 프레임워크",medium,,AI시험|객관식|개념비교|4-1 LangChain 서비스 개발,4-1. LangChain 서비스 개발 PDF 강의 정리본,,,,,,,ai-exam
PRACTICAL_WRITTEN_RESPONSE,4-1 LangChain 서비스 개발,다음 설명에 해당하는 용어를 쓰시오.,,,,,,LangChain,LangChain,"LangChain: 프롬프트, 메모리, 도구, 에이전트 같은 LLM 애플리케이션 구성요소를 모듈화한 프레임워크",medium,,AI시험|단답형|4-1 LangChain 서비스 개발,4-1. LangChain 서비스 개발 PDF 강의 정리본,,"프롬프트, 메모리, 도구, 에이전트 같은 LLM 애플리케이션 구성요소를 모듈화한 프레임워크",,,,,ai-exam
WRITTEN_CBT,4-2 Agent 모델,다음 설명에 해당하는 개념으로 가장 적절한 것은?,에이전트형 AI,AI 에이전트,협력,탈중앙화 구조,1,,,에이전트형 AI: 상황을 인식하고 스스로 외부 도구를 호출하며 능동적으로 문제를 해결하는 AI,easy,,AI시험|객관식|4-2 Agent 모델,4-2. Agent 모델 PDF 강의 정리본,,상황을 인식하고 스스로 외부 도구를 호출하며 능동적으로 문제를 해결하는 AI,,,,,ai-exam
WRITTEN_CBT,4-2 Agent 모델,에이전트형 AI에 대한 설명으로 가장 적절한 것은?,AI를 사용해 사용자를 대신하여 목표를 추구하고 작업을 수행하는 소프트웨어 시스템,각 에이전트의 개별 목표를 공동 목표와 맞추어 상호 이익을 추구하는 관계,에이전트가 제한된 정보로 서로 직접 소통하며 통제와 의사결정을 분산하는 구조,상황을 인식하고 스스로 외부 도구를 호출하며 능동적으로 문제를 해결하는 AI,4,,,에이전트형 AI: 상황을 인식하고 스스로 외부 도구를 호출하며 능동적으로 문제를 해결하는 AI,hard,,AI시험|객관식|개념비교|4-2 Agent 모델,4-2. Agent 모델 PDF 강의 정리본,,,,,,,ai-exam
PRACTICAL_WRITTEN_RESPONSE,4-2 Agent 모델,다음 설명에 해당하는 용어를 쓰시오.,,,,,,에이전트형 AI,에이전트형 AI,에이전트형 AI: 상황을 인식하고 스스로 외부 도구를 호출하며 능동적으로 문제를 해결하는 AI,easy,,AI시험|단답형|4-2 Agent 모델,4-2. Agent 모델 PDF 강의 정리본,,상황을 인식하고 스스로 외부 도구를 호출하며 능동적으로 문제를 해결하는 AI,,,,,ai-exam
WRITTEN_CBT,4-2 Agent 모델,다음 설명에 해당하는 개념으로 가장 적절한 것은?,자율성,경쟁,에이전트형 RAG,AI 에이전트,4,,,AI 에이전트: AI를 사용해 사용자를 대신하여 목표를 추구하고 작업을 수행하는 소프트웨어 시스템,medium,,AI시험|객관식|4-2 Agent 모델,4-2. Agent 모델 PDF 강의 정리본,,AI를 사용해 사용자를 대신하여 목표를 추구하고 작업을 수행하는 소프트웨어 시스템,,,,,ai-exam
WRITTEN_CBT,4-2 Agent 모델,AI 에이전트에 대한 설명으로 가장 적절한 것은?,에이전트들이 서로 충돌할 수 있는 개별 목표를 우선하며 능력을 겨루는 관계,"에이전트가 검색 여부, 도구 선택, 질의 생성, 결과 평가와 재검색을 조율하는 RAG",AI를 사용해 사용자를 대신하여 목표를 추구하고 작업을 수행하는 소프트웨어 시스템,인간 개입 없이 계획하고 실행하고 결정하여 문제를 해결하는 에이전트 특성,3,,,AI 에이전트: AI를 사용해 사용자를 대신하여 목표를 추구하고 작업을 수행하는 소프트웨어 시스템,medium,,AI시험|객관식|개념비교|4-2 Agent 모델,4-2. Agent 모델 PDF 강의 정리본,,,,,,,ai-exam
PRACTICAL_WRITTEN_RESPONSE,4-2 Agent 모델,다음 설명에 해당하는 용어를 쓰시오.,,,,,,AI 에이전트,AI 에이전트,AI 에이전트: AI를 사용해 사용자를 대신하여 목표를 추구하고 작업을 수행하는 소프트웨어 시스템,medium,,AI시험|단답형|4-2 Agent 모델,4-2. Agent 모델 PDF 강의 정리본,,AI를 사용해 사용자를 대신하여 목표를 추구하고 작업을 수행하는 소프트웨어 시스템,,,,,ai-exam
WRITTEN_CBT,4-2 Agent 모델,다음 설명에 해당하는 개념으로 가장 적절한 것은?,협력적 경쟁,Toolformer,자율성,다중 에이전트 시스템,3,,,자율성: 인간 개입 없이 계획하고 실행하고 결정하여 문제를 해결하는 에이전트 특성,medium,,AI시험|객관식|4-2 Agent 모델,4-2. Agent 모델 PDF 강의 정리본,,인간 개입 없이 계획하고 실행하고 결정하여 문제를 해결하는 에이전트 특성,,,,,ai-exam
WRITTEN_CBT,4-2 Agent 모델,자율성에 대한 설명으로 가장 적절한 것은?,인간 주석 없이 스스로 만든 API 호출 예시를 이용해 도구 사용 시점과 방법을 학습하는 모델,인간 개입 없이 계획하고 실행하고 결정하여 문제를 해결하는 에이전트 특성,여러 에이전트가 역할과 지식을 나누고 상호작용하여 공동 문제를 해결하는 시스템,공동 목표를 위해 일부 작업에서는 협력하고 다른 작업에서는 경쟁하는 전략,2,,,자율성: 인간 개입 없이 계획하고 실행하고 결정하여 문제를 해결하는 에이전트 특성,medium,,AI시험|객관식|개념비교|4-2 Agent 모델,4-2. Agent 모델 PDF 강의 정리본,,,,,,,ai-exam
PRACTICAL_WRITTEN_RESPONSE,4-2 Agent 모델,다음 설명에 해당하는 용어를 쓰시오.,,,,,,자율성,자율성,자율성: 인간 개입 없이 계획하고 실행하고 결정하여 문제를 해결하는 에이전트 특성,medium,,AI시험|단답형|4-2 Agent 모델,4-2. Agent 모델 PDF 강의 정리본,,인간 개입 없이 계획하고 실행하고 결정하여 문제를 해결하는 에이전트 특성,,,,,ai-exam
WRITTEN_CBT,4-2 Agent 모델,다음 설명에 해당하는 개념으로 가장 적절한 것은?,A2A,다중 에이전트 시스템,협력,중앙집중형 구조,2,,,다중 에이전트 시스템: 여러 에이전트가 역할과 지식을 나누고 상호작용하여 공동 문제를 해결하는 시스템,medium,,AI시험|객관식|4-2 Agent 모델,4-2. Agent 모델 PDF 강의 정리본,,여러 에이전트가 역할과 지식을 나누고 상호작용하여 공동 문제를 해결하는 시스템,,,,,ai-exam
WRITTEN_CBT,4-2 Agent 모델,다중 에이전트 시스템에 대한 설명으로 가장 적절한 것은?,여러 에이전트가 역할과 지식을 나누고 상호작용하여 공동 문제를 해결하는 시스템,각 에이전트의 개별 목표를 공동 목표와 맞추어 상호 이익을 추구하는 관계,중앙 서비스 또는 판사 에이전트가 참여자 사이의 소통과 의사결정을 조율하는 구조,내부 메모리나 사고를 공유하지 않고 맥락과 작업 정보를 교환하여 에이전트 간 협업을 지원하는 프로토콜,1,,,다중 에이전트 시스템: 여러 에이전트가 역할과 지식을 나누고 상호작용하여 공동 문제를 해결하는 시스템,medium,,AI시험|객관식|개념비교|4-2 Agent 모델,4-2. Agent 모델 PDF 강의 정리본,,,,,,,ai-exam
PRACTICAL_WRITTEN_RESPONSE,4-2 Agent 모델,다음 설명에 해당하는 용어를 쓰시오.,,,,,,다중 에이전트 시스템,다중 에이전트 시스템,다중 에이전트 시스템: 여러 에이전트가 역할과 지식을 나누고 상호작용하여 공동 문제를 해결하는 시스템,medium,,AI시험|단답형|4-2 Agent 모델,4-2. Agent 모델 PDF 강의 정리본,,여러 에이전트가 역할과 지식을 나누고 상호작용하여 공동 문제를 해결하는 시스템,,,,,ai-exam
WRITTEN_CBT,4-2 Agent 모델,다음 설명에 해당하는 개념으로 가장 적절한 것은?,협력,경쟁,탈중앙화 구조,자기 일관성,1,,,협력: 각 에이전트의 개별 목표를 공동 목표와 맞추어 상호 이익을 추구하는 관계,medium,,AI시험|객관식|4-2 Agent 모델,4-2. Agent 모델 PDF 강의 정리본,,각 에이전트의 개별 목표를 공동 목표와 맞추어 상호 이익을 추구하는 관계,,,,,ai-exam
WRITTEN_CBT,4-2 Agent 모델,협력에 대한 설명으로 가장 적절한 것은?,에이전트들이 서로 충돌할 수 있는 개별 목표를 우선하며 능력을 겨루는 관계,에이전트가 제한된 정보로 서로 직접 소통하며 통제와 의사결정을 분산하는 구조,여러 추론 경로를 생성한 뒤 가장 일관된 답을 선택하는 디코딩 방식,각 에이전트의 개별 목표를 공동 목표와 맞추어 상호 이익을 추구하는 관계,4,,,협력: 각 에이전트의 개별 목표를 공동 목표와 맞추어 상호 이익을 추구하는 관계,hard,,AI시험|객관식|개념비교|4-2 Agent 모델,4-2. Agent 모델 PDF 강의 정리본,,,,,,,ai-exam
PRACTICAL_WRITTEN_RESPONSE,4-2 Agent 모델,다음 설명에 해당하는 용어를 쓰시오.,,,,,,협력,협력,협력: 각 에이전트의 개별 목표를 공동 목표와 맞추어 상호 이익을 추구하는 관계,medium,,AI시험|단답형|4-2 Agent 모델,4-2. Agent 모델 PDF 강의 정리본,,각 에이전트의 개별 목표를 공동 목표와 맞추어 상호 이익을 추구하는 관계,,,,,ai-exam
WRITTEN_CBT,4-2 Agent 모델,다음 설명에 해당하는 개념으로 가장 적절한 것은?,협력적 경쟁,에이전트형 RAG,ReAct,경쟁,4,,,경쟁: 에이전트들이 서로 충돌할 수 있는 개별 목표를 우선하며 능력을 겨루는 관계,easy,,AI시험|객관식|4-2 Agent 모델,4-2. Agent 모델 PDF 강의 정리본,,에이전트들이 서로 충돌할 수 있는 개별 목표를 우선하며 능력을 겨루는 관계,,,,,ai-exam
WRITTEN_CBT,4-2 Agent 모델,경쟁에 대한 설명으로 가장 적절한 것은?,"에이전트가 검색 여부, 도구 선택, 질의 생성, 결과 평가와 재검색을 조율하는 RAG",에이전트가 추론에 해당하는 생각과 외부 행동을 번갈아 생성하는 방식,에이전트들이 서로 충돌할 수 있는 개별 목표를 우선하며 능력을 겨루는 관계,공동 목표를 위해 일부 작업에서는 협력하고 다른 작업에서는 경쟁하는 전략,3,,,경쟁: 에이전트들이 서로 충돌할 수 있는 개별 목표를 우선하며 능력을 겨루는 관계,medium,,AI시험|객관식|개념비교|4-2 Agent 모델,4-2. Agent 모델 PDF 강의 정리본,,,,,,,ai-exam
PRACTICAL_WRITTEN_RESPONSE,4-2 Agent 모델,다음 설명에 해당하는 용어를 쓰시오.,,,,,,경쟁,경쟁,경쟁: 에이전트들이 서로 충돌할 수 있는 개별 목표를 우선하며 능력을 겨루는 관계,easy,,AI시험|단답형|4-2 Agent 모델,4-2. Agent 모델 PDF 강의 정리본,,에이전트들이 서로 충돌할 수 있는 개별 목표를 우선하며 능력을 겨루는 관계,,,,,ai-exam
WRITTEN_CBT,4-2 Agent 모델,다음 설명에 해당하는 개념으로 가장 적절한 것은?,Toolformer,Plan-and-Act,협력적 경쟁,중앙집중형 구조,3,,,협력적 경쟁: 공동 목표를 위해 일부 작업에서는 협력하고 다른 작업에서는 경쟁하는 전략,medium,,AI시험|객관식|4-2 Agent 모델,4-2. Agent 모델 PDF 강의 정리본,,공동 목표를 위해 일부 작업에서는 협력하고 다른 작업에서는 경쟁하는 전략,,,,,ai-exam
WRITTEN_CBT,4-2 Agent 모델,협력적 경쟁에 대한 설명으로 가장 적절한 것은?,계획 에이전트가 거시적 계획을 세우고 실행 에이전트가 하위 단계를 수행하는 구조,공동 목표를 위해 일부 작업에서는 협력하고 다른 작업에서는 경쟁하는 전략,중앙 서비스 또는 판사 에이전트가 참여자 사이의 소통과 의사결정을 조율하는 구조,인간 주석 없이 스스로 만든 API 호출 예시를 이용해 도구 사용 시점과 방법을 학습하는 모델,2,,,협력적 경쟁: 공동 목표를 위해 일부 작업에서는 협력하고 다른 작업에서는 경쟁하는 전략,medium,,AI시험|객관식|개념비교|4-2 Agent 모델,4-2. Agent 모델 PDF 강의 정리본,,,,,,,ai-exam
PRACTICAL_WRITTEN_RESPONSE,4-2 Agent 모델,다음 설명에 해당하는 용어를 쓰시오.,,,,,,협력적 경쟁,협력적 경쟁,협력적 경쟁: 공동 목표를 위해 일부 작업에서는 협력하고 다른 작업에서는 경쟁하는 전략,medium,,AI시험|단답형|4-2 Agent 모델,4-2. Agent 모델 PDF 강의 정리본,,공동 목표를 위해 일부 작업에서는 협력하고 다른 작업에서는 경쟁하는 전략,,,,,ai-exam
WRITTEN_CBT,4-2 Agent 모델,다음 설명에 해당하는 개념으로 가장 적절한 것은?,에이전트형 AI,중앙집중형 구조,탈중앙화 구조,A2A,2,,,중앙집중형 구조: 중앙 서비스 또는 판사 에이전트가 참여자 사이의 소통과 의사결정을 조율하는 구조,medium,,AI시험|객관식|4-2 Agent 모델,4-2. Agent 모델 PDF 강의 정리본,,중앙 서비스 또는 판사 에이전트가 참여자 사이의 소통과 의사결정을 조율하는 구조,,,,,ai-exam
WRITTEN_CBT,4-2 Agent 모델,중앙집중형 구조에 대한 설명으로 가장 적절한 것은?,중앙 서비스 또는 판사 에이전트가 참여자 사이의 소통과 의사결정을 조율하는 구조,에이전트가 제한된 정보로 서로 직접 소통하며 통제와 의사결정을 분산하는 구조,내부 메모리나 사고를 공유하지 않고 맥락과 작업 정보를 교환하여 에이전트 간 협업을 지원하는 프로토콜,상황을 인식하고 스스로 외부 도구를 호출하며 능동적으로 문제를 해결하는 AI,1,,,중앙집중형 구조: 중앙 서비스 또는 판사 에이전트가 참여자 사이의 소통과 의사결정을 조율하는 구조,medium,,AI시험|객관식|개념비교|4-2 Agent 모델,4-2. Agent 모델 PDF 강의 정리본,,,,,,,ai-exam
PRACTICAL_WRITTEN_RESPONSE,4-2 Agent 모델,다음 설명에 해당하는 용어를 쓰시오.,,,,,,중앙집중형 구조,중앙집중형 구조,중앙집중형 구조: 중앙 서비스 또는 판사 에이전트가 참여자 사이의 소통과 의사결정을 조율하는 구조,medium,,AI시험|단답형|4-2 Agent 모델,4-2. Agent 모델 PDF 강의 정리본,,중앙 서비스 또는 판사 에이전트가 참여자 사이의 소통과 의사결정을 조율하는 구조,,,,,ai-exam
WRITTEN_CBT,4-2 Agent 모델,다음 설명에 해당하는 개념으로 가장 적절한 것은?,탈중앙화 구조,에이전트형 RAG,자기 일관성,AI 에이전트,1,,,탈중앙화 구조: 에이전트가 제한된 정보로 서로 직접 소통하며 통제와 의사결정을 분산하는 구조,medium,,AI시험|객관식|4-2 Agent 모델,4-2. Agent 모델 PDF 강의 정리본,,에이전트가 제한된 정보로 서로 직접 소통하며 통제와 의사결정을 분산하는 구조,,,,,ai-exam
WRITTEN_CBT,4-2 Agent 모델,탈중앙화 구조에 대한 설명으로 가장 적절한 것은?,"에이전트가 검색 여부, 도구 선택, 질의 생성, 결과 평가와 재검색을 조율하는 RAG",여러 추론 경로를 생성한 뒤 가장 일관된 답을 선택하는 디코딩 방식,AI를 사용해 사용자를 대신하여 목표를 추구하고 작업을 수행하는 소프트웨어 시스템,에이전트가 제한된 정보로 서로 직접 소통하며 통제와 의사결정을 분산하는 구조,4,,,탈중앙화 구조: 에이전트가 제한된 정보로 서로 직접 소통하며 통제와 의사결정을 분산하는 구조,hard,,AI시험|객관식|개념비교|4-2 Agent 모델,4-2. Agent 모델 PDF 강의 정리본,,,,,,,ai-exam
PRACTICAL_WRITTEN_RESPONSE,4-2 Agent 모델,다음 설명에 해당하는 용어를 쓰시오.,,,,,,탈중앙화 구조,탈중앙화 구조,탈중앙화 구조: 에이전트가 제한된 정보로 서로 직접 소통하며 통제와 의사결정을 분산하는 구조,medium,,AI시험|단답형|4-2 Agent 모델,4-2. Agent 모델 PDF 강의 정리본,,에이전트가 제한된 정보로 서로 직접 소통하며 통제와 의사결정을 분산하는 구조,,,,,ai-exam
WRITTEN_CBT,4-2 Agent 모델,다음 설명에 해당하는 개념으로 가장 적절한 것은?,Toolformer,ReAct,자율성,에이전트형 RAG,4,,,"에이전트형 RAG: 에이전트가 검색 여부, 도구 선택, 질의 생성, 결과 평가와 재검색을 조율하는 RAG",medium,,AI시험|객관식|4-2 Agent 모델,4-2. Agent 모델 PDF 강의 정리본,,"에이전트가 검색 여부, 도구 선택, 질의 생성, 결과 평가와 재검색을 조율하는 RAG",,,,,ai-exam
WRITTEN_CBT,4-2 Agent 모델,에이전트형 RAG에 대한 설명으로 가장 적절한 것은?,에이전트가 추론에 해당하는 생각과 외부 행동을 번갈아 생성하는 방식,인간 개입 없이 계획하고 실행하고 결정하여 문제를 해결하는 에이전트 특성,"에이전트가 검색 여부, 도구 선택, 질의 생성, 결과 평가와 재검색을 조율하는 RAG",인간 주석 없이 스스로 만든 API 호출 예시를 이용해 도구 사용 시점과 방법을 학습하는 모델,3,,,"에이전트형 RAG: 에이전트가 검색 여부, 도구 선택, 질의 생성, 결과 평가와 재검색을 조율하는 RAG",medium,,AI시험|객관식|개념비교|4-2 Agent 모델,4-2. Agent 모델 PDF 강의 정리본,,,,,,,ai-exam
PRACTICAL_WRITTEN_RESPONSE,4-2 Agent 모델,다음 설명에 해당하는 용어를 쓰시오.,,,,,,에이전트형 RAG,에이전트형 RAG,"에이전트형 RAG: 에이전트가 검색 여부, 도구 선택, 질의 생성, 결과 평가와 재검색을 조율하는 RAG",medium,,AI시험|단답형|4-2 Agent 모델,4-2. Agent 모델 PDF 강의 정리본,,"에이전트가 검색 여부, 도구 선택, 질의 생성, 결과 평가와 재검색을 조율하는 RAG",,,,,ai-exam
WRITTEN_CBT,4-2 Agent 모델,다음 설명에 해당하는 개념으로 가장 적절한 것은?,Plan-and-Act,다중 에이전트 시스템,Toolformer,A2A,3,,,Toolformer: 인간 주석 없이 스스로 만든 API 호출 예시를 이용해 도구 사용 시점과 방법을 학습하는 모델,easy,,AI시험|객관식|4-2 Agent 모델,4-2. Agent 모델 PDF 강의 정리본,,인간 주석 없이 스스로 만든 API 호출 예시를 이용해 도구 사용 시점과 방법을 학습하는 모델,,,,,ai-exam
WRITTEN_CBT,4-2 Agent 모델,Toolformer에 대한 설명으로 가장 적절한 것은?,여러 에이전트가 역할과 지식을 나누고 상호작용하여 공동 문제를 해결하는 시스템,인간 주석 없이 스스로 만든 API 호출 예시를 이용해 도구 사용 시점과 방법을 학습하는 모델,내부 메모리나 사고를 공유하지 않고 맥락과 작업 정보를 교환하여 에이전트 간 협업을 지원하는 프로토콜,계획 에이전트가 거시적 계획을 세우고 실행 에이전트가 하위 단계를 수행하는 구조,2,,,Toolformer: 인간 주석 없이 스스로 만든 API 호출 예시를 이용해 도구 사용 시점과 방법을 학습하는 모델,medium,,AI시험|객관식|개념비교|4-2 Agent 모델,4-2. Agent 모델 PDF 강의 정리본,,,,,,,ai-exam
PRACTICAL_WRITTEN_RESPONSE,4-2 Agent 모델,다음 설명에 해당하는 용어를 쓰시오.,,,,,,Toolformer,Toolformer,Toolformer: 인간 주석 없이 스스로 만든 API 호출 예시를 이용해 도구 사용 시점과 방법을 학습하는 모델,easy,,AI시험|단답형|4-2 Agent 모델,4-2. Agent 모델 PDF 강의 정리본,,인간 주석 없이 스스로 만든 API 호출 예시를 이용해 도구 사용 시점과 방법을 학습하는 모델,,,,,ai-exam
WRITTEN_CBT,4-2 Agent 모델,다음 설명에 해당하는 개념으로 가장 적절한 것은?,협력,A2A,자기 일관성,에이전트형 AI,2,,,A2A: 내부 메모리나 사고를 공유하지 않고 맥락과 작업 정보를 교환하여 에이전트 간 협업을 지원하는 프로토콜,medium,,AI시험|객관식|4-2 Agent 모델,4-2. Agent 모델 PDF 강의 정리본,,내부 메모리나 사고를 공유하지 않고 맥락과 작업 정보를 교환하여 에이전트 간 협업을 지원하는 프로토콜,,,,,ai-exam
WRITTEN_CBT,4-2 Agent 모델,A2A에 대한 설명으로 가장 적절한 것은?,내부 메모리나 사고를 공유하지 않고 맥락과 작업 정보를 교환하여 에이전트 간 협업을 지원하는 프로토콜,여러 추론 경로를 생성한 뒤 가장 일관된 답을 선택하는 디코딩 방식,상황을 인식하고 스스로 외부 도구를 호출하며 능동적으로 문제를 해결하는 AI,각 에이전트의 개별 목표를 공동 목표와 맞추어 상호 이익을 추구하는 관계,1,,,A2A: 내부 메모리나 사고를 공유하지 않고 맥락과 작업 정보를 교환하여 에이전트 간 협업을 지원하는 프로토콜,medium,,AI시험|객관식|개념비교|4-2 Agent 모델,4-2. Agent 모델 PDF 강의 정리본,,,,,,,ai-exam
PRACTICAL_WRITTEN_RESPONSE,4-2 Agent 모델,다음 설명에 해당하는 용어를 쓰시오.,,,,,,A2A,A2A,A2A: 내부 메모리나 사고를 공유하지 않고 맥락과 작업 정보를 교환하여 에이전트 간 협업을 지원하는 프로토콜,medium,,AI시험|단답형|4-2 Agent 모델,4-2. Agent 모델 PDF 강의 정리본,,내부 메모리나 사고를 공유하지 않고 맥락과 작업 정보를 교환하여 에이전트 간 협업을 지원하는 프로토콜,,,,,ai-exam
WRITTEN_CBT,4-2 Agent 모델,다음 설명에 해당하는 개념으로 가장 적절한 것은?,자기 일관성,ReAct,AI 에이전트,경쟁,1,,,자기 일관성: 여러 추론 경로를 생성한 뒤 가장 일관된 답을 선택하는 디코딩 방식,medium,,AI시험|객관식|4-2 Agent 모델,4-2. Agent 모델 PDF 강의 정리본,,여러 추론 경로를 생성한 뒤 가장 일관된 답을 선택하는 디코딩 방식,,,,,ai-exam
WRITTEN_CBT,4-2 Agent 모델,자기 일관성에 대한 설명으로 가장 적절한 것은?,에이전트가 추론에 해당하는 생각과 외부 행동을 번갈아 생성하는 방식,AI를 사용해 사용자를 대신하여 목표를 추구하고 작업을 수행하는 소프트웨어 시스템,에이전트들이 서로 충돌할 수 있는 개별 목표를 우선하며 능력을 겨루는 관계,여러 추론 경로를 생성한 뒤 가장 일관된 답을 선택하는 디코딩 방식,4,,,자기 일관성: 여러 추론 경로를 생성한 뒤 가장 일관된 답을 선택하는 디코딩 방식,hard,,AI시험|객관식|개념비교|4-2 Agent 모델,4-2. Agent 모델 PDF 강의 정리본,,,,,,,ai-exam
PRACTICAL_WRITTEN_RESPONSE,4-2 Agent 모델,다음 설명에 해당하는 용어를 쓰시오.,,,,,,자기 일관성,자기 일관성,자기 일관성: 여러 추론 경로를 생성한 뒤 가장 일관된 답을 선택하는 디코딩 방식,medium,,AI시험|단답형|4-2 Agent 모델,4-2. Agent 모델 PDF 강의 정리본,,여러 추론 경로를 생성한 뒤 가장 일관된 답을 선택하는 디코딩 방식,,,,,ai-exam
WRITTEN_CBT,4-2 Agent 모델,다음 설명에 해당하는 개념으로 가장 적절한 것은?,Plan-and-Act,자율성,협력적 경쟁,ReAct,4,,,ReAct: 에이전트가 추론에 해당하는 생각과 외부 행동을 번갈아 생성하는 방식,medium,,AI시험|객관식|4-2 Agent 모델,4-2. Agent 모델 PDF 강의 정리본,,에이전트가 추론에 해당하는 생각과 외부 행동을 번갈아 생성하는 방식,,,,,ai-exam
WRITTEN_CBT,4-2 Agent 모델,ReAct에 대한 설명으로 가장 적절한 것은?,인간 개입 없이 계획하고 실행하고 결정하여 문제를 해결하는 에이전트 특성,공동 목표를 위해 일부 작업에서는 협력하고 다른 작업에서는 경쟁하는 전략,에이전트가 추론에 해당하는 생각과 외부 행동을 번갈아 생성하는 방식,계획 에이전트가 거시적 계획을 세우고 실행 에이전트가 하위 단계를 수행하는 구조,3,,,ReAct: 에이전트가 추론에 해당하는 생각과 외부 행동을 번갈아 생성하는 방식,medium,,AI시험|객관식|개념비교|4-2 Agent 모델,4-2. Agent 모델 PDF 강의 정리본,,,,,,,ai-exam
PRACTICAL_WRITTEN_RESPONSE,4-2 Agent 모델,다음 설명에 해당하는 용어를 쓰시오.,,,,,,ReAct,ReAct,ReAct: 에이전트가 추론에 해당하는 생각과 외부 행동을 번갈아 생성하는 방식,medium,,AI시험|단답형|4-2 Agent 모델,4-2. Agent 모델 PDF 강의 정리본,,에이전트가 추론에 해당하는 생각과 외부 행동을 번갈아 생성하는 방식,,,,,ai-exam
WRITTEN_CBT,4-2 Agent 모델,다음 설명에 해당하는 개념으로 가장 적절한 것은?,다중 에이전트 시스템,중앙집중형 구조,Plan-and-Act,에이전트형 AI,3,,,Plan-and-Act: 계획 에이전트가 거시적 계획을 세우고 실행 에이전트가 하위 단계를 수행하는 구조,medium,,AI시험|객관식|4-2 Agent 모델,4-2. Agent 모델 PDF 강의 정리본,,계획 에이전트가 거시적 계획을 세우고 실행 에이전트가 하위 단계를 수행하는 구조,,,,,ai-exam
WRITTEN_CBT,4-2 Agent 모델,Plan-and-Act에 대한 설명으로 가장 적절한 것은?,중앙 서비스 또는 판사 에이전트가 참여자 사이의 소통과 의사결정을 조율하는 구조,계획 에이전트가 거시적 계획을 세우고 실행 에이전트가 하위 단계를 수행하는 구조,상황을 인식하고 스스로 외부 도구를 호출하며 능동적으로 문제를 해결하는 AI,여러 에이전트가 역할과 지식을 나누고 상호작용하여 공동 문제를 해결하는 시스템,2,,,Plan-and-Act: 계획 에이전트가 거시적 계획을 세우고 실행 에이전트가 하위 단계를 수행하는 구조,medium,,AI시험|객관식|개념비교|4-2 Agent 모델,4-2. Agent 모델 PDF 강의 정리본,,,,,,,ai-exam
PRACTICAL_WRITTEN_RESPONSE,4-2 Agent 모델,다음 설명에 해당하는 용어를 쓰시오.,,,,,,Plan-and-Act,Plan-and-Act,Plan-and-Act: 계획 에이전트가 거시적 계획을 세우고 실행 에이전트가 하위 단계를 수행하는 구조,medium,,AI시험|단답형|4-2 Agent 모델,4-2. Agent 모델 PDF 강의 정리본,,계획 에이전트가 거시적 계획을 세우고 실행 에이전트가 하위 단계를 수행하는 구조,,,,,ai-exam
WRITTEN_CBT,5-1 리소스 효율적 AI 모델,다음 설명에 해당하는 개념으로 가장 적절한 것은?,MSB,LSB,부호 확장,정규화,1,,,MSB: 이진수에서 가장 왼쪽에 있어 가장 큰 자리값을 갖는 비트,easy,,AI시험|객관식|5-1 리소스 효율적 AI 모델,5-1. 리소스 효율적 AI 모델 PDF 강의 정리본,,이진수에서 가장 왼쪽에 있어 가장 큰 자리값을 갖는 비트,,,,,ai-exam
WRITTEN_CBT,5-1 리소스 효율적 AI 모델,MSB에 대한 설명으로 가장 적절한 것은?,이진수에서 가장 오른쪽에 있어 가장 작은 자리값을 갖는 비트,비트 폭을 늘릴 때 최상위 부호 비트를 상위 자리에 복사해 원래 값을 유지하는 방법,같은 부동소수점 값을 하나의 표준 가수·지수 형태로 맞추는 과정,이진수에서 가장 왼쪽에 있어 가장 큰 자리값을 갖는 비트,4,,,MSB: 이진수에서 가장 왼쪽에 있어 가장 큰 자리값을 갖는 비트,hard,,AI시험|객관식|개념비교|5-1 리소스 효율적 AI 모델,5-1. 리소스 효율적 AI 모델 PDF 강의 정리본,,,,,,,ai-exam
PRACTICAL_WRITTEN_RESPONSE,5-1 리소스 효율적 AI 모델,다음 설명에 해당하는 용어를 쓰시오.,,,,,,MSB,MSB,MSB: 이진수에서 가장 왼쪽에 있어 가장 큰 자리값을 갖는 비트,easy,,AI시험|단답형|5-1 리소스 효율적 AI 모델,5-1. 리소스 효율적 AI 모델 PDF 강의 정리본,,이진수에서 가장 왼쪽에 있어 가장 큰 자리값을 갖는 비트,,,,,ai-exam
WRITTEN_CBT,5-1 리소스 효율적 AI 모델,다음 설명에 해당하는 개념으로 가장 적절한 것은?,니블,제로 확장,양자화,LSB,4,,,LSB: 이진수에서 가장 오른쪽에 있어 가장 작은 자리값을 갖는 비트,medium,,AI시험|객관식|5-1 리소스 효율적 AI 모델,5-1. 리소스 효율적 AI 모델 PDF 강의 정리본,,이진수에서 가장 오른쪽에 있어 가장 작은 자리값을 갖는 비트,,,,,ai-exam
WRITTEN_CBT,5-1 리소스 효율적 AI 모델,LSB에 대한 설명으로 가장 적절한 것은?,비트 폭을 늘릴 때 상위 비트를 모두 0으로 채워 원래 비트 패턴을 유지하는 방법,가중치나 활성값을 더 적은 비트의 이산적인 값으로 표현해 모델을 경량화하는 기법,이진수에서 가장 오른쪽에 있어 가장 작은 자리값을 갖는 비트,"4비트, 즉 반 바이트로 이루어진 데이터 단위",3,,,LSB: 이진수에서 가장 오른쪽에 있어 가장 작은 자리값을 갖는 비트,medium,,AI시험|객관식|개념비교|5-1 리소스 효율적 AI 모델,5-1. 리소스 효율적 AI 모델 PDF 강의 정리본,,,,,,,ai-exam
PRACTICAL_WRITTEN_RESPONSE,5-1 리소스 효율적 AI 모델,다음 설명에 해당하는 용어를 쓰시오.,,,,,,LSB,LSB,LSB: 이진수에서 가장 오른쪽에 있어 가장 작은 자리값을 갖는 비트,medium,,AI시험|단답형|5-1 리소스 효율적 AI 모델,5-1. 리소스 효율적 AI 모델 PDF 강의 정리본,,이진수에서 가장 오른쪽에 있어 가장 작은 자리값을 갖는 비트,,,,,ai-exam
WRITTEN_CBT,5-1 리소스 효율적 AI 모델,다음 설명에 해당하는 개념으로 가장 적절한 것은?,고정소수점,프루닝,니블,2의 보수,3,,,"니블: 4비트, 즉 반 바이트로 이루어진 데이터 단위",medium,,AI시험|객관식|5-1 리소스 효율적 AI 모델,5-1. 리소스 효율적 AI 모델 PDF 강의 정리본,,"4비트, 즉 반 바이트로 이루어진 데이터 단위",,,,,ai-exam
WRITTEN_CBT,5-1 리소스 효율적 AI 모델,니블에 대한 설명으로 가장 적절한 것은?,"중요도가 낮은 가중치나 연결, 채널을 제거하여 모델의 연산량과 크기를 줄이는 기법","4비트, 즉 반 바이트로 이루어진 데이터 단위",최상위 비트에 음의 자리값을 부여해 덧셈 회로로 음수 연산도 처리하는 부호 표현,이진 소수점 위치를 미리 정하고 정수 비트 패턴과 스케일링 인자로 실수를 표현하는 체계,2,,,"니블: 4비트, 즉 반 바이트로 이루어진 데이터 단위",medium,,AI시험|객관식|개념비교|5-1 리소스 효율적 AI 모델,5-1. 리소스 효율적 AI 모델 PDF 강의 정리본,,,,,,,ai-exam
PRACTICAL_WRITTEN_RESPONSE,5-1 리소스 효율적 AI 모델,다음 설명에 해당하는 용어를 쓰시오.,,,,,,니블,니블,"니블: 4비트, 즉 반 바이트로 이루어진 데이터 단위",medium,,AI시험|단답형|5-1 리소스 효율적 AI 모델,5-1. 리소스 효율적 AI 모델 PDF 강의 정리본,,"4비트, 즉 반 바이트로 이루어진 데이터 단위",,,,,ai-exam
WRITTEN_CBT,5-1 리소스 효율적 AI 모델,다음 설명에 해당하는 개념으로 가장 적절한 것은?,지식 증류,2의 보수,부호 확장,부동소수점,2,,,2의 보수: 최상위 비트에 음의 자리값을 부여해 덧셈 회로로 음수 연산도 처리하는 부호 표현,medium,,AI시험|객관식|5-1 리소스 효율적 AI 모델,5-1. 리소스 효율적 AI 모델 PDF 강의 정리본,,최상위 비트에 음의 자리값을 부여해 덧셈 회로로 음수 연산도 처리하는 부호 표현,,,,,ai-exam
WRITTEN_CBT,5-1 리소스 효율적 AI 모델,2의 보수에 대한 설명으로 가장 적절한 것은?,최상위 비트에 음의 자리값을 부여해 덧셈 회로로 음수 연산도 처리하는 부호 표현,비트 폭을 늘릴 때 최상위 부호 비트를 상위 자리에 복사해 원래 값을 유지하는 방법,"수를 가수, 밑, 지수로 나누어 넓은 범위의 크고 작은 수를 표현하는 체계",큰 교사 모델의 지식을 작은 학생 모델에 전달하여 성능을 유지하며 경량화하는 기법,1,,,2의 보수: 최상위 비트에 음의 자리값을 부여해 덧셈 회로로 음수 연산도 처리하는 부호 표현,medium,,AI시험|객관식|개념비교|5-1 리소스 효율적 AI 모델,5-1. 리소스 효율적 AI 모델 PDF 강의 정리본,,,,,,,ai-exam
PRACTICAL_WRITTEN_RESPONSE,5-1 리소스 효율적 AI 모델,다음 설명에 해당하는 용어를 쓰시오.,,,,,,2의 보수,2의 보수,2의 보수: 최상위 비트에 음의 자리값을 부여해 덧셈 회로로 음수 연산도 처리하는 부호 표현,medium,,AI시험|단답형|5-1 리소스 효율적 AI 모델,5-1. 리소스 효율적 AI 모델 PDF 강의 정리본,,최상위 비트에 음의 자리값을 부여해 덧셈 회로로 음수 연산도 처리하는 부호 표현,,,,,ai-exam
WRITTEN_CBT,5-1 리소스 효율적 AI 모델,다음 설명에 해당하는 개념으로 가장 적절한 것은?,부호 확장,제로 확장,정규화,LoRA,1,,,부호 확장: 비트 폭을 늘릴 때 최상위 부호 비트를 상위 자리에 복사해 원래 값을 유지하는 방법,medium,,AI시험|객관식|5-1 리소스 효율적 AI 모델,5-1. 리소스 효율적 AI 모델 PDF 강의 정리본,,비트 폭을 늘릴 때 최상위 부호 비트를 상위 자리에 복사해 원래 값을 유지하는 방법,,,,,ai-exam
WRITTEN_CBT,5-1 리소스 효율적 AI 모델,부호 확장에 대한 설명으로 가장 적절한 것은?,비트 폭을 늘릴 때 상위 비트를 모두 0으로 채워 원래 비트 패턴을 유지하는 방법,같은 부동소수점 값을 하나의 표준 가수·지수 형태로 맞추는 과정,기존 가중치는 고정하고 저랭크 행렬을 추가 학습하는 파라미터 효율적 파인튜닝,비트 폭을 늘릴 때 최상위 부호 비트를 상위 자리에 복사해 원래 값을 유지하는 방법,4,,,부호 확장: 비트 폭을 늘릴 때 최상위 부호 비트를 상위 자리에 복사해 원래 값을 유지하는 방법,hard,,AI시험|객관식|개념비교|5-1 리소스 효율적 AI 모델,5-1. 리소스 효율적 AI 모델 PDF 강의 정리본,,,,,,,ai-exam
PRACTICAL_WRITTEN_RESPONSE,5-1 리소스 효율적 AI 모델,다음 설명에 해당하는 용어를 쓰시오.,,,,,,부호 확장,부호 확장,부호 확장: 비트 폭을 늘릴 때 최상위 부호 비트를 상위 자리에 복사해 원래 값을 유지하는 방법,medium,,AI시험|단답형|5-1 리소스 효율적 AI 모델,5-1. 리소스 효율적 AI 모델 PDF 강의 정리본,,비트 폭을 늘릴 때 최상위 부호 비트를 상위 자리에 복사해 원래 값을 유지하는 방법,,,,,ai-exam
WRITTEN_CBT,5-1 리소스 효율적 AI 모델,다음 설명에 해당하는 개념으로 가장 적절한 것은?,고정소수점,양자화,QLoRA,제로 확장,4,,,제로 확장: 비트 폭을 늘릴 때 상위 비트를 모두 0으로 채워 원래 비트 패턴을 유지하는 방법,easy,,AI시험|객관식|5-1 리소스 효율적 AI 모델,5-1. 리소스 효율적 AI 모델 PDF 강의 정리본,,비트 폭을 늘릴 때 상위 비트를 모두 0으로 채워 원래 비트 패턴을 유지하는 방법,,,,,ai-exam
WRITTEN_CBT,5-1 리소스 효율적 AI 모델,제로 확장에 대한 설명으로 가장 적절한 것은?,가중치나 활성값을 더 적은 비트의 이산적인 값으로 표현해 모델을 경량화하는 기법,양자화된 기반 모델에 LoRA 어댑터를 학습해 메모리 사용을 더 줄이는 방법,비트 폭을 늘릴 때 상위 비트를 모두 0으로 채워 원래 비트 패턴을 유지하는 방법,이진 소수점 위치를 미리 정하고 정수 비트 패턴과 스케일링 인자로 실수를 표현하는 체계,3,,,제로 확장: 비트 폭을 늘릴 때 상위 비트를 모두 0으로 채워 원래 비트 패턴을 유지하는 방법,medium,,AI시험|객관식|개념비교|5-1 리소스 효율적 AI 모델,5-1. 리소스 효율적 AI 모델 PDF 강의 정리본,,,,,,,ai-exam
PRACTICAL_WRITTEN_RESPONSE,5-1 리소스 효율적 AI 모델,다음 설명에 해당하는 용어를 쓰시오.,,,,,,제로 확장,제로 확장,제로 확장: 비트 폭을 늘릴 때 상위 비트를 모두 0으로 채워 원래 비트 패턴을 유지하는 방법,easy,,AI시험|단답형|5-1 리소스 효율적 AI 모델,5-1. 리소스 효율적 AI 모델 PDF 강의 정리본,,비트 폭을 늘릴 때 상위 비트를 모두 0으로 채워 원래 비트 패턴을 유지하는 방법,,,,,ai-exam
WRITTEN_CBT,5-1 리소스 효율적 AI 모델,다음 설명에 해당하는 개념으로 가장 적절한 것은?,프루닝,파라미터 효율적 파인튜닝,고정소수점,부동소수점,3,,,고정소수점: 이진 소수점 위치를 미리 정하고 정수 비트 패턴과 스케일링 인자로 실수를 표현하는 체계,medium,,AI시험|객관식|5-1 리소스 효율적 AI 모델,5-1. 리소스 효율적 AI 모델 PDF 강의 정리본,,이진 소수점 위치를 미리 정하고 정수 비트 패턴과 스케일링 인자로 실수를 표현하는 체계,,,,,ai-exam
WRITTEN_CBT,5-1 리소스 효율적 AI 모델,고정소수점에 대한 설명으로 가장 적절한 것은?,전체 모델 대신 일부 또는 추가된 소수 파라미터만 학습해 자원 사용을 줄이는 접근,이진 소수점 위치를 미리 정하고 정수 비트 패턴과 스케일링 인자로 실수를 표현하는 체계,"수를 가수, 밑, 지수로 나누어 넓은 범위의 크고 작은 수를 표현하는 체계","중요도가 낮은 가중치나 연결, 채널을 제거하여 모델의 연산량과 크기를 줄이는 기법",2,,,고정소수점: 이진 소수점 위치를 미리 정하고 정수 비트 패턴과 스케일링 인자로 실수를 표현하는 체계,medium,,AI시험|객관식|개념비교|5-1 리소스 효율적 AI 모델,5-1. 리소스 효율적 AI 모델 PDF 강의 정리본,,,,,,,ai-exam
PRACTICAL_WRITTEN_RESPONSE,5-1 리소스 효율적 AI 모델,다음 설명에 해당하는 용어를 쓰시오.,,,,,,고정소수점,고정소수점,고정소수점: 이진 소수점 위치를 미리 정하고 정수 비트 패턴과 스케일링 인자로 실수를 표현하는 체계,medium,,AI시험|단답형|5-1 리소스 효율적 AI 모델,5-1. 리소스 효율적 AI 모델 PDF 강의 정리본,,이진 소수점 위치를 미리 정하고 정수 비트 패턴과 스케일링 인자로 실수를 표현하는 체계,,,,,ai-exam
WRITTEN_CBT,5-1 리소스 효율적 AI 모델,다음 설명에 해당하는 개념으로 가장 적절한 것은?,MSB,부동소수점,정규화,지식 증류,2,,,"부동소수점: 수를 가수, 밑, 지수로 나누어 넓은 범위의 크고 작은 수를 표현하는 체계",medium,,AI시험|객관식|5-1 리소스 효율적 AI 모델,5-1. 리소스 효율적 AI 모델 PDF 강의 정리본,,"수를 가수, 밑, 지수로 나누어 넓은 범위의 크고 작은 수를 표현하는 체계",,,,,ai-exam
WRITTEN_CBT,5-1 리소스 효율적 AI 모델,부동소수점에 대한 설명으로 가장 적절한 것은?,"수를 가수, 밑, 지수로 나누어 넓은 범위의 크고 작은 수를 표현하는 체계",같은 부동소수점 값을 하나의 표준 가수·지수 형태로 맞추는 과정,큰 교사 모델의 지식을 작은 학생 모델에 전달하여 성능을 유지하며 경량화하는 기법,이진수에서 가장 왼쪽에 있어 가장 큰 자리값을 갖는 비트,1,,,"부동소수점: 수를 가수, 밑, 지수로 나누어 넓은 범위의 크고 작은 수를 표현하는 체계",medium,,AI시험|객관식|개념비교|5-1 리소스 효율적 AI 모델,5-1. 리소스 효율적 AI 모델 PDF 강의 정리본,,,,,,,ai-exam
PRACTICAL_WRITTEN_RESPONSE,5-1 리소스 효율적 AI 모델,다음 설명에 해당하는 용어를 쓰시오.,,,,,,부동소수점,부동소수점,"부동소수점: 수를 가수, 밑, 지수로 나누어 넓은 범위의 크고 작은 수를 표현하는 체계",medium,,AI시험|단답형|5-1 리소스 효율적 AI 모델,5-1. 리소스 효율적 AI 모델 PDF 강의 정리본,,"수를 가수, 밑, 지수로 나누어 넓은 범위의 크고 작은 수를 표현하는 체계",,,,,ai-exam
WRITTEN_CBT,5-1 리소스 효율적 AI 모델,다음 설명에 해당하는 개념으로 가장 적절한 것은?,정규화,양자화,LoRA,LSB,1,,,정규화: 같은 부동소수점 값을 하나의 표준 가수·지수 형태로 맞추는 과정,medium,,AI시험|객관식|5-1 리소스 효율적 AI 모델,5-1. 리소스 효율적 AI 모델 PDF 강의 정리본,,같은 부동소수점 값을 하나의 표준 가수·지수 형태로 맞추는 과정,,,,,ai-exam
WRITTEN_CBT,5-1 리소스 효율적 AI 모델,정규화에 대한 설명으로 가장 적절한 것은?,가중치나 활성값을 더 적은 비트의 이산적인 값으로 표현해 모델을 경량화하는 기법,기존 가중치는 고정하고 저랭크 행렬을 추가 학습하는 파라미터 효율적 파인튜닝,이진수에서 가장 오른쪽에 있어 가장 작은 자리값을 갖는 비트,같은 부동소수점 값을 하나의 표준 가수·지수 형태로 맞추는 과정,4,,,정규화: 같은 부동소수점 값을 하나의 표준 가수·지수 형태로 맞추는 과정,hard,,AI시험|객관식|개념비교|5-1 리소스 효율적 AI 모델,5-1. 리소스 효율적 AI 모델 PDF 강의 정리본,,,,,,,ai-exam
PRACTICAL_WRITTEN_RESPONSE,5-1 리소스 효율적 AI 모델,다음 설명에 해당하는 용어를 쓰시오.,,,,,,정규화,정규화,정규화: 같은 부동소수점 값을 하나의 표준 가수·지수 형태로 맞추는 과정,medium,,AI시험|단답형|5-1 리소스 효율적 AI 모델,5-1. 리소스 효율적 AI 모델 PDF 강의 정리본,,같은 부동소수점 값을 하나의 표준 가수·지수 형태로 맞추는 과정,,,,,ai-exam
WRITTEN_CBT,5-1 리소스 효율적 AI 모델,다음 설명에 해당하는 개념으로 가장 적절한 것은?,프루닝,QLoRA,니블,양자화,4,,,양자화: 가중치나 활성값을 더 적은 비트의 이산적인 값으로 표현해 모델을 경량화하는 기법,medium,,AI시험|객관식|5-1 리소스 효율적 AI 모델,5-1. 리소스 효율적 AI 모델 PDF 강의 정리본,,가중치나 활성값을 더 적은 비트의 이산적인 값으로 표현해 모델을 경량화하는 기법,,,,,ai-exam
WRITTEN_CBT,5-1 리소스 효율적 AI 모델,양자화에 대한 설명으로 가장 적절한 것은?,양자화된 기반 모델에 LoRA 어댑터를 학습해 메모리 사용을 더 줄이는 방법,"4비트, 즉 반 바이트로 이루어진 데이터 단위",가중치나 활성값을 더 적은 비트의 이산적인 값으로 표현해 모델을 경량화하는 기법,"중요도가 낮은 가중치나 연결, 채널을 제거하여 모델의 연산량과 크기를 줄이는 기법",3,,,양자화: 가중치나 활성값을 더 적은 비트의 이산적인 값으로 표현해 모델을 경량화하는 기법,medium,,AI시험|객관식|개념비교|5-1 리소스 효율적 AI 모델,5-1. 리소스 효율적 AI 모델 PDF 강의 정리본,,,,,,,ai-exam
PRACTICAL_WRITTEN_RESPONSE,5-1 리소스 효율적 AI 모델,다음 설명에 해당하는 용어를 쓰시오.,,,,,,양자화,양자화,양자화: 가중치나 활성값을 더 적은 비트의 이산적인 값으로 표현해 모델을 경량화하는 기법,medium,,AI시험|단답형|5-1 리소스 효율적 AI 모델,5-1. 리소스 효율적 AI 모델 PDF 강의 정리본,,가중치나 활성값을 더 적은 비트의 이산적인 값으로 표현해 모델을 경량화하는 기법,,,,,ai-exam
WRITTEN_CBT,5-1 리소스 효율적 AI 모델,다음 설명에 해당하는 개념으로 가장 적절한 것은?,파라미터 효율적 파인튜닝,2의 보수,프루닝,지식 증류,3,,,"프루닝: 중요도가 낮은 가중치나 연결, 채널을 제거하여 모델의 연산량과 크기를 줄이는 기법",easy,,AI시험|객관식|5-1 리소스 효율적 AI 모델,5-1. 리소스 효율적 AI 모델 PDF 강의 정리본,,"중요도가 낮은 가중치나 연결, 채널을 제거하여 모델의 연산량과 크기를 줄이는 기법",,,,,ai-exam
WRITTEN_CBT,5-1 리소스 효율적 AI 모델,프루닝에 대한 설명으로 가장 적절한 것은?,최상위 비트에 음의 자리값을 부여해 덧셈 회로로 음수 연산도 처리하는 부호 표현,"중요도가 낮은 가중치나 연결, 채널을 제거하여 모델의 연산량과 크기를 줄이는 기법",큰 교사 모델의 지식을 작은 학생 모델에 전달하여 성능을 유지하며 경량화하는 기법,전체 모델 대신 일부 또는 추가된 소수 파라미터만 학습해 자원 사용을 줄이는 접근,2,,,"프루닝: 중요도가 낮은 가중치나 연결, 채널을 제거하여 모델의 연산량과 크기를 줄이는 기법",medium,,AI시험|객관식|개념비교|5-1 리소스 효율적 AI 모델,5-1. 리소스 효율적 AI 모델 PDF 강의 정리본,,,,,,,ai-exam
PRACTICAL_WRITTEN_RESPONSE,5-1 리소스 효율적 AI 모델,다음 설명에 해당하는 용어를 쓰시오.,,,,,,프루닝,프루닝,"프루닝: 중요도가 낮은 가중치나 연결, 채널을 제거하여 모델의 연산량과 크기를 줄이는 기법",easy,,AI시험|단답형|5-1 리소스 효율적 AI 모델,5-1. 리소스 효율적 AI 모델 PDF 강의 정리본,,"중요도가 낮은 가중치나 연결, 채널을 제거하여 모델의 연산량과 크기를 줄이는 기법",,,,,ai-exam
WRITTEN_CBT,5-1 리소스 효율적 AI 모델,다음 설명에 해당하는 개념으로 가장 적절한 것은?,부호 확장,지식 증류,LoRA,MSB,2,,,지식 증류: 큰 교사 모델의 지식을 작은 학생 모델에 전달하여 성능을 유지하며 경량화하는 기법,medium,,AI시험|객관식|5-1 리소스 효율적 AI 모델,5-1. 리소스 효율적 AI 모델 PDF 강의 정리본,,큰 교사 모델의 지식을 작은 학생 모델에 전달하여 성능을 유지하며 경량화하는 기법,,,,,ai-exam
WRITTEN_CBT,5-1 리소스 효율적 AI 모델,5-1 리소스 효율적 AI 모델에서 다루는 지식 증류에 대한 설명으로 가장 적절한 것은?,큰 교사 모델의 지식을 작은 학생 모델에 전달하여 성능을 유지하며 경량화하는 기법,기존 가중치는 고정하고 저랭크 행렬을 추가 학습하는 파라미터 효율적 파인튜닝,이진수에서 가장 왼쪽에 있어 가장 큰 자리값을 갖는 비트,비트 폭을 늘릴 때 최상위 부호 비트를 상위 자리에 복사해 원래 값을 유지하는 방법,1,,,지식 증류: 큰 교사 모델의 지식을 작은 학생 모델에 전달하여 성능을 유지하며 경량화하는 기법,medium,,AI시험|객관식|개념비교|5-1 리소스 효율적 AI 모델,5-1. 리소스 효율적 AI 모델 PDF 강의 정리본,,,,,,,ai-exam
PRACTICAL_WRITTEN_RESPONSE,5-1 리소스 효율적 AI 모델,다음 설명에 해당하는 용어를 쓰시오.,,,,,,지식 증류,지식 증류,지식 증류: 큰 교사 모델의 지식을 작은 학생 모델에 전달하여 성능을 유지하며 경량화하는 기법,medium,,AI시험|단답형|5-1 리소스 효율적 AI 모델,5-1. 리소스 효율적 AI 모델 PDF 강의 정리본,,큰 교사 모델의 지식을 작은 학생 모델에 전달하여 성능을 유지하며 경량화하는 기법,,,,,ai-exam
WRITTEN_CBT,5-1 리소스 효율적 AI 모델,다음 설명에 해당하는 개념으로 가장 적절한 것은?,LoRA,QLoRA,LSB,제로 확장,1,,,LoRA: 기존 가중치는 고정하고 저랭크 행렬을 추가 학습하는 파라미터 효율적 파인튜닝,medium,,AI시험|객관식|5-1 리소스 효율적 AI 모델,5-1. 리소스 효율적 AI 모델 PDF 강의 정리본,,기존 가중치는 고정하고 저랭크 행렬을 추가 학습하는 파라미터 효율적 파인튜닝,,,,,ai-exam
WRITTEN_CBT,5-1 리소스 효율적 AI 모델,LoRA에 대한 설명으로 가장 적절한 것은?,양자화된 기반 모델에 LoRA 어댑터를 학습해 메모리 사용을 더 줄이는 방법,이진수에서 가장 오른쪽에 있어 가장 작은 자리값을 갖는 비트,비트 폭을 늘릴 때 상위 비트를 모두 0으로 채워 원래 비트 패턴을 유지하는 방법,기존 가중치는 고정하고 저랭크 행렬을 추가 학습하는 파라미터 효율적 파인튜닝,4,,,LoRA: 기존 가중치는 고정하고 저랭크 행렬을 추가 학습하는 파라미터 효율적 파인튜닝,hard,,AI시험|객관식|개념비교|5-1 리소스 효율적 AI 모델,5-1. 리소스 효율적 AI 모델 PDF 강의 정리본,,,,,,,ai-exam
PRACTICAL_WRITTEN_RESPONSE,5-1 리소스 효율적 AI 모델,다음 설명에 해당하는 용어를 쓰시오.,,,,,,LoRA,LoRA,LoRA: 기존 가중치는 고정하고 저랭크 행렬을 추가 학습하는 파라미터 효율적 파인튜닝,medium,,AI시험|단답형|5-1 리소스 효율적 AI 모델,5-1. 리소스 효율적 AI 모델 PDF 강의 정리본,,기존 가중치는 고정하고 저랭크 행렬을 추가 학습하는 파라미터 효율적 파인튜닝,,,,,ai-exam
WRITTEN_CBT,5-1 리소스 효율적 AI 모델,다음 설명에 해당하는 개념으로 가장 적절한 것은?,파라미터 효율적 파인튜닝,니블,고정소수점,QLoRA,4,,,QLoRA: 양자화된 기반 모델에 LoRA 어댑터를 학습해 메모리 사용을 더 줄이는 방법,medium,,AI시험|객관식|5-1 리소스 효율적 AI 모델,5-1. 리소스 효율적 AI 모델 PDF 강의 정리본,,양자화된 기반 모델에 LoRA 어댑터를 학습해 메모리 사용을 더 줄이는 방법,,,,,ai-exam
WRITTEN_CBT,5-1 리소스 효율적 AI 모델,QLoRA에 대한 설명으로 가장 적절한 것은?,"4비트, 즉 반 바이트로 이루어진 데이터 단위",이진 소수점 위치를 미리 정하고 정수 비트 패턴과 스케일링 인자로 실수를 표현하는 체계,양자화된 기반 모델에 LoRA 어댑터를 학습해 메모리 사용을 더 줄이는 방법,전체 모델 대신 일부 또는 추가된 소수 파라미터만 학습해 자원 사용을 줄이는 접근,3,,,QLoRA: 양자화된 기반 모델에 LoRA 어댑터를 학습해 메모리 사용을 더 줄이는 방법,medium,,AI시험|객관식|개념비교|5-1 리소스 효율적 AI 모델,5-1. 리소스 효율적 AI 모델 PDF 강의 정리본,,,,,,,ai-exam
PRACTICAL_WRITTEN_RESPONSE,5-1 리소스 효율적 AI 모델,다음 설명에 해당하는 용어를 쓰시오.,,,,,,QLoRA,QLoRA,QLoRA: 양자화된 기반 모델에 LoRA 어댑터를 학습해 메모리 사용을 더 줄이는 방법,medium,,AI시험|단답형|5-1 리소스 효율적 AI 모델,5-1. 리소스 효율적 AI 모델 PDF 강의 정리본,,양자화된 기반 모델에 LoRA 어댑터를 학습해 메모리 사용을 더 줄이는 방법,,,,,ai-exam
WRITTEN_CBT,5-1 리소스 효율적 AI 모델,다음 설명에 해당하는 개념으로 가장 적절한 것은?,2의 보수,부동소수점,파라미터 효율적 파인튜닝,MSB,3,,,파라미터 효율적 파인튜닝: 전체 모델 대신 일부 또는 추가된 소수 파라미터만 학습해 자원 사용을 줄이는 접근,medium,,AI시험|객관식|5-1 리소스 효율적 AI 모델,5-1. 리소스 효율적 AI 모델 PDF 강의 정리본,,전체 모델 대신 일부 또는 추가된 소수 파라미터만 학습해 자원 사용을 줄이는 접근,,,,,ai-exam
WRITTEN_CBT,5-1 리소스 효율적 AI 모델,파라미터 효율적 파인튜닝에 대한 설명으로 가장 적절한 것은?,"수를 가수, 밑, 지수로 나누어 넓은 범위의 크고 작은 수를 표현하는 체계",전체 모델 대신 일부 또는 추가된 소수 파라미터만 학습해 자원 사용을 줄이는 접근,이진수에서 가장 왼쪽에 있어 가장 큰 자리값을 갖는 비트,최상위 비트에 음의 자리값을 부여해 덧셈 회로로 음수 연산도 처리하는 부호 표현,2,,,파라미터 효율적 파인튜닝: 전체 모델 대신 일부 또는 추가된 소수 파라미터만 학습해 자원 사용을 줄이는 접근,medium,,AI시험|객관식|개념비교|5-1 리소스 효율적 AI 모델,5-1. 리소스 효율적 AI 모델 PDF 강의 정리본,,,,,,,ai-exam
PRACTICAL_WRITTEN_RESPONSE,5-1 리소스 효율적 AI 모델,다음 설명에 해당하는 용어를 쓰시오.,,,,,,파라미터 효율적 파인튜닝,파라미터 효율적 파인튜닝,파라미터 효율적 파인튜닝: 전체 모델 대신 일부 또는 추가된 소수 파라미터만 학습해 자원 사용을 줄이는 접근,medium,,AI시험|단답형|5-1 리소스 효율적 AI 모델,5-1. 리소스 효율적 AI 모델 PDF 강의 정리본,,전체 모델 대신 일부 또는 추가된 소수 파라미터만 학습해 자원 사용을 줄이는 접근,,,,,ai-exam
WRITTEN_CBT,5-2 AI 모델 활용·Ambient AI,다음 설명에 해당하는 개념으로 가장 적절한 것은?,100% 정수연산 양자화,스케일링 파라미터,배치 정규화 폴딩,SAR,1,,,100% 정수연산 양자화: 모델 값뿐 아니라 중간 스케일링과 전체 연산 과정까지 정수만 사용하도록 바꾸는 양자화,easy,,AI시험|객관식|5-2 AI 모델 활용·Ambient AI,5-2. AI 모델 활용 Ambient AI PDF 강의 정리본,,모델 값뿐 아니라 중간 스케일링과 전체 연산 과정까지 정수만 사용하도록 바꾸는 양자화,,,,,ai-exam
WRITTEN_CBT,5-2 AI 모델 활용·Ambient AI,100% 정수연산 양자화에 대한 설명으로 가장 적절한 것은?,양자화 정수와 원래 실수 범위 사이의 간격을 나타내는 실수 계수,배치 정규화의 연산을 바로 앞 계층의 가중치와 편향에 통합해 함께 양자화하는 기법,불안정한 샘플을 골라내고 평평한 엔트로피 손실을 추구해 TTA 최적화를 안정화하는 방법,모델 값뿐 아니라 중간 스케일링과 전체 연산 과정까지 정수만 사용하도록 바꾸는 양자화,4,,,100% 정수연산 양자화: 모델 값뿐 아니라 중간 스케일링과 전체 연산 과정까지 정수만 사용하도록 바꾸는 양자화,hard,,AI시험|객관식|개념비교|5-2 AI 모델 활용·Ambient AI,5-2. AI 모델 활용 Ambient AI PDF 강의 정리본,,,,,,,ai-exam
PRACTICAL_WRITTEN_RESPONSE,5-2 AI 모델 활용·Ambient AI,다음 설명에 해당하는 용어를 쓰시오.,,,,,,100% 정수연산 양자화,100% 정수연산 양자화,100% 정수연산 양자화: 모델 값뿐 아니라 중간 스케일링과 전체 연산 과정까지 정수만 사용하도록 바꾸는 양자화,easy,,AI시험|단답형|5-2 AI 모델 활용·Ambient AI,5-2. AI 모델 활용 Ambient AI PDF 강의 정리본,,모델 값뿐 아니라 중간 스케일링과 전체 연산 과정까지 정수만 사용하도록 바꾸는 양자화,,,,,ai-exam
WRITTEN_CBT,5-2 AI 모델 활용·Ambient AI,다음 설명에 해당하는 개념으로 가장 적절한 것은?,오프셋 파라미터 Z,분포 이동,TPT,스케일링 파라미터,4,,,스케일링 파라미터: 양자화 정수와 원래 실수 범위 사이의 간격을 나타내는 실수 계수,medium,,AI시험|객관식|5-2 AI 모델 활용·Ambient AI,5-2. AI 모델 활용 Ambient AI PDF 강의 정리본,,양자화 정수와 원래 실수 범위 사이의 간격을 나타내는 실수 계수,,,,,ai-exam
WRITTEN_CBT,5-2 AI 모델 활용·Ambient AI,스케일링 파라미터에 대한 설명으로 가장 적절한 것은?,학습 때의 데이터 분포와 실제 테스트 또는 배포 시점의 데이터 분포가 달라지는 현상,한 테스트 이미지를 여러 방식으로 증강하고 예측 엔트로피를 줄이도록 텍스트 프롬프트를 조정하는 방법,양자화 정수와 원래 실수 범위 사이의 간격을 나타내는 실수 계수,실수 0이 양자화 정수 범위의 어느 값에 대응하는지를 나타내는 정수 오프셋,3,,,스케일링 파라미터: 양자화 정수와 원래 실수 범위 사이의 간격을 나타내는 실수 계수,medium,,AI시험|객관식|개념비교|5-2 AI 모델 활용·Ambient AI,5-2. AI 모델 활용 Ambient AI PDF 강의 정리본,,,,,,,ai-exam
PRACTICAL_WRITTEN_RESPONSE,5-2 AI 모델 활용·Ambient AI,다음 설명에 해당하는 용어를 쓰시오.,,,,,,스케일링 파라미터,스케일링 파라미터,스케일링 파라미터: 양자화 정수와 원래 실수 범위 사이의 간격을 나타내는 실수 계수,medium,,AI시험|단답형|5-2 AI 모델 활용·Ambient AI,5-2. AI 모델 활용 Ambient AI PDF 강의 정리본,,양자화 정수와 원래 실수 범위 사이의 간격을 나타내는 실수 계수,,,,,ai-exam
WRITTEN_CBT,5-2 AI 모델 활용·Ambient AI,다음 설명에 해당하는 개념으로 가장 적절한 것은?,테스트 타임 적응(TTA),PromptAlign,오프셋 파라미터 Z,비트쉬프팅,3,,,오프셋 파라미터 Z: 실수 0이 양자화 정수 범위의 어느 값에 대응하는지를 나타내는 정수 오프셋,medium,,AI시험|객관식|5-2 AI 모델 활용·Ambient AI,5-2. AI 모델 활용 Ambient AI PDF 강의 정리본,,실수 0이 양자화 정수 범위의 어느 값에 대응하는지를 나타내는 정수 오프셋,,,,,ai-exam
WRITTEN_CBT,5-2 AI 모델 활용·Ambient AI,오프셋 파라미터 Z에 대한 설명으로 가장 적절한 것은?,학습·테스트 특징 통계의 정렬 손실과 엔트로피 손실을 함께 사용해 프롬프트를 조정하는 방법,실수 0이 양자화 정수 범위의 어느 값에 대응하는지를 나타내는 정수 오프셋,실수 배율을 정수 곱과 2의 거듭제곱 이동으로 근사해 정수 연산을 유지하는 방법,레이블이 없는 테스트 데이터 분포에 추론 시점의 모델이나 프롬프트를 적응시키는 방법,2,,,오프셋 파라미터 Z: 실수 0이 양자화 정수 범위의 어느 값에 대응하는지를 나타내는 정수 오프셋,medium,,AI시험|객관식|개념비교|5-2 AI 모델 활용·Ambient AI,5-2. AI 모델 활용 Ambient AI PDF 강의 정리본,,,,,,,ai-exam
PRACTICAL_WRITTEN_RESPONSE,5-2 AI 모델 활용·Ambient AI,다음 설명에 해당하는 용어를 쓰시오.,,,,,,오프셋 파라미터 Z,오프셋 파라미터 Z,오프셋 파라미터 Z: 실수 0이 양자화 정수 범위의 어느 값에 대응하는지를 나타내는 정수 오프셋,medium,,AI시험|단답형|5-2 AI 모델 활용·Ambient AI,5-2. AI 모델 활용 Ambient AI PDF 강의 정리본,,실수 0이 양자화 정수 범위의 어느 값에 대응하는지를 나타내는 정수 오프셋,,,,,ai-exam
WRITTEN_CBT,5-2 AI 모델 활용·Ambient AI,다음 설명에 해당하는 개념으로 가장 적절한 것은?,스케일링 법칙,비트쉬프팅,배치 정규화 폴딩,TENT,2,,,비트쉬프팅: 실수 배율을 정수 곱과 2의 거듭제곱 이동으로 근사해 정수 연산을 유지하는 방법,medium,,AI시험|객관식|5-2 AI 모델 활용·Ambient AI,5-2. AI 모델 활용 Ambient AI PDF 강의 정리본,,실수 배율을 정수 곱과 2의 거듭제곱 이동으로 근사해 정수 연산을 유지하는 방법,,,,,ai-exam
WRITTEN_CBT,5-2 AI 모델 활용·Ambient AI,비트쉬프팅에 대한 설명으로 가장 적절한 것은?,실수 배율을 정수 곱과 2의 거듭제곱 이동으로 근사해 정수 연산을 유지하는 방법,배치 정규화의 연산을 바로 앞 계층의 가중치와 편향에 통합해 함께 양자화하는 기법,테스트 데이터로 배치 정규화 통계를 갱신하고 엔트로피를 최소화하도록 어파인 파라미터를 조정하는 TTA,"모델 크기, 데이터 양, 컴퓨팅 자원이 늘어날수록 AI 성능이 예측 가능하게 향상되는 현상",1,,,비트쉬프팅: 실수 배율을 정수 곱과 2의 거듭제곱 이동으로 근사해 정수 연산을 유지하는 방법,medium,,AI시험|객관식|개념비교|5-2 AI 모델 활용·Ambient AI,5-2. AI 모델 활용 Ambient AI PDF 강의 정리본,,,,,,,ai-exam
PRACTICAL_WRITTEN_RESPONSE,5-2 AI 모델 활용·Ambient AI,다음 설명에 해당하는 용어를 쓰시오.,,,,,,비트쉬프팅,비트쉬프팅,비트쉬프팅: 실수 배율을 정수 곱과 2의 거듭제곱 이동으로 근사해 정수 연산을 유지하는 방법,medium,,AI시험|단답형|5-2 AI 모델 활용·Ambient AI,5-2. AI 모델 활용 Ambient AI PDF 강의 정리본,,실수 배율을 정수 곱과 2의 거듭제곱 이동으로 근사해 정수 연산을 유지하는 방법,,,,,ai-exam
WRITTEN_CBT,5-2 AI 모델 활용·Ambient AI,다음 설명에 해당하는 개념으로 가장 적절한 것은?,배치 정규화 폴딩,분포 이동,SAR,적응적 센싱,1,,,배치 정규화 폴딩: 배치 정규화의 연산을 바로 앞 계층의 가중치와 편향에 통합해 함께 양자화하는 기법,medium,,AI시험|객관식|5-2 AI 모델 활용·Ambient AI,5-2. AI 모델 활용 Ambient AI PDF 강의 정리본,,배치 정규화의 연산을 바로 앞 계층의 가중치와 편향에 통합해 함께 양자화하는 기법,,,,,ai-exam
WRITTEN_CBT,5-2 AI 모델 활용·Ambient AI,배치 정규화 폴딩에 대한 설명으로 가장 적절한 것은?,학습 때의 데이터 분포와 실제 테스트 또는 배포 시점의 데이터 분포가 달라지는 현상,불안정한 샘플을 골라내고 평평한 엔트로피 손실을 추구해 TTA 최적화를 안정화하는 방법,입력 환경 자체를 AI가 처리하기 좋은 형태로 능동 조절해 분포 이동을 억제하는 접근,배치 정규화의 연산을 바로 앞 계층의 가중치와 편향에 통합해 함께 양자화하는 기법,4,,,배치 정규화 폴딩: 배치 정규화의 연산을 바로 앞 계층의 가중치와 편향에 통합해 함께 양자화하는 기법,hard,,AI시험|객관식|개념비교|5-2 AI 모델 활용·Ambient AI,5-2. AI 모델 활용 Ambient AI PDF 강의 정리본,,,,,,,ai-exam
PRACTICAL_WRITTEN_RESPONSE,5-2 AI 모델 활용·Ambient AI,다음 설명에 해당하는 용어를 쓰시오.,,,,,,배치 정규화 폴딩,배치 정규화 폴딩,배치 정규화 폴딩: 배치 정규화의 연산을 바로 앞 계층의 가중치와 편향에 통합해 함께 양자화하는 기법,medium,,AI시험|단답형|5-2 AI 모델 활용·Ambient AI,5-2. AI 모델 활용 Ambient AI PDF 강의 정리본,,배치 정규화의 연산을 바로 앞 계층의 가중치와 편향에 통합해 함께 양자화하는 기법,,,,,ai-exam
WRITTEN_CBT,5-2 AI 모델 활용·Ambient AI,다음 설명에 해당하는 개념으로 가장 적절한 것은?,테스트 타임 적응(TTA),TPT,수면다원검사,분포 이동,4,,,분포 이동: 학습 때의 데이터 분포와 실제 테스트 또는 배포 시점의 데이터 분포가 달라지는 현상,easy,,AI시험|객관식|5-2 AI 모델 활용·Ambient AI,5-2. AI 모델 활용 Ambient AI PDF 강의 정리본,,학습 때의 데이터 분포와 실제 테스트 또는 배포 시점의 데이터 분포가 달라지는 현상,,,,,ai-exam
WRITTEN_CBT,5-2 AI 모델 활용·Ambient AI,분포 이동에 대한 설명으로 가장 적절한 것은?,한 테스트 이미지를 여러 방식으로 증강하고 예측 엔트로피를 줄이도록 텍스트 프롬프트를 조정하는 방법,"수면 중 뇌파, 안구운동, 근전도, 호흡 등 여러 생체신호를 함께 측정하는 검사",학습 때의 데이터 분포와 실제 테스트 또는 배포 시점의 데이터 분포가 달라지는 현상,레이블이 없는 테스트 데이터 분포에 추론 시점의 모델이나 프롬프트를 적응시키는 방법,3,,,분포 이동: 학습 때의 데이터 분포와 실제 테스트 또는 배포 시점의 데이터 분포가 달라지는 현상,medium,,AI시험|객관식|개념비교|5-2 AI 모델 활용·Ambient AI,5-2. AI 모델 활용 Ambient AI PDF 강의 정리본,,,,,,,ai-exam
PRACTICAL_WRITTEN_RESPONSE,5-2 AI 모델 활용·Ambient AI,다음 설명에 해당하는 용어를 쓰시오.,,,,,,분포 이동,분포 이동,분포 이동: 학습 때의 데이터 분포와 실제 테스트 또는 배포 시점의 데이터 분포가 달라지는 현상,easy,,AI시험|단답형|5-2 AI 모델 활용·Ambient AI,5-2. AI 모델 활용 Ambient AI PDF 강의 정리본,,학습 때의 데이터 분포와 실제 테스트 또는 배포 시점의 데이터 분포가 달라지는 현상,,,,,ai-exam
WRITTEN_CBT,5-2 AI 모델 활용·Ambient AI,다음 설명에 해당하는 개념으로 가장 적절한 것은?,PromptAlign,비접촉식 수면 무호흡증 진단 AI,테스트 타임 적응(TTA),TENT,3,,,테스트 타임 적응(TTA): 레이블이 없는 테스트 데이터 분포에 추론 시점의 모델이나 프롬프트를 적응시키는 방법,medium,,AI시험|객관식|5-2 AI 모델 활용·Ambient AI,5-2. AI 모델 활용 Ambient AI PDF 강의 정리본,,레이블이 없는 테스트 데이터 분포에 추론 시점의 모델이나 프롬프트를 적응시키는 방법,,,,,ai-exam
WRITTEN_CBT,5-2 AI 모델 활용·Ambient AI,테스트 타임 적응(TTA)에 대한 설명으로 가장 적절한 것은?,피검자를 방해하지 않는 비접촉식 센서와 카메라 온디바이스 AI로 수면 무호흡증을 진단하는 접근,레이블이 없는 테스트 데이터 분포에 추론 시점의 모델이나 프롬프트를 적응시키는 방법,테스트 데이터로 배치 정규화 통계를 갱신하고 엔트로피를 최소화하도록 어파인 파라미터를 조정하는 TTA,학습·테스트 특징 통계의 정렬 손실과 엔트로피 손실을 함께 사용해 프롬프트를 조정하는 방법,2,,,테스트 타임 적응(TTA): 레이블이 없는 테스트 데이터 분포에 추론 시점의 모델이나 프롬프트를 적응시키는 방법,medium,,AI시험|객관식|개념비교|5-2 AI 모델 활용·Ambient AI,5-2. AI 모델 활용 Ambient AI PDF 강의 정리본,,,,,,,ai-exam
PRACTICAL_WRITTEN_RESPONSE,5-2 AI 모델 활용·Ambient AI,다음 설명에 해당하는 용어를 쓰시오.,,,,,,테스트 타임 적응(TTA),테스트 타임 적응(TTA)|TTA,테스트 타임 적응(TTA): 레이블이 없는 테스트 데이터 분포에 추론 시점의 모델이나 프롬프트를 적응시키는 방법,medium,,AI시험|단답형|5-2 AI 모델 활용·Ambient AI,5-2. AI 모델 활용 Ambient AI PDF 강의 정리본,,레이블이 없는 테스트 데이터 분포에 추론 시점의 모델이나 프롬프트를 적응시키는 방법,,,,,ai-exam
WRITTEN_CBT,5-2 AI 모델 활용·Ambient AI,다음 설명에 해당하는 개념으로 가장 적절한 것은?,100% 정수연산 양자화,TENT,SAR,스케일링 법칙,2,,,TENT: 테스트 데이터로 배치 정규화 통계를 갱신하고 엔트로피를 최소화하도록 어파인 파라미터를 조정하는 TTA,medium,,AI시험|객관식|5-2 AI 모델 활용·Ambient AI,5-2. AI 모델 활용 Ambient AI PDF 강의 정리본,,테스트 데이터로 배치 정규화 통계를 갱신하고 엔트로피를 최소화하도록 어파인 파라미터를 조정하는 TTA,,,,,ai-exam
WRITTEN_CBT,5-2 AI 모델 활용·Ambient AI,TENT에 대한 설명으로 가장 적절한 것은?,테스트 데이터로 배치 정규화 통계를 갱신하고 엔트로피를 최소화하도록 어파인 파라미터를 조정하는 TTA,불안정한 샘플을 골라내고 평평한 엔트로피 손실을 추구해 TTA 최적화를 안정화하는 방법,"모델 크기, 데이터 양, 컴퓨팅 자원이 늘어날수록 AI 성능이 예측 가능하게 향상되는 현상",모델 값뿐 아니라 중간 스케일링과 전체 연산 과정까지 정수만 사용하도록 바꾸는 양자화,1,,,TENT: 테스트 데이터로 배치 정규화 통계를 갱신하고 엔트로피를 최소화하도록 어파인 파라미터를 조정하는 TTA,medium,,AI시험|객관식|개념비교|5-2 AI 모델 활용·Ambient AI,5-2. AI 모델 활용 Ambient AI PDF 강의 정리본,,,,,,,ai-exam
PRACTICAL_WRITTEN_RESPONSE,5-2 AI 모델 활용·Ambient AI,다음 설명에 해당하는 용어를 쓰시오.,,,,,,TENT,TENT,TENT: 테스트 데이터로 배치 정규화 통계를 갱신하고 엔트로피를 최소화하도록 어파인 파라미터를 조정하는 TTA,medium,,AI시험|단답형|5-2 AI 모델 활용·Ambient AI,5-2. AI 모델 활용 Ambient AI PDF 강의 정리본,,테스트 데이터로 배치 정규화 통계를 갱신하고 엔트로피를 최소화하도록 어파인 파라미터를 조정하는 TTA,,,,,ai-exam
WRITTEN_CBT,5-2 AI 모델 활용·Ambient AI,다음 설명에 해당하는 개념으로 가장 적절한 것은?,SAR,TPT,적응적 센싱,스케일링 파라미터,1,,,SAR: 불안정한 샘플을 골라내고 평평한 엔트로피 손실을 추구해 TTA 최적화를 안정화하는 방법,medium,,AI시험|객관식|5-2 AI 모델 활용·Ambient AI,5-2. AI 모델 활용 Ambient AI PDF 강의 정리본,,불안정한 샘플을 골라내고 평평한 엔트로피 손실을 추구해 TTA 최적화를 안정화하는 방법,,,,,ai-exam
WRITTEN_CBT,5-2 AI 모델 활용·Ambient AI,SAR에 대한 설명으로 가장 적절한 것은?,한 테스트 이미지를 여러 방식으로 증강하고 예측 엔트로피를 줄이도록 텍스트 프롬프트를 조정하는 방법,입력 환경 자체를 AI가 처리하기 좋은 형태로 능동 조절해 분포 이동을 억제하는 접근,양자화 정수와 원래 실수 범위 사이의 간격을 나타내는 실수 계수,불안정한 샘플을 골라내고 평평한 엔트로피 손실을 추구해 TTA 최적화를 안정화하는 방법,4,,,SAR: 불안정한 샘플을 골라내고 평평한 엔트로피 손실을 추구해 TTA 최적화를 안정화하는 방법,hard,,AI시험|객관식|개념비교|5-2 AI 모델 활용·Ambient AI,5-2. AI 모델 활용 Ambient AI PDF 강의 정리본,,,,,,,ai-exam
PRACTICAL_WRITTEN_RESPONSE,5-2 AI 모델 활용·Ambient AI,다음 설명에 해당하는 용어를 쓰시오.,,,,,,SAR,SAR,SAR: 불안정한 샘플을 골라내고 평평한 엔트로피 손실을 추구해 TTA 최적화를 안정화하는 방법,medium,,AI시험|단답형|5-2 AI 모델 활용·Ambient AI,5-2. AI 모델 활용 Ambient AI PDF 강의 정리본,,불안정한 샘플을 골라내고 평평한 엔트로피 손실을 추구해 TTA 최적화를 안정화하는 방법,,,,,ai-exam
WRITTEN_CBT,5-2 AI 모델 활용·Ambient AI,다음 설명에 해당하는 개념으로 가장 적절한 것은?,PromptAlign,수면다원검사,오프셋 파라미터 Z,TPT,4,,,TPT: 한 테스트 이미지를 여러 방식으로 증강하고 예측 엔트로피를 줄이도록 텍스트 프롬프트를 조정하는 방법,medium,,AI시험|객관식|5-2 AI 모델 활용·Ambient AI,5-2. AI 모델 활용 Ambient AI PDF 강의 정리본,,한 테스트 이미지를 여러 방식으로 증강하고 예측 엔트로피를 줄이도록 텍스트 프롬프트를 조정하는 방법,,,,,ai-exam
WRITTEN_CBT,5-2 AI 모델 활용·Ambient AI,TPT에 대한 설명으로 가장 적절한 것은?,"수면 중 뇌파, 안구운동, 근전도, 호흡 등 여러 생체신호를 함께 측정하는 검사",실수 0이 양자화 정수 범위의 어느 값에 대응하는지를 나타내는 정수 오프셋,한 테스트 이미지를 여러 방식으로 증강하고 예측 엔트로피를 줄이도록 텍스트 프롬프트를 조정하는 방법,학습·테스트 특징 통계의 정렬 손실과 엔트로피 손실을 함께 사용해 프롬프트를 조정하는 방법,3,,,TPT: 한 테스트 이미지를 여러 방식으로 증강하고 예측 엔트로피를 줄이도록 텍스트 프롬프트를 조정하는 방법,medium,,AI시험|객관식|개념비교|5-2 AI 모델 활용·Ambient AI,5-2. AI 모델 활용 Ambient AI PDF 강의 정리본,,,,,,,ai-exam
PRACTICAL_WRITTEN_RESPONSE,5-2 AI 모델 활용·Ambient AI,다음 설명에 해당하는 용어를 쓰시오.,,,,,,TPT,TPT,TPT: 한 테스트 이미지를 여러 방식으로 증강하고 예측 엔트로피를 줄이도록 텍스트 프롬프트를 조정하는 방법,medium,,AI시험|단답형|5-2 AI 모델 활용·Ambient AI,5-2. AI 모델 활용 Ambient AI PDF 강의 정리본,,한 테스트 이미지를 여러 방식으로 증강하고 예측 엔트로피를 줄이도록 텍스트 프롬프트를 조정하는 방법,,,,,ai-exam
WRITTEN_CBT,5-2 AI 모델 활용·Ambient AI,다음 설명에 해당하는 개념으로 가장 적절한 것은?,비접촉식 수면 무호흡증 진단 AI,비트쉬프팅,PromptAlign,스케일링 법칙,3,,,PromptAlign: 학습·테스트 특징 통계의 정렬 손실과 엔트로피 손실을 함께 사용해 프롬프트를 조정하는 방법,easy,,AI시험|객관식|5-2 AI 모델 활용·Ambient AI,5-2. AI 모델 활용 Ambient AI PDF 강의 정리본,,학습·테스트 특징 통계의 정렬 손실과 엔트로피 손실을 함께 사용해 프롬프트를 조정하는 방법,,,,,ai-exam
WRITTEN_CBT,5-2 AI 모델 활용·Ambient AI,PromptAlign에 대한 설명으로 가장 적절한 것은?,실수 배율을 정수 곱과 2의 거듭제곱 이동으로 근사해 정수 연산을 유지하는 방법,학습·테스트 특징 통계의 정렬 손실과 엔트로피 손실을 함께 사용해 프롬프트를 조정하는 방법,"모델 크기, 데이터 양, 컴퓨팅 자원이 늘어날수록 AI 성능이 예측 가능하게 향상되는 현상",피검자를 방해하지 않는 비접촉식 센서와 카메라 온디바이스 AI로 수면 무호흡증을 진단하는 접근,2,,,PromptAlign: 학습·테스트 특징 통계의 정렬 손실과 엔트로피 손실을 함께 사용해 프롬프트를 조정하는 방법,medium,,AI시험|객관식|개념비교|5-2 AI 모델 활용·Ambient AI,5-2. AI 모델 활용 Ambient AI PDF 강의 정리본,,,,,,,ai-exam
PRACTICAL_WRITTEN_RESPONSE,5-2 AI 모델 활용·Ambient AI,다음 설명에 해당하는 용어를 쓰시오.,,,,,,PromptAlign,PromptAlign,PromptAlign: 학습·테스트 특징 통계의 정렬 손실과 엔트로피 손실을 함께 사용해 프롬프트를 조정하는 방법,easy,,AI시험|단답형|5-2 AI 모델 활용·Ambient AI,5-2. AI 모델 활용 Ambient AI PDF 강의 정리본,,학습·테스트 특징 통계의 정렬 손실과 엔트로피 손실을 함께 사용해 프롬프트를 조정하는 방법,,,,,ai-exam
WRITTEN_CBT,5-2 AI 모델 활용·Ambient AI,다음 설명에 해당하는 개념으로 가장 적절한 것은?,배치 정규화 폴딩,스케일링 법칙,적응적 센싱,100% 정수연산 양자화,2,,,"스케일링 법칙: 모델 크기, 데이터 양, 컴퓨팅 자원이 늘어날수록 AI 성능이 예측 가능하게 향상되는 현상",medium,,AI시험|객관식|5-2 AI 모델 활용·Ambient AI,5-2. AI 모델 활용 Ambient AI PDF 강의 정리본,,"모델 크기, 데이터 양, 컴퓨팅 자원이 늘어날수록 AI 성능이 예측 가능하게 향상되는 현상",,,,,ai-exam
WRITTEN_CBT,5-2 AI 모델 활용·Ambient AI,스케일링 법칙에 대한 설명으로 가장 적절한 것은?,"모델 크기, 데이터 양, 컴퓨팅 자원이 늘어날수록 AI 성능이 예측 가능하게 향상되는 현상",입력 환경 자체를 AI가 처리하기 좋은 형태로 능동 조절해 분포 이동을 억제하는 접근,모델 값뿐 아니라 중간 스케일링과 전체 연산 과정까지 정수만 사용하도록 바꾸는 양자화,배치 정규화의 연산을 바로 앞 계층의 가중치와 편향에 통합해 함께 양자화하는 기법,1,,,"스케일링 법칙: 모델 크기, 데이터 양, 컴퓨팅 자원이 늘어날수록 AI 성능이 예측 가능하게 향상되는 현상",medium,,AI시험|객관식|개념비교|5-2 AI 모델 활용·Ambient AI,5-2. AI 모델 활용 Ambient AI PDF 강의 정리본,,,,,,,ai-exam
PRACTICAL_WRITTEN_RESPONSE,5-2 AI 모델 활용·Ambient AI,다음 설명에 해당하는 용어를 쓰시오.,,,,,,스케일링 법칙,스케일링 법칙,"스케일링 법칙: 모델 크기, 데이터 양, 컴퓨팅 자원이 늘어날수록 AI 성능이 예측 가능하게 향상되는 현상",medium,,AI시험|단답형|5-2 AI 모델 활용·Ambient AI,5-2. AI 모델 활용 Ambient AI PDF 강의 정리본,,"모델 크기, 데이터 양, 컴퓨팅 자원이 늘어날수록 AI 성능이 예측 가능하게 향상되는 현상",,,,,ai-exam
WRITTEN_CBT,5-2 AI 모델 활용·Ambient AI,다음 설명에 해당하는 개념으로 가장 적절한 것은?,적응적 센싱,수면다원검사,스케일링 파라미터,분포 이동,1,,,적응적 센싱: 입력 환경 자체를 AI가 처리하기 좋은 형태로 능동 조절해 분포 이동을 억제하는 접근,medium,,AI시험|객관식|5-2 AI 모델 활용·Ambient AI,5-2. AI 모델 활용 Ambient AI PDF 강의 정리본,,입력 환경 자체를 AI가 처리하기 좋은 형태로 능동 조절해 분포 이동을 억제하는 접근,,,,,ai-exam
WRITTEN_CBT,5-2 AI 모델 활용·Ambient AI,적응적 센싱에 대한 설명으로 가장 적절한 것은?,"수면 중 뇌파, 안구운동, 근전도, 호흡 등 여러 생체신호를 함께 측정하는 검사",양자화 정수와 원래 실수 범위 사이의 간격을 나타내는 실수 계수,학습 때의 데이터 분포와 실제 테스트 또는 배포 시점의 데이터 분포가 달라지는 현상,입력 환경 자체를 AI가 처리하기 좋은 형태로 능동 조절해 분포 이동을 억제하는 접근,4,,,적응적 센싱: 입력 환경 자체를 AI가 처리하기 좋은 형태로 능동 조절해 분포 이동을 억제하는 접근,hard,,AI시험|객관식|개념비교|5-2 AI 모델 활용·Ambient AI,5-2. AI 모델 활용 Ambient AI PDF 강의 정리본,,,,,,,ai-exam
PRACTICAL_WRITTEN_RESPONSE,5-2 AI 모델 활용·Ambient AI,다음 설명에 해당하는 용어를 쓰시오.,,,,,,적응적 센싱,적응적 센싱,적응적 센싱: 입력 환경 자체를 AI가 처리하기 좋은 형태로 능동 조절해 분포 이동을 억제하는 접근,medium,,AI시험|단답형|5-2 AI 모델 활용·Ambient AI,5-2. AI 모델 활용 Ambient AI PDF 강의 정리본,,입력 환경 자체를 AI가 처리하기 좋은 형태로 능동 조절해 분포 이동을 억제하는 접근,,,,,ai-exam
WRITTEN_CBT,5-2 AI 모델 활용·Ambient AI,다음 설명에 해당하는 개념으로 가장 적절한 것은?,비접촉식 수면 무호흡증 진단 AI,오프셋 파라미터 Z,테스트 타임 적응(TTA),수면다원검사,4,,,"수면다원검사: 수면 중 뇌파, 안구운동, 근전도, 호흡 등 여러 생체신호를 함께 측정하는 검사",medium,,AI시험|객관식|5-2 AI 모델 활용·Ambient AI,5-2. AI 모델 활용 Ambient AI PDF 강의 정리본,,"수면 중 뇌파, 안구운동, 근전도, 호흡 등 여러 생체신호를 함께 측정하는 검사",,,,,ai-exam
WRITTEN_CBT,5-2 AI 모델 활용·Ambient AI,수면다원검사에 대한 설명으로 가장 적절한 것은?,실수 0이 양자화 정수 범위의 어느 값에 대응하는지를 나타내는 정수 오프셋,레이블이 없는 테스트 데이터 분포에 추론 시점의 모델이나 프롬프트를 적응시키는 방법,"수면 중 뇌파, 안구운동, 근전도, 호흡 등 여러 생체신호를 함께 측정하는 검사",피검자를 방해하지 않는 비접촉식 센서와 카메라 온디바이스 AI로 수면 무호흡증을 진단하는 접근,3,,,"수면다원검사: 수면 중 뇌파, 안구운동, 근전도, 호흡 등 여러 생체신호를 함께 측정하는 검사",medium,,AI시험|객관식|개념비교|5-2 AI 모델 활용·Ambient AI,5-2. AI 모델 활용 Ambient AI PDF 강의 정리본,,,,,,,ai-exam
PRACTICAL_WRITTEN_RESPONSE,5-2 AI 모델 활용·Ambient AI,다음 설명에 해당하는 용어를 쓰시오.,,,,,,수면다원검사,수면다원검사,"수면다원검사: 수면 중 뇌파, 안구운동, 근전도, 호흡 등 여러 생체신호를 함께 측정하는 검사",medium,,AI시험|단답형|5-2 AI 모델 활용·Ambient AI,5-2. AI 모델 활용 Ambient AI PDF 강의 정리본,,"수면 중 뇌파, 안구운동, 근전도, 호흡 등 여러 생체신호를 함께 측정하는 검사",,,,,ai-exam
WRITTEN_CBT,5-2 AI 모델 활용·Ambient AI,다음 설명에 해당하는 개념으로 가장 적절한 것은?,비트쉬프팅,TENT,비접촉식 수면 무호흡증 진단 AI,100% 정수연산 양자화,3,,,비접촉식 수면 무호흡증 진단 AI: 피검자를 방해하지 않는 비접촉식 센서와 카메라 온디바이스 AI로 수면 무호흡증을 진단하는 접근,medium,,AI시험|객관식|5-2 AI 모델 활용·Ambient AI,5-2. AI 모델 활용 Ambient AI PDF 강의 정리본,,피검자를 방해하지 않는 비접촉식 센서와 카메라 온디바이스 AI로 수면 무호흡증을 진단하는 접근,,,,,ai-exam
WRITTEN_CBT,5-2 AI 모델 활용·Ambient AI,비접촉식 수면 무호흡증 진단 AI에 대한 설명으로 가장 적절한 것은?,테스트 데이터로 배치 정규화 통계를 갱신하고 엔트로피를 최소화하도록 어파인 파라미터를 조정하는 TTA,피검자를 방해하지 않는 비접촉식 센서와 카메라 온디바이스 AI로 수면 무호흡증을 진단하는 접근,모델 값뿐 아니라 중간 스케일링과 전체 연산 과정까지 정수만 사용하도록 바꾸는 양자화,실수 배율을 정수 곱과 2의 거듭제곱 이동으로 근사해 정수 연산을 유지하는 방법,2,,,비접촉식 수면 무호흡증 진단 AI: 피검자를 방해하지 않는 비접촉식 센서와 카메라 온디바이스 AI로 수면 무호흡증을 진단하는 접근,medium,,AI시험|객관식|개념비교|5-2 AI 모델 활용·Ambient AI,5-2. AI 모델 활용 Ambient AI PDF 강의 정리본,,,,,,,ai-exam
PRACTICAL_WRITTEN_RESPONSE,5-2 AI 모델 활용·Ambient AI,다음 설명에 해당하는 용어를 쓰시오.,,,,,,비접촉식 수면 무호흡증 진단 AI,비접촉식 수면 무호흡증 진단 AI,비접촉식 수면 무호흡증 진단 AI: 피검자를 방해하지 않는 비접촉식 센서와 카메라 온디바이스 AI로 수면 무호흡증을 진단하는 접근,medium,,AI시험|단답형|5-2 AI 모델 활용·Ambient AI,5-2. AI 모델 활용 Ambient AI PDF 강의 정리본,,피검자를 방해하지 않는 비접촉식 센서와 카메라 온디바이스 AI로 수면 무호흡증을 진단하는 접근,,,,,ai-exam
WRITTEN_CBT,2-1 자연어 처리 기본,그림의 CBOW 구조에서 주변 단어 벡터들을 입력받아 예측하는 것은?,중심 단어,다음 문장 전체,품사 태그,문서의 감성,1,,,CBOW는 주변 문맥 단어들로 중심 단어를 예측한다.,medium,/questions/ai-exam/cbow.png,AI시험|객관식|이미지|2-1 자연어 처리 기본,2-1. 자연어 처리 기본 PDF 강의 정리본,,,,,,ai-exam
WRITTEN_CBT,3-1 딥러닝·영상 모델,그림의 2×2 영역에 최대 풀링을 적용한 출력으로 옳은 것은?,"[[1,2],[1,3]]","[[12,15],[3,10]]","[[3,4],[1,2]]","[[6,8],[3,4]]",4,,,"각 2×2 영역에서 가장 큰 값인 6, 8, 3, 4가 선택된다.",medium,/questions/ai-exam/max-pooling.png,AI시험|객관식|이미지|3-1 딥러닝·영상 모델,3-1. 딥러닝 영상 모델 PDF 강의 정리본,,,,,,ai-exam
WRITTEN_CBT,4-2 Agent 모델,그림의 시스템이 단순한 LLM 호출을 넘어 에이전트로 동작하게 하는 구성요소의 조합은?,센서·모터·배터리만,훈련 데이터·라벨만,메모리·계획·도구,컴파일러·링커·로더,3,,,"에이전트는 단기·장기 메모리, 계획 기능, 검색·계산 등의 도구를 결합한다.",medium,/questions/ai-exam/agent-components.png,AI시험|객관식|이미지|4-2 Agent 모델,4-2. Agent 모델 PDF 강의 정리본,,,,,,ai-exam
WRITTEN_CBT,5-1 리소스 효율적 AI 모델,그림의 QAT와 PTQ 경로를 비교한 설명으로 옳은 것은?,QAT는 양자화 없이 가중치를 제거한다,QAT는 학습 중 양자화를 고려하고 PTQ는 사전 학습 후 보정한다,QAT와 PTQ 모두 반드시 처음부터 모델을 다시 학습한다,PTQ만 학습 데이터로 역전파를 수행한다,2,,,"QAT는 재학습·파인튜닝 과정에서 양자화를 함께 고려하고, PTQ는 사전 학습 모델을 보정한 뒤 양자화한다.",medium,/questions/ai-exam/qat-vs-ptq.png,AI시험|객관식|이미지|5-1 리소스 효율적 AI 모델,5-1. 리소스 효율적 AI 모델 PDF 강의 정리본,,,,,,ai-exam
WRITTEN_CBT,5-2 AI 모델 활용·Ambient AI,그림처럼 한 테스트 이미지를 여러 뷰로 증강하고 낮은 엔트로피 예측으로 프롬프트를 갱신하는 기법은?,TPT,TENT,SAR,지식 증류,1,,,TPT는 증강 뷰 중 신뢰도 높은 예측을 사용해 텍스트 프롬프트를 테스트 시점에 조정한다.,medium,/questions/ai-exam/tpt.png,AI시험|객관식|이미지|5-2 AI 모델 활용·Ambient AI,5-2. AI 모델 활용 Ambient AI PDF 강의 정리본,,,,,,ai-exam
WRITTEN_CBT,5-2 AI 모델 활용·Ambient AI,그림의 PromptAlign이 TPT의 엔트로피 손실 외에 추가하는 핵심 손실은?,교사·학생 로짓 증류 손실,픽셀 재구성 손실,정답 레이블 교차엔트로피,학습·테스트 특징 통계 정렬 손실,4,,,PromptAlign은 학습 데이터와 테스트 데이터의 계층별 평균·분산을 정렬하는 손실을 더한다.,medium,/questions/ai-exam/prompt-align.png,AI시험|객관식|이미지|5-2 AI 모델 활용·Ambient AI,5-2. AI 모델 활용 Ambient AI PDF 강의 정리본,,,,,,ai-exam
WRITTEN_CBT,4-1 LangChain 서비스 개발,다음 코드에서 @mcp.tool() 데코레이터의 역할로 가장 적절한 것은?,모델을 양자화한다,데이터베이스 테이블을 만든다,함수를 MCP 도구로 등록한다,함수를 비동기로 변환한다,3,,,데코레이터는 add 함수를 MCP 클라이언트가 호출 가능한 도구로 노출한다.,medium,,AI시험|객관식|코드|4-1 LangChain 서비스 개발,4-1. LangChain 서비스 개발 PDF 강의 정리본,,,"from fastmcp import FastMCP

mcp = FastMCP(""calc"")

@mcp.tool()
def add(a: int, b: int) -> int:
    return a + b",python,,ai-exam
WRITTEN_CBT,4-1 LangChain 서비스 개발,"다음 MCP 도구를 인수 a=7, b=5로 호출했을 때 반환값은?",오류,12,35,75,2,,,add 함수는 두 정수의 합을 반환하므로 결과는 12이다.,medium,,AI시험|객관식|코드|4-1 LangChain 서비스 개발,4-1. LangChain 서비스 개발 PDF 강의 정리본,,,"@mcp.tool()
def add(a: int, b: int) -> int:
    return a + b",python,,ai-exam
