exam_type,category,prompt,choice1,choice2,choice3,choice4,correct_answer,model_answer,key_points,explanation,difficulty,image_url,tags,source,source_year,reference_text,code_snippet,code_language,image_urls,certificate_id
WRITTEN_CBT,임베디드 하드웨어,임베디드 하드웨어 전원에 대한 설명으로 옳지 않은 것은? [완전 신출],OS는 시스템 부하에 따라 idle모드와 sleep모드로 변경한다.,"어댑터는 AC 110V 혹은 220V의 전원을 DC 8, 11, 22V등의 가정용 저전압으로 변환하는 장치이다.",전압 레귤레이터는 ON/OFF 과정을 통해 일정한 평균전압을 일정 범위 내 원하는 전압으로 변환하는 기능을 수행한다.,리눅스가 지원하는 전원 관리 표준은 APM과 ACPI가 있다.,3,,,선후관계가 반전되었다. 레귤레이터는 일정 범위 내 DC 전압을 일정한 DC전압으로 변환하는 장치이다.,medium,,임베디드 기사|필기|기출,임베디드기사 2025-08-01 문제 1,2025,,,,,embedded-engineer
WRITTEN_CBT,임베디드 하드웨어,USB에 관한 설명으로 옳지 않은 것은? [완전 신출],접지되는 부분의 마모로 인식에 한계가 존재한다.,핫 플러그를 지원하여 컴퓨터에 전원이 켜져 있는 상태에서도 바로 연결할 수 있다.,USB는 64개의 주변 기기를 지원하며 자체 220V 전원을 공급할 수 있다.,USB 3.0버전은 최대 5Gbps의 속도를 지원한다.,3,,,"USB는 명칭 그대로 직렬 포트이므로 이론상 한 PC에 127개까지만 인식이 가능하다. 또한, 상식적으로 생각해봐도 USB가 220V의 전원을 공급한다면 USB만으로도 컴퓨터가 부팅이 가능한데 이건 말이 안된다. USB는 +5V의 전원을 공급한다.",medium,,임베디드 기사|필기|기출,임베디드기사 2025-08-01 문제 2,2025,,,,,embedded-engineer
WRITTEN_CBT,임베디드 플랫폼,리눅스의 물리적 공간을 논리적으로 나눌 때 최대 몇 개의 파티션으로 나눌 수 있는가? [완전 신출],12개,5개,1개,10개,1,,,"리눅스는 프라이머리 3개, 확장파티션 1개, 논리파티션 12개로 총 16개의 파티션으로 나눌 수 있다.",medium,,임베디드 기사|필기|기출,임베디드기사 2025-08-01 문제 3,2025,,,,,embedded-engineer
WRITTEN_CBT,임베디드 소프트웨어,"A,B,C,D의 데이터를 C,D,A,B 순서대로 결과값을 얻고자 할 때 push와 pop을 수행한 순서로 옳은 것은? [기출변형]",pop-pop-push-push-pop-pop-push-push,pop-pop-push-push-pop-push-pop-push,push-push-pop-pop-push-push-pop-pop,push-push-pop-pop-push-pop-push-pop,3,,,"일단, C,D를 얻기 위해서는 A를 PUSH하고 B를 PUSH하므로 1,2번은 소거되고, A,B가 남은 상태에서 1번 PUSH하면 B,A가 되고, 여기서 다시 PUSH하면 A,B가 되므로 3번이 정답이다.",medium,,임베디드 기사|필기|기출,임베디드기사 2025-08-01 문제 4,2025,,,,,embedded-engineer
WRITTEN_CBT,임베디드 소프트웨어,다음 설명에 해당하는 객체 지향 분석 방법으로 옳은 것은? [2013년 70번 기출 심화 응용],Coad와 Yourdon의 객체 지향 분석,Booch의 객체 지향 분석,Rambaugh의 객체 지향 분석,Jacobson의 객체 지향 분석,2,,,"성안당 2013 임베디드기사 p.416의 설명을 보기로 그대로 전부 주고 맞추라는 식으로 기출보다 상당히 심화버전의 문제이다. 이 문제가 있다는 것은 다른 객체지향 분석에 대한 문제도 문제은행에 있다는 반증이니 1,3,4번 선지에 대한 특징도 전부 정리해야 할 것이다.",medium,,임베디드 기사|필기|기출,임베디드기사 2025-08-01 문제 5,2025,"✼ 문제를 정의한다.(요구사항 분석)
✼ 비공식 전략을 개발한다.(문제 해결을 위해 무엇을 행하여야 하는가?)
✼ 전략을 공식화한다.
✼ 설계가 모두 이루어질 때까지 문제 정의, 비공식 전략 개발, 전략의 공식화를 반복 적용한다.
✼ 클래스와 객체를 구현한다.
✼ 프로그램의 구성요소는 명세 부분과 외부로부터 감추어진 부분(사각형)으로 표시한다.
✼ 구름 모양은 개별 구분 또는 정의되지 않은 구현 상세를 나타낸다.
✼ 둥근 사각형은 자료 객체, 직사각형은 객체 연산을 나타낸다.
✼ 미시적, 거시적 프로세스를 모두 사용하는 분석하는 방법이다.",,,,embedded-engineer
WRITTEN_CBT,임베디드 하드웨어,RS-232의 PIN 번호의 기능과 표기에 관한 연결로 옳지 않은 것은? [완전 신출],데이터 단말 준비-DCD,송신 데이터-TXD,데이터 세트 허가-DSR,송신 허가-CTS,1,,,"RS232 9핀 신호체계는 다음과 같다. 즉, DCD는 데이터 단말 준비가 아닌 데이터 캐리어 검출에 해당한다.",medium,,임베디드 기사|필기|기출,임베디드기사 2025-08-01 문제 6,2025,,,,,embedded-engineer
WRITTEN_CBT,임베디드 하드웨어,다음 논리회로의 명칭은 무엇인가? [완전 신출],기수 패리티 발생 회로,비교기,병렬 가감산기,전가산기,3,,,"인터넷에 비슷한 사진 자체부터가 아예 없어서 직접 그렸다. 정확한 복원을 위해 깔끔하지 못하게 그렸으니 양해의 말씀을... 각설하고 해설하면, 얼핏보면 비교기 같이 보이나, 비교기는 F3부분 B부분에 NOT게이트가 하나 더 붙어야 하고, F4가 없어야 한다. 잘 보면 반가산기와 반감산기를 병렬로 연결한 형태임을 알 수 있다. 전가산기야 다들 잘 알 테니 설명은 생략하고, 기수 패리티 발생회로와 우수 패리티 발생회로는 사진을 보고 필히 숙지할 것!",medium,/static/images/Engineer_Embedded/20250801/rId8.png,임베디드 기사|필기|기출,임베디드기사 2025-08-01 문제 7,2025,,,,,embedded-engineer
WRITTEN_CBT,임베디드 소프트웨어,블랙 박스 테스트에 대한 설명으로 옳지 않은 것은? [22년 기출 변형],"기초적 모델 관점과 데이터, 입출력 위주의 검사 방법으로, 기능검사이다.",경계값 검사는 경계 근처의 입력값의 오류 가능성을 테스트 하는 방법이다.,원시 프로그램과 상관없이 결과만 옳으면 검사를 통과하는 방법이다.,프로그램 원시 코드의 논리적 구조를 커버하도록 테스트 케이스를 설계한다.,4,,,"4번은 화이트박스 테스트에 대한 설명이다. 기존에는 검사 방법으로 옳지 않은 문제를 고르는 문제였으나, 설명을 주고 옳지 않은 것을 고르는 문제가 문제은행에 추가된 것으로 보아 각 테스트에 대한 특징을 모두 숙지해야 할 것으로 생각된다.",medium,,임베디드 기사|필기|기출,임베디드기사 2025-08-01 문제 8,2025,,,,,embedded-engineer
WRITTEN_CBT,임베디드 플랫폼,"OSI-7계층에서 실제 회선의 연결을 확립, 유지, 단절하기 위한 기계적, 전기적, 기능적, 절차적 특성을 정의하는 계층은? [완전 신출-하지만 쉬운 편]",물리 계층,전송 계층,데이터링크 계층,표현 계층,1,,,,medium,,임베디드 기사|필기|기출,임베디드기사 2025-08-01 문제 9,2025,,,,,embedded-engineer
WRITTEN_CBT,임베디드 플랫폼,유닉스 표준 시그널에서 시그널의 명칭과 발생 및 용도를 짝지은 것으로 옳지 않은 것은? [완전 신출],SIGTSTP는 CTRL+Z로 생성하여 터미널을 정지시키는 문자이다.,SIGHUP는 터미널에서 접속이 끊겼을 때 CTRL+Q로 프로세스를 재시작한다.,SIGINT는 CTRL+C로 실행을 중지시키는 문자이다.,SIGQUIT는 CTRL+⧹로 종료 요청과 함께 코어 덤프를 생성한다.,2,,,"SIGHUP는 Hangup 시그널로 전화선이 끊어졌을 때 발생한다. 즉, 디폴트 액션은 종료를 취하며, 변화된 내용을 적용하기 위해 재시작할 때 사용하며, 입력 명령어는 따로 존재하지 않는다. 또한, CTRL+Q라는 단축키는 존재하지도 않는다.",medium,,임베디드 기사|필기|기출,임베디드기사 2025-08-01 문제 10,2025,,,,,embedded-engineer
WRITTEN_CBT,임베디드 플랫폼,리눅스의 SIGCHLD 시그널에 대한 설명으로 옳지 않은 것은? [완전 신출],자식 프로세스가 좀비가 되는 것을 막기 위해서 wait 또는 waitpid 함수를 사용한다.,자식 프로세스가 종료될 경우 종료 상태를 부모 프로세스에게 보내지 않는다.,자식 프로세스가 종료되면 SIGCHLD_HANDLER함수를 통해 시그널 핸들러를 수행한다.,자식보다 부모가 먼저 종료될 경우 데몬 프로세스가 새로운 부모 프로세스가 되어 고아 프로세스가 작업을 마치고 종료될 수 있도록 한다.,2,,,"자식 프로세스가 종료될 경우 종료 상태를 부모에게 자동으로 보낸다. 이것이 SIGCHLD 시그널이다. 하지만, 자식 프로세스에 발생한 결함은 부모에게 전파되지 않는다. 반면, 스레드에서는 자식 스레드에 결함 발생시 부모 스레드로 전파된다.",medium,,임베디드 기사|필기|기출,임베디드기사 2025-08-01 문제 11,2025,,,,,embedded-engineer
WRITTEN_CBT,임베디드 플랫폼,다음의 리눅스 부팅과정 5단계 순서를 옳게 나열한 것은? [완전 신출],ㄱ → ㄴ → ㄷ → ㄹ → ㅁ,ㄱ → ㄹ → ㄷ → ㅁ → ㄴ,ㄱ → ㄷ → ㄹ → ㄴ → ㅁ,ㄱ → ㅁ → ㄹ → ㄴ → ㄷ,3,,,"일단, init가 맨 마지막에 수행됨을 안다면 1,3번만 남게 된다. 그리고 커널도 부트로드와 바이오스 과정을 모두 거쳐야 실행될 수 있으므로 답은 3번이 된다.",medium,,임베디드 기사|필기|기출,임베디드기사 2025-08-01 문제 12,2025,"ㄱ. 시스템 전원 공급
ㄴ. 커널 단계
ㄷ. BIOS 단계
ㄹ. 부트로드 단계
ㅁ. init 프로세스 단계",,,,embedded-engineer
WRITTEN_CBT,임베디드 펌웨어,LVM(Logical Volume Management)에 대한 설명으로 옳지 않은 것은? [완전 신출],작은 용량의 저장 장치를 하나의 장치처럼 사용하는 기능을 제공한다.,여러 장치를 묶어서 하나의 장치로 표현될 때 사용한다.,합쳐진 하나의 디바이스 사이즈 조정이 자유롭다.,볼륨이 깨지거나 운영 체제가 손상되더라도 자료 복구가 용이하다.,4,,,"LVM은 서로 다른 디바이스를 하나로 묶어서 직관적으로 저장 장치에 접근할 수
있도록 하는 장점이 있으나, 볼륨이 깨지거나 운영 체제가 손상되는 경우 자료 복구가
어렵다는 단점이 존재한다. 이러한 LVM의 단점을 보완하기 위해 현재는 RAID방식을
더 많이 사용한다.",medium,,임베디드 기사|필기|기출,임베디드기사 2025-08-01 문제 13,2025,,,,,embedded-engineer
WRITTEN_CBT,임베디드 하드웨어,동적 메모리를 할당하는 함수와 일반적인 커널 메모리를 의미하는 플래그를 옳게 짝지은 것은? [완전 신출],vmalloc – GFP_KERNEL,kmalloc – GFP_KERNEL,vmalloc – GFP_ATOMIC,kmalloc – GFP_ATOMIC,2,,,"동적 메모리를 할당하는 함수는 kmalloc으로 2,4번 중 하나인데, 일반적인 커널 메모리라고 하였으므로 GFP_KERNEL이 된다. GFP_ATOMIC은 GFP_KERNEL 플래그 사용시 Sleep모드에 빠질 경우 사용하는 긴급상황용 메모리이다.",medium,,임베디드 기사|필기|기출,임베디드기사 2025-08-01 문제 14,2025,,,,,embedded-engineer
WRITTEN_CBT,임베디드 플랫폼,리눅스 쉘 로그인 과정을 옳게 나열한 것은? [완전 신출],/etc/profile → /etc/bashrc → ~/.bashrc → ~/.bash_profile,/etc/profile → ~/.bagh_profile → /etc/bashrc → ~/.bashrc,/etc/bashrc → ~/.bashrc → /etc/profile → ~/.bash_profile,/etc/bashrc → /etc/profile → ~/.bashrc → ~/.bash_profile,1,,,"설정에 필요한 파일이 있는 디렉토리에 먼저 접근해야 하므로 1,4번 중 하나인데, /etc/profile에 먼저 접근해야 하므로 답은 1번이다. 사람에 대해 파악할 때 프로필을 먼저 봐야 파악할 수 있는 것과 비슷하다고 연상하면 편하다.",medium,,임베디드 기사|필기|기출,임베디드기사 2025-08-01 문제 15,2025,,,,,embedded-engineer
WRITTEN_CBT,임베디드 하드웨어,리눅스에서 stat() 함수에 대한 설명으로 옳은 것은? [완전 신출],"리눅스의 프로세스, 메모리, 페이징, I/O 블록의 상태를 출력한다.","실시간으로 CPU, 메모리 사용량 등 시스템 자원 사용 현황과 프로세스 목록을 보여준다.",디렉토리나 파일의 상세 정보를 출력한다.,"CPU 아키텍쳐, 코어 수, 스레드 수 등 CPU 상세 정보를 보여준다.",3,,,"1번은 vmstat함수, 2번은 top함수, 4번은 iscpu함수에 대한 설명이다.",medium,,임베디드 기사|필기|기출,임베디드기사 2025-08-01 문제 16,2025,,,,,embedded-engineer
WRITTEN_CBT,임베디드 하드웨어,"0~3V에서 3비트 A/D변환할 때, 1LSB는 약 몇 V인가? [2019년 26번 그대로]",0.125V,0.375V,0.429V,0.667V,2,,,,medium,,임베디드 기사|필기|기출,임베디드기사 2025-08-01 문제 17,2025,,,,,embedded-engineer
WRITTEN_CBT,임베디드 플랫폼,리눅스에서 사용하는 쉘(shell)이 아닌 것은?,윈 쉘(WIn shell),배시 쉘(Bash shell),대시 쉘(Dash shell),본 쉘(Bourne shell),1,,,,medium,,임베디드 기사|필기|기출,임베디드기사 2025-08-01 문제 18,2025,,,,,embedded-engineer
WRITTEN_CBT,임베디드 하드웨어,JTAG 레지스터에 속하지 않는 것은? [완전 신출],Identification register,boundary register,Bypass register,Instruction register,2,,,boundary register는 존재하지 않으나 boundary-scan register는 존재한다. 그 외에도 internal register가 있다.,medium,,임베디드 기사|필기|기출,임베디드기사 2025-08-01 문제 19,2025,,,,,embedded-engineer
WRITTEN_CBT,임베디드 소프트웨어,다음 C언어의 실행 결과로 옳은 것은? [완전 신출],화면에는 HelloWorld 메시지가 출력된다.,화면에는 아무런 메시지도 출력되지 않는다.,타겟에서 hello 프로그램을 실행한다.,프로그램 실행시 CPU에 오류 메시지가 발생된다.,2,,,"다음은 PC에서 작성한 C코드를 ARM 계열 타깃 보드에서 실행하기 위한 크로스 컴파일 환경을 구성하기 위한 테스트 컴파일을 위한 코드의 일부분이다. C언어를 모르면 두 번째 줄의 printf부분만 보고 1번으로 오답을 고를 수도 있는데, 소스코드에 오류가 없으므로 화면에는 아무런 메시지가 출력되지 않는다. 타겟에서 hello 프로그램을 실행하려면 호스트에서 컴파일된 프로그램을 타겟으로 복사하는 과정을 거쳐야 하므로 답은 2번이 된다.",medium,,임베디드 기사|필기|기출,임베디드기사 2025-08-01 문제 20,2025,"#include<stdio.h>
int main(void)
{
printf(“HelloWorld\n”)
return 0;
}
#arm-linux-gcc –o hello hello.c",,,,embedded-engineer
WRITTEN_CBT,임베디드 플랫폼,TCP/UDP 네트워크 67번 포트의 프로토콜로 옳은 것은? [완전 신출],LDAP,DHCP,POP3,IMAP4,2,,,"LDAP는 389번 포트, POP3는 110번 포트, IMAP4는 993번 포트를 사용한다.",medium,,임베디드 기사|필기|기출,임베디드기사 2025-08-01 문제 21,2025,,,,,embedded-engineer
WRITTEN_CBT,임베디드 하드웨어,리눅스 교차 개발 환경에 대한 설명으로 옳지 않은 것은? [완전 신출],HOST와 TARGET에서 사용하는 마이크로프로세서가 서로 다를 때 실행할 수 있는 환경이다.,다음 환경에서 사용하는 컴파일러는 네이티브 컴파일러라고도 한다.,"툴 체인은 크로스 컴파일러, 크로스 어셈블러, 크로스 링커, 로케이터로 구성된다.",호스트에서 타켓에서 실행될 프로그램을 개발하는데 필요한 환경을 툴체인이라 한다.,2,,,"네이티브 컴파일러는 소프트웨어가 개발되는 환경과 실행되는 환경이 같을 때 사용하는 컴파일러로, 크로스 컴파일러가 개발,실행환경이 서로 다를 때 사용하는 컴파일러와 상반되므로 오답이다.",medium,,임베디드 기사|필기|기출,임베디드기사 2025-08-01 문제 22,2025,,,,,embedded-engineer
WRITTEN_CBT,임베디드 플랫폼,"다음 리눅스 명령어 실행 중 일반 사용자 계정인 user 계정으로 로그인하여 퍼미션 인증 결과 다음과 같은 실행 결과가 도출되고, 비밀번호를 변경할 수 없는 상태라고 한다. 파일 비밀번호 변경을 위해서 입력해야 하는 명령어로 옳은 것은? [완전 신출]",chown 4764 file1 chown u+s file 2,chmod 764 file1 chmod u+s file 2,chmod 4764 file1 chmod u+s file 2,chown 764 file1 chown u+s file 2,3,,,"세부 구문이나 조건의 정확도는 100% 장담까지는 못하나 인터넷 서칭하다가 매우 흡사한 구문이 있어 생각난 문제이다. 일단 4000번은 SetUID의 특별한 퍼미션에 해당하는 절대 표현 모드이므로 무조건 1,3번 중 하나가 답이다. 일반 퍼미션(764,655 등)으로는 비밀번호 수정 권한을 부여할 수가 없다. 또한, chown은 권한을 허가하는 명령어가 아닌 파일 또는 디렉토리의 소유자 그룹 변경 명령어이므로 3번이 답이 된다.",medium,,임베디드 기사|필기|기출,임베디드기사 2025-08-01 문제 23,2025,"[root@localhost tmp] #touch file1 file2
-rwrx-rw—r 1 root root 0 2020년 11월 20 16:40 file1
-rw-r-xr-x 1 root root 0 2020년 11월 20 16:40 file 2",,,,embedded-engineer
WRITTEN_CBT,임베디드 하드웨어,JK 플립플롭을 다음 [그림]과 같이 연결하여 클록펄스를 인가하면 출력 Q의 동작 상태는?,toggle,reset,set,race,1,,,,medium,/static/images/Engineer_Embedded/20250801/rId9.png,임베디드 기사|필기|기출,임베디드기사 2025-08-01 문제 25,2025,,,,,embedded-engineer
WRITTEN_CBT,임베디드 소프트웨어,소프트웨어 공학에 대한 설명으로 가장 적합한 것은?,"소프트웨어의 설계, 제작, 운영에 있어서 인간적인 요소를 배제한 프로그래밍 자체에 대한 공학적 연구를 의미한다.",소프트웨어의 공학적이고 기술적인 영향을 사회 경제적인 시각에서만 설명한다.,"소프트웨어의 제작부터 운영까지 생산성을 높이기 위해 기술적, 인간적인 요소에 대한 방법론을 제공한다.",소프트웨어의 위기를 해결하기 위해서 현재 이미 해결된 문제들에 대해서 역사적 관점을 설명한다.,3,,,,medium,,임베디드 기사|필기|기출,임베디드기사 2025-08-01 문제 26,2025,,,,,embedded-engineer
WRITTEN_CBT,임베디드 기사 출제기준,3단계 명령어 파이프라인에서 해당되지 않는 단계는?,인출 (Fetch),해독 (Decode),데이터읽기(Memory),실행 (Execute),3,,,,medium,,임베디드 기사|필기|기출,임베디드기사 2025-08-01 문제 27,2025,,,,,embedded-engineer
WRITTEN_CBT,임베디드 하드웨어,ARM 프로세서의 레지스터 중에서 복귀할 프로그램 영역의 주소 값을 저장하고 있는 레지스터는? [2015년 4회 18번 문제와 동일],CPSR(Current Program Status Register),SP(Stack Pointer),LR(Link Register),PC(Program Counter),3,,,,medium,,임베디드 기사|필기|기출,임베디드기사 2025-08-01 문제 28,2025,,,,,embedded-engineer
WRITTEN_CBT,임베디드 하드웨어,버스의 클록 주파수가 100MHz이고 데이터의 폭이 64비트일 때 버스의 대역폭은? [2024년 4회 10번 복원문제와 동일],200[Mbyte/sec],400[Mbyte/sec],1600[Mbyte/sec],800[Mbyte/sec],4,,,,medium,,임베디드 기사|필기|기출,임베디드기사 2025-08-01 문제 29,2025,,,,,embedded-engineer
WRITTEN_CBT,임베디드 소프트웨어,다음 트리를 후위 순회(Postorder Traversal)하였을 때 데이터 접근 순서는?,A → B → E → C → D → F → G,C → D → B → A → F → G → E,C → D → B → F → G → E → A,C → B → D → A → F → E → G,3,,,,medium,/static/images/Engineer_Embedded/20250801/rId10.png,임베디드 기사|필기|기출,임베디드기사 2025-08-01 문제 30,2025,,,,,embedded-engineer
WRITTEN_CBT,임베디드 하드웨어,"과목: 2015년 4회 73번 문제와 동일
중앙처리장치의 구성요소 중에서 프로그램 실행 도중 분기가 발생할 때 가장 먼저 내용을 변화시켜주어야 하는 것은 어느 것인가? [2019년 4회 2번 문제와 동일]",명령레지스터,프로그램카운터,누산기,인덱스 레지스터,2,,,,medium,,임베디드 기사|필기|기출,임베디드기사 2025-08-01 문제 33,2025,,,,,embedded-engineer
WRITTEN_CBT,임베디드 소프트웨어,"과목: 2015년 4회 73번 문제와 동일
JAVA 언어에서 float형 선언으로 옳은 것은? [2019년 4회 61번 문제와 동일]",float f = 3.0e5D;,float f = 3.14;,float f = 3.05d;,float f = 2.05f;,4,,,,medium,,임베디드 기사|필기|기출,임베디드기사 2025-08-01 문제 34,2025,,,,,embedded-engineer
WRITTEN_CBT,임베디드 소프트웨어,"과목: 2015년 4회 73번 문제와 동일
C언어에서 연산자 우선순위가 가장 낮은 것은? [2019년 4회 65번 문제와 동일]",!,==,&&,%,3,,,,medium,,임베디드 기사|필기|기출,임베디드기사 2025-08-01 문제 35,2025,,,,,embedded-engineer
WRITTEN_CBT,임베디드 소프트웨어,"과목: 2015년 4회 73번 문제와 동일
다음 JAVA 소스코드의 실행 결과는? [2019년 4회 75번 문제와 동일]",i = 5,i = 0,i = -1,Conpile 오류,4,,,,medium,,임베디드 기사|필기|기출,임베디드기사 2025-08-01 문제 36,2025,"public class myClass
{
int i;
public static void main(String args[])
{
System.out.println(“i = ” + 1);
}
}",,,,embedded-engineer
WRITTEN_CBT,임베디드 소프트웨어,"과목: 2015년 4회 73번 문제와 동일
소트프웨어 개발 단계 중 요구분석 단계에 대한 설명이 아닌 것은? [2019년 4회 80번 문제와 동일]",소프트웨어 개발의 실질적 첫 단계이다.,소프트웨어가 수행해야 하는 기능을 기술하는 단계이다.,문제점의 해결을 위해 목표를 명확히 도출하는 단계이다.,소프트웨어 내부 구조를 기술하는 단계이다.,4,,,,medium,,임베디드 기사|필기|기출,임베디드기사 2025-08-01 문제 37,2025,,,,,embedded-engineer
WRITTEN_CBT,임베디드 하드웨어,"과목: 2015년 4회 73번 문제와 동일
CPU 스케줄링 알고리즘을 선택하기 위한 기준이 아닌 것은? [2022년 4회 6번 복원문제와 동일]",CPU 이용률,총 처리 시간,대입시간,응답시간,3,,,,medium,,임베디드 기사|필기|기출,임베디드기사 2025-08-01 문제 38,2025,,,,,embedded-engineer
WRITTEN_CBT,임베디드 소프트웨어,"과목: 2015년 4회 73번 문제와 동일
C언어의 기억 클래스 종류가 아닌 것은? [2022년 4회 14번 복원문제와 동일]",static variables,internal variables,register variables,automatic variables,2,,,,medium,,임베디드 기사|필기|기출,임베디드기사 2025-08-01 문제 39,2025,,,,,embedded-engineer
WRITTEN_CBT,임베디드 소프트웨어,"과목: 2015년 4회 73번 문제와 동일
Printf() 함수의 데이터 표현 중 변수의 주소(포인터 값)를 출력할 수 있는 형식은? [2022년 4회 18번 복원문제와 동일]",%p,%d,%u,%c,1,,,,medium,,임베디드 기사|필기|기출,임베디드기사 2025-08-01 문제 42,2025,,,,,embedded-engineer
WRITTEN_CBT,임베디드 펌웨어,"과목: 2015년 4회 73번 문제와 동일
디바이스 드라이버에서 커널 타이머 사용시 관계없는 함수는? [2022년 4회 19번 복원문제와 동일]",init_timer(),add_timer(),del_timer(),create_timer(),4,,,,medium,,임베디드 기사|필기|기출,임베디드기사 2025-08-01 문제 43,2025,,,,,embedded-engineer
WRITTEN_CBT,임베디드 펌웨어,"과목: 2015년 4회 73번 문제와 동일
리눅스 커널 소스 중 플랫폼에 의존적인 코드를 모아 놓은 디렉토리는? [2022년 4회 22번 문제와 동일]",fs,lib,arch,mm,3,,,,medium,,임베디드 기사|필기|기출,임베디드기사 2025-08-01 문제 44,2025,,,,,embedded-engineer
WRITTEN_CBT,임베디드 플랫폼,"과목: 2015년 4회 73번 문제와 동일
운영체제가 다른 컴퓨터의 파일 시스템을 이용하기 위한 파일공유가 목적인 것은? [2022년 4회 20번 문제와 동일]",NFS,TFTP,MISC,ADB,1,,,,medium,,임베디드 기사|필기|기출,임베디드기사 2025-08-01 문제 45,2025,,,,,embedded-engineer
WRITTEN_CBT,임베디드 하드웨어,"과목: 2015년 4회 73번 문제와 동일
기억장치의 접근속도가 0,5us이고 데이터 워드가 32비트일 때 대역폭은?[2022년 4회 23번 문제와 동일]",8Mbps,16Mbps,32Mbps,64Mbps,4,,,,medium,,임베디드 기사|필기|기출,임베디드기사 2025-08-01 문제 46,2025,,,,,embedded-engineer
WRITTEN_CBT,임베디드 하드웨어,1-주소 방식에서 연산값을 저장하는 장소로 옳은 것은?,어큐뮬레이터,스택,PC,큐,1,,,,medium,,임베디드 기사|필기|기출,임베디드기사 2024-07-01 문제 1,2024,,,,,embedded-engineer
WRITTEN_CBT,임베디드 하드웨어,"다음 F(A, B, C) = (0, 2, 4, 5, 6)의 간소화 결과로 옳은 것은?",A’+BC’,AB’+C’,A’B+C,AC’+B,2,,,,medium,,임베디드 기사|필기|기출,임베디드기사 2024-07-01 문제 2,2024,,,,,embedded-engineer
WRITTEN_CBT,임베디드 하드웨어,다음 중 DVFS(Dynamic Voltage Frequency Scaling)에 대한 설명으로 옳지 않은 것은?,장치들이 동작하는 동안 소비전력을 줄일수 없는 ACPI의 한계를 극복하기 위해 나온 기술이다.,동작주파수와 전력소모량은 꼭 선형 관계를 가지는 것은 아니다.,전압관리 뿐만 아니라 동작조건에 따라 전압과 주파수를 동시에 관리한다.,낮은 전압을 인가하고 구동 주파수를 내리면서도 처리 명령어의 숫자를 증가시킬 수 있다.,4,,,,medium,,임베디드 기사|필기|기출,임베디드기사 2024-07-01 문제 3,2024,,,,,embedded-engineer
WRITTEN_CBT,임베디드 하드웨어,Big-endian의 설명으로 옳은 것은?,2바이트 이상의 데이터 저장 시 하위 바이트가 먼저 저장된다.,2바이트 이상의 데이터 저장 시 상위 바이트가 먼저 저장된다.,4바이트 데이터 저장 시 중간바이트가 먼저 저장된다.,"4바이트 데이터 저장 시 하위, 상위, 중간바이트 순으로 저장된다.",2,,,,medium,,임베디드 기사|필기|기출,임베디드기사 2024-07-01 문제 4,2024,,,,,embedded-engineer
WRITTEN_CBT,임베디드 하드웨어,버스의 클록 주파수가 100MHz이고 데이터의 폭이 64비트일 때 버스의 대역폭은?,200[Mbyte/sec],400[Mbyte/sec],1600[Mbyte/sec],800[Mbyte/sec],4,,,,medium,,임베디드 기사|필기|기출,임베디드기사 2024-07-01 문제 5,2024,,,,,embedded-engineer
WRITTEN_CBT,임베디드 하드웨어,"직렬로 연결하는 LED에 보호저항을 장착하려 한다. 총 전압은 5V, 순방향 전압강하는 1.6V, 전류 한계가 36mA일 때, 가장 적절한 저항 값은?",80 Ω,90 Ω,100 Ω,110 Ω,3,,,,medium,,임베디드 기사|필기|기출,임베디드기사 2024-07-01 문제 6,2024,,,,,embedded-engineer
WRITTEN_CBT,임베디드 하드웨어,서미스터(thermistor)라는 트랜스듀서에서 온도변화에 응답하는 요인은?,전압,전류,커패시터,저항,4,,,,medium,,임베디드 기사|필기|기출,임베디드기사 2024-07-01 문제 8,2024,,,,,embedded-engineer
WRITTEN_CBT,임베디드 하드웨어,순차회로를 해석하기 위해 반드시 필요한 요소가 아닌 것은?,집적회로 소자의 특성,플립플롭의 입력 함수,상태표,상태 다이어그램,1,,,,medium,,임베디드 기사|필기|기출,임베디드기사 2024-07-01 문제 9,2024,,,,,embedded-engineer
WRITTEN_CBT,임베디드 하드웨어,VHDL의 기본 문법에 대한 설명으로 틀린 것은?,VHDL은 대소문자를 구분하지 않는다.,문장 간의 구별은 콜론(:)으로 표시한다.,‘- -’이후는 해당 줄의 끝까지 주석 처리가 된다.,문장의 첫 문자로 숫자 또는 특수 문자를 사용할 수 없다.,2,,,,medium,,임베디드 기사|필기|기출,임베디드기사 2024-07-01 문제 10,2024,,,,,embedded-engineer
WRITTEN_CBT,임베디드 하드웨어,각 10진수에 대한 8421코드와 2421코드를 바르게 나타낸 것은?,10진수 : 3 / 8421코드 : 0011 / 2421코드 : 0010,10진수 : 5 / 8421코드 : 0101 / 2421코드 : 1011,10진수 : 7 / 8421코드 : 0111 / 2421코드 : 1110,10진수 : 9 / 8421코드 : 1001 / 2421코드 : 1101,2,,,,medium,,임베디드 기사|필기|기출,임베디드기사 2024-07-01 문제 11,2024,,,,,embedded-engineer
WRITTEN_CBT,임베디드 하드웨어,"ARM 프로세서의 레지스터 중에서 복귀할 프로그램 영역의 주소 값을 저장하고 있는
레지스터는?",SP,LR,PC,CPSR,2,,,,medium,,임베디드 기사|필기|기출,임베디드기사 2024-07-01 문제 12,2024,,,,,embedded-engineer
WRITTEN_CBT,임베디드 하드웨어,4-단계 명령어 파이프라인에서 15개의 명령어를 처리한다고 한다. 도입 전에 비해 도입 후에 몇 배의 속도 향상을 기대할 수 있는가?,2.5배,3.5배,1.5배,4배,2,,,,medium,,임베디드 기사|필기|기출,임베디드기사 2024-07-01 문제 13,2024,,,,,embedded-engineer
WRITTEN_CBT,임베디드 펌웨어,다음 [그림]에서 OS 부트과정 순서로 옳은 것은?,㉠ - ㉢ - ㉣ - ㉡,㉡ - ㉢ - ㉠ - ㉣,㉣ - ㉡ - ㉢ - ㉠,㉣ - ㉠ - ㉢ - ㉡,3,,,,medium,/static/images/Engineer_Embedded/20240701/rId8.png,임베디드 기사|필기|기출,임베디드기사 2024-07-01 문제 21,2024,,,,,embedded-engineer
WRITTEN_CBT,임베디드 펌웨어,리눅스 커널 소스 중 플랫폼에 의존적인 코드를 모아놓은 디렉토리는?,fs,lib,arch,mm,3,,,,medium,,임베디드 기사|필기|기출,임베디드기사 2024-07-01 문제 22,2024,,,,,embedded-engineer
WRITTEN_CBT,임베디드 펌웨어,임베디드 리눅스에서 새로 작성한 커널 모듈을 이미 동작 중인 커널에 적재하려고 한다. 이 때 사용하는 명령어는?,lsmod,rmmod,insmod,mknod,3,,,,medium,,임베디드 기사|필기|기출,임베디드기사 2024-07-01 문제 23,2024,,,,,embedded-engineer
WRITTEN_CBT,임베디드 펌웨어,세마포어(semaphore)에 관한 설명으로 옳은 것은?,두 개 이상의 프로세스가 두 개 이상의 자원을 각각 사용하도록 하드웨어를 구성하는 것을 말한다.,두 개 이상의 프로세스가 한 개의 자원을 동시에 사용 불가능하기 때문에 한 프로세서가 자원을 활용할 떄 다른 프로세서를 대기시키는 방법이다.,필요한 자원을 개수만큼 생성시켜 사용하도록 하는 방법으로 메모리가 많이 소요된다.,한 영역의 메모리에서 다른 영역의 메모리로 빠른 속도로 액세스하도록 하는 방법이다.,2,,,,medium,,임베디드 기사|필기|기출,임베디드기사 2024-07-01 문제 24,2024,,,,,embedded-engineer
WRITTEN_CBT,임베디드 펌웨어,네트워크 파일 시스템을 이용할 때 일반적인 장점이 아닌 것은?,호스트 시스템에서 작업한 것을 다운로드 과정 없이 타깃 시스템에서 사용할 수 있다.,클라이언트 시스템의 리눅스 파일시스템 위에서 호스트 시스템의 파일에 접근하고 실행하는 것이 가능하다.,장치 파일과 같은 특수 파일도 네트워크 파일 시스템에 연결된 디렉토리에서 생성할 수 있다.,램 디스크 상에 올리기에 너무 큰 파일도 네트워크 파일 시스템상에서는 호스트의 기억 용량에 의존하기 때문에 쉽게 처리할 수 있다.,1,,,,medium,,임베디드 기사|필기|기출,임베디드기사 2024-07-01 문제 25,2024,,,,,embedded-engineer
WRITTEN_CBT,임베디드 하드웨어,10진수 356에 대한 BCD 코드를 구하면?,0011 0101 0110,1101 0110 0011,1000 0101 0110,1010 0110 0101,1,,,,medium,,임베디드 기사|필기|기출,임베디드기사 2022-09-01 문제 2,2022,,,,,embedded-engineer
WRITTEN_CBT,임베디드 플랫폼,네트워크에 관한 설명 중 틀린 것은?,이더넷은 가장 대표적인 초광대역(UWB) 무선기술이다.,와이파이는 무선 데이터 전송 시스템을 지칭한다.,이더넷은 CSMA/CD 방식을 사용한다.,와이파이는 초고속 인터넷 망에 무선접속장치를 설치해 노트북이나 스마트폰 등을 통해 무선으로 인터넷을 연결할 수 있다.,1,,,,medium,,임베디드 기사|필기|기출,임베디드기사 2022-09-01 문제 3,2022,,,,,embedded-engineer
WRITTEN_CBT,임베디드 플랫폼,자식 프로세스가 좀비상태가 되었다. 이를 제거하려면 부모 프로세스는 어떤 함수를 사용해야 하는가?,unlink,fcntl,waitpid,system,3,,,,medium,,임베디드 기사|필기|기출,임베디드기사 2022-09-01 문제 4,2022,,,,,embedded-engineer
WRITTEN_CBT,임베디드 플랫폼,리눅스에서 파일 및 디렉토리가 소속된 그룹을 변경하기 위해 사용하는 명령어는?,update,chmod,mask,chgrp,4,,,,medium,,임베디드 기사|필기|기출,임베디드기사 2022-09-01 문제 5,2022,,,,,embedded-engineer
WRITTEN_CBT,임베디드 하드웨어,CPU 스케줄링 알고리즘을 선택하기 위한 기준이 아닌 것은?,CPU 이용률,총처리 시간,대입시간,응답시간,3,,,,medium,,임베디드 기사|필기|기출,임베디드기사 2022-09-01 문제 6,2022,,,,,embedded-engineer
WRITTEN_CBT,임베디드 플랫폼,DHCP에서 MAC 주소를 이용해 서버나 호스트의 위치를 알아 낼 때 사용하는 프로토콜은?,ARP,TCP,IGRP,ICP,1,,,,medium,,임베디드 기사|필기|기출,임베디드기사 2022-09-01 문제 7,2022,,,,,embedded-engineer
WRITTEN_CBT,임베디드 소프트웨어,C언어에서 배열 a[5] 값은?,0,1,2,3,1,,,,medium,,임베디드 기사|필기|기출,임베디드기사 2022-09-01 문제 8,2022,"static int a[8]={1, 2, 3};",,,,embedded-engineer
WRITTEN_CBT,임베디드 소프트웨어,"스택에서 순서화된 원소 A,B,C,D에 대하여 출력결과가 C,D,B,A일 때 수행순서는?","push, push, push, pop, push, pop, pop, pop","push, pop, push, pop, push, push, pop, pop","push, push, pop, push, push, pop, pop, pop","pop, push, pop, push, push, pop, pop, push",1,,,,medium,,임베디드 기사|필기|기출,임베디드기사 2022-09-01 문제 9,2022,,,,,embedded-engineer
WRITTEN_CBT,임베디드 소프트웨어,C언어에서 연산자 우선 순위가 가장 낮은 것은?,!,==,&&,%,3,,,,medium,,임베디드 기사|필기|기출,임베디드기사 2022-09-01 문제 10,2022,,,,,embedded-engineer
WRITTEN_CBT,임베디드 소프트웨어,객체지향기법에서 캡슐화에 대한 설명으로 옳지 않은 것은?,응집도가 높아진다.,재사용이 용이하다.,결합도가 높아진다.,인터페이스를 단순화시킬 수 있다.,3,,,,medium,,임베디드 기사|필기|기출,임베디드기사 2022-09-01 문제 11,2022,,,,,embedded-engineer
WRITTEN_CBT,임베디드 소프트웨어,다음 트리를 후위 순회(Postorder Traversal)하였을 때 데이터 접근 순서는?,A → B → E → C → D → F → G,C → D → B → A → F → G → E,C → D → B → F → G → E → A,C → B → D → A → F → E → G,3,,,,medium,/static/images/Engineer_Embedded/20220901/rId7.png,임베디드 기사|필기|기출,임베디드기사 2022-09-01 문제 12,2022,,,,,embedded-engineer
WRITTEN_CBT,임베디드 소프트웨어,소프트웨어 개발 방법론에서 구현에 대한 설명으로 가장 적합한 것은?,시스템이나 소프트웨어 요구사항을 정의하는 과정이다.,요구사항 분석 과정 중 모아진 요구사항을 옮기는 과정이다.,시스템이 무슨 기능을 수행하는지에 대한 시스템의 목표를 기술하는 과정이다.,설계 명세서에 따라 컴퓨터가 이해할 수 있는 모습으로 변환되는 프로그래밍 또는 코딩 과정이다.,3,,,,medium,,임베디드 기사|필기|기출,임베디드기사 2022-09-01 문제 13,2022,,,,,embedded-engineer
WRITTEN_CBT,임베디드 소프트웨어,C언어의 기억 클래스 종류가 아닌 것은?,static variables,internal variables,register variables,automatic variables,2,,,,medium,,임베디드 기사|필기|기출,임베디드기사 2022-09-01 문제 14,2022,,,,,embedded-engineer
WRITTEN_CBT,임베디드 소프트웨어,블랙박스 검사에 대한 설명으로 옳지 않은 것은?,각 기능이 완전히 작동되는 것을 입증하는 검사이다,동치 분할 검사는 논리적인 조건과 대응하는 행동을 간략히 표현할 수 있도록 하는 검사 사례 설계 기법이다.,"인터페이스 결함, 성능 결함, 초기화와 종료 이상 결함 등을 찾아 낸다",경계 값 분석은 입력의 경계 값에서 발생하는 오류를 제거하기 위한 검사 기법이다,2,,,,medium,,임베디드 기사|필기|기출,임베디드기사 2022-09-01 문제 15,2022,,,,,embedded-engineer
WRITTEN_CBT,임베디드 소프트웨어,다음 그림에서 트리의 차수는?,1,2,3,6,2,,,,medium,/static/images/Engineer_Embedded/20220901/rId8.png,임베디드 기사|필기|기출,임베디드기사 2022-09-01 문제 16,2022,,,,,embedded-engineer
WRITTEN_CBT,임베디드 소프트웨어,객체지향 분석 기법 중 다음 설명에 해당하는 것은?,Booch 방법,Wirfs-Brock 방법,Jacobson 방법,Coad와 Yourdon 방법,1,,,,medium,,임베디드 기사|필기|기출,임베디드기사 2022-09-01 문제 17,2022,"미시적 개발 프로세스와 거시적 개발 프로세스를 모두 포함한다.
클래스와 객체들을 분석 및 식별하고 클래스의 속성과 연산을 정의한다.
클래스와 객체들의 관계를 식별한다.",,,,embedded-engineer
WRITTEN_CBT,임베디드 소프트웨어,Printf() 함수의 데이터 표현 중 변수의 주소(포인터 값)를 출력할 수 있는 형식은?,%p,%d,%u,%c,1,,,,medium,,임베디드 기사|필기|기출,임베디드기사 2022-09-01 문제 18,2022,,,,,embedded-engineer
WRITTEN_CBT,임베디드 펌웨어,디바이스 드라이버에서 커널 타이머 사용 시 관계없는 함수는?,init_timer(),add_timer(),del_timer(),create_timer(),4,,,,medium,,임베디드 기사|필기|기출,임베디드기사 2022-09-01 문제 19,2022,,,,,embedded-engineer
WRITTEN_CBT,임베디드 플랫폼,운영체제가 다른 컴퓨터의 파일 시스템을 이용하기 위한 파일공유가 목적인 것은?,NFS,TFTP,MISC,ADB,1,,,,medium,,임베디드 기사|필기|기출,임베디드기사 2022-09-01 문제 20,2022,,,,,embedded-engineer
WRITTEN_CBT,임베디드 펌웨어,디바이스 드라이버의 처리 루틴에 해당하지 않는 것은?,장치에서 수집 된 데이터를 처리하여 필요한 곳에 전달한다.,인터럽트를 처리하여 응용 프로그램에 전달한다.,GUI 환경을 실시간 처리한다.,입출력 포트의 데이터를 응용 프로그램에 송수신한다.,3,,,,medium,,임베디드 기사|필기|기출,임베디드기사 2022-09-01 문제 21,2022,,,,,embedded-engineer
WRITTEN_CBT,임베디드 펌웨어,리눅스 커널 소스 중 플랫폼에 의존적인 코드를 모아 놓은 디렉토리는?,fs,lib,arch,mm,3,,,,medium,,임베디드 기사|필기|기출,임베디드기사 2022-09-01 문제 22,2022,,,,,embedded-engineer
WRITTEN_CBT,임베디드 하드웨어,기억장치의 접근속도가 0.5us이고 데이터 워드가 32비트일 때 대역폭은?,8Mbps,16Mbps,32Mbps,64Mbps,4,,,,medium,,임베디드 기사|필기|기출,임베디드기사 2022-09-01 문제 23,2022,,,,,embedded-engineer
WRITTEN_CBT,임베디드 하드웨어,실제 소프트웨어가 수행될 시스템과 개발하는 시스템이 다른 개발환경을 말하는 것으로 일반적으로 임베디드 개발에 필요한 환경을 무엇이라 하는가?,네트워크 개발 환경,정적 개발 환경,교차 개발 환경,동적 개발 환경,3,,,,medium,,임베디드 기사|필기|기출,임베디드기사 2021-09-12 문제 1,2021,,,,,embedded-engineer
WRITTEN_CBT,임베디드 하드웨어,USB 데이터 전송에서 NRZI(Non-Return-to-Zero-Inverted) 부호방식이 사용된다면 데이터가 1001100011일 떄 NBIZ 부호는?,1001100011,0110011100,1001100010,1011101000,4,,,,medium,,임베디드 기사|필기|기출,임베디드기사 2021-09-12 문제 2,2021,,,,,embedded-engineer
WRITTEN_CBT,임베디드 하드웨어,다음 그림과 같이 4개의 입력 중 하나를 선택하는 선택기를 제어하기 위해 제어 입력 Z는 몇 비트여야 하는가?,1,2,3,4,2,,,,medium,/static/images/Engineer_Embedded/20210912/rId8.png,임베디드 기사|필기|기출,임베디드기사 2021-09-12 문제 4,2021,,,,,embedded-engineer
WRITTEN_CBT,임베디드 하드웨어,가장 높은 인터럽트 우선순위를 가지는 것은?,SVC,정전*,기계고장,프로그램 체크,2,,,,medium,,임베디드 기사|필기|기출,임베디드기사 2021-09-12 문제 5,2021,,,,,embedded-engineer
WRITTEN_CBT,임베디드 하드웨어,다음 문제 이미지를 보고 답하세요.,0.5,0.75,0.95,1.25,3,,,,medium,/static/images/Engineer_Embedded/20210912/rId9.png,임베디드 기사|필기|기출,임베디드기사 2021-09-12 문제 6,2021,,,,,embedded-engineer
WRITTEN_CBT,임베디드 하드웨어,10진수를 표시하기 위한 7 세그먼트 회로 설계에 대한 설명으로 가장 옳은 것은?,"입력은 bcd 코드로 받기 위해 4비트, 출력은 LED가 7개이므로 7개가 필요하다.","입력은 LED가 7개이므로 7개, 출력은 BCD 코드로 변환하기 위해 4비트가 필요하다.",여러 LED가 동시에 켜질 수가 없다.,각 출력 논리식은 7비트 논리식으로 표시된다.,1,,,,medium,/static/images/Engineer_Embedded/20210912/rId10.png,임베디드 기사|필기|기출,임베디드기사 2021-09-12 문제 7,2021,,,,,embedded-engineer
WRITTEN_CBT,임베디드 하드웨어,USB 데이터 전송에서 논리 값이 1이 되는 조건은?,D+에 대한 D- 전압이 100mV 초과할 때,D+에 대한 D- 전압이 200mV 초과할 때,D-에 대한 D+ 전압이 100mV 초과할 때,D-에 대한 D+ 전압이 200mV 초과할 때,4,,,,medium,,임베디드 기사|필기|기출,임베디드기사 2021-09-12 문제 8,2021,,,,,embedded-engineer
WRITTEN_CBT,임베디드 하드웨어,GPIO포트를 통하여 수행할 수 없는 것은?,I/O 장치로부터 폴링방식으로 데이터 값을 읽어온다.,I/O 장치의 On/Off 제어를 할 수 있다.,I/O 장치의 인터럽트 요청을 받아들인다.,아날로그 I/O신로 값의 레벨을 읽어 디지털로 직접 변환시킨다.,4,,,,medium,,임베디드 기사|필기|기출,임베디드기사 2021-09-12 문제 9,2021,,,,,embedded-engineer
WRITTEN_CBT,임베디드 하드웨어,그림의 반가산기회로에서 X와 Y에는 어떤 게이트가 사용되어야 하는가?,"X=AND, Y=OR","X=AND, Y=XOR","X=XOR, Y=AND","X=XNOR, Y=AND",3,,,,medium,/static/images/Engineer_Embedded/20210912/rId11.png,임베디드 기사|필기|기출,임베디드기사 2021-09-12 문제 10,2021,,,,,embedded-engineer
WRITTEN_CBT,임베디드 하드웨어,단일버스 통합형 DMA 방식의 설명 중 옳은 것은,"DMA 제어기가 중앙처리장치, 주기억장치, 입출력 모듈과 함께 시스템 버스에 직접 연결하는 방식",데이터 전송을 위해 시스템 버스를 두 번씩 사용하는 버스 연결 방식을 개선한 방식,데이터를 전송하기 위해서 CPU가 직접 개입하는 방식,입출력 버스를 활용한 방식,2,,,,medium,,임베디드 기사|필기|기출,임베디드기사 2021-09-12 문제 11,2021,,,,,embedded-engineer
WRITTEN_CBT,임베디드 하드웨어,프로그램 코드를 해석하고 그것을 실행하기 위한 제어신호를 순차적으로 발생시키는 장치는?,ALU,Register,Control Unit,Bus,3,,,,medium,,임베디드 기사|필기|기출,임베디드기사 2021-09-12 문제 12,2021,,,,,embedded-engineer
WRITTEN_CBT,임베디드 하드웨어,"컴퓨터의 연산 장치에서 2개의 자료 1010011, 0010100을 Exclusive-OR 연산한 결과는?",0011110,1011001,1010011,1000111,4,,,,medium,,임베디드 기사|필기|기출,임베디드기사 2021-09-12 문제 13,2021,,,,,embedded-engineer
WRITTEN_CBT,임베디드 하드웨어,CPU가 인스트럭션을 수행하는 순서는?,A->B->C->D,B->C->D->A,A->B->D->C,C->A->B->D,1,,,,medium,,임베디드 기사|필기|기출,임베디드기사 2021-09-12 문제 14,2021,,,,,embedded-engineer
WRITTEN_CBT,임베디드 하드웨어,전가산기(full adder)의 캐리 비트를 논리식으로 나타낸 것은?,C = X (+) y (+),C=xy*zx*yz,C=xy+(x(+)y)z,C=xyz,3,,,,medium,,임베디드 기사|필기|기출,임베디드기사 2021-09-12 문제 15,2021,,,,,embedded-engineer
WRITTEN_CBT,임베디드 하드웨어,온도 센서의 종류에 대한 설명으로 가장 옳지 않은 것은?,‘R’ Type은 내열성 기계적 강도가 ‘B’ Type보다 약하다.,"온도센서는 PT100 SENSOR와 K, J, E, T, B, R, S, C Type이 있다.",‘N’ Type은 ‘K’ Type의 개량형으로 규소의 첨가량을 늘려 내열성이 높다.,‘C’ Type은 텅스텐 써미 커플러로서 -200 C에서 -100C의 저온에 적합하다.,4,,,,medium,,임베디드 기사|필기|기출,임베디드기사 2021-09-12 문제 16,2021,,,,,embedded-engineer
WRITTEN_CBT,임베디드 하드웨어,Verilog HDL을 이용한 논리 회로 설계 시에 상위 추상화 수준에서 회로 설계를 의미하는 것으로 아키텍처의 평가를 할 때 사용하고 많은 측면에서 C 프로그래밍 언어와 유사한 기법은,게이트 레벨 모델링,데이터 플로우 레벨 모델링,구조적 프로시저,행위 레벨 모델링,4,,,,medium,,임베디드 기사|필기|기출,임베디드기사 2021-09-12 문제 17,2021,,,,,embedded-engineer
WRITTEN_CBT,임베디드 하드웨어,CPU 칩의 크기를 소형화하기 위해서 하나의 핀을 여러 기능으로 사용할 수 있도록 GPIO에 적용된 회로 방식으로 가장 옳은 것은?,멀티플렉싱,펜-아웃,오픈-드레인,풀-업,1,,,,medium,,임베디드 기사|필기|기출,임베디드기사 2021-09-12 문제 18,2021,,,,,embedded-engineer
WRITTEN_CBT,임베디드 하드웨어,다음 Verilog 코드가 설계한 회로는 무엇인가?,인코더,디코더,2*1 멀티플렉서,4*1 멀티플렉서,3,,,,medium,,임베디드 기사|필기|기출,임베디드기사 2021-09-12 문제 19,2021,,,,,embedded-engineer
WRITTEN_CBT,임베디드 하드웨어,주소지정 방식 중 오퍼랜드가 메모리상의 데이터 주소를 가르키고 그 주소에 저장되어 있는 데이터에 접근하는 방식은?,간접 주소지정 방식,상태 주소지정 방식,인덱스 주소지정 방식,즉시 주소지정 방식,1,,,,medium,,임베디드 기사|필기|기출,임베디드기사 2021-09-12 문제 20,2021,,,,,embedded-engineer
WRITTEN_CBT,임베디드 펌웨어,NFS에 대한 설명 중 틀린 것은?,운영체제가 다른 컴퓨터와도 파일공유를 할 수 있다..,TCP/IP 프로토콜로 사용할 수 있다.,임베디드 시스템에서 제한적인 하드디스크 등 하드웨어 확장에 이용된다.,시리얼 포트를 통해 데이터가 전송된다.,4,,,,medium,,임베디드 기사|필기|기출,임베디드기사 2021-09-12 문제 21,2021,,,,,embedded-engineer
WRITTEN_CBT,임베디드 펌웨어,임베디드 리눅스 시스템에서 퓨징(Fusing) 대상이 아닌 것은?,부트로더,커널 이미지,루트 파일 시스템,응용 프로그램,4,,,,medium,,임베디드 기사|필기|기출,임베디드기사 2021-09-12 문제 22,2021,,,,,embedded-engineer
WRITTEN_CBT,임베디드 펌웨어,GNU 프로젝트의 부트 로더로 대부분 운영체제의 커널을 불러올 수 있으며 주로 리눅스 배포판에서 사용되는 스테이지 단위로 부팅 과정이 구성된 부트 로더는 무엇인가?,GRUB,BLOB,U-Boot,BOOTLDR,1,,,,medium,,임베디드 기사|필기|기출,임베디드기사 2021-09-12 문제 23,2021,,,,,embedded-engineer
WRITTEN_CBT,임베디드 펌웨어,절전 기술 DVFS(Dynamic Voltage and Frequency Scaling)의 대한 설명 중 틀린 것은?,CPU와 관련 주변장치의 전압과 주파수를 낮추어 임베디드 시스템에서 소비되는 전력을 줄일 수 있다.,전압과 주파수를 낮추면 일정 시간 동안 CPU가 처리할 수 있는 명령어는 증가한다.,DVFS를 통한 전력 소비량을 줄이는 또 다른 이점은 발열을 낮출 수 있다.,"발열량에 따라 냉각 시스템의 패시브 또는 액티브 방식이 결정되며, 시스템의 추가 비용과 요구사항도 달라진다.",2,,,,medium,,임베디드 기사|필기|기출,임베디드기사 2021-09-12 문제 24,2021,,,,,embedded-engineer
WRITTEN_CBT,임베디드 펌웨어,리눅스의 init 명령어와 함께 사용하는 런레벨(run level) 설정 중 single user mode로 쉡에 바로 부탕하는 런레벨은?,1,2,3,5,1,,,,medium,,임베디드 기사|필기|기출,임베디드기사 2021-09-12 문제 25,2021,,,,,embedded-engineer
WRITTEN_CBT,임베디드 펌웨어,디바이스 드라이버에서 사용자 프로그램에 시그널을 보내는 함수는?,kill_proc(),put_user(),get_user(),mknod(),1,,,,medium,,임베디드 기사|필기|기출,임베디드기사 2021-09-12 문제 27,2021,,,,,embedded-engineer
WRITTEN_CBT,임베디드 펌웨어,분산형 버전 관리 시스템(DVCS: Distributed Version Control System)으로 리눅스 소스의 다운로드 및 버전 관리에 사용되는 것은?,git,svn,cvs,subversion,1,,,,medium,,임베디드 기사|필기|기출,임베디드기사 2021-09-12 문제 29,2021,,,,,embedded-engineer
WRITTEN_CBT,임베디드 펌웨어,CPU의 전원 관리에 관한 설명 중 틀린 것은?,프로세서의 전력 소비는 클럭 주파수에 반비례한다.,프로세서의 전력 소비는 전압의 제곱에 직접적으로 비례한다.,대부분의 임베디드용 프로세스들은 동적 주파수 조정과 동적 전압 조정기능을 제공한다.,아이들(idle)모드는 여러 프로세서 클럭들이 중지된 상태를 의미한다.,1,,,,medium,,임베디드 기사|필기|기출,임베디드기사 2021-09-12 문제 30,2021,,,,,embedded-engineer
WRITTEN_CBT,임베디드 펌웨어,리눅스 커널 빌드 설정 메뉴를 구성하기 위해 참조되는 파일은?,config,autoconf.h,kconfig,makefile,3,,,,medium,,임베디드 기사|필기|기출,임베디드기사 2021-09-12 문제 31,2021,,,,,embedded-engineer
WRITTEN_CBT,임베디드 펌웨어,다음 중 교차개발 환경 요소에 대한 설명으로 옳은 것은?,호스트 개발 시스템은 실제 컴파일한 실행 이미지가 수행되는 대상,이더넷 허브는 한 대의 허브를 중심으로 여러 대의 컴퓨터와 네트워크 장비를 연결,"타켓 시스템은 컴파일, 디버거, 에디터 등의 환경제공",RS232는 JTAG 디버깅을 위한 통신 입출력 모드,2,,,,medium,,임베디드 기사|필기|기출,임베디드기사 2021-09-12 문제 32,2021,,,,,embedded-engineer
WRITTEN_CBT,임베디드 펌웨어,"다음 중 리눅스 기반의 안드로이드가 포팅되어 있는 임베디드 시스템에서 기본적으로 지원되지 않는 표준 리눅스 명령어를 사용할 때, 추가적으로 설치해야 할 패키지는?",toolbox,adb,nfs,tftp,1,,,,medium,,임베디드 기사|필기|기출,임베디드기사 2021-09-12 문제 33,2021,,,,,embedded-engineer
WRITTEN_CBT,임베디드 펌웨어,운영체제에 의해 작동되는 특별한 형태의 조건 전달점으로 현재 실행중인 프로그램이 일으키는 소프트웨어적인 사건을 알리는 매커니즘을 지칭하는 것은?,시스템 호출,트랩,세그먼테이션,분기,2,,,,medium,,임베디드 기사|필기|기출,임베디드기사 2021-09-12 문제 34,2021,,,,,embedded-engineer
WRITTEN_CBT,임베디드 펌웨어,셀(Shell)의 기능이 아닌 것은?,명령어 해석기 기능,프로그래밍 기능,사용자 환경설정 기능,시스템 진단 기능,4,,,,medium,,임베디드 기사|필기|기출,임베디드기사 2021-09-12 문제 35,2021,,,,,embedded-engineer
WRITTEN_CBT,임베디드 펌웨어,JTAG의 기능을 잘 못 설명한 것은?,칩 내부 회로의 배선과 소자의 전기적 연결 상태를 점검한다.,디바이스 사이의 연결 상태를 점검한다.,플래시 메모리에 데이터를 기록한다.,메모리에 기록된 데이터를 실행한다.,4,,,,medium,,임베디드 기사|필기|기출,임베디드기사 2021-09-12 문제 36,2021,,,,,embedded-engineer
WRITTEN_CBT,임베디드 펌웨어,리눅스에 제공하는 프로세스 간 통신(IPC: Inter Process Communication)방식이 아닌 것은?,시그널,스트림,파이프,소켓,2,,,,medium,,임베디드 기사|필기|기출,임베디드기사 2021-09-12 문제 37,2021,,,,,embedded-engineer
WRITTEN_CBT,임베디드 펌웨어,리눅스 misc 디바이스 드라이버에 대한 설명 중 틀린 것은?,리눅스 2.4에서 한정된 주번호 범위 때문에 사용하게 된다.,"주번호 10번으로 고정되어 있고, 부번호를 이용하여 장치를 구별한다.",cat /proc/misc 명령을 이용하여 misc 드바이버 목록을 확인할 수 있다.,블록 디바이스 드라이버로 파티션 구분에서 사용한다.,4,,,,medium,,임베디드 기사|필기|기출,임베디드기사 2021-09-12 문제 38,2021,,,,,embedded-engineer
WRITTEN_CBT,임베디드 펌웨어,리눅스 모듈의 장점이 아닌 것은?,자주 사용하지 않는 커널 기능은 메모리에 상주시키지 않아도 된다.,필요할 때만 모듈을 동적으로 링크시켜 커널의 일부로 사용할 수 있다.,확장성과 재사용성을 높일 수 있다.,새로 생성된 커널은 다시 부팅해야 된다.,4,,,,medium,,임베디드 기사|필기|기출,임베디드기사 2021-09-12 문제 39,2021,,,,,embedded-engineer
WRITTEN_CBT,임베디드 펌웨어,다음 [보기]에서 JTAG의 각 신호에 대한 설명으로 옳은 것만 나열한 것은?,"ㄱ, ㄴ, ㄷ","ㄱ, ㄷ, ㄹ","ㄱ, ㄹ, ㅁ","ㄱ, ㄷ, ㅁ",4,,,,medium,,임베디드 기사|필기|기출,임베디드기사 2021-09-12 문제 40,2021,,,,,embedded-engineer
WRITTEN_CBT,임베디드 플랫폼,poll과 epoll의 차이점에서 대한 설명으로 틀린 것은?,epoll은 커널에서 지원하는 기능이다.,대용량 처리에서는 poll보다 epoll의 반응이 빠르다.,poll과 epoll은 POSIX 규약을 따르므로 서로 호환된다.,"poll, epoll은 모두 시그널에 의해 인터럽트 될 수 있다.",3,,,,medium,,임베디드 기사|필기|기출,임베디드기사 2021-09-12 문제 41,2021,,,,,embedded-engineer
WRITTEN_CBT,임베디드 플랫폼,10.0.0.0/12 IP주소 범위 중에서 할당 가능한 마지막 IP주소는?,10.13.255.254,10.14.253.254,10.15.255.254,10.16.255.254,3,,,,medium,,임베디드 기사|필기|기출,임베디드기사 2021-09-12 문제 42,2021,,,,,embedded-engineer
WRITTEN_CBT,임베디드 플랫폼,"IP 192.57.30.224, 서브넷 마스크 255.255.255.0일 경우 네트워크 ID는 무엇인가?",192.57.30.0,192.58.30.0,192.58.29.0,192.57.29.0,1,,,,medium,,임베디드 기사|필기|기출,임베디드기사 2021-09-12 문제 43,2021,,,,,embedded-engineer
WRITTEN_CBT,임베디드 플랫폼,메모리 장벽의 개념으로 틀린 것은?,멀티 프로세서 환경에서는 메모리 접근 순서를 바꿀 수 없다.,프로그램 실행 속도 향상을 위해 어셈블리 명령어 순서를 바꿀 수 있다.,메모리 장벽은 어떤 어셈블리 명령어도 통과할 수 없는 방화벽과 비슷하다.,메모리 장벽의 역할을 하는 어셈블리 명령어는 입출력 포트에 동작하는 모든 명령어가 포함된다.,1,,,,medium,,임베디드 기사|필기|기출,임베디드기사 2021-09-12 문제 44,2021,,,,,embedded-engineer
WRITTEN_CBT,임베디드 플랫폼,"다음 [보기]와 같은 조건에서 TCP소켓에 send(fd, buf, 3000, 0)을 호출하였다. 헤더가 추가되어 실제 전송되는 패킷의 크기는?",3080,3120,3160,3200,2,,,,medium,,임베디드 기사|필기|기출,임베디드기사 2021-09-12 문제 45,2021,,,,,embedded-engineer
WRITTEN_CBT,임베디드 플랫폼,"프로세스는 텍스트, 데이터, 힙, 스택의 4영역으로 구분된다. 이 중에서 힙 영역에 대한 설명으로 옳은 것은?","전역변수, 정적변수가 존재하는 영역",프로그램의 실행코드가 존재하는 영역,"함수의 리턴주소, 로컬 자동변수가 존재하는 영역",메모리 할당 함수를 이용해 동적으로 생성된 저장공간이 존재하는 영역,4,,,,medium,,임베디드 기사|필기|기출,임베디드기사 2021-09-12 문제 46,2021,,,,,embedded-engineer
WRITTEN_CBT,임베디드 플랫폼,"다음
는 소켓 옵션을 설정하는 것이다.
에 대한 설명으로 옳은 것은?",TCP 연결을 지체 없이 실행,TCP 전송 지연시간을 최소로 설정,TCP 네이글 알고리즘을 적용하지 않음,소켓이 사용하는 프로토콜을 TCP로 설정,3,,,,medium,,임베디드 기사|필기|기출,임베디드기사 2021-09-12 문제 47,2021,,,,,embedded-engineer
WRITTEN_CBT,임베디드 플랫폼,"TCP 소켓의 함수 호출 순서로 옳은 것은?(단, 서버측에 대한 내용이다)",socket()->bind()->listen()->accept(),socket()->listen ()->accept()->bind (),socket()->listen ()->bind()->connect(),socket()->accept ()->bind()->connect (),1,,,,medium,,임베디드 기사|필기|기출,임베디드기사 2021-09-12 문제 48,2021,,,,,embedded-engineer
WRITTEN_CBT,임베디드 플랫폼,파일 작성 처리에서 mknod 시스템 콜의 처리 과정을 [보기]에서 바르게 나열한 것은?,c->e->b->a->d,c->b->d->a->e,c->e->d->a->b,c->b->e->d->a,1,,,,medium,,임베디드 기사|필기|기출,임베디드기사 2021-09-12 문제 49,2021,,,,,embedded-engineer
WRITTEN_CBT,임베디드 플랫폼,교착상태 처리 방법이 아닌 것은?,교착 상태를 예방하거나 회피하는 프로토콜을 사용한다.,교착 상태에 있는 프로세스들 중 하나를 역으로 진행 시킨다.,시스템이 교착 상태가 되도록 허용 후 회복시키는 방법을 사용한다.,문제를 무시하고 교착 상태가 시스템에서 결코 발생하지 않는 척 한다.,2,,,,medium,,임베디드 기사|필기|기출,임베디드기사 2021-09-12 문제 50,2021,,,,,embedded-engineer
WRITTEN_CBT,임베디드 플랫폼,"XSI 메시지 큐의 msgsnd를 이용해서 메시지를 전송하려고 한다
에 대한 설명으로 틀린 것은?",msgsnd 호출은 넌블록킹으로 작동한다.,전송되는 메시지의 타입은 2번이다.,전송되는 메시지의 크기는 64 바이트이다.,msgsnd는 스레드 안전을 만족하는 함수이다.,3,,,,medium,,임베디드 기사|필기|기출,임베디드기사 2021-09-12 문제 51,2021,,,,,embedded-engineer
WRITTEN_CBT,임베디드 플랫폼,카피레프트(Copyleft)란?,정보독점을 의미한다.,비공개 소프트웨어를 말한다.,유료 사용 소프트웨어를 말한다.,소유권은 저자가 갖되 그것을 수정하고 자유롭게 배포하는 것은 공공의 소유로 하자는 개념이다.,4,,,,medium,,임베디드 기사|필기|기출,임베디드기사 2021-09-12 문제 52,2021,,,,,embedded-engineer
WRITTEN_CBT,임베디드 플랫폼,"fd는 넌블록킹 모드로 작동하는 소켓 파일 기술자이다. send(fd, buf, 1000, 0)으로 호출했을 때 설명으로 옳은 것은?",buf의 마지막에 널 종료 문가 없다면 에러가 발생한다.,넌블록킹 모드 소켓에서 send 호출은 비동기 I/O로 작동한다.,"send가 512를 리턴했다면, 소켓 버퍼에는 488 바이트가 복사된 것이다.",소켓의 송신 버퍼가 꽉 찼다면 -1로 리턴하며 errno는 EAGAIN이 된다.,4,,,,medium,,임베디드 기사|필기|기출,임베디드기사 2021-09-12 문제 53,2021,,,,,embedded-engineer
WRITTEN_CBT,임베디드 플랫폼,가장 최근에 참조되지 않은 페이지를 교체할 페이지로 선택하는 페이지 교체 알고리즘은?,LFU,NUR,LRU,FIFO,3,,,,medium,,임베디드 기사|필기|기출,임베디드기사 2021-09-12 문제 54,2021,,,,,embedded-engineer
WRITTEN_CBT,임베디드 플랫폼,교착 상태 발생에 필요한 조건이 아닌 것은?,비선점,자원요청,상호배제,점유하며 대기,2,,,,medium,,임베디드 기사|필기|기출,임베디드기사 2021-09-12 문제 55,2021,,,,,embedded-engineer
WRITTEN_CBT,임베디드 플랫폼,"A회사에는 총 4개의 부서가 있고 각각의 부서에는 20대, 24대, 12대, 28대의 단말 시스템이 존재한다.  이 회사의 IP주소 할당이 203.24.123.0일 경우 적절한 서브넷 마스크는?",203.24.123.240,255.255.255.240,255.255.255.254,203.24.123.224,3,,,,medium,,임베디드 기사|필기|기출,임베디드기사 2021-09-12 문제 56,2021,,,,,embedded-engineer
WRITTEN_CBT,임베디드 플랫폼,소프트 인터럽트가 아닌 것은?,타이머 실행,SCSI 프로토콜 처리 실행,네트워크 송수신 완료 처리 실행,네트워크 카드의 컨트롤러 조작 처리 실행,4,,,,medium,,임베디드 기사|필기|기출,임베디드기사 2021-09-12 문제 57,2021,,,,,embedded-engineer
WRITTEN_CBT,임베디드 플랫폼,공유 메모리에 대한 설명으로 틀린 것은?,shmat은 shmid가 지정하는 메모리 영역과 호출 프로세스의 유효한 주소를 연관 짓는다.,메모리 일부를 공유하려면 먼저 반드시 shmat 시스템 호출로 공유 메모리가 생성되어야 한다.,shmdt는 shmat의 반대로 공유 메모리 영역을 프로세스의 논리적 주소 공간으로부터 떼어 내는 것이다.,프로세스가 공유 메모리를 사용하려면 shmat 호출을 사용하여 공유 메모리 영역을 자신의 논리적 자료 공간에 명시적으로 부착한다.,2,,,,medium,,임베디드 기사|필기|기출,임베디드기사 2021-09-12 문제 58,2021,,,,,embedded-engineer
WRITTEN_CBT,임베디드 플랫폼,선점 스케줄링 방식으로 옳은 것은?,SRT,SJF,FCFS,HRN,1,,,,medium,,임베디드 기사|필기|기출,임베디드기사 2021-09-12 문제 59,2021,,,,,embedded-engineer
WRITTEN_CBT,임베디드 플랫폼,"리눅스에서 사용되는 가상 파일 시스템으로 블록 디바이스에 위치하는 것이 아닌, 메모리상에 위치하는 파일시스템은?",ext1,ext2,ext3,proc,4,,,,medium,,임베디드 기사|필기|기출,임베디드기사 2021-09-12 문제 60,2021,,,,,embedded-engineer
WRITTEN_CBT,임베디드 소프트웨어,Java 프로그램의 실행결과는?,-10,0,14,25,3,,,,medium,,임베디드 기사|필기|기출,임베디드기사 2021-09-12 문제 61,2021,,,,,embedded-engineer
WRITTEN_CBT,임베디드 소프트웨어,화이트 박스 검사 기법에 해당되지 않는 것은?,기초경로 검사,오류예측 검사,데이터 흐름 검사,루프 검사,2,,,,medium,,임베디드 기사|필기|기출,임베디드기사 2021-09-12 문제 62,2021,,,,,embedded-engineer
WRITTEN_CBT,임베디드 소프트웨어,Java에서 하위 클래스가 상위클래스로부터 상속받은 멤버를 참조하기 위해 사용하는 명령어는?,public,virtual,private,super,4,,,,medium,,임베디드 기사|필기|기출,임베디드기사 2021-09-12 문제 63,2021,,,,,embedded-engineer
WRITTEN_CBT,임베디드 소프트웨어,다음 C 코드의 실행결과는?,TRUE: 2,TRUE: 3,FALSE: 2,FALSE: 3,4,,,,medium,,임베디드 기사|필기|기출,임베디드기사 2021-09-12 문제 64,2021,,,,,embedded-engineer
WRITTEN_CBT,임베디드 소프트웨어,소프트웨어 유지보수의 유형을 설명한 것으로 틀린 것은?,수정 유지보수(Corrective)란 시스템을 운영하면서 종료단계에서 발견하지 못한 잠재적인 오류를 찾아 수정하는 활동,적응 유지보수(Adaptive)란 소프트웨어 수명기간 중에 운영체제나 컴파일러와 같은 시스템 요소가 변경 시 반영하기 위한 활동,예방 유지보수(Preventive)란 장래의 유지보수성 또는 신뢰성을 개선하거나 오류 발생에 대비하여 미리 예방수단을 강구하는 활동으로 유지보수 활동 중 가장 비용을 차지하는 활동,완전화 유지보수(Perfective)란 본래 기능에 새로운 기능을 추가하거나 성능을 향상하는 활동,3,,,,medium,,임베디드 기사|필기|기출,임베디드기사 2021-09-12 문제 65,2021,,,,,embedded-engineer
WRITTEN_CBT,임베디드 소프트웨어,소프트웨어 개발 프로세스 모델 중 나선형 모델에 대한 설명으로 틀린 것은?,Grady가 제안한 것으로 폭포수 모델의 일종이다.,"진화 단계마다 계획수립, 위험분석, 개발, 평가 작업을 거친다.",대규모 시스템의 소프트웨어를 개발하는 데 적합하다.,비선형이며 반복적으로 개발이 진행된다.,1,,,,medium,,임베디드 기사|필기|기출,임베디드기사 2021-09-12 문제 66,2021,,,,,embedded-engineer
WRITTEN_CBT,임베디드 소프트웨어,n개의 정점을 가지는 그래프에서 n개의 정점을 연결하는 최소의 간선 수는 얼마인가?,n,n-1,n+1,n^2,2,,,,medium,,임베디드 기사|필기|기출,임베디드기사 2021-09-12 문제 67,2021,,,,,embedded-engineer
WRITTEN_CBT,임베디드 소프트웨어,프로젝트 일정 계획에 사용하는 CPM(Critical Path Method) 네트워크에 대한 설명으로 틀린 것은?,원형 노드에는 작업 이름과 소요기간을 적는다.,박스노드는 프로젝트의 중간 점검을 뜻하는 이정표이다.,간선은 작업 사이의 전후 의존 관계를 나타낸다.,선형 작업이 완료되지 않아도 다음 작업을 진행할 수가 있다.,4,,,,medium,,임베디드 기사|필기|기출,임베디드기사 2021-09-12 문제 68,2021,,,,,embedded-engineer
WRITTEN_CBT,임베디드 소프트웨어,아래 그래프의 정점 A에서 시작하는 깊이우선탑색(depth first search) 경로로 옳은 것은?,A-B-D-G-E-C-F,A-B-D-G-C-E-F,A-B-C-D-E-F-G,A-B-D-G-F-C-E,1,,,,medium,/static/images/Engineer_Embedded/20210912/rId12.png,임베디드 기사|필기|기출,임베디드기사 2021-09-12 문제 69,2021,,,,,embedded-engineer
WRITTEN_CBT,임베디드 소프트웨어,자료구조 중 스택(Stack)의 산술식 A+B*C/D의 Postfix 표기법으로 옳은 것은?,A+B*C/D,+*AB/CD,*+AB/CD,AB+CD/*,4,,,,medium,,임베디드 기사|필기|기출,임베디드기사 2021-09-12 문제 70,2021,,,,,embedded-engineer
WRITTEN_CBT,임베디드 소프트웨어,소프트웨어 설계 시 고려사항으로 거리가 먼 것은?,적당한 모듈의 크기를 유지하고 모듈 간의 결합도는 높게 한다.,모듈은 독립적인 기능을 갖도록 설계해야 한다.,모듈 간과 외부 개체 간의 연결 복잡성을 줄이는 인터페이스를 가져야 한다.,전체적으로 포괄적인 개념을 설계한 후 차례로 세분화하고 구체화시킨다.,1,,,,medium,,임베디드 기사|필기|기출,임베디드기사 2021-09-12 문제 71,2021,,,,,embedded-engineer
WRITTEN_CBT,임베디드 소프트웨어,객체지향기법에서 캡슐화에 대한 설명으로 틀린 것은?,응집도가 높아진다.,재사용이 용이하다.,결합도가 높아진다.,인터페이스를 단순화시킬 수 있다.,3,,,,medium,,임베디드 기사|필기|기출,임베디드기사 2021-09-12 문제 72,2021,,,,,embedded-engineer
WRITTEN_CBT,임베디드 소프트웨어,C언어 코드의 실행결과는?,r,i,ing!,compile 오류,4,,,,medium,,임베디드 기사|필기|기출,임베디드기사 2021-09-12 문제 73,2021,,,,,embedded-engineer
WRITTEN_CBT,임베디드 소프트웨어,간트차트(Gantt Chart)에 대한 설명으로 틀린 것은?,"노드와 간선으로 구성되며 원 노드에는 작업을, 간선에는 낙관치, 기대치, 비관치를 표시한다.",중간 목표 미달성 시 그 이유와 기간을 예측할 수 있게 한다.,사용자와의 문제점이나 예산의 초과 지출 등도 관리할 수 있게 한다.,작업 경로는 표시할 수 없으며 계획의 변화에 대한 적응성이 약하다.,1,,,,medium,,임베디드 기사|필기|기출,임베디드기사 2021-09-12 문제 74,2021,,,,,embedded-engineer
WRITTEN_CBT,임베디드 소프트웨어,다음 중 널 포인터(null pointer)가 존재하지 않는 구조는 어느 것인가?,원형 연결 리스트,단순 연결 리스트,이중 연결 리스트,다중 연결 리스트,1,,,,medium,,임베디드 기사|필기|기출,임베디드기사 2021-09-12 문제 75,2021,,,,,embedded-engineer
WRITTEN_CBT,임베디드 소프트웨어,"다음과 같이 변수를 선언하였을 때 *p+3, *(p+3)의 값을 나열한 것으로 옳은것은?","13, 20","13, 40","30, 13","40, 13",2,,,,medium,,임베디드 기사|필기|기출,임베디드기사 2021-09-12 문제 76,2021,,,,,embedded-engineer
WRITTEN_CBT,임베디드 소프트웨어,객체지향 프로그래밍에서 객체가 메세지를 받아서 실행해야 할 객체의 구체적인 연산을 정의한 것은?,Entity,Softer,Method,Class,3,,,,medium,,임베디드 기사|필기|기출,임베디드기사 2021-09-12 문제 77,2021,,,,,embedded-engineer
WRITTEN_CBT,임베디드 소프트웨어,C++에서 다음과 같이 선언한 것을 무엇이라고 하는가?,가상함수 (virtual function),순가상함수 (pure virtual function),추상함수 (abstract function),순추상함수 (pure abstract function),2,,,,medium,,임베디드 기사|필기|기출,임베디드기사 2021-09-12 문제 78,2021,,,,,embedded-engineer
WRITTEN_CBT,임베디드 소프트웨어,C언어 코드의 실행 결과로 “X”가 몇 개 출력되는가?,15,40,45,50,4,,,,medium,,임베디드 기사|필기|기출,임베디드기사 2021-09-12 문제 79,2021,,,,,embedded-engineer
WRITTEN_CBT,임베디드 소프트웨어,C++ 언어의 생성자 함수와 소멸자 함수에 대한 설명으로 틀린 것은?,생성자 함수는 변환 값(return value)를 가지지 않는다.,생성자 함수는 함수 중복정의(overloading)가 불가능하다.,소멸자 함수는 객체가 소멸되는 시점에 호출된다.,소멸자 함수는 매개변수가 없다.,2,,,,medium,,임베디드 기사|필기|기출,임베디드기사 2021-09-12 문제 80,2021,,,,,embedded-engineer
WRITTEN_CBT,임베디드 하드웨어,16비트 버스를 갖는 메모리에서도 효율적으로 사용할 수 있도록 ARM 명령어들을 16비트로 압축한 명령어 세트는?,FIQ,IRQ,MMU,THUMB,4,,,,medium,,임베디드 기사|필기|기출,임베디드기사 2019-09-21 문제 1,2019,,,,,embedded-engineer
WRITTEN_CBT,임베디드 하드웨어,중앙처리장치의 구성요소 중에서 프로그램 실행 도중 분기(Jump)가 발생할 때 가장 먼저 내용을 변화시켜 주어야 하는 것은 어느 것인가?,명령 레지스터(IR),프로그램카운터(PC),누산기(Accumulator),인덱스 레지스터(Index Register),2,,,,medium,,임베디드 기사|필기|기출,임베디드기사 2019-09-21 문제 2,2019,,,,,embedded-engineer
WRITTEN_CBT,임베디드 하드웨어,가상기억(virtual memory) 장치의 가장 큰 목적은?,접근시간의 단축,부족한 메모리 공간의 확대,동시에 여러 단어의 탐색,단순한 주소지정 방식 사용,2,,,,medium,,임베디드 기사|필기|기출,임베디드기사 2019-09-21 문제 4,2019,,,,,embedded-engineer
WRITTEN_CBT,임베디드 하드웨어,Memory mapped I/O 방식을 가장 잘 설명한 것은?,"I2C, SPI 같은 버스를 사용하고 있다.",입출력 Port를 어드레스 하는 인스트럭션이 따로 있다.,주메모리의 일부 영역을 I/O 장치의 레지스터와 매핑하는 방식이다.,별도의 주소공간을 이용하기 위해 CPU는 별도의 명령어 집합을 필요로 한다.,3,,,,medium,,임베디드 기사|필기|기출,임베디드기사 2019-09-21 문제 5,2019,,,,,embedded-engineer
WRITTEN_CBT,임베디드 하드웨어,"다음 중 더하기, 빼기, 루프 세 가지 명령어만 있는 CPU가 있을 떄 그에 대한 설명으로 옳은 것은?",2가지 변수 값만 더하기 빼기가 가능하다.,특정 패턴 값을 찾는 연산은 할 수 없다.,7/2라는 나눗셈은 뺴기를 일정한 루프를 반복처리해서 그 몫만 알 수 있다.,7*2라는 곱셈은 더하기를 일정한 루프를 반복처리해서 그 값을 구할 수 있다.,4,,,,medium,,임베디드 기사|필기|기출,임베디드기사 2019-09-21 문제 6,2019,,,,,embedded-engineer
WRITTEN_CBT,임베디드 하드웨어,UART 프레임에 대한 설명으로 틀린 것은?,"8개의 데이터 비트, NONE 패리티, 1 정지비트를 사용한다.","시작(Start) 비트는 항상 Low이며, 정지(Stop) 비트는 항상 High이다.",0~255의 값을 가지는 바이너리 데이터를 보낼 수 있다.,데이터 전송은 상위비트(Most Significant Bit)를 먼저 보낸다.,4,,,,medium,/static/images/Engineer_Embedded/20190921/rId7.png,임베디드 기사|필기|기출,임베디드기사 2019-09-21 문제 7,2019,,,,,embedded-engineer
WRITTEN_CBT,임베디드 하드웨어,데이지 체인(Daisy Chain) 방식에서 체인 형태로 연결되는 신호는?,주소 버스,데이터 버스,인터럽트 요청 신호,인터럽트 확인 신호,4,,,,medium,,임베디드 기사|필기|기출,임베디드기사 2019-09-21 문제 8,2019,,,,,embedded-engineer
WRITTEN_CBT,임베디드 하드웨어,서미스터(thermistor)라는 트랜드듀서에서 온도변화에 응답하는 것은?,전압,전류,저항,커페시터,3,,,,medium,,임베디드 기사|필기|기출,임베디드기사 2019-09-21 문제 9,2019,,,,,embedded-engineer
WRITTEN_CBT,임베디드 하드웨어,네트워크에 관한 설명으로 틀린 것은?,와이파이(Wi-Fi)는 무선데이터 전송 시스템을 지칭한다.,이더넷은 가장 대표적인 초광대역(UWB:Ultra Wide Band) 무선기술이다.,이더넷은 CSMA/CD(Carrier Sense Multiple Access/Collision Detection) 방식을 사용한다.,"와이파이는 초고속 인터넷망에 무선접속장치(AP)를 설치해 노트북, 컴퓨터, 스마트폰 등을 통해 무선으로 인터넷에 연결할 수 있다.",2,,,,medium,,임베디드 기사|필기|기출,임베디드기사 2019-09-21 문제 12,2019,,,,,embedded-engineer
WRITTEN_CBT,임베디드 하드웨어,규모별 임베디드 소프트웨어 플랫폼의 종류가 아닌 것은?,표준형,나노형,스마트형,마이크로형,3,,,,medium,,임베디드 기사|필기|기출,임베디드기사 2019-09-21 문제 14,2019,,,,,embedded-engineer
WRITTEN_CBT,임베디드 하드웨어,2진수 연산 00110001② - 00111010(2)를 계산한 결과로 옳은 것은?,00001001,10001001,11110111,11110110,3,,,,medium,,임베디드 기사|필기|기출,임베디드기사 2019-09-21 문제 15,2019,,,,,embedded-engineer
WRITTEN_CBT,임베디드 하드웨어,다음 그림의 회로 명칭은 무엇인가?,3단 2진 계수기,MOD 6 계수기,6진 리셋형 계수기,MOD 5 계수기,2,,,,medium,/static/images/Engineer_Embedded/20190921/rId11.png,임베디드 기사|필기|기출,임베디드기사 2019-09-21 문제 17,2019,,,,,embedded-engineer
WRITTEN_CBT,임베디드 하드웨어,GPIO 에 대한 설명으로 틀린 것은?,Signed Integer로 정의된다.,특정 디바이스를 제어할 수 있다.,시스템에서 gpio-request()를 사용하여 할당한다.,다용도 입출력 포트를 소프트웨어와 연동시켜서 입출력을 한다.,1,,,,medium,,임베디드 기사|필기|기출,임베디드기사 2019-09-21 문제 18,2019,,,,,embedded-engineer
WRITTEN_CBT,임베디드 하드웨어,RAM과 ROM의 특징을 모두 가진 기억장치로 전원이 끊겨도 기억된 내용을 그대로 유지하는 비휘발성 기억 장치는?,PROM,DRAM,EPROM,Flash Memory,4,,,,medium,,임베디드 기사|필기|기출,임베디드기사 2019-09-21 문제 19,2019,,,,,embedded-engineer
WRITTEN_CBT,임베디드 하드웨어,"무선랜, 와이파이(Wi-Fi)라고 부르는 무선 네트워크에 사용되는 IEEE 표준 기술은?",IEEE 802.1,IEEE 802.3,IEEE 802.5,IEEE 802.11,4,,,,medium,,임베디드 기사|필기|기출,임베디드기사 2019-09-21 문제 20,2019,,,,,embedded-engineer
WRITTEN_CBT,임베디드 펌웨어,임베디드 시스템에서 전력 소비가 가장 적은 것은?,LCD,CPU,Sound Card,Memory-Network Card,4,,,,medium,,임베디드 기사|필기|기출,임베디드기사 2019-09-21 문제 21,2019,,,,,embedded-engineer
WRITTEN_CBT,임베디드 펌웨어,CPU의 전력 관리 중 슬립(Sleep) 모드에 대한 설명으로 가장 옳은 것은?,CPU와 대부분의 주변 장치에 대한 전원이 꺼진 상태로 최저의 전력을 소비하는 모드이다.,여러 프로세스 클럭들이 중지된 상태를 의미한다.,프로세서는 대부분의 시간을 사용자나 외부로부터 이벤트가 발생하기를 기다리는 상태이다.,타이머 인터럽트 처리와 같은 시스템이 필요로 하는 최소한의 태스크만 동작하게 된다.,1,,,,medium,,임베디드 기사|필기|기출,임베디드기사 2019-09-21 문제 22,2019,,,,,embedded-engineer
WRITTEN_CBT,임베디드 펌웨어,문자 디바이스에 대한 설명으로 틀린 것은?,문자 디바이스는 파일 시스템에서 하나의 노드 형태로 존재한다.,데이터의 순차성을 지닌 하드웨어로서 버퍼 캐시를 사용한다.,버퍼를 통하지 않고 데이터를 직접 읽고 쓸 수 있는 장치이다.,데이터를 문자 단위 또는 연속적 바이트 흐름으로 전달하고 읽는다.,2,,,,medium,,임베디드 기사|필기|기출,임베디드기사 2019-09-21 문제 24,2019,,,,,embedded-engineer
WRITTEN_CBT,임베디드 펌웨어,블록 디바이스에 해당되지 않는 것은?,데이터에 의해 임의 접근은 불가능,효율성을 향상하기 위하여 버퍼를 이용,버퍼 캐시를 통해 임의 접근이 가능한 장치,"하드디스크, 플로피 디스크, 램디스크, CD-ROM",1,,,,medium,,임베디드 기사|필기|기출,임베디드기사 2019-09-21 문제 25,2019,,,,,embedded-engineer
WRITTEN_CBT,임베디드 펌웨어,"0~3V 전압을 3비트 A/D 변환할 떄,  1LSB(Least Significant Bit)는 약 몇 V인가?",0.125,0.375,0.429,0.667,2,,,,medium,,임베디드 기사|필기|기출,임베디드기사 2019-09-21 문제 26,2019,,,,,embedded-engineer
WRITTEN_CBT,임베디드 펌웨어,다음 중 커널에 대한 설명으로 틀린 것은?,운영체제에서 가장 핵심적인 역할인 자원을 관리한다.,"커널은 프로세서, 메모리, 파일, 시스템, 메모리, 네트워크 등을 관리한다.",커널은 전부 c 코드로 작성되어 있다.,하드웨어의 추상화 기능을 제공한다.,3,,,,medium,,임베디드 기사|필기|기출,임베디드기사 2019-09-21 문제 27,2019,,,,,embedded-engineer
WRITTEN_CBT,임베디드 펌웨어,다음 중 타깃 시스템의 부팅과정에서 DMA의 역할에 대한 설명으로 틀린 것은?,부팅에 필요한 고속의 입출력에 사용된다.,시스템을 다시 부팅하거나 전원이 꺼지면 CPU를 초기화한다.,장치 제어기는 CPU의 간섭 없이 버퍼 저장소로부터 직접 주 메모리로 데이터 블록을 전송한다.,"인터럽트가 바이트 단위가 아닌 오직 블록 단위로 생성되며, 이것은 장치의 성능을 향상시킨다.",2,,,,medium,,임베디드 기사|필기|기출,임베디드기사 2019-09-21 문제 28,2019,,,,,embedded-engineer
WRITTEN_CBT,임베디드 펌웨어,전원 관리표준 APM(Advanced Power Management)의 전원 상태의 정의가 맞지 않은 것은?,Full On: 컴퓨터 전원이 켜져 있고 절전 모드에 있는 장치가 없다.,APM Enabled: 컴퓨터의 전원이 켜져 있고 APM은 필요에 따라 장치 전원 관리를 제어하고 있다.,APM Standby: 대부분의 디바이스가 저전력 상태이고 CPU가 느려지거나 중지되고 시스템 상태가 저장된다.,APM Suspend: 대부분의 디바이스 전원이 켜져 있고 시스템 상태는 저장되지 않는다.,4,,,,medium,,임베디드 기사|필기|기출,임베디드기사 2019-09-21 문제 29,2019,,,,,embedded-engineer
WRITTEN_CBT,임베디드 펌웨어,다음의 임베디드 시스템 부팅 과정 중 가장 마지막에 수행되는 단계는?,init 수행,ROM 영역 수행,루트파일 시스템 검색 및 바운드,커널 수행,1,,,,medium,,임베디드 기사|필기|기출,임베디드기사 2019-09-21 문제 30,2019,,,,,embedded-engineer
WRITTEN_CBT,임베디드 펌웨어,다음이 설명하고 있는 부트로더로 가장 적절한 것은?,uboot,LILO,GLUB,Eboot,1,,,,medium,,임베디드 기사|필기|기출,임베디드기사 2019-09-21 문제 31,2019,,,,,embedded-engineer
WRITTEN_CBT,임베디드 펌웨어,리눅스 툴 체인(tool chain) 구성과 가장 거리가 먼 것은?,binutils,gcc,Qt,glibc,3,,,,medium,,임베디드 기사|필기|기출,임베디드기사 2019-09-21 문제 32,2019,,,,,embedded-engineer
WRITTEN_CBT,임베디드 펌웨어,다음의 임베디드 시스템 개발을 위한 교차개발환경에 대한 설명으로 틀린 것은?,"교차개발환경은 크게 Host 머신과 Target 머신, 터미널, 통신회선으로 구성된다.",Tool chain 및 Simulation Environment는 Target 머신의 구성요소이다.,"통신회선으로는 serial cable, ethernet cable, JTAG cable 등이 사용된다.",터미널(Terminal)은 타깃 머신의 쉘이나 동작 상태를 보여 주거나 호스트 머신에서 사용자가 입력한 사항을 보여 준다.,2,,,,medium,,임베디드 기사|필기|기출,임베디드기사 2019-09-21 문제 33,2019,,,,,embedded-engineer
WRITTEN_CBT,임베디드 펌웨어,busybox에 대한 설명으로 틀린 것은?,"쉘을 비롯하여 ls, mv, cp 등을 한데 묶어 하나의 파일로서 실행되도록 만들어준다.",각각을 직접 만들었을 때보다 실행파일의 크기가 현저히 작아진다.,저장 공간에 제약을 받는 임베디드 리눅스에서 많이 사용되고 있다.,리눅스의 모든 기능이 들어 있기 때문에 추가 설치가 전혀 필요 없다.,4,,,,medium,,임베디드 기사|필기|기출,임베디드기사 2019-09-21 문제 34,2019,,,,,embedded-engineer
WRITTEN_CBT,임베디드 펌웨어,"명령어 수행시간이 10ns, 패치(Fetch)시간이 5ns, 명령어 준비 시간이 3ns이면 인스트럭션의 성능은 얼마인가?",0.1,0.5,1,1.25,4,,,,medium,,임베디드 기사|필기|기출,임베디드기사 2019-09-21 문제 35,2019,,,,,embedded-engineer
WRITTEN_CBT,임베디드 펌웨어,커널의 메모리 할당에서 vmalloc과 kmalloc 함수의 차이점으로 옳은 것은?,"vmalloc은 가상적, kmalloc은 물리적 연속 메모리를 할당한다.","vmalloc은 할당된 페이지 주소가 가상, 물리 모두 연속된 공간을 보장한다.",kmalloc은 할당된 페이지가 가상적으로만 연속된 공간을 보장한다.,vmalloc의 가상적 메모리 할당이 필요한 경우는 하드웨어 장치이다.,1,,,,medium,,임베디드 기사|필기|기출,임베디드기사 2019-09-21 문제 36,2019,,,,,embedded-engineer
WRITTEN_CBT,임베디드 펌웨어,다음의 디바이스 드라이버를 위한 메모리 할당 프로그램에서 크기와 함께 처리방식을 매개변수로 지정하는 함수 ㉮와 메모리 할당을 해제하는 함수 ㉯에 들어갈 함수를 순서대로 나열한 것은?,"㉮ : malloc, ㉯ : free","㉮ : malloc, ㉯ : kfree","㉮ : kmalloc, ㉯ : kfree","㉮ : kmalloc, ㉯ : free",3,,,,medium,,임베디드 기사|필기|기출,임베디드기사 2019-09-21 문제 37,2019,,,,,embedded-engineer
WRITTEN_CBT,임베디드 펌웨어,커널의 빌드 과정 중 커널에서 사용할 모듈을 빌드하는 명령은?,Make dep,Make clean,Make bzImage,Make modules,4,,,,medium,,임베디드 기사|필기|기출,임베디드기사 2019-09-21 문제 38,2019,,,,,embedded-engineer
WRITTEN_CBT,임베디드 펌웨어,대상 제품에 부트로더를 탑재하는 방법이 아닌 것은?,전용의 디버깅 툴과 ICE 장비를 사용하여 플래시에 탑재한다.,PTOC 동글을 활용하여 플래시에 탑재한다.,롬라이터를 사용하여 프로그래밍 후 보드에 삽입한다.,기존에 탑재된 부트로더를 이용하여 탑재한다.,2,,,,medium,,임베디드 기사|필기|기출,임베디드기사 2019-09-21 문제 39,2019,,,,,embedded-engineer
WRITTEN_CBT,임베디드 펌웨어,리눅스 커널 모듈에 관련된 명령에 대한 설명으로 옳은 것은?,lsmod : 모듈을 커널에서 제거하는 명령이다.,"insmod : 적재된 각각의 모듈명, 크기, 사용횟수, 다른 참조 모듈 등의 정보를 출력한다.",modinfo : 모듈 오브젝트 파일의 모듈 정보를 보여준다.,rmmod : 커널의 이름을 변경하는 명령이다.,3,,,,medium,,임베디드 기사|필기|기출,임베디드기사 2019-09-21 문제 40,2019,,,,,embedded-engineer
WRITTEN_CBT,임베디드 플랫폼,DHCP에서 MAC 주소를 이용해 서버나 호스트의 위치를 알아낼 때 사용하는 프로토콜은?,ARP,TCP,IGRP,ICP,1,,,,medium,,임베디드 기사|필기|기출,임베디드기사 2019-09-21 문제 41,2019,,,,,embedded-engineer
WRITTEN_CBT,임베디드 플랫폼,리눅스 시스템에서 파일이나 메모리를 가상의 프로세스 공간에 대으시켜 공유메모리를 이용한 프로세스 간 통신에 이용되는 함수는?,malloc,mmap,dup,pipe,2,,,,medium,,임베디드 기사|필기|기출,임베디드기사 2019-09-21 문제 42,2019,,,,,embedded-engineer
WRITTEN_CBT,임베디드 플랫폼,서로 다른 프로그램이 사용 중인 메모리 영역을 침범하지 않기 위한 메모리 관리 방법으로 거리가 먼 것은?,Collecting,Shared Memory,Swapping,Paging,1,,,,medium,,임베디드 기사|필기|기출,임베디드기사 2019-09-21 문제 43,2019,,,,,embedded-engineer
WRITTEN_CBT,임베디드 플랫폼,POSIX 스타일의 공유메모리 API에 대한 설명으로 틀린 것은?,shm_open - POSIX 공유메모리를 생성 혹은 오픈 한다.,close - POSIX 공유메모리와의 연결을 닫는다.,mmap - POSIX 공유메모리 기술자(descriptor)를 메모리와 사상시킨다.,undel - POSIX 공유메모리를 시스템에서 삭제한다.,4,,,,medium,,임베디드 기사|필기|기출,임베디드기사 2019-09-21 문제 44,2019,,,,,embedded-engineer
WRITTEN_CBT,임베디드 플랫폼,리눅스 커널과 시스템 콜에 관련된 설명으로 틀린 것은?,시스템 콜 호출 시 사용자 프로그램에 별도의 메모리를 할당해야 한다.,커널에서 제공하는 기능은 시스템 콜을 통해 실행할 수 있다.,시스템 콜을 호출하면 커널 모드에서 사용자 모드로 넘어간다.,시스템 콜은 사용자 프로그램이 커널로 진입하는 창구이다.,3,,,,medium,,임베디드 기사|필기|기출,임베디드기사 2019-09-21 문제 45,2019,,,,,embedded-engineer
WRITTEN_CBT,임베디드 플랫폼,"pthread 뮤텍스의 4가지 유형 중에서 중복잠금, 소유권 없는 잠금 해제 시도, 열린 뮤텍스에 대한 잠금 해제 시도에 대하여 아무런 행동을 지정하지 않는 유형은?",NORMAL,DEFAULT,ERRORCHECK,RECURSIVE,2,,,,medium,,임베디드 기사|필기|기출,임베디드기사 2019-09-21 문제 46,2019,,,,,embedded-engineer
WRITTEN_CBT,임베디드 플랫폼,리눅스에서 XSI 공유 메모리(SysV 공유메모리)를 생성하면서 새로이 만들어진 IPCID를 반환할 때 사용하는 함수는?,shmctl(),shmat(),shmdt(),shmget(),4,,,,medium,,임베디드 기사|필기|기출,임베디드기사 2019-09-21 문제 47,2019,,,,,embedded-engineer
WRITTEN_CBT,임베디드 플랫폼,라운드 로빈 스케줄링에 대한 설명으로 적합하지 않은 것은?,시간 분할의 크기가 커지면 FCFS 방법과 같게 된다.,시간 할당량(Time slice)을 초과하면 인터럽트시킨다.,비선점형 기법이다.,"시간 할당량이 너무 작아지면, 오버헤드가 커지게 된다.",3,,,,medium,,임베디드 기사|필기|기출,임베디드기사 2019-09-21 문제 48,2019,,,,,embedded-engineer
WRITTEN_CBT,임베디드 플랫폼,inode로 불리는 데이터 구조를 할당하여 관리하는 것은 리눅스 커널의 기본 기능 중 무엇인가?,커널 프로그래밍,메모리 관리,프로세스 간 통신,파일 시스템,4,,,,medium,,임베디드 기사|필기|기출,임베디드기사 2019-09-21 문제 49,2019,,,,,embedded-engineer
WRITTEN_CBT,임베디드 플랫폼,가상기억장치에서 주기억장치로 페이지를 옮겨 넣을 때 주소를 조정해 주어야 하는데 이를 무엇이라고 하는가?,푸싱,패칭,매핑,스케줄링,3,,,,medium,,임베디드 기사|필기|기출,임베디드기사 2019-09-21 문제 50,2019,,,,,embedded-engineer
WRITTEN_CBT,임베디드 플랫폼,다음 중 주기억장치 관리 전략으로 거리가 먼 것은?,Fetch 전략,Overlay 전략,Placement 전략,Replacement 전략,2,,,,medium,,임베디드 기사|필기|기출,임베디드기사 2019-09-21 문제 51,2019,,,,,embedded-engineer
WRITTEN_CBT,임베디드 플랫폼,pthread API에 대한 설명으로 틀린 것은?,pthread_create - 스레드를 생성한다.,pthread_detach - 스레드를 감시한다.,pthread_join - 스레드를 프로세스에 병합한다.,pthread_cancel - 스레드를 취소한다.,2,,,,medium,,임베디드 기사|필기|기출,임베디드기사 2019-09-21 문제 52,2019,,,,,embedded-engineer
WRITTEN_CBT,임베디드 플랫폼,IPv6의 주소체계에 대한 설명으로 틀린 것은?,주소 영역의 크기가 IPv4의 32비트에서 126비트로 확장,프로토콜의 확장을 허용하도록 설계,자동 인식기능이 제공되어 자동 네트워킹이 가능,보안기능이 기본으로 제공,1,,,,medium,,임베디드 기사|필기|기출,임베디드기사 2019-09-21 문제 53,2019,,,,,embedded-engineer
WRITTEN_CBT,임베디드 플랫폼,HRRN 스케줄링 방식에 대한 설명으로 틀린 것은?,긴 작업과 짧은 작업 간의 지나친 불평등을 해소할 수 있다.,SJF기법의 문제점을 보완하기 위한 방식이다.,비선점 스케줄링 기법이다.,우선순위 결정식은 [(대기시간+서비스시간)/대기시간]이다.,4,,,,medium,,임베디드 기사|필기|기출,임베디드기사 2019-09-21 문제 54,2019,,,,,embedded-engineer
WRITTEN_CBT,임베디드 플랫폼,여러 프로세스가 공유하는 자원에 대한 접근을 통제하기 위해 사용하는 커널의 동기화 메서드(method)로 연산 기능이 있는 것은?,세마포어,뮤텍스,조건변수,플래그,1,,,,medium,,임베디드 기사|필기|기출,임베디드기사 2019-09-21 문제 55,2019,,,,,embedded-engineer
WRITTEN_CBT,임베디드 플랫폼,시간적 구역성(Temporal Locality)의 예가 아닌 것은?,스택,Loop,서브루틴,순차적 코드의 실행,4,,,,medium,,임베디드 기사|필기|기출,임베디드기사 2019-09-21 문제 56,2019,,,,,embedded-engineer
WRITTEN_CBT,임베디드 플랫폼,커널의 역할로 거리가 가장 먼 것은?,"프로세스 생성 및 종료, 스케줄링 등 관리",사용자 프로세스의 시스템 호출 수행,메모리 할당 및 가상 공간 관리,라이브러리 함수 생성,4,,,,medium,,임베디드 기사|필기|기출,임베디드기사 2019-09-21 문제 57,2019,,,,,embedded-engineer
WRITTEN_CBT,임베디드 플랫폼,다음의 교착상태 예방에 대한 내용은 어떤 조건을 방지하기 위한 것인가?,비선점,점유대기,스택,상호배제,2,,,,medium,,임베디드 기사|필기|기출,임베디드기사 2019-09-21 문제 58,2019,,,,,embedded-engineer
WRITTEN_CBT,임베디드 플랫폼,OSI-7 layer의 네트워크 계층 프로토콜은?,FTP,TELNET,FDDI,IP,4,,,,medium,,임베디드 기사|필기|기출,임베디드기사 2019-09-21 문제 59,2019,,,,,embedded-engineer
WRITTEN_CBT,임베디드 플랫폼,RFC-1058 인터넷 표준 라우팅 프로토콜은?,RIP,OSPF,IGRP,HELLO,1,,,,medium,,임베디드 기사|필기|기출,임베디드기사 2019-09-21 문제 60,2019,,,,,embedded-engineer
WRITTEN_CBT,임베디드 소프트웨어,JAVA 언어에서 float 형 선언으로 옳은 것은?,float f = 3.0e5D;,float f = 3.14;,float f = 3.05d;,float f = 2.05f;,4,,,,medium,,임베디드 기사|필기|기출,임베디드기사 2019-09-21 문제 61,2019,,,,,embedded-engineer
WRITTEN_CBT,임베디드 소프트웨어,프로토타이핑(Prototyping) 모델에 대한 설명으로 틀린 것은?,개발 단계에서 오류 수정이 불가하므로 유지 보수 비용이 많이 발생한다.,최종 결과물이 만들어지기 전에 의뢰자가 최종 결과물의 일부 또는 모형을 볼 수 있다.,프로토타입은 발주자나 개발자 모두에게 공동의 참조 모델을 제공한다.,개발자는 프로토타입을 통해 사용자 요구사항을 도출할 수 있다.,1,,,,medium,,임베디드 기사|필기|기출,임베디드기사 2019-09-21 문제 62,2019,,,,,embedded-engineer
WRITTEN_CBT,임베디드 소프트웨어,객체지향 개념에서 하나 이상의 유사한 객체들을 묶어 공통된 특성을 표현한 데이터 추상화를 의미하는 것은?,message,ingeritance,method,class,4,,,,medium,,임베디드 기사|필기|기출,임베디드기사 2019-09-21 문제 63,2019,,,,,embedded-engineer
WRITTEN_CBT,임베디드 소프트웨어,"검사(test)의 종류 중 통합 검사가 끝난 후 전체가 하나의 소프트웨어로 통합되어 요구사항 명세서를 토대로 진행되며, 형상검사, 알파검사, 베타검사 등의 기법을 갖는 것은?",INTEGRATION TEST,UNIT TEST,SYSTEM TEST,VALIDATION TEST,4,,,,medium,,임베디드 기사|필기|기출,임베디드기사 2019-09-21 문제 64,2019,,,,,embedded-engineer
WRITTEN_CBT,임베디드 소프트웨어,C언어에서 연산자 우선순위가 가장 낮은 것은?,!,==,&&,%,3,,,,medium,,임베디드 기사|필기|기출,임베디드기사 2019-09-21 문제 65,2019,,,,,embedded-engineer
WRITTEN_CBT,임베디드 소프트웨어,Loader의 종류가 아닌 것은?,Compile and Go Loader,Indirect Linking Loader,Absolute Loader,Relative Loader,2,,,,medium,,임베디드 기사|필기|기출,임베디드기사 2019-09-21 문제 66,2019,,,,,embedded-engineer
WRITTEN_CBT,임베디드 소프트웨어,JAVA 언어에서 notifyAll() method가 정의된 Class는?,java.title.Thread,java.lang.Object,java.moni.Object,java.this.Thread,2,,,,medium,,임베디드 기사|필기|기출,임베디드기사 2019-09-21 문제 67,2019,,,,,embedded-engineer
WRITTEN_CBT,임베디드 소프트웨어,영상압축의 표준화 방식은?,AC-3,MPEG1 audio/layer3,MUSICAM,H.264,4,,,,medium,,임베디드 기사|필기|기출,임베디드기사 2019-09-21 문제 68,2019,,,,,embedded-engineer
WRITTEN_CBT,임베디드 소프트웨어,C++에서 멤버함수를 호출할 때 매개변수와 멤버함수 내의 자동변수(auto variable)가 저장되는 곳은?,스키마 영역,정적 데이터 구역,스택,프로세스 제어 블록,3,,,,medium,,임베디드 기사|필기|기출,임베디드기사 2019-09-21 문제 69,2019,,,,,embedded-engineer
WRITTEN_CBT,임베디드 소프트웨어,"UML에서 객체지향 방법론의 중심이며, 시스템 내 객체 타입과 그들 사이에 존재하는 여러 가지 정적인 관계를 설명하는 다이어그램은?",컴포넌트도,쓰임새도,클래스도,객체도,3,,,,medium,,임베디드 기사|필기|기출,임베디드기사 2019-09-21 문제 70,2019,,,,,embedded-engineer
WRITTEN_CBT,임베디드 소프트웨어,다음 트리의 차수는?,2,3,4,8,1,,,,medium,/static/images/Engineer_Embedded/20190921/rId12.png,임베디드 기사|필기|기출,임베디드기사 2019-09-21 문제 71,2019,,,,,embedded-engineer
WRITTEN_CBT,임베디드 소프트웨어,JAVA 언어의 설명으로 틀린 것은?,안드로이드 앱 개발에 사용된다.,객체지향 프로그래밍 언어이다.,데니스 리치가 개발하였다.,유니코드를 지원한다.,3,,,,medium,,임베디드 기사|필기|기출,임베디드기사 2019-09-21 문제 72,2019,,,,,embedded-engineer
WRITTEN_CBT,임베디드 소프트웨어,다음 트리에 대한 Preorder 순서로 처리한 결과는?,AB*CD/-EF*+,+-*AB/CD*EF,A*B-/CD+E*F,A*B-C/D+E*F,2,,,,medium,/static/images/Engineer_Embedded/20190921/rId13.png,임베디드 기사|필기|기출,임베디드기사 2019-09-21 문제 73,2019,,,,,embedded-engineer
WRITTEN_CBT,임베디드 소프트웨어,큐(Queue)에 대한 설명으로 옳은 것은?,"인터럽트 처리, 서브 루틴 호출 작업 등에 응용된다.",LIFO 방식으로 처리된다.,"순서 리스트의 뒤(rear)에서 노드가 삽입되며, 앞(front)에서 노드가 제거된다.",선형 리스트의 양쪽 끝에서 삽입과 삭제가 모두 가능한 자료구조이다.,3,,,,medium,,임베디드 기사|필기|기출,임베디드기사 2019-09-21 문제 74,2019,,,,,embedded-engineer
WRITTEN_CBT,임베디드 소프트웨어,다음 JAVA 소스코드의 실행 결과는?,i = 5,i = 0,i = -1,Compile 오류,4,,,,medium,,임베디드 기사|필기|기출,임베디드기사 2019-09-21 문제 75,2019,,,,,embedded-engineer
WRITTEN_CBT,임베디드 소프트웨어,테스트 오라클(test oracle)이란?,시스템의 일부 기능만 시험하기 위하여 소프트웨어에 변경을 가하는 것,테스트 실행 결과가 올바른 결과인지를 판별할 수 있는 메커니즘,테스트에 사용되는 데이터,테스트를 수행할 때 필요한 모든 것,2,,,,medium,,임베디드 기사|필기|기출,임베디드기사 2019-09-21 문제 76,2019,,,,,embedded-engineer
WRITTEN_CBT,임베디드 소프트웨어,C언어에서 배열 a[5]의 값은?,0,1,2,3,1,,,,medium,,임베디드 기사|필기|기출,임베디드기사 2019-09-21 문제 77,2019,,,,,embedded-engineer
WRITTEN_CBT,임베디드 소프트웨어,화이트 박스 시험(White Box Testing)의 설명으로 틀린 것은?,"프로그램의 제어구조에 따라 선택, 반복 등의 부분들을 수행함으로써 논리적 경로를 점검한다.",모듈 안의 작동을 직접 관찰할 수 있다.,원시 코드의 모든 문장을 한 번 이상 수행함으로써 진행된다.,"소프트웨어 산물의 각 기능별로 적절한 정보영역을 정하여, 적합한 입력에 대한 출력의 정확성을 점검한다.",4,,,,medium,,임베디드 기사|필기|기출,임베디드기사 2019-09-21 문제 78,2019,,,,,embedded-engineer
WRITTEN_CBT,임베디드 소프트웨어,소프트웨어 프로젝트 일정이 지연된다고 해서 프로젝트 말기에 새로운 인원을 추가 투입하면 프로젝트는 더욱 지연된다고 주장하는 법칙은?,Boehm의 법칙,Brooks의 법칙,Putnam의 법칙,Mayer의 법칙,2,,,,medium,,임베디드 기사|필기|기출,임베디드기사 2019-09-21 문제 79,2019,,,,,embedded-engineer
WRITTEN_CBT,임베디드 소프트웨어,소프트웨어의 개발 단계 중 요구분석 단계에 대한 설명이 아닌 것은?,소프트웨어 개발의 실질적 첫 단계이다.,소프트웨어가 수행해야 하는 기능을 기술하는 단계이다.,문제점의 해결을 위해 목표를 명확히 도출하는 단계이다.,소프트웨어의 내부 구조를 기술하는 단계이다.,4,,,,medium,,임베디드 기사|필기|기출,임베디드기사 2019-09-21 문제 80,2019,,,,,embedded-engineer
WRITTEN_CBT,임베디드 하드웨어,인터럽트 요청신호 플래그를 차례로 검사하여 인터럽트의 원인을 판별하는 방식은?,스트로브 방식,데이지체인 방식,폴링 방식,하드웨어 방식,3,,,,medium,,임베디드 기사|필기|기출,임베디드기사 2018-09-15 문제 1,2018,,,,,embedded-engineer
WRITTEN_CBT,임베디드 하드웨어,전가산기의 입력과 출력 개수가 옳은 것은?,"입력 2개, 출력 2개","입력 3개, 출력 2개","입력 3개, 출력 3개","입력 4개, 출력 4개",2,,,,medium,,임베디드 기사|필기|기출,임베디드기사 2018-09-15 문제 2,2018,,,,,embedded-engineer
WRITTEN_CBT,임베디드 하드웨어,버스를 통해 각 장치가 여러 개 달려 있을 때 하나의 통로를 통해 충돌이 일어나는 현상을 방지하기 위한 단자는?,Regulator,PAL,Chip Select,FPGA,3,,,,medium,,임베디드 기사|필기|기출,임베디드기사 2018-09-15 문제 3,2018,,,,,embedded-engineer
WRITTEN_CBT,임베디드 하드웨어,"4비트 ADC(analog-to-digital converter)에서 입력전압의 범위가 0~3V일 때, 아날로그 입력전압이 1.2V이면 출력 값은 얼마인가?",0101(2),0110(2),0111(2),1001(2,2,,,,medium,,임베디드 기사|필기|기출,임베디드기사 2018-09-15 문제 4,2018,,,,,embedded-engineer
WRITTEN_CBT,임베디드 하드웨어,캐시메모리의 평균 메모리 접근 시간(Ta)는 얼마인가?,40.5ns,59.5ns,950.5ns,949.5ns,2,,,,medium,,임베디드 기사|필기|기출,임베디드기사 2018-09-15 문제 5,2018,,,,,embedded-engineer
WRITTEN_CBT,임베디드 하드웨어,"A 레지스터의 내용이 11010100이고, B 레지스터의 내용이 10101100일 때 A와 B의 AND 연산 결과는?",00000000,11111100,10000100,11111111,3,,,,medium,,임베디드 기사|필기|기출,임베디드기사 2018-09-15 문제 6,2018,,,,,embedded-engineer
WRITTEN_CBT,임베디드 하드웨어,ARM 프로세서의 모드에 대한 설명으로 틀린 것은?,"프로세서 모드는 어떤 레지스터가 활성화되고, CPSR(Current Program Status Register) 레지스터를 액세스할 수 있는 권리를 갖게 될 지를 결정한다.","User and System 모드는 r13, r14를 같이 사용하지만 다른 모드는 r13(Stack Pointer)과 r14(link register)를 별도로 사용한다.",FIQ(Fast Interrupt Request) 모드는 빠른 인터럽트 처리를 위한 ARM 프로세서 모드의 하나이다.,CPSR은 ARM의 각 모드별로 존재한다.,4,,,,medium,,임베디드 기사|필기|기출,임베디드기사 2018-09-15 문제 7,2018,,,,,embedded-engineer
WRITTEN_CBT,임베디드 하드웨어,물체가 힘을 받아 속도가 변하는 운동을 할 때 관성에 의해 센서 내부에 있는 질량의 위치가 변하는 것을 이용하는 센서는?,가속도 센서,광 센서,온도 센서,피에조 센서,1,,,,medium,,임베디드 기사|필기|기출,임베디드기사 2018-09-15 문제 8,2018,,,,,embedded-engineer
WRITTEN_CBT,임베디드 하드웨어,1. -199를 Zone 10진 형식(언팩 형식)으로 올바르게 나타낸 것은?,F1F9C9,F1F9D9,F0001F1001C1001,F0001F1001D1001,2,,,,medium,,임베디드 기사|필기|기출,임베디드기사 2018-09-15 문제 9,2018,,,,,embedded-engineer
WRITTEN_CBT,임베디드 하드웨어,1. MOD-10 존슨 카운터를 설계하기 위하여 필요한 D필립플롭의 개수는?,3개,4개,5개,6개,3,,,,medium,,임베디드 기사|필기|기출,임베디드기사 2018-09-15 문제 10,2018,,,,,embedded-engineer
WRITTEN_CBT,임베디드 하드웨어,ADC에 대한 설명으로 틀린 것은?,전압을 비트 단위로 나눈 분해능을 해상도라 한다.,"통상적으로 많이 사용되는 ADC는 10비트 이상이며, 변환시간은 수백 마이크로 초 이하이다.",이산적인 신호를 연속적인 신호로 나누는 것을 표본화(Sampling)이라 한다.,만약 10비트 분해능을 가졌다고 하면 2의 10승인 1024 단계의 전압을 표현할 수 있다.,3,,,,medium,,임베디드 기사|필기|기출,임베디드기사 2018-09-15 문제 11,2018,,,,,embedded-engineer
WRITTEN_CBT,임베디드 하드웨어,"DC 5V 전압을 DC 3V 전압으로 낮추는 정전압 회로는 정해진 입력 전압보다 낮은 전압에서 구동되며, 반도체로 비례적인 출력을 갖게 되는 DC 전원으로, 대표적인 예로 사용되는 회로는 무엇인가?",저역통과필터,연산증폭기,스위칭전원장치,선형전압레귤레이터,4,,,,medium,,임베디드 기사|필기|기출,임베디드기사 2018-09-15 문제 12,2018,,,,,embedded-engineer
WRITTEN_CBT,임베디드 하드웨어,다음 중 초음파 센서의 특징으로 틀린 것은?,검출 거리가 길다.,검출대상물에 제약이 따른다.,바람의 영향을 받는다.,응답속도가 빠르다.,1,,,,medium,,임베디드 기사|필기|기출,임베디드기사 2018-09-15 문제 13,2018,,,,,embedded-engineer
WRITTEN_CBT,임베디드 하드웨어,"다음 RS플립플롭의 진리표에서 ( A ), ( B )에 가장 적절한 값은?","(A) SET, (B) SET","(A) RESET, (B) SET","(A) SET, (B) RESET","(A) RESET, (B) RESET",2,,,,medium,,임베디드 기사|필기|기출,임베디드기사 2018-09-15 문제 14,2018,,,,,embedded-engineer
WRITTEN_CBT,임베디드 하드웨어,다음 카르노 맵을 간소화한 식으로 옳은 것은?,A + C',A + B,A + BC,A + B'C,1,,,,medium,/static/images/Engineer_Embedded/20180915/rId7.png,임베디드 기사|필기|기출,임베디드기사 2018-09-15 문제 16,2018,,,,,embedded-engineer
WRITTEN_CBT,임베디드 하드웨어,DMA(Direct Memory Access) 제어기의 구성에 포함되지 않는 것은?,주소 레지스터(address register),카운터 레지스터(counter register),상태 레지스터(state register),채널 레지스터(channel register),4,,,,medium,,임베디드 기사|필기|기출,임베디드기사 2018-09-15 문제 18,2018,,,,,embedded-engineer
WRITTEN_CBT,임베디드 하드웨어,1. ARM CPU 동작 모드와 약어가 옳게 짝지어지지 않은 것은?,Supervisor - SVC,Abort - ABT,Interrupe Request - IRQ,Undefined Instruction - UDI,4,,,,medium,,임베디드 기사|필기|기출,임베디드기사 2018-09-15 문제 19,2018,,,,,embedded-engineer
WRITTEN_CBT,임베디드 하드웨어,데이터시트의 정보에 해당되지 않는 것은?,제조사 이름,입출력 지시어,핀 접속 다이어그램,검증 회로,2,,,,medium,,임베디드 기사|필기|기출,임베디드기사 2018-09-15 문제 20,2018,,,,,embedded-engineer
WRITTEN_CBT,임베디드 펌웨어,BLOB에 대한 설명으로 가장 옳지 않은 것은?,타깃 보드를 초기화 한 후 사용자에게 타깃 시스템의 접근 제어를 위해 미니컴의 CLI를 제공한다.,"운영체제를 부팅하고 통신 인터페이스를 통해 타깃 시스템에 접근한다,",병렬 통신으로 커널 이미지와 램 디스크를 다운로드한다.,플래시 메모리 퓨징과 커널에 인수 전달 기능을 제공한다.,3,,,,medium,,임베디드 기사|필기|기출,임베디드기사 2018-09-15 문제 21,2018,,,,,embedded-engineer
WRITTEN_CBT,임베디드 펌웨어,교차개발 환경에 대한 설명 중 가장 옳지 않은 것은?,툴체인이라 부르는 크로스 개발 도구를 사용한다.,크로스 컴파일은 호스트 컴퓨터에서 코드를 작성하고 컴파일을 한다.,크로스 컴파일된 실행파일은 타깃 시스템에서 실행된다.,네이티브 컴파일과 같은 개념이다.,4,,,,medium,,임베디드 기사|필기|기출,임베디드기사 2018-09-15 문제 22,2018,,,,,embedded-engineer
WRITTEN_CBT,임베디드 펌웨어,Busybox의 특징에 대한 설명 중 틀린 것은?,정적으로 컴파일 및 링크해서 대상 시스템에 설치 시킬 때 동적 라이브러리 없이는 시스템 실행이 불가능하다.,Busybox의 개발자는 해당 패키지를 크로스 컴파일 환경에서 사용할 목적으로 개발하였다.,Busybox를 컴파일 할 때는 워크스테이션에 있는 크로스컴파일에 대한 prefix만 지정해주면 된다.,제한된 자원을 가진 임베디드 시스템 개발에 유용하다.,1,,,,medium,,임베디드 기사|필기|기출,임베디드기사 2018-09-15 문제 23,2018,,,,,embedded-engineer
WRITTEN_CBT,임베디드 펌웨어,다음 중 디바이스 드라이버에 대한 설명으로 틀린 것은?,디바이스 드라이버는 하드웨어 장치를 제어하는 소프트웨어의 한 종류이다.,디바이스 드라이버는 하드웨어 장치이다.,커널모드에서 실행된다.,스왑(Swap)되지 않는다.,3,,,,medium,,임베디드 기사|필기|기출,임베디드기사 2018-09-15 문제 24,2018,,,,,embedded-engineer
WRITTEN_CBT,임베디드 펌웨어,다음 중 전원관리 데몬(Daemon)은?,apmd,smb,lpd,atd,1,,,,medium,,임베디드 기사|필기|기출,임베디드기사 2018-09-15 문제 25,2018,,,,,embedded-engineer
WRITTEN_CBT,임베디드 펌웨어,임베디드 CPU의 전원 관리에 대한 설명으로 틀린 것은?,"임베디드용 프로세서들은 동적 주파수 조정과 동적 전압 조정 기능을 제공하지 않고 정격 전압, 주파수에서만 작동한다.",프로세서의 소비전력은 클럭 주파수에 직접적으로 비례한다.,프로세서의 전력 소비는 전압의 제곱에 직접적으로 비례한다.,CPU와 대부분의 주변 장치에 대한 전원이 꺼진 상태를 의미하며 최저의 전력을 소비하는 모드는 슬립 모드이다.,1,,,,medium,,임베디드 기사|필기|기출,임베디드기사 2018-09-15 문제 26,2018,,,,,embedded-engineer
WRITTEN_CBT,임베디드 펌웨어,shutdown 명령어에서 실제 종료하지 않고 모든 사용자에게 경고 메시지만을 보내는 옵션은?,-r,-f,-k,-c,3,,,,medium,,임베디드 기사|필기|기출,임베디드기사 2018-09-15 문제 27,2018,,,,,embedded-engineer
WRITTEN_CBT,임베디드 펌웨어,리눅스 소프트웨어의 개발을 위해 필요한 툴체인의 구성요소가 아닌 것은?,컴파일러(Compiler),라이브러리(Library),ISP(In-System Programming),유틸리티(Utility),3,,,,medium,,임베디드 기사|필기|기출,임베디드기사 2018-09-15 문제 28,2018,,,,,embedded-engineer
WRITTEN_CBT,임베디드 펌웨어,부트로더의 종류가 아닌 것은?,LILO,GRUB,BOOTLDR,COMMAND,4,,,,medium,,임베디드 기사|필기|기출,임베디드기사 2018-09-15 문제 29,2018,,,,,embedded-engineer
WRITTEN_CBT,임베디드 펌웨어,"시스템 내부에서 반드시 상호배제의 원리가 지켜져야 하는 공유 영역에 대하여 각 프로세스들이 접근하기 위해서 두 개의 P, V 연산을 통해 프로세스 사이의 동기를 유지하는 것은?",데드락(Deadlock),세마포어(Semaphore),인터럽트(Interrupt),타이머(Timer),2,,,,medium,,임베디드 기사|필기|기출,임베디드기사 2018-09-15 문제 30,2018,,,,,embedded-engineer
WRITTEN_CBT,임베디드 펌웨어,리눅스 커널 소스를 타깃 시스템에 적합하게 설정하고 컴파일하여 생성된 커널 이미지를 타깃 시스템에 적재하는 과정은 무엇인가?,커널 빌드,커널 컴파일,커널 생성,커널 포팅,4,,,,medium,,임베디드 기사|필기|기출,임베디드기사 2018-09-15 문제 31,2018,,,,,embedded-engineer
WRITTEN_CBT,임베디드 펌웨어,32. 리눅스 커널의 주요 디렉토리 중 포팅할 수 있는 각 프로세서에 의존적인 기능들이 구현되어 있는 디렉토리는?,arch,fs,lib,ipc,1,,,,medium,,임베디드 기사|필기|기출,임베디드기사 2018-09-15 문제 32,2018,,,,,embedded-engineer
WRITTEN_CBT,임베디드 펌웨어,네트워크 파일시스템(NFS)에 관한 설명으로 옳지 않은 것은?,호스트 시스템에서 작업한 것을 다운로드 과정 없이 타깃 시스템에서 이용할 수 있다.,장치 파일과 같은 특수 파일도 네트워크 파일시스템에 연결된 디렉터리에서 생성할 수 있다.,클라이언트 시스템의 리눅스 파일 시스템 위에서 호스트 시스템의 파일에 접근하고 실행하는 것이 가능하다.,램디스크 상에 올리기에 너무 큰 파일도 네트워크 파일시스템에서는 호스트의 기억 용량에 의존하기 때문에 쉽게 처리할 수 있다.,2,,,,medium,,임베디드 기사|필기|기출,임베디드기사 2018-09-15 문제 33,2018,,,,,embedded-engineer
WRITTEN_CBT,임베디드 펌웨어,리눅스 커널의 세부 기능으로 가장 옳지 않은 것은?,프로세스 관리,어플리케이션 목록 관리,메모리 관리,파일 시스템 관리,2,,,,medium,,임베디드 기사|필기|기출,임베디드기사 2018-09-15 문제 34,2018,,,,,embedded-engineer
WRITTEN_CBT,임베디드 펌웨어,다음이 설명하는 것은?,와치독 타이머,멀티플렉서,스타트업 코드,부트스트랩,3,,,,medium,,임베디드 기사|필기|기출,임베디드기사 2018-09-15 문제 35,2018,,,,,embedded-engineer
WRITTEN_CBT,임베디드 펌웨어,DO_BUFFER_IO 버퍼 관리 방식의 설명으로 가장 옳지 않은 것은?,응용 프로그램의 입출력 버퍼와 커널의 입출력 관리자 버퍼를 동기화 시키는 방식이다.,응용 프로그램에서 데이터를 보내면 입출력 관리자에 똑같은 버퍼가 만들어지고 복사된다.,디바이스 드라이버는 입출력 관리자의 버퍼에서 값을 가져오거나 넣어서 어플리케이션과 데이터를 주고받는다.,I/O 버퍼는 입출력 관리자에 있는 MDL 이라는 구조체를 이용하여 관리한다.,4,,,,medium,,임베디드 기사|필기|기출,임베디드기사 2018-09-15 문제 36,2018,,,,,embedded-engineer
WRITTEN_CBT,임베디드 펌웨어,JTAG에 대한 설명으로 틀린 것은?,JTAG는 CPU가 동작 중일 때에도 값을 확인할 수 있다.,전역변수 및 지역 변수의 값을 확인하는 용도로 사용할 수 있다.,Task의 스택을 열어서 어떤 함수가 실행되었는지 여부와 어떤 값이 들어있는지 확인하는 용도로 사용할 수 있다.,Break를 지정하거나 Step 단위동작으로도 Source의 해당 라인을 실행하는지 여부를 확인하는 용도로 사용할 수 있다.,1,,,,medium,,임베디드 기사|필기|기출,임베디드기사 2018-09-15 문제 37,2018,,,,,embedded-engineer
WRITTEN_CBT,임베디드 펌웨어,리눅스 디바이스 드라이버의 함수 중 request_region()을 통하여 커널에서 할당 받고 초기화 시키는 작업을 하는 것은?,release(),module_init(),open(),module_exit(),2,,,,medium,,임베디드 기사|필기|기출,임베디드기사 2018-09-15 문제 38,2018,,,,,embedded-engineer
WRITTEN_CBT,임베디드 펌웨어,DMA에 관한 설명으로 틀린 것은?,인터럽트는 블록단위가 아닌 바이트 단위로 생성된다.,주로 고속의 입출력 장치에 사용된다.,장치제어기는 CPU 간섭 없이 버퍼로부터 직접 주기억장치고 데이터를 전송한다.,다른 버스 방식의 통신보다 메모리 속도에 근접한 정보 전송이 가능하다.,1,,,,medium,,임베디드 기사|필기|기출,임베디드기사 2018-09-15 문제 39,2018,,,,,embedded-engineer
WRITTEN_CBT,임베디드 펌웨어,메이크메뉴컨피그(make menuconfig)를 하기 위해 반드시 필요한 라이브러리는?,ffmpeg,ncurses,opencl,OSS,2,,,,medium,,임베디드 기사|필기|기출,임베디드기사 2018-09-15 문제 40,2018,,,,,embedded-engineer
WRITTEN_CBT,임베디드 플랫폼,메모리 맵 파일(Memory mapped file)을 생성하는 mmap() 함수에 대한 설명으로 거리가 먼 것은?,다수의 프로세스가 파일을 공유할 수 있다.,대응된 메모리 맵은 포인터로 접근하므로 사용이 용이하다.,파일 입출력 시스템 호출보다 오버헤드가 크다.,메모리와 파일 사이의 동기화가 편리하다.,3,,,,medium,,임베디드 기사|필기|기출,임베디드기사 2018-09-15 문제 41,2018,,,,,embedded-engineer
WRITTEN_CBT,임베디드 플랫폼,TCB(Task Control Block)에 저장해야 할 내용으로 거리가 먼 것은?,태스크의 CPU Context,태스크의 자동화된 주소 설정,태스크의 상태,태스크의 ID,2,,,,medium,,임베디드 기사|필기|기출,임베디드기사 2018-09-15 문제 42,2018,,,,,embedded-engineer
WRITTEN_CBT,임베디드 플랫폼,프로세스들 사이에 문맥을 교환하는 과정과 문맥에 대한 설명으로 거리가 먼 것은?,현재 실행 중인 프로세스의 문맥 저장,다음에 실행될 프로세스의 상태 복구,"문맥은 CPU 레지스터 값, 프로세스 상태, 메모리 관리 정보 등이 포함",인터럽트 처리는 문맥 교환 없이 가능,4,,,,medium,,임베디드 기사|필기|기출,임베디드기사 2018-09-15 문제 43,2018,,,,,embedded-engineer
WRITTEN_CBT,임베디드 플랫폼,프로그램이 방해로부터 보호받기 위해 시그널을 봉쇄하는 시스템 호출은?,sigprocmask,sigaction,sigsetjmp,sleep,1,,,,medium,,임베디드 기사|필기|기출,임베디드기사 2018-09-15 문제 44,2018,,,,,embedded-engineer
WRITTEN_CBT,임베디드 플랫폼,다음 중 메모리 락을 수행하는 mlock 함수에 대한 설명으로 거리가 먼 것은?,메모리를 읽기 전용으로 만든다.,실시간 처리가 중요한 메모리에 적용한다.,페이징(paging)을 금지하는 기능이다.,보안이 중요한 메모리에 적용한다.,1,,,,medium,,임베디드 기사|필기|기출,임베디드기사 2018-09-15 문제 45,2018,,,,,embedded-engineer
WRITTEN_CBT,임베디드 플랫폼,페이지 오류율과 스래싱에 대한 설명으로 옳은 것은?,페이지 오류율이 크면 스레싱이 많이 발생한다.,페이지 오류율과 스래싱은 전혀 관계가 없다.,스래싱이 많이 발생하면 페이지 오류율이 감소한다.,다중 프로그래밍의 정도가 높을수록 페이지 오류율과 스래싱이 감소한다.,1,,,,medium,,임베디드 기사|필기|기출,임베디드기사 2018-09-15 문제 46,2018,,,,,embedded-engineer
WRITTEN_CBT,임베디드 플랫폼,세마포어에 대한 설명으로 틀린 것은?,자원에 대한 접근을 제어하기 위한 목적으로 사용된다.,세마포어 변수는 양의 정수 값 만을 가질 수 있다.,세마포어는 P와 V 두 개의 명령에 의해서 접근할 수 있다.,Dijkstra가 제안한 방법이다.,2,,,,medium,,임베디드 기사|필기|기출,임베디드기사 2018-09-15 문제 47,2018,,,,,embedded-engineer
WRITTEN_CBT,임베디드 플랫폼,다음에 내한 설며응로 맞는 것은?,/etc/shadow,/etc/hosts,/etc/fstab,/etc/issue,3,,,,medium,,임베디드 기사|필기|기출,임베디드기사 2018-09-15 문제 48,2018,,,,,embedded-engineer
WRITTEN_CBT,임베디드 플랫폼,1. 선점 스케줄링 방식으로 옳은 것은?,FCFS,SJF,HRN,SRT,4,,,,medium,,임베디드 기사|필기|기출,임베디드기사 2018-09-15 문제 49,2018,,,,,embedded-engineer
WRITTEN_CBT,임베디드 플랫폼,교착 상태가 성립되기 위한 필요조건이 아닌 것은?,상호 배제,점유 및 대기,선점,순환 대기,3,,,,medium,,임베디드 기사|필기|기출,임베디드기사 2018-09-15 문제 50,2018,,,,,embedded-engineer
WRITTEN_CBT,임베디드 플랫폼,UDP 헤더에 들어가는 내용이 아닌 것은?,출발지 포트번호,목적지 포트번호,체크섬,플래그 비트,4,,,,medium,,임베디드 기사|필기|기출,임베디드기사 2018-09-15 문제 51,2018,,,,,embedded-engineer
WRITTEN_CBT,임베디드 플랫폼,리눅스에서 프로그램 실행 중 사용자가 키보드에서 <Ctrl-C>를 누르더라도 중단되지 않도록 처리하는 방법으로 옳은 것은?,"signal(SIGFPE, SIG_DFL)","signal(SIGINT, SIG_IGN)","signal(SIGQUIT, SIG_DFL)","signal(SIGUSRI, SIG_IGN)",2,,,,medium,,임베디드 기사|필기|기출,임베디드기사 2018-09-15 문제 53,2018,,,,,embedded-engineer
WRITTEN_CBT,임베디드 플랫폼,"유닉스 시스템에서 각 사용자가 로그인할 때마다 시스템에 의해 자동으로 실행되어야 하는 내용(PATH 변수, 프롬프트 지정 등)을 정의해 놓은 파일은?",/etc/resolv.conf,/etc/profile,/etc/passwd,/etc/aliases,2,,,,medium,,임베디드 기사|필기|기출,임베디드기사 2018-09-15 문제 54,2018,,,,,embedded-engineer
WRITTEN_CBT,임베디드 플랫폼,유닉스 시그널(POSIX.1기준)에 대한 설명으로 틀린 것은?,SIGINT는 키보드에서 CTRL-C를 누를 때 발생한다.,SIGQUIT는 키보드에서 CTRL-\를 누를 때 발생한다.,SIGHUP는 키보드에서 CTRL-S를 누를 때 발생한다.,SIGTSTP는 키보드에서 CTRL-Z를 누를 때 발생한다.,3,,,,medium,,임베디드 기사|필기|기출,임베디드기사 2018-09-15 문제 55,2018,,,,,embedded-engineer
WRITTEN_CBT,임베디드 플랫폼,프로세스 생성 시 할당되는 세그먼트가 아닌 것은?,코드 세그먼트,스택 세그먼트,힙 세그먼트,프레임 세그먼트,4,,,,medium,,임베디드 기사|필기|기출,임베디드기사 2018-09-15 문제 56,2018,,,,,embedded-engineer
WRITTEN_CBT,임베디드 플랫폼,리눅스 디바이스 드라이버의 종류가 아닌 것은?,문자 디바이스,블록 디바이스,네트워크 디바이스,제어 디바이스,4,,,,medium,,임베디드 기사|필기|기출,임베디드기사 2018-09-15 문제 57,2018,,,,,embedded-engineer
WRITTEN_CBT,임베디드 플랫폼,"현재 주기억장치의 할당 상태가 다음과 같을 때, 최적 적합(Best-fit) 할당 기법에 의해 15K 크기의 프로그램이 할당되는 곳은?",C 영역,D 영역,F 영역,H 영역,2,,,,medium,,임베디드 기사|필기|기출,임베디드기사 2018-09-15 문제 58,2018,,,,,embedded-engineer
WRITTEN_CBT,임베디드 플랫폼,프로세스를 복제하는 기능의 함수는?,create,fork,exec,memcpy,2,,,,medium,,임베디드 기사|필기|기출,임베디드기사 2018-09-15 문제 59,2018,,,,,embedded-engineer
WRITTEN_CBT,임베디드 플랫폼,힙(Heap) 영역에 메모리 할당 시 할당된 메모리를 NULL로 초기화하는 함수는?,munlock,calloc,realloc,free,2,,,,medium,,임베디드 기사|필기|기출,임베디드기사 2018-09-15 문제 60,2018,,,,,embedded-engineer
WRITTEN_CBT,임베디드 소프트웨어,PCM 방식에서 표본화 주파수가 8KHz라 하면 이때 표본화 주기(us)는?,8,80,100,125,4,,,,medium,,임베디드 기사|필기|기출,임베디드기사 2018-09-15 문제 61,2018,,,,,embedded-engineer
WRITTEN_CBT,임베디드 소프트웨어,다음 그림에서 트리의 차수는?,1,2,3,6,2,,,,medium,/static/images/Engineer_Embedded/20180915/rId9.png,임베디드 기사|필기|기출,임베디드기사 2018-09-15 문제 62,2018,,,,,embedded-engineer
WRITTEN_CBT,임베디드 소프트웨어,소프트웨어의 단위 테스트 방법 중 화이트박스(white box)테스팅에 대한 검증 기준으로 거리가 먼 것은?,문장 검증 기준,경로 검증 기준,조건 검증 기준,기능 검증 기준,4,,,,medium,,임베디드 기사|필기|기출,임베디드기사 2018-09-15 문제 63,2018,,,,,embedded-engineer
WRITTEN_CBT,임베디드 소프트웨어,UML에서 사용되는 다이어그램이 아닌 것은?,Use Case Diagram,Durability Diagram,Class Diagram,State Diagram,2,,,,medium,,임베디드 기사|필기|기출,임베디드기사 2018-09-15 문제 64,2018,,,,,embedded-engineer
WRITTEN_CBT,임베디드 소프트웨어,"C++ 언어에서 A, B가 Boolean 변수라면 (!A) || (!B)과 같은 표현은?",(!(A || B)),(!A) && (!B),(!(A && B)),true,3,,,,medium,,임베디드 기사|필기|기출,임베디드기사 2018-09-15 문제 65,2018,,,,,embedded-engineer
WRITTEN_CBT,임베디드 소프트웨어,다음 트리의 후위 순회 결과는?,A B D C E F,D B A E C F,D B E F C A,A B C D E F,3,,,,medium,/static/images/Engineer_Embedded/20180915/rId9.png,임베디드 기사|필기|기출,임베디드기사 2018-09-15 문제 66,2018,,,,,embedded-engineer
WRITTEN_CBT,임베디드 소프트웨어,객체지향기법에서 객체에서 실행해야 할 구체적인 연산을 정의한 것은?,Class,Method,Public,Reliability,2,,,,medium,,임베디드 기사|필기|기출,임베디드기사 2018-09-15 문제 67,2018,,,,,embedded-engineer
WRITTEN_CBT,임베디드 소프트웨어,"스택(Stack)에서 A,B,C,D로 순서가 정해진 입력자료를 push → push → pop → push → pop → push → pop → pop으로 연산했을 때의 출력순서로 옳은 것은?",C→B→A→D,C→A→B→D,B→C→D→A,B→D→C→A,3,,,,medium,,임베디드 기사|필기|기출,임베디드기사 2018-09-15 문제 68,2018,,,,,embedded-engineer
WRITTEN_CBT,임베디드 소프트웨어,큐(Queue)에 대한 설명으로 거리가 먼 것은?,삽입과 삭제가 리스트의 양쪽 끝단에서 발생하는 자료 구조,선입선출(First-in First-out) 방식으로 작동,운영체제의 JOB 스케줄링에 사용,Front와 Rear 두 개의 포인터를 사용하여 삽입 및 삭제 관리,1,,,,medium,,임베디드 기사|필기|기출,임베디드기사 2018-09-15 문제 69,2018,,,,,embedded-engineer
WRITTEN_CBT,임베디드 소프트웨어,통계적 부호화 방식의 일종으로 빈번히 발생하는 데이터의 코드는 적은 비트로 표현하고 빈번히 발생하지 않는 데이터는 많은 비트를 사용하여 부호화하는 압축기법은?,색참조 기법,거리벡터 스테이트 기법,허프만 코딩 기법,와이어 프레임 모델링 기법,3,,,,medium,,임베디드 기사|필기|기출,임베디드기사 2018-09-15 문제 70,2018,,,,,embedded-engineer
WRITTEN_CBT,임베디드 소프트웨어,어휘 분석의 주된 역할은 원시 프로그램을 하나의 긴 스트링으로 보고 원시 프로그램을 문자 단위로 스캐닝 하여 문법적으로 의미있는 일련의 문자들로 분할해 내는 것을 말한다. 이때 분할된 문법적인 단위는?,토큰,오토마타,BNF,모듈,1,,,,medium,,임베디드 기사|필기|기출,임베디드기사 2018-09-15 문제 71,2018,,,,,embedded-engineer
WRITTEN_CBT,임베디드 소프트웨어,다음 C 코드의 실행결과로 옳은 것은?,"51, 52","51, 53","52, 53","52, 54",2,,,,medium,,임베디드 기사|필기|기출,임베디드기사 2018-09-15 문제 72,2018,,,,,embedded-engineer
WRITTEN_CBT,임베디드 소프트웨어,1. Java에서 하위클래스가 상위클래스로부터 상속받은 멤버를 참조하기 위해 사용하는 명령어는?,uni,out,li,super,4,,,,medium,,임베디드 기사|필기|기출,임베디드기사 2018-09-15 문제 73,2018,,,,,embedded-engineer
WRITTEN_CBT,임베디드 소프트웨어,영상처리에 있어서 가장 기본적인 방법으로 영상의 명암값 프로필을 보여주기 위해 사용되는 기법은?,블러링,마스크 연산,에지추출,히스토그램,4,,,,medium,,임베디드 기사|필기|기출,임베디드기사 2018-09-15 문제 74,2018,,,,,embedded-engineer
WRITTEN_CBT,임베디드 소프트웨어,C언어에서 문자형 자료 선언 시 사용하는 것은?,int,double,char,float,3,,,,medium,,임베디드 기사|필기|기출,임베디드기사 2018-09-15 문제 75,2018,,,,,embedded-engineer
WRITTEN_CBT,임베디드 소프트웨어,Java 언어에서 사용되는 접근 제한자로 틀린 것은?,public,protected,private,virtual,4,,,,medium,,임베디드 기사|필기|기출,임베디드기사 2018-09-15 문제 78,2018,,,,,embedded-engineer
WRITTEN_CBT,임베디드 소프트웨어,테스트 자동화 도구 중 정적 분석 도구가 아닌 것은?,코드 분석 도구,데이터 분석 도구,순서 검사 도구,실행 분석 도구,4,,,,medium,,임베디드 기사|필기|기출,임베디드기사 2018-09-15 문제 79,2018,,,,,embedded-engineer
WRITTEN_CBT,임베디드 소프트웨어,C언어에서 사용하는 이스케이프 시퀀스의 설명으로 옳지 않은 것은?,\r :carriage return,\b : backspace,\t : tab,\n : null character,4,,,,medium,,임베디드 기사|필기|기출,임베디드기사 2018-09-15 문제 80,2018,,,,,embedded-engineer
WRITTEN_CBT,임베디드 하드웨어,DMA에 대한 설명으로 가장 옳지 않은 것은?,CPU와 DMA가 동시에 메모리에 접근을 요청하면 DMA에게 메모리 접근 우선권이 주어진다.,DMA는 인터럽트 신호를 발생시켜 CPU에게 입출력 종료를 알린다.,DMA는 싸이클 스틸(Cycle Steeal) 방식을 이용하여 데이터를 전송한다.,DMA는 데이터 직접 전송방법으로 그 처리가 매우 빠르지만 이로 인해 CPU의 부하를 가중시킬 수가 있다.,4,,,,medium,,임베디드 기사|필기|기출,임베디드기사 2017-09-23 문제 1,2017,,,,,embedded-engineer
WRITTEN_CBT,임베디드 하드웨어,메모리 계층구조의 핵심분류 요소에 해당하지 않는 것은?,기억장치의 접근속도,기억장치의 용량,기억장치의 공급전원,기억장치의 성능,3,,,,medium,,임베디드 기사|필기|기출,임베디드기사 2017-09-23 문제 2,2017,,,,,embedded-engineer
WRITTEN_CBT,임베디드 하드웨어,JK 플립플롭의 여기표에서 ( )에 가장 적합한 내용은?,0 1,1 X,1 0,X  1,2,,,,medium,,임베디드 기사|필기|기출,임베디드기사 2017-09-23 문제 3,2017,,,,,embedded-engineer
WRITTEN_CBT,임베디드 하드웨어,논리식 AB^+A^+B의 부정을 구하면?,0,1,A^,B^,1,,,,medium,,임베디드 기사|필기|기출,임베디드기사 2017-09-23 문제 4,2017,,,,,embedded-engineer
WRITTEN_CBT,임베디드 하드웨어,다음 비접촉식 거리 측정 방법 중에서 가장 정밀하고 외부 환경에 영향을 받지 않는 대신 가격이 비싸다는 단점이 있는 것은?,적외선 반사광 측정방식,초음파 방식,카메라 영상처리 방식,레이저 방식,4,,,,medium,,임베디드 기사|필기|기출,임베디드기사 2017-09-23 문제 5,2017,,,,,embedded-engineer
WRITTEN_CBT,임베디드 하드웨어,파이프라이닝(Pipelining) 기법을 사용하여 명령어를 처리할 때 걸리는 파이프라인 실행시간은?,80,24,23,16,3,,,,medium,,임베디드 기사|필기|기출,임베디드기사 2017-09-23 문제 6,2017,,,,,embedded-engineer
WRITTEN_CBT,임베디드 하드웨어,아래 회로에 관한 설명으로 가장 옳은 것은?,정에지-트리거(Positive-edge-triggered) D 래치이다.,부에지-트리거(Negative-edge-triggered) D 플립플롭이다.,정에지-트리거(Positive-edge-triggered) D 플립플롭이다.,레벨-트리거(Level-triggered) D 플립플롭이다.,2,,,,medium,/static/images/Engineer_Embedded/20170923/rId7.png,임베디드 기사|필기|기출,임베디드기사 2017-09-23 문제 7,2017,,,,,embedded-engineer
WRITTEN_CBT,임베디드 하드웨어,캐시의 일관성(Coherency) 유지를 위한 프로토콜 중 캐시가 가지고 있는 공유 블록을 감시하고 갱신할 경우 다른 캐시에 방송(Broadcast) 하고 방송내용을 관찰할 수 있도록 버스를 감시하는 프로토콜은?,Snoopy 프로토콜,Directory 프로토콜,가상(Virtual) 프로토콜,소프트웨어 제어 프로토콜,1,,,,medium,,임베디드 기사|필기|기출,임베디드기사 2017-09-23 문제 8,2017,,,,,embedded-engineer
WRITTEN_CBT,임베디드 하드웨어,하드웨어를 구동하기 위한 필수요소인 전원에 대한 설명으로 틀린 것은?,"어댑터는 220V 또는 110V의 교류를 입력받아 직류 24V, 12V, 8V 등으로 바꾸는 장치이다.",레귤레이터는 높은 전압을 입력으로 받아 원하는 전압으로 바꾸는 장치이다.,레귤레이터의 시리즈 방식은 원하는 전압보다 높은 전압이 들어오면 그 이상을 빛으로 방출하고 나머지 원하는 전압을 출력하는 방식이다.,레귤레이터의 스위칭 방식은 전압을 인가/비인가(On/OFF)의 반복과정을 거쳐 평균전압을 원하는 전압으로 만드는 방식이다.,3,,,,medium,,임베디드 기사|필기|기출,임베디드기사 2017-09-23 문제 9,2017,,,,,embedded-engineer
WRITTEN_CBT,임베디드 하드웨어,캐시(Cache) 메모리에서 주소의 정보를 찾는 가장 빠른 매핑 방법은?,연관 메모리(Associative memory) 장치 방식,직접매핑(Direct mapping),프로그램 매핑(Program Mapping),해시매핑(Hash mapping),1,,,,medium,,임베디드 기사|필기|기출,임베디드기사 2017-09-23 문제 10,2017,,,,,embedded-engineer
WRITTEN_CBT,임베디드 하드웨어,페이지 테이블에 의한 엑세스 방법에서 하나의 오퍼랜드나 명령어를 주 메모리로부터 가져오기 위해 주 메모리에서 연속적인 엑세스가 일어나는 것이 아닌 것은?,디렉토리 엔트리에 대한 엑세스,캐시 데이터에 대한 엑세스,페이지 테이블 엔트리에 대한 엑세스,오퍼랜드나 명령어에 대한 액세스,2,,,,medium,,임베디드 기사|필기|기출,임베디드기사 2017-09-23 문제 11,2017,,,,,embedded-engineer
WRITTEN_CBT,임베디드 하드웨어,다음의 회로는 어떤 게이트와 동일한가?,NAND GATE,NOR GATE,XNOR GATE,XOR GATE,1,,,,medium,/static/images/Engineer_Embedded/20170923/rId8.png,임베디드 기사|필기|기출,임베디드기사 2017-09-23 문제 12,2017,,,,,embedded-engineer
WRITTEN_CBT,임베디드 하드웨어,프로세서의 성능을 나타내는 단위는?,LPI,CPS,MIPS,MMU,3,,,,medium,,임베디드 기사|필기|기출,임베디드기사 2017-09-23 문제 13,2017,,,,,embedded-engineer
WRITTEN_CBT,임베디드 하드웨어,설계회로의 인터페이스에 관한 정보를 기술하는 VHDL 프로그램의 한 부분은?,구조(Architecture),패키지(Package),모듈(Module),개체(Entity),4,,,,medium,,임베디드 기사|필기|기출,임베디드기사 2017-09-23 문제 14,2017,,,,,embedded-engineer
WRITTEN_CBT,임베디드 하드웨어,VHDL Design Unit 표현 중 다음 설명에 해당하는 것은?,Entity 선언 Unit,Configuration 선언 Unit,Architecture 선언 Unit,Package 선언 Unit,3,,,,medium,,임베디드 기사|필기|기출,임베디드기사 2017-09-23 문제 15,2017,,,,,embedded-engineer
WRITTEN_CBT,임베디드 하드웨어,RS232 9핀 커넥터의 핀(Pin)에 대한 기능 설명으로 가장 옳지 않은 것은?,TxD : 송신 데이터,CTS : 송신허가,DCD : 데이터 단말 준비,DSR : 데이터 세트 허가,3,,,,medium,,임베디드 기사|필기|기출,임베디드기사 2017-09-23 문제 16,2017,,,,,embedded-engineer
WRITTEN_CBT,임베디드 하드웨어,"디코더(Decoder)에 있어서 A, B에 각각 “1”, “0”이 입력되었을 때 “1”을 출력하는 단자는?",D0,D1,D2,D3,2,,,,medium,/static/images/Engineer_Embedded/20170923/rId9.png,임베디드 기사|필기|기출,임베디드기사 2017-09-23 문제 17,2017,,,,,embedded-engineer
WRITTEN_CBT,임베디드 하드웨어,컴퓨터 메모리가 1024개 워드일 경우 필요한 MAR의 비트 수는?,10,12,20,24,1,,,,medium,,임베디드 기사|필기|기출,임베디드기사 2017-09-23 문제 18,2017,,,,,embedded-engineer
WRITTEN_CBT,임베디드 하드웨어,센서(Sensor)에 관한 설명 중 틀린 것은?,접촉식 온도센서는 방사하는 열선에 계측하는 방식을 말한다.,"대표적인 초음파 센서의 응용분야는 어군탐지, 세척기 등이다.",적외선 센서는 적외선을 비추어주는 투창기 및 적외선을 받아들이는 수창기가 있다.,초음파 센서는 일반적으로 20KHz에서 수 MHz 정도의 고주파 진동을 검출대상으로 하고 있다.,1,,,,medium,,임베디드 기사|필기|기출,임베디드기사 2017-09-23 문제 19,2017,,,,,embedded-engineer
WRITTEN_CBT,임베디드 하드웨어,I²C(Inter Integrated Circult)에 대한 설명으로 틀린 것은?,다중장치를 연결하기 위하여 2가닥 회선을 사용한다.,연결되는 각 장치를 구별할 수 있는 주소가 있다.,RS-485 규격을 사용하는 통신 프로토콜이다.,데이터 전송률은 SPI(Serial Peripheral Interface)보다 느리다.,3,,,,medium,,임베디드 기사|필기|기출,임베디드기사 2017-09-23 문제 20,2017,,,,,embedded-engineer
WRITTEN_CBT,임베디드 펌웨어,교차 디버깅 툴인 GDB에 대한 설명으로 가장 옳지 않은 것은?,소스레벨 디버깅 기능을 갖는다.,서버와 클라이언트의 두 개 부분으로 이루어져 있다.,프로그램에서 상태와 값들을 확인할 수 있다.,GDB는 General Debugger의 줄임말이다.,4,,,,medium,,임베디드 기사|필기|기출,임베디드기사 2017-09-23 문제 21,2017,,,,,embedded-engineer
WRITTEN_CBT,임베디드 펌웨어,NFS에 대한 설명으로 가장 옳지 않은 것은?,운영체제가 다른 컴퓨터의 파일 시스템을 이용하기 위한 파일공유가 목적이다.,UDP/TCP 프로토콜 환경에서 운영된다.,임베디드 시스템에서 제한적인 하드디스크 등 하드웨어 확장에 이용된다.,시리얼 포트를 통해 데이터가 전송된다.,4,,,,medium,,임베디드 기사|필기|기출,임베디드기사 2017-09-23 문제 22,2017,,,,,embedded-engineer
WRITTEN_CBT,임베디드 펌웨어,커널이 인터럽트 상태에서 메모리를 할당하기 위해서 사용하는 함수가 아닌 것은?,kmalloc(),kfree(),xmalloc(),free_pages(),3,,,,medium,,임베디드 기사|필기|기출,임베디드기사 2017-09-23 문제 23,2017,,,,,embedded-engineer
WRITTEN_CBT,임베디드 펌웨어,리눅스 기반의 안드로이드가 포팅 되어있는 임베디드 시스템에서 기본적으로 지원되지 않는 표준 리눅스 명령어를 사용하려고 한다. 추가적으로 설치해야 하는 패키지는 무엇인가?,toolbox,adb,nfs,tftp,1,,,,medium,,임베디드 기사|필기|기출,임베디드기사 2017-09-23 문제 24,2017,,,,,embedded-engineer
WRITTEN_CBT,임베디드 펌웨어,RAM DISK 이미지를 만드는 과정으로 틀린 것은?,특정 디렉토리에 필요한 파일을 넣고 fstool 프로그램을 이용하여 ext2 파일 포맷의 파일을 만든다.,만든 파일을 gzip 등으로 압축하고 flash의 특정 번지에 저장한다.,특정 번지를 커널이 부팅할 때 알려주면 압축된 이미지를 RAM으로 로딩하여 RAM DISK를 만든다.,이렇게 하면 한번 만들어진 RAM 디스크는 재부팅 시 기존의 자료를 그대로 보관한다.,4,,,,medium,,임베디드 기사|필기|기출,임베디드기사 2017-09-23 문제 25,2017,,,,,embedded-engineer
WRITTEN_CBT,임베디드 펌웨어,임베디드 시스템에 대한 설명으로 가장 옳은 것은?,특정 기능을 반복적으로 수행하기 위해 컴퓨터의 하드웨어와 소프트웨어가 결합된 고기능의 전자 제어시스템을 말한다.,각종 물품에 소형 칩인 RFID 태그를 부착해 주변 환경정보를 무선주파수로 전송 및 처리하는 비접속식 무선주파수 인식 시스템이다.,각종 반도체를 하나의 칩에 집적한 시스템을 말한다.,"반도체, 광, 기계기술 등을 융합하여 마이크로 단위의 초소형 부품을 설계, 제작하고 응용하는 기술이다.",1,,,,medium,,임베디드 기사|필기|기출,임베디드기사 2017-09-23 문제 26,2017,,,,,embedded-engineer
WRITTEN_CBT,임베디드 펌웨어,RAM DISK 이미지에 대한 설명으로 가장 옳지 않은 것은?,RAM DISK는 Loop Device를 이용하여 이미지를 생성한다.,Loop device는 가상 블록 디바이스로 /dev 디렉터리 내에서 Loop device를 확인할 수 있다.,RAM Disk 이미지의 생성 순서는 File 생성→ 연결→포맷 순으로 진행된다.,포맷된 RAM Disk device는 마운트 없이 프로그램을 탑재한다.,4,,,,medium,,임베디드 기사|필기|기출,임베디드기사 2017-09-23 문제 27,2017,,,,,embedded-engineer
WRITTEN_CBT,임베디드 펌웨어,임베디드 시스템의 부팅 과정 중 가장 마지막에 수행되는 단계는?,ROM 영역 수행,루트 파일 시스템 검색/마운트,init 수행,커널 수행,3,,,,medium,,임베디드 기사|필기|기출,임베디드기사 2017-09-23 문제 28,2017,,,,,embedded-engineer
WRITTEN_CBT,임베디드 펌웨어,임베디드 리눅스에서 입출력 방식과 데이터 단위에 따른 디바이스 드라이버 종류가 아닌 것은?,문자 디바이스 드라이버,블록 디바이스 드라이버,네트워크 디바이스 드라이버,시스템 디바이스 드라이버,4,,,,medium,,임베디드 기사|필기|기출,임베디드기사 2017-09-23 문제 29,2017,,,,,embedded-engineer
WRITTEN_CBT,임베디드 펌웨어,디바이스 드라이버에 대한 설명 중 가장 옳지 않은 것은?,디바이스 드라이버는 I/O 주소 영역을 사용하거나 인터럽트 혹은 DMA를 사용한다.,/proc/ioports 파일은 현재 사용 중인 I/O를 나타낸다.,하드웨어의 디바이스 드라이버는 동일한 자원을 다른 목적으로 사용할 수 없다.,request_region() 함수는 I/O 영역을 등록하는 함수이다.,3,,,,medium,,임베디드 기사|필기|기출,임베디드기사 2017-09-23 문제 30,2017,,,,,embedded-engineer
WRITTEN_CBT,임베디드 펌웨어,Linux 시스템의 부팅 레벨 중 시스템을 재시작하기 위한 레벨은 어느 것인가?,init 0,init 1,init 5,init 6,4,,,,medium,,임베디드 기사|필기|기출,임베디드기사 2017-09-23 문제 31,2017,,,,,embedded-engineer
WRITTEN_CBT,임베디드 펌웨어,"주번호가 244, 부번호가 0인 문자 디바이스의 장치 파일인 test를 생성하기 위한 명령어로 옳은 것은?",mknod /sys/test b 244 0,mknod /sys/test c 244 0,mknod /dev/test b 244 0,mknod /dev/test c 244 0,4,,,,medium,,임베디드 기사|필기|기출,임베디드기사 2017-09-23 문제 32,2017,,,,,embedded-engineer
WRITTEN_CBT,임베디드 펌웨어,TFTP에 대한 설명으로 가장 옳지 않은 것은?,파일을 전송하기 위한 간단한 파일전송 규약이다.,TCP로 구현되었다.,보안에 취약하다.,"호스트에서 부트로더, 커널, 램디스크, 유저영역 등 이미지를 전송할 때 사용한다.",2,,,,medium,,임베디드 기사|필기|기출,임베디드기사 2017-09-23 문제 33,2017,,,,,embedded-engineer
WRITTEN_CBT,임베디드 펌웨어,CPU의 전원관리에 관한 설명으로 가장 옳지 않은 것은?,프로세서의 전력 소비는 클럭 주파수에 반비례한다.,프로세서의 전력 소비는 전압의 제공에 직접적으로 비례한다.,대부분의 임베디드용 프로세서들은 동적 주파수 조정과 동적 전압 조정기능을 제공한다.,아이들(idle) 모드는 여러 프로세서 클럭들이 중지된 상태를 의미한다.,1,,,,medium,,임베디드 기사|필기|기출,임베디드기사 2017-09-23 문제 34,2017,,,,,embedded-engineer
WRITTEN_CBT,임베디드 펌웨어,커널 자료구조 중 디바이스에 대한 표준 연산을 정의해 놓은 구조체의 이름은?,device_operations,file_operations,inode_operations,dentry_operations,2,,,,medium,,임베디드 기사|필기|기출,임베디드기사 2017-09-23 문제 36,2017,,,,,embedded-engineer
WRITTEN_CBT,임베디드 펌웨어,리눅스 파일시스템에서 자주 사용되는 디렉토리에 관한 설명으로 가장 옳지 않은 것은?,/proc : 시스템의 각종 프로세스 정보 및 하드웨어 정보를 포함한다.,/sbin : 일반 명령어에 해당하는 실행파일을 포함한다.,/etc : 시스템 설정에 관련된 파일을 포함한다.,/mnt : 마운트하기 위한 디렉터리이다.,2,,,,medium,,임베디드 기사|필기|기출,임베디드기사 2017-09-23 문제 37,2017,,,,,embedded-engineer
WRITTEN_CBT,임베디드 펌웨어,임베디드 시스템에서 리눅스가 많이 선택되고 있는 이유를 모두 고르면?,"a, b","a, c","a, c, d","a, b, c, d",4,,,,medium,,임베디드 기사|필기|기출,임베디드기사 2017-09-23 문제 38,2017,,,,,embedded-engineer
WRITTEN_CBT,임베디드 펌웨어,OS 부팅을 위해 반드시 필요한 항목이 아닌 것은?,부트로더,커널 이미지,램 디스크 이미지,소스코드 문서,4,,,,medium,,임베디드 기사|필기|기출,임베디드기사 2017-09-23 문제 39,2017,,,,,embedded-engineer
WRITTEN_CBT,임베디드 펌웨어,리눅스 커널 소스 트리 구조의 디렉토리 설명 중 가장 옳지 않은 것은?,arch : 시그널 및 클럭 처리와 같은 프로세서에 종속적인 코드로 구성,init : 하드웨어의 종속적인 커널 초기화 루틴으로 구성,drivers : 각 디바이스를 제어하기 위한 드라이버 루틴으로 구성,include : 커널 헤더로 구성,2,,,,medium,,임베디드 기사|필기|기출,임베디드기사 2017-09-23 문제 40,2017,,,,,embedded-engineer
WRITTEN_CBT,임베디드 플랫폼,한 프로세스가 자원을 점유한 상태에서 세마포어 변수를 변경한 후 비정상적인 상태로 종료되었을 때 일어날 수 있는 상황은?,sleep,deadlock,restore,mapping,2,,,,medium,,임베디드 기사|필기|기출,임베디드기사 2017-09-23 문제 41,2017,,,,,embedded-engineer
WRITTEN_CBT,임베디드 플랫폼,signal 함수에 대한 설명으로 가장 옳은 것은?,시그널을 전송하는 기능을 가지고 있다.,호환성에 문제가 있어 sigaction으로 대체해야 한다.,리눅스에서만 사용되는 비표준 함수이다.,실행 시 ICV 환경변수에 의해서 결정된다.,2,,,,medium,,임베디드 기사|필기|기출,임베디드기사 2017-09-23 문제 42,2017,,,,,embedded-engineer
WRITTEN_CBT,임베디드 플랫폼,리눅스 시스템의 프로세스 상태가 아닌 것은?,실행(running),복구(restore),좀비(zombie),대기(sleep),2,,,,medium,,임베디드 기사|필기|기출,임베디드기사 2017-09-23 문제 43,2017,,,,,embedded-engineer
WRITTEN_CBT,임베디드 플랫폼,유닉스 표준 시그널(POSIX 시그널)에 대한 설명으로 틀린 것은?,중복된 시그널은 큐에 저장된다.,블록할 수 없는 시그널이 있다.,특정 키입력으로 발생될 수 있다.,핸들러 설치가 불가능한 시그널이 있다.,1,,,,medium,,임베디드 기사|필기|기출,임베디드기사 2017-09-23 문제 44,2017,,,,,embedded-engineer
WRITTEN_CBT,임베디드 플랫폼,10.0.0.0/12 IP 주소범위 중 할당 가능한 마지막 IP 주소는?,10.13.255.254,10.14.233.254,10.15.255.254,10.16.255.254,3,,,,medium,,임베디드 기사|필기|기출,임베디드기사 2017-09-23 문제 45,2017,,,,,embedded-engineer
WRITTEN_CBT,임베디드 플랫폼,공유자원에 접근할 수 있는 프로세스 내부의 코드영역을 의미하는 것은?,TCB,Critical Section,Semaphore,Interrupt,2,,,,medium,,임베디드 기사|필기|기출,임베디드기사 2017-09-23 문제 46,2017,,,,,embedded-engineer
WRITTEN_CBT,임베디드 플랫폼,UDP Well-known 포트 번호 67번 서비스는?,WINS,LDAP,DHCP Server,NTP,3,,,,medium,,임베디드 기사|필기|기출,임베디드기사 2017-09-23 문제 47,2017,,,,,embedded-engineer
WRITTEN_CBT,임베디드 플랫폼,리눅스의 시스템 함수인 stat()에 대한 설명으로 옳은 것은?,프로세스의 상태 확인,현재 네트워크 상태 확인,파일에 대한 정보 확인,리눅스의 부하 상태 확인,3,,,,medium,,임베디드 기사|필기|기출,임베디드기사 2017-09-23 문제 48,2017,,,,,embedded-engineer
WRITTEN_CBT,임베디드 플랫폼,TCP 소켓의 함수 호출 순서로 옳은 것은?,socket() → bind() → listen() → accept(),socket() → accept() → bind() → connect(),socket() → listen() → bind() → connect(),socket() → listen() → accept() → bind(),1,,,,medium,,임베디드 기사|필기|기출,임베디드기사 2017-09-23 문제 49,2017,,,,,embedded-engineer
WRITTEN_CBT,임베디드 플랫폼,현재 수행중인 프로세스에 인터럽트가 발생하면 운영체제는 다른 프로세스를 수행상태로 변경하고 그 프로세스에게 제어를 넘겨주는 것은?,세마포어,가상 메모리 페이징,폴링,프로세스 교환,4,,,,medium,,임베디드 기사|필기|기출,임베디드기사 2017-09-23 문제 50,2017,,,,,embedded-engineer
WRITTEN_CBT,임베디드 플랫폼,리눅스 스케줄러 관련 시스템 홈수 함수에 대한 설명으로 옳은 것은?,sched_nice() : 프로세서 지속성 정보를 가져온다.,sched_alloc_page() : 실시간 우선순위의 최소값을 가져온다.,sched_yield() : 일시적으로 프로세서를 양보한다.,sched_r_other() : 가장 높은 우선순위를 설정할 수 있는 스케줄 정책이다.,3,,,,medium,,임베디드 기사|필기|기출,임베디드기사 2017-09-23 문제 51,2017,,,,,embedded-engineer
WRITTEN_CBT,임베디드 플랫폼,저수준 파일 핸들링을 사용하여 파일의 내용을 처음부터 순차적으로 읽고자 한다. 미리 읽기기능을 사용하여 래이턴시를 감소시키려 할 때 사용하는 함수는?,posix_fadvise(),fnctl(),fdatasync(),truncate(),1,,,,medium,,임베디드 기사|필기|기출,임베디드기사 2017-09-23 문제 52,2017,,,,,embedded-engineer
WRITTEN_CBT,임베디드 플랫폼,IEEE에서 제정한 802 표준안 프로토콜에 대한 설명으로 틀린 것은?,802.3 : CSMA/CD 이더넷 표준,802.3u : 고속 이더넷 표준,802.4 : 토큰 버스 네트워크,802.5 : 요구 우선순위기반 애니 LAN,4,,,,medium,,임베디드 기사|필기|기출,임베디드기사 2017-09-23 문제 53,2017,,,,,embedded-engineer
WRITTEN_CBT,임베디드 플랫폼,"컴퓨터 네트워크 종단 장치 간에 물리적인 연결을 설정하여, 특히 물리적인 연결의 전기적, 기계적 성실과 관련되는 기능을 수행하는 계층은?",물리계층,데이터링크 계층,네트워크 계층,전송계층,1,,,,medium,,임베디드 기사|필기|기출,임베디드기사 2017-09-23 문제 54,2017,,,,,embedded-engineer
WRITTEN_CBT,임베디드 플랫폼,pthread 조건 변수에 대한 서렴ㅇ으로 틀린 것은?,조건 변수는 뮤텍스와 결합되어 있는 시그널 매커니즘이다.,조건변수에서 대기할 때는 뮤텍스 잠금이 해제된 상태여야 한다.,조건변수와 뮤택스는 다른 프로세스와 공유할 수 있다.,복수의 스레드가 조건변수에서 대기 중이라면 깨어날 순서는 지정할 수 없다.,2,,,,medium,,임베디드 기사|필기|기출,임베디드기사 2017-09-23 문제 55,2017,,,,,embedded-engineer
WRITTEN_CBT,임베디드 플랫폼,디바이스 파일을 생성하는 명령어는?,devokemk,makemd,outlx,mknod,4,,,,medium,,임베디드 기사|필기|기출,임베디드기사 2017-09-23 문제 56,2017,,,,,embedded-engineer
WRITTEN_CBT,임베디드 플랫폼,리눅스 커널 2.6부터 지원되는 함수로 고성능 I/O 멀티플렉싱을 위한 함수는?,xmultiplex(),epoll(),fcntl(),getaddrinfo(),2,,,,medium,,임베디드 기사|필기|기출,임베디드기사 2017-09-23 문제 57,2017,,,,,embedded-engineer
WRITTEN_CBT,임베디드 플랫폼,SIGCHLD 시그널과 자식 프로세스에 대한 설명으로 옳은 것은?,SIGCHLD 시그널에는 핸들러를 설치할 수 없다.,SIGCHLD 시그널을 무시하면 자식 프로세스 중에 좀비 프로세스가 발생한다.,자식 프로세스의 정지나 종료 시 부모 프로세스에게 전송된다.,wait나 waitpid 함수를 사용하면 SIGCHLD가 발생하지 않는다.,3,,,,medium,,임베디드 기사|필기|기출,임베디드기사 2017-09-23 문제 59,2017,,,,,embedded-engineer
WRITTEN_CBT,임베디드 플랫폼,교착상태 해결 방법 중 은행원 알고리즘(Banker’s Algorithm)이 적용되는 것은?,교착상태의 예방,교착상태의 발견,교착상태의 회피,교착상태의 복구,3,,,,medium,,임베디드 기사|필기|기출,임베디드기사 2017-09-23 문제 60,2017,,,,,embedded-engineer
WRITTEN_CBT,임베디드 소프트웨어,2진 트리의 레벨 i에서 가질 수 있는 최대 노드 수는?,2ⁱ+1,2ⁱ,i+1,2ⁱ⁻¹,4,,,,medium,,임베디드 기사|필기|기출,임베디드기사 2017-09-23 문제 61,2017,,,,,embedded-engineer
WRITTEN_CBT,임베디드 소프트웨어,소프트웨어 개발 프로세스 중 요구사항을 분석하는 단계에서 사용하는 요구사항 모델에 해당하지 않는 것은?,객체모델,리스크 모델,동적 모델,기능 모델,2,,,,medium,,임베디드 기사|필기|기출,임베디드기사 2017-09-23 문제 62,2017,,,,,embedded-engineer
WRITTEN_CBT,임베디드 소프트웨어,Java 언어에서 정의된 키워드가 아닌 것은?,super,instanceof,implement,default,3,,,,medium,,임베디드 기사|필기|기출,임베디드기사 2017-09-23 문제 63,2017,,,,,embedded-engineer
WRITTEN_CBT,임베디드 소프트웨어,소프트웨어 위기 발생요인과 거리가 먼 것은?,개발일정의 지연,소프트웨어 관리 부재,소프트웨어 생산성 향상,소프트웨어 품질의 미흡,3,,,,medium,,임베디드 기사|필기|기출,임베디드기사 2017-09-23 문제 64,2017,,,,,embedded-engineer
WRITTEN_CBT,임베디드 소프트웨어,화이트박스 검사기법에 해당되지 않는 것은?,기초경로 검사,오류예측 검사,데이터 흐름 검사,루프 검사,2,,,,medium,,임베디드 기사|필기|기출,임베디드기사 2017-09-23 문제 65,2017,,,,,embedded-engineer
WRITTEN_CBT,임베디드 소프트웨어,"스택에서 삭제 알고리즘으로 옳은 것은? (단, Top은 제일 마지막에 입력된 데이터를 가리킨다.)","Top=Top+1, Add Stack(Top)","Top=n-1, Remove Stack(Top)","Remove Stack(Top), Top=Top-1","Top=Top-1, Remove Stack(Top+1)",3,,,,medium,,임베디드 기사|필기|기출,임베디드기사 2017-09-23 문제 66,2017,,,,,embedded-engineer
WRITTEN_CBT,임베디드 소프트웨어,"이진트리를 Perorder로 순회할 때, 노드 C는 몇 번째로 방문하는가?",4번째,5번째,6번째,7번째,3,,,,medium,/static/images/Engineer_Embedded/20170923/rId10.png,임베디드 기사|필기|기출,임베디드기사 2017-09-23 문제 67,2017,,,,,embedded-engineer
WRITTEN_CBT,임베디드 소프트웨어,베타 테스팅이란?,사용자 인터페이스 향상을 위하여 사용자의 피드백을 얻기 위한 최적의 방법,소프트웨어 품질보증을 위한 저렴한 비용의 방법,소프트웨어 프로젝트의 결함 수정 평균시간,단위 시간당 발견된 컴파일 오류,1,,,,medium,,임베디드 기사|필기|기출,임베디드기사 2017-09-23 문제 69,2017,,,,,embedded-engineer
WRITTEN_CBT,임베디드 소프트웨어,알고리즘의 수행시간을 표시한 것 중 수행시간이 가장 효율적인 것은?,O(n⁴),O(nlog₂n),O(n²),O(n³),2,,,,medium,,임베디드 기사|필기|기출,임베디드기사 2017-09-23 문제 70,2017,,,,,embedded-engineer
WRITTEN_CBT,임베디드 소프트웨어,C언어에서 제공하는 데이터 형이 아닌 것은?,char,float,int,real,4,,,,medium,,임베디드 기사|필기|기출,임베디드기사 2017-09-23 문제 71,2017,,,,,embedded-engineer
WRITTEN_CBT,임베디드 소프트웨어,선형구조에 해당하는 자료구조를 모두 선택한 것은?,"가, 나","다, 라, 마","가, 나, 라, 마","나, 다, 라, 마",2,,,,medium,,임베디드 기사|필기|기출,임베디드기사 2017-09-23 문제 72,2017,,,,,embedded-engineer
WRITTEN_CBT,임베디드 소프트웨어,소프트웨어 개발 프로세스 모델 중 나선형 모델에 대한 설명으로 거리가 먼 것은?,Grady가 제안한 것으로 폭포수 모델의 일종이다.,"진화 단계마다 계획수립, 위험분석, 개발, 평가 방법을 거친다.",대규모 시스템의 소프트웨어를 개발하는 데 적합하다.,비선형적이며 반복적으로 개발이 진행된다.,1,,,,medium,,임베디드 기사|필기|기출,임베디드기사 2017-09-23 문제 73,2017,,,,,embedded-engineer
WRITTEN_CBT,임베디드 소프트웨어,컴파일에서 소스 프로그램을 읽어들여 문법적으로 의미 있는 최소단위인 토큰으로 분리하는 단계는?,코드생성 단계,구문분석 단계,어휘분석 단계,최적화 단계,3,,,,medium,,임베디드 기사|필기|기출,임베디드기사 2017-09-23 문제 74,2017,,,,,embedded-engineer
WRITTEN_CBT,임베디드 소프트웨어,객체지향 특징 중 추상화의 종류에 해당하지 않는 것은?,기능 추상화,제어 추상화,상속 추상화,자료 추상화,3,,,,medium,,임베디드 기사|필기|기출,임베디드기사 2017-09-23 문제 75,2017,,,,,embedded-engineer
WRITTEN_CBT,임베디드 소프트웨어,원천 부호화(Source Coding) 방식에 해당하지 않는 것은?,KM,DPCM,DM,LPC,1,,,,medium,,임베디드 기사|필기|기출,임베디드기사 2017-09-23 문제 76,2017,,,,,embedded-engineer
WRITTEN_CBT,임베디드 소프트웨어,UML Diagram에서 시스템의 논리적 모델을 개발자 관점에서 바라본 물리적 모델로 재배치하는 데 사용하는 다이어그램은?,순서도(Sequence Diagram),클래스도(Class Diagram),상태도(State Diagram),구성요소도(Component Diagram),4,,,,medium,,임베디드 기사|필기|기출,임베디드기사 2017-09-23 문제 77,2017,,,,,embedded-engineer
WRITTEN_CBT,임베디드 소프트웨어,"순서가 A, B, C, D로 정해진 입력자료를 스택에 입력하였다가 출력한 결과로 가능한 것이 아닌 것은?","B, A, D, C","B, C, D, A","D, A, B, C","C, B, A, D",3,,,,medium,,임베디드 기사|필기|기출,임베디드기사 2017-09-23 문제 78,2017,,,,,embedded-engineer
WRITTEN_CBT,임베디드 소프트웨어,Java에서 사용하는 접근제어자의 종류가 아닌 것은?,private,default,public,internal,4,,,,medium,,임베디드 기사|필기|기출,임베디드기사 2017-09-23 문제 79,2017,,,,,embedded-engineer
WRITTEN_CBT,임베디드 소프트웨어,객체지향기법에서 객체가 메세지를 받아 실행해야 할 객체의 구체적인 연산을 정의한 것은?,Entity,Softer,Method,Class,3,,,,medium,,임베디드 기사|필기|기출,임베디드기사 2017-09-23 문제 80,2017,,,,,embedded-engineer
WRITTEN_CBT,임베디드 하드웨어,VHDL의 기본문법에 대한 설명이 틀린 것은?,VHDL은 대소문자를 구분하지 않는다.,문장 간의 구별은 콜론(:)으로 표시한다.,'- -' 이후는 해당 줄의 끝까지 주석 처리가 된다.,문장의 첫 글자는 숫자 또는 특수 문자를 사용할 수 없다.,2,,,,medium,,임베디드 기사|필기|기출,임베디드기사 2016-10-01 문제 1,2016,,,,,embedded-engineer
WRITTEN_CBT,임베디드 하드웨어,인터럽트 지연으로 인한 시스템 성능 저하를 방지하기 위한 방법으로 옳지 않는 것은?,무분별한 인터럽트 금지는 인터럽트 지연을 증가시키므로 인터럽트 금지의 남발을 막아야 한다.,낮은 우선순위의 인터럽트는 응답시간이 상대적으로 덜 중요하지만 한없이 대기하여 시간을 낭비하도록 해서는 안 된다.,인터럽트 처리 루틴의 실행 시간이 길지 않도록 작성하여 인터럽트 금지 시간을 최소화한다.,인터럽트 실행시간이 긴 루틴과 짧은 루틴을 반복적으로 수행하여 인터럽트 응답속도를 향상시킨다.,4,,,,medium,,임베디드 기사|필기|기출,임베디드기사 2016-10-01 문제 2,2016,,,,,embedded-engineer
WRITTEN_CBT,임베디드 하드웨어,"마더보드, 임베디드 시스템, 휴대전화 등에 저속의 주변 기기를 연결하기 위해 필립스사에서 개발한 직렬 컴퓨터 버스는?",I2C,USB,RS232,RCA,1,,,,medium,,임베디드 기사|필기|기출,임베디드기사 2016-10-01 문제 4,2016,,,,,embedded-engineer
WRITTEN_CBT,임베디드 하드웨어,SPI통신에 구성되는 핀들 중 SLAVE 어드레스를 선택하는 핀은?,SCK,NSS,MOSI,MISO,2,,,,medium,,임베디드 기사|필기|기출,임베디드기사 2016-10-01 문제 5,2016,,,,,embedded-engineer
WRITTEN_CBT,임베디드 하드웨어,다음 불대수를 간소화한 것 중 옳은 것은?,A'B + AC,AB + AC,AB' + AC,AB + AC',2,,,,medium,,임베디드 기사|필기|기출,임베디드기사 2016-10-01 문제 6,2016,,,,,embedded-engineer
WRITTEN_CBT,임베디드 하드웨어,DMA 전송 과정을 순서대로 나열할 때 가장 옳은 것은?,㉠ → ㉡ → ㉢ → ㉤ → ㉦ → ㉥ → ㉣,㉠ → ㉡ → ㉦ → ㉥ → ㉤ → ㉣ → ㉢,㉡ → ㉠ → ㉢ → ㉥ → ㉤ → ㉣ → ㉦,㉡ → ㉠ → ㉦ → ㉢ → ㉥ → ㉤ → ㉣,4,,,,medium,,임베디드 기사|필기|기출,임베디드기사 2016-10-01 문제 7,2016,,,,,embedded-engineer
WRITTEN_CBT,임베디드 하드웨어,RAM과 ROM의 특징을 모두 가진 기억 장치로 전원이 끊겨도 기억된 내용을 그대로 유지하는 비휘발성 기억 장치는?,PROM,DRAM,EPROM,Flash Memory,4,,,,medium,,임베디드 기사|필기|기출,임베디드기사 2016-10-01 문제 8,2016,,,,,embedded-engineer
WRITTEN_CBT,임베디드 하드웨어,캐시기억장치에 관한 설명으로 옳은 것은?,릴에 감아 놓은 형태로 사용되고 있다.,기억장치의 어드레스 공간을 확장한다.,빠른 접근 시간을 제공하는 기억장치이다.,캐시기억장치는 빠르게 접근하고자 DRAM을 사용한다.,3,,,,medium,,임베디드 기사|필기|기출,임베디드기사 2016-10-01 문제 9,2016,,,,,embedded-engineer
WRITTEN_CBT,임베디드 하드웨어,칩 내부에 다양한 기능의 Gate Array가 미리 배열되어 있고 Program 가능한 회로 배선법을 이용하여 이를 엔지니어가 원하는 대로 연결하여 시스템 기능을 구현할 수 있는 방식은?,CMOS,FPGA,TTL,VLSI,2,,,,medium,,임베디드 기사|필기|기출,임베디드기사 2016-10-01 문제 11,2016,,,,,embedded-engineer
WRITTEN_CBT,임베디드 하드웨어,UART 프레임에 대한 설명으로 틀린 것은?,"8개의 데이터 비트, NONE 패리티, 1 정지비트를 사용한다.","시작(Start) 비트는 항상 Low 이며, 정지(Stop) 비트는 항상 High이다.",0~255의 값을 가지는 바이너리 데이터를 보낼 수 있다.,데이터 전송은 상위비트(Most Significant Bit)를 먼저 보낸다.,4,,,,medium,/static/images/Engineer_Embedded/20161001/rId7.png,임베디드 기사|필기|기출,임베디드기사 2016-10-01 문제 12,2016,,,,,embedded-engineer
WRITTEN_CBT,임베디드 하드웨어,"두 입력 A, B를 비교하여 A>B 또는 A=B이면 출력이 '1'이고, A<B이면 출력이 '0'이 되는 논리회로를 설계할 때 논리식은?",AB',A+B',A'B,A'+B,2,,,,medium,,임베디드 기사|필기|기출,임베디드기사 2016-10-01 문제 13,2016,,,,,embedded-engineer
WRITTEN_CBT,임베디드 하드웨어,"5비트 D/A 변환기가 0.1V의 분해능을 갖는다고 할 때, 최대출력전압(V)과 백분률 분해능(R)은 약 얼마인가?","V=2.8V, R=3.23%","V=3.1V, R=3.23%","V=2.8V, R=6.43%","V=3.1V, R=6.46%",2,,,,medium,,임베디드 기사|필기|기출,임베디드기사 2016-10-01 문제 14,2016,,,,,embedded-engineer
WRITTEN_CBT,임베디드 하드웨어,컴퓨터 시스템의 성능 향상에 미치는 영향이 가장 적은 것은?,명령어 파이프(Pipe),캐시 메모리(Cache),직렬 전송 장치(UART),DMA,3,,,,medium,,임베디드 기사|필기|기출,임베디드기사 2016-10-01 문제 15,2016,,,,,embedded-engineer
WRITTEN_CBT,임베디드 하드웨어,다음 중 X+YZ와 같은 것은?,(X+Y)(X'+Z),(X+Y)(X+Z),(X+Y)(Y+Z),XY+YZ+XZ,2,,,,medium,,임베디드 기사|필기|기출,임베디드기사 2016-10-01 문제 16,2016,,,,,embedded-engineer
WRITTEN_CBT,임베디드 하드웨어,비동기(Asynchronous) 직렬(Serial) 입출력 인터페이스를 가장 올바르게 설명한 것은?,데이터를 block으로 묶어서 전송하는 방식이다.,변복조장치(MODEM)를 사용한 장거리 데이터 전송을 불가능하다.,단위 데이터의 전후에 스타트(start) 신호와 스톱(stop) 신호가 필요하다.,고속 데이터 전송이 필요한 입출력 장치의 인터페이스에 적합하다.,3,,,,medium,,임베디드 기사|필기|기출,임베디드기사 2016-10-01 문제 17,2016,,,,,embedded-engineer
WRITTEN_CBT,임베디드 하드웨어,주소를 선택하는 버스 라인에 대한 설명으로 가장 옳지 않은 것은?,random access를 하기 위해서는 복수의 주소라인이 필요하다.,시리얼 I/O 메모리 장치는 일반적으로 주소를 지정하는 선이 없다.,시리얼 메모리 장치는 주소지를 random하게 정할 수 없고 순차적인 접근 방식으로 데이터를 읽고 쓴다.,병렬 주소지 선택방식은 버스 선이 많아서 시리얼 메모리 장치보다 접근이 빠르다.,3,,,,medium,,임베디드 기사|필기|기출,임베디드기사 2016-10-01 문제 18,2016,,,,,embedded-engineer
WRITTEN_CBT,임베디드 하드웨어,Little-endian의 설명으로 옳은 것은?,2바이트 이상의 데이터 저장 시 하위 바이트가 먼저 저장된다.,2바이트 이상의 데이터 저장 시 상위 바이트가 먼저 저장된다.,4바이트 데이터 저장 시 중간 바이트가 먼저 저장된다.,"4바이트 데이터 저장 시 하위, 상위, 중간 바이트 순으로 저장된다.",1,,,,medium,,임베디드 기사|필기|기출,임베디드기사 2016-10-01 문제 20,2016,,,,,embedded-engineer
WRITTEN_CBT,임베디드 펌웨어,"다음의 메모리 할당과 해제 함수 중, 메모리 크기에 제한 없이 커널 공간에 연속된 메모리를 할당하는 함수는 무엇인가?",vmalloc(),kmalloc(),__get_free_pages(),get_order(),1,,,,medium,,임베디드 기사|필기|기출,임베디드기사 2016-10-01 문제 22,2016,,,,,embedded-engineer
WRITTEN_CBT,임베디드 펌웨어,특정 디바이스를 타깃(target)으로 임베디드 시스템을 제작할 때 개발의 용이성을 위해 개발 환경 시스템에서 개발을 하더라도 해당 디바이스에 적합한 코드를 생성하도록 하는 개발 도구는?,크로스 컴파일러,Virtual Machine,실리콘 컴파일러,리버스 엔지니어링,1,,,,medium,,임베디드 기사|필기|기출,임베디드기사 2016-10-01 문제 24,2016,,,,,embedded-engineer
WRITTEN_CBT,임베디드 펌웨어,"make menuconfig 상의 주요 메뉴 중 네트워킹과 버스 프로토콜, 절전기능 등 시스템 설정을 하는 메뉴는 어떤 것인가?",Code Maturity Level Options,Loadable Module Support,Processor Type and Features,General Setup,4,,,,medium,,임베디드 기사|필기|기출,임베디드기사 2016-10-01 문제 25,2016,,,,,embedded-engineer
WRITTEN_CBT,임베디드 펌웨어,시스템 콜과 디바이스 드라이버에 구현된 함수를 매핑하기 위해 사용하는 구조체는?,file_operations,inode,file,loff_t,1,,,,medium,,임베디드 기사|필기|기출,임베디드기사 2016-10-01 문제 26,2016,,,,,embedded-engineer
WRITTEN_CBT,임베디드 펌웨어,C함수 내의 지역변수 영역을 할당하거나 C함수 처리 후 원래 호출되던 곳으로 되돌아가도록 주소를 저장하기 위한 메모리 처리 방식으로 옳은 것은?,큐,스택,환형 큐,연결 리스트,2,,,,medium,,임베디드 기사|필기|기출,임베디드기사 2016-10-01 문제 27,2016,,,,,embedded-engineer
WRITTEN_CBT,임베디드 펌웨어,부트 로더의 기능이 아닌 것은?,init 프로세서 실행,하드웨어 초기화,Flash Device 초기화,네트워크 디바이스 초기화,1,,,,medium,,임베디드 기사|필기|기출,임베디드기사 2016-10-01 문제 28,2016,,,,,embedded-engineer
WRITTEN_CBT,임베디드 펌웨어,특정 하드웨어 환경에서 동작하는 프로그램 소스를 다른 하드웨어 환경에서도 동작할 수 있도록 요구되는 작업을 수행하는 것은?,마이그레이션,포팅,빌드,마운트,2,,,,medium,,임베디드 기사|필기|기출,임베디드기사 2016-10-01 문제 29,2016,,,,,embedded-engineer
WRITTEN_CBT,임베디드 펌웨어,램디스크에 대한 설명으로 옳지 않은 것은?,일고/쓰기가 하드디스크보다 아주 빠르다.,메모리의 일부분을 하드디스크처럼 사용한다.,압축하기 때문에 메모리 가용량을 늘일 수 있다.,휘발성이기 때문에 시스템을 다시 부팅하거나 전원이 꺼지면 내용을 잃어버린다.,3,,,,medium,,임베디드 기사|필기|기출,임베디드기사 2016-10-01 문제 30,2016,,,,,embedded-engineer
WRITTEN_CBT,임베디드 펌웨어,리눅스 디바이스 드라이버 작성에 대한 설명 중 잘못된 것은?,디바이스 드라이버 등록은 init_module() 함수에서 하는 것이 일반적이다.,디바이스 드라이버 해체는 close_module() 함수에서 하는 것이 일반적이다.,디바이스 드라이버는 커널모드에서 실행되는 모듈 프로그램이다.,디바이스 드라이버는 main() 함수가 불필요하다.,2,,,,medium,,임베디드 기사|필기|기출,임베디드기사 2016-10-01 문제 31,2016,,,,,embedded-engineer
WRITTEN_CBT,임베디드 펌웨어,펌웨어를 저장하는 비휘발성 메모리로 옳은 것은?,FLASH_Memory,DRAM,NVSRAM,SRAM,1,,,,medium,,임베디드 기사|필기|기출,임베디드기사 2016-10-01 문제 32,2016,,,,,embedded-engineer
WRITTEN_CBT,임베디드 펌웨어,CPU의 전원 관리 중 슬립(Sleep) 모드에 대한 설명으로 가장 옳은 것은?,여러 프로세서 클럭들이 중지된 상태를 의미한다.,CPU와 대부분의 주변 장치에 대한 전원이 꺼진 상태로 최저의 전력을 소비하는 모드이다.,프로세서는 대부분의 시간을 사용자나 외부로부터 이벤트가 발생하기를 기다리는 상태이다.,타이머 인터럽트 처리와 같은 시스템이 필요로 하는 최소한의 태스크만 동작하게 된다.,2,,,,medium,,임베디드 기사|필기|기출,임베디드기사 2016-10-01 문제 33,2016,,,,,embedded-engineer
WRITTEN_CBT,임베디드 펌웨어,임베디드 리눅스 개발 유틸리티 중 파일 의존성을 검사해 변경 부분만 새로 컴파일해주는 프로젝트 관리자의 명칭은?,bash,bison,flex,make,4,,,,medium,,임베디드 기사|필기|기출,임베디드기사 2016-10-01 문제 34,2016,,,,,embedded-engineer
WRITTEN_CBT,임베디드 펌웨어,리눅스 커널 소스 디렉토리의 설명으로 옳지 않은 것은?,init : 하드웨어에 독립적인 커널 초기화 루틴으로 구성,kernel : 하드웨어에 독립적인 커널의 주요 시스템 호출과 관리 루틴으로 구성,"arch : 플랫폼에 독립적인 부팅, 시그널 및 클록 처리 등의 코드가 존재",drivers : 각 디바이스를 제어하기 위한 드라이버 루틴으로 구성,3,,,,medium,,임베디드 기사|필기|기출,임베디드기사 2016-10-01 문제 35,2016,,,,,embedded-engineer
WRITTEN_CBT,임베디드 펌웨어,"블록 장치는 버퍼 캐시를 통해 블록 단위로 입력을 하며, 기본적으로 파일시스템을 구축할 수 있는 장치이다. 다음 중 블록 장치가 아닌 것은?",Floppy Disk,Hard Disk,RAM Disk,Terminal Device,4,,,,medium,,임베디드 기사|필기|기출,임베디드기사 2016-10-01 문제 36,2016,,,,,embedded-engineer
WRITTEN_CBT,임베디드 펌웨어,부트로더 포팅과정의 주의사항으로 틀린 것은?,메모리 및 인터럽트 회로와 같은 시스템 자원 할당,"SDRAM, 입출력 제어 장치 등 중요한 하드웨어 요소 초기화",리셋(Reset) 이후 첫 명령어 로드 주소,부트로더 실행을 위한 가상메모리 환경 설정,4,,,,medium,,임베디드 기사|필기|기출,임베디드기사 2016-10-01 문제 40,2016,,,,,embedded-engineer
WRITTEN_CBT,임베디드 플랫폼,리눅스 파일 시스템을 점검하고 수리하는 명령어인 fsck의 옵션에 대한 설명으로 거리가 먼 것은?,-A : /etc/mtab 파일에 표시된 모든 파일시스템을 한 번씩 모두 점검한다.,-T : 시작할 때 제목을 보여주지 않는다.,-s : fsck 동작을 시리얼화 한다.,-N : 실행하지는 말고 어떤 작업을 할 것인지만 보여준다.,1,,,,medium,,임베디드 기사|필기|기출,임베디드기사 2016-10-01 문제 41,2016,,,,,embedded-engineer
WRITTEN_CBT,임베디드 플랫폼,주기억 장치의 접근 횟수를 줄이기 위해 최근에 참조된 페이지 테이블 항목을 저장해두는 고속 캐시는?,TLB,DMA,MAR,MBR,1,,,,medium,,임베디드 기사|필기|기출,임베디드기사 2016-10-01 문제 42,2016,,,,,embedded-engineer
WRITTEN_CBT,임베디드 플랫폼,아래에서 설명한 리눅스 시그널은?,SIGKFLT,SIGTTIN,SIGTTOU,SIGTERM,4,,,,medium,,임베디드 기사|필기|기출,임베디드기사 2016-10-01 문제 43,2016,,,,,embedded-engineer
WRITTEN_CBT,임베디드 플랫폼,"pthread에서 제공되는 배리어, 락(lock) 매커니즘의 설명으로 틀린 것은?",스핀락은 짧은 시간동안 락을 사용할 때 유용하다.,pthread에서는 배리어가 제공되지 않는다.,뮤텍스는 문맥교환(context switching)을 발생시킬 수 있다.,판독자-기록자 락은 쓰기 작업만 블록시킨다.,2,,,,medium,,임베디드 기사|필기|기출,임베디드기사 2016-10-01 문제 45,2016,,,,,embedded-engineer
WRITTEN_CBT,임베디드 플랫폼,"교착상태를 회피하기 위한 방법인 은행가 알고리즘을 구현하기 위해 필요한 데이터 구조에 대한 설명으로 틀린 것은?　(단, n은 시스템의 프로세스 수, m은 자원형태의 수)",Available : 각 형태별로 사용 가능한 자원의 수를 표시하는 n*m 행렬,Max : 각 프로세스의 최대 자원의 요구를 표시하는 n*m 행렬,Allocation : 현재 각 프로세스에 할당되어 있는 각 형태의 자원의 수를 정의하는 n*m 행렬,Need : 각 프로세스에 남아 있는 자원의 수를 표시하는 n*m 행렬,1,,,,medium,,임베디드 기사|필기|기출,임베디드기사 2016-10-01 문제 46,2016,,,,,embedded-engineer
WRITTEN_CBT,임베디드 플랫폼,"리눅스 커널이 부팅된 뒤에 발생한 타이머 인터럽트 횟수를 세고 있으며, 리눅스 내부의 제한 시간을 관리하는 처리 기준으로 이용되는 리눅스 타이머는?",리눅스 내부 타이머,wall-clock,타임스탬프 카운터,jiffies,4,,,,medium,,임베디드 기사|필기|기출,임베디드기사 2016-10-01 문제 47,2016,,,,,embedded-engineer
WRITTEN_CBT,임베디드 플랫폼,프로세스가 생성되는 이유가 아닌 것은?,일괄처리 환경에서 새로운 일괄처리 작업이 제출될 때,대화형 환경에서 사용자가 로그 오프할 때,사용자가 어떤 기능을 수행할 서비스를 제공할 때,기존 프로세스가 병렬성을 활용할 때,2,,,,medium,,임베디드 기사|필기|기출,임베디드기사 2016-10-01 문제 48,2016,,,,,embedded-engineer
WRITTEN_CBT,임베디드 플랫폼,리눅스 groupmod 명령어에서 옵션이 잘못 설명된 것은?,-g <수치> : 그룹 번호를 <수치>로 한다.,-o : -g 옵션에서 지정한 <수치>의 중복을 허가한다.,-s <패스워드> : 그룹에 패스워드로 접근 제한 기능을 설정한다.,-n <이름> : 그룹 이름을 <이름>으로 변경한다.,3,,,,medium,,임베디드 기사|필기|기출,임베디드기사 2016-10-01 문제 49,2016,,,,,embedded-engineer
WRITTEN_CBT,임베디드 플랫폼,리눅스에서 신호(signal)를 처리하는 방법으로 맞는 것은?,sigaction() 함수를 이용하여 다른 프로세스로 신호를 보낸다.,deletekill() 함수를 이용하여 자식 프로세스의 종료신호를 처리한다.,alarm() 함수는 프로세스 자신에게 SIGSTOP 신호를 보내는 함수다.,sigpending() 함수는 지연된 시그널이 있는지 확인한다.,4,,,,medium,,임베디드 기사|필기|기출,임베디드기사 2016-10-01 문제 50,2016,,,,,embedded-engineer
WRITTEN_CBT,임베디드 플랫폼,다음 중 불연속적으로 존재하는 page들을 가지고 새로운 page table을 생성하여 memory를 관리하는 동적 메모리 할당 기법은?,mmap,mlock,kmalloc,vmalloc,4,,,,medium,,임베디드 기사|필기|기출,임베디드기사 2016-10-01 문제 51,2016,,,,,embedded-engineer
WRITTEN_CBT,임베디드 플랫폼,아래 <보기>에 대한 설명으로 옳은 것은?,에이징 기법,선점 기법,세마포어 기법,스와핑 기법,1,,,,medium,,임베디드 기사|필기|기출,임베디드기사 2016-10-01 문제 52,2016,,,,,embedded-engineer
WRITTEN_CBT,임베디드 플랫폼,15.0.0.0/14의 IP주소의 범위 중 할당 가능한 마지막 주소는?,15.3.255.254/14,15.4.255.254/14,15.5.255.254/14,15.6.255.254/14,1,,,,medium,,임베디드 기사|필기|기출,임베디드기사 2016-10-01 문제 53,2016,,,,,embedded-engineer
WRITTEN_CBT,임베디드 플랫폼,리눅스의 커널에 대한 설명으로 거리가 먼 것은?,파일 시스템의 접근 권한 처리,시스템에서 처리되는 각종 데이터를 장치간에 전송하고 변환,명령어 해석기 역할 수행,시스템 자원 분배,3,,,,medium,,임베디드 기사|필기|기출,임베디드기사 2016-10-01 문제 54,2016,,,,,embedded-engineer
WRITTEN_CBT,임베디드 플랫폼,운영체제에서 매개변수를 전달하는 일반적인 방법이 아닌 것은?,매개변수를 레지스터를 통해 전달,매개변수를 스택을 통해 전달,매개변수를 큐를 통해 전달,매개변수를 메모리 내의 블록이나 테이블에 저장 후 블록의 주소를 레지스터로 전달,3,,,,medium,,임베디드 기사|필기|기출,임베디드기사 2016-10-01 문제 56,2016,,,,,embedded-engineer
WRITTEN_CBT,임베디드 플랫폼,UNIX계열 혹은 Linux 운영체제에서 각 파일에 대한 유일한 제어 정보가 저장된 구조는?,file descriptor,symbolic link,inode,journaling,3,,,,medium,,임베디드 기사|필기|기출,임베디드기사 2016-10-01 문제 57,2016,,,,,embedded-engineer
WRITTEN_CBT,임베디드 플랫폼,리눅스 커널이 메모리 관리를 위해 나눈 구역에 대한 설명으로 틀린 것은?,ZONE_DMA : 이 구역에는 DMA를 수행할 수 있는 페이지가 있다.,ZONE_DMA32 : 이 구역에는 32비트 장치들만 접근이 가능하다.,"ZONE_NORMAL : 이 구역에는 정상적, 통상적으로 할당되는 페이지가 있다.",ZONE_HIGHMEM : 이 구역에는 커널 주소공간에 상주하는 페이지가 있다.,4,,,,medium,,임베디드 기사|필기|기출,임베디드기사 2016-10-01 문제 58,2016,,,,,embedded-engineer
WRITTEN_CBT,임베디드 플랫폼,다음 중 UDP(User Datagram Protocol)에 대한 설명으로 거리가 먼 것은?,비연결형 IP 전달 서비스이다.,"최소한의 신뢰성을 제공할 뿐이며, 체크섬도 선택적이다.",포트 대 포트 전송을 한다.,신뢰할 수 있는 데이터 전송을 보장한다.,4,,,,medium,,임베디드 기사|필기|기출,임베디드기사 2016-10-01 문제 59,2016,,,,,embedded-engineer
WRITTEN_CBT,임베디드 플랫폼,"다음
가 수행된 경우를 설명한 것으로 옳지 않은 것은?",str2에는 1024 바이트의 힙 메모리가 할당된다.,str1에는 NULL 값이 유지된다.,realloc 대신에 malloc(1024)를 써도 된다.,str2는 1024 번지의 주소를 할당받는다.,4,,,,medium,,임베디드 기사|필기|기출,임베디드기사 2016-10-01 문제 60,2016,,,,,embedded-engineer
WRITTEN_CBT,임베디드 소프트웨어,"데이터의 구조를 선형 구조와 비선형 구조로 구분할 경우, 성격이 나머지 셋과 다른 하나는?",큐,스택,리스트,그래프,4,,,,medium,,임베디드 기사|필기|기출,임베디드기사 2016-10-01 문제 61,2016,,,,,embedded-engineer
WRITTEN_CBT,임베디드 소프트웨어,"어떤 산술식을 후위 표기법으로 표기한 것이다. 연산 결과는?(단, a=3, b=5, c=2, d=1)",7,12,20,56,3,,,,medium,,임베디드 기사|필기|기출,임베디드기사 2016-10-01 문제 63,2016,,,,,embedded-engineer
WRITTEN_CBT,임베디드 소프트웨어,객체 지향 분석 기법에서 캡슐화에 대한 설명으로 옳지 않은 것은?,캡슐화 된 객체들은 재사용이 쉽다.,인터페이스가 단순해진다.,객체 간의 결합도가 높아진다.,응집도가 향상된다.,3,,,,medium,,임베디드 기사|필기|기출,임베디드기사 2016-10-01 문제 64,2016,,,,,embedded-engineer
WRITTEN_CBT,임베디드 소프트웨어,"UML에서 객체지향 방법론의 중심이며, 시스템 내 객체 타입과 그들 사이에 존재하는 여러가지 정적인 관계를 설명하는 다이어그램은?",컴포넌트도,쓰임새도,클래스도,객체도,3,,,,medium,,임베디드 기사|필기|기출,임베디드기사 2016-10-01 문제 65,2016,,,,,embedded-engineer
WRITTEN_CBT,임베디드 소프트웨어,효과적인 소프트웨어 프로젝트 관리를 위한 3P에 해당되지 않는 것은?,People,Product,Problem,Process,2,,,,medium,,임베디드 기사|필기|기출,임베디드기사 2016-10-01 문제 66,2016,,,,,embedded-engineer
WRITTEN_CBT,임베디드 소프트웨어,소프트웨어 테스트 기법 중 화이트박스 테스트 유형에 해당되는 것은?,경계값 분석,동등 분할 검사,오류 예측 검사,루프 검사,4,,,,medium,,임베디드 기사|필기|기출,임베디드기사 2016-10-01 문제 67,2016,,,,,embedded-engineer
WRITTEN_CBT,임베디드 소프트웨어,자바에 대한 설명으로 거리가 먼 것은?,다중 스레드 기능은 제공하지 않는다.,객체지향적(Object Oriented)이다.,분산환경에 동작한다.,플랫폼에 독립적(Independence)이다.,1,,,,medium,,임베디드 기사|필기|기출,임베디드기사 2016-10-01 문제 68,2016,,,,,embedded-engineer
WRITTEN_CBT,임베디드 소프트웨어,ISO 9126의 소프트웨어 품질 특성 중 기능성에 속하지 않는 것은?,상호운용성,적합성,보안성,분석성,4,,,,medium,,임베디드 기사|필기|기출,임베디드기사 2016-10-01 문제 69,2016,,,,,embedded-engineer
WRITTEN_CBT,임베디드 소프트웨어,럼바우의 객체 지향 분석 기법에서 상태 다이어그램을 사용하여 시스템의 행위를 기술하는 모델링은?,object modeling,dynamic modeling,functional modeling,static modeling,2,,,,medium,,임베디드 기사|필기|기출,임베디드기사 2016-10-01 문제 70,2016,,,,,embedded-engineer
WRITTEN_CBT,임베디드 소프트웨어,C언어에서 다음 코드의 결과 값은?,3,5,9,12,4,,,,medium,,임베디드 기사|필기|기출,임베디드기사 2016-10-01 문제 71,2016,,,,,embedded-engineer
WRITTEN_CBT,임베디드 소프트웨어,다음 자바 코드의 결과값은?,20,40,70,90,3,,,,medium,,임베디드 기사|필기|기출,임베디드기사 2016-10-01 문제 72,2016,,,,,embedded-engineer
WRITTEN_CBT,임베디드 소프트웨어,다음 중 자바에서 사용하는 내부 클래스의 종류가 아닌 것은?,global class,instance class,static class,anonymous class,1,,,,medium,,임베디드 기사|필기|기출,임베디드기사 2016-10-01 문제 73,2016,,,,,embedded-engineer
WRITTEN_CBT,임베디드 소프트웨어,"스택에서 삽입연산을 push, 삭제하여 출력하는 연산을 pop이라 할 경우, 순서화된 원소 A, B, C, D에 대해서 다음 순서로 스택 연산을 수행할 경우 출력되는 결과는?",A B C D,B D C A,B D A C,A B D C,2,,,,medium,,임베디드 기사|필기|기출,임베디드기사 2016-10-01 문제 74,2016,,,,,embedded-engineer
WRITTEN_CBT,임베디드 소프트웨어,다음 중 로더(Loader)의 기능이 아닌 것은?,Linking,Allocation,Relocation,Macro,4,,,,medium,,임베디드 기사|필기|기출,임베디드기사 2016-10-01 문제 75,2016,,,,,embedded-engineer
WRITTEN_CBT,임베디드 소프트웨어,"객체지향에서 어떤 범주, 즉 특정 사물 및 개념을 나누는 역할을 하는 것은?",클래스,객체,메시지,메소드,1,,,,medium,,임베디드 기사|필기|기출,임베디드기사 2016-10-01 문제 78,2016,,,,,embedded-engineer
WRITTEN_CBT,임베디드 소프트웨어,MPEG의 동영상 압축 과정에 해당하지 않는 것은?,비트스트림,코드 할당,양자화,에러 제어,4,,,,medium,,임베디드 기사|필기|기출,임베디드기사 2016-10-01 문제 79,2016,,,,,embedded-engineer
WRITTEN_CBT,임베디드 하드웨어,"A/D 변환기의 종류 중 변환시간이 빠르고, 분해능이 가장 낮으며 회로 구성이 복잡한 형태는 어느 것인가?",병렬 비교형,축차 비교형,단순 계수형,적분형,1,,,,medium,,임베디드 기사|필기|기출,임베디드기사 2015-09-19 문제 1,2015,,,,,embedded-engineer
WRITTEN_CBT,임베디드 하드웨어,하드웨어 기술 언어 (HDL)를 이용한 설계의 장점으로 옳지 않은 것은?,논리합성에 의한 설계 기간을 단축할 수 있다.,설계 도중에 테스트가 가능하여 검증의 정밀도를 높일 수 있다.,시스템 레벨에서 테스트할 수 있다.,비동기 회로의 타이밍 조건이 간단하다.,4,,,,medium,,임베디드 기사|필기|기출,임베디드기사 2015-09-19 문제 5,2015,,,,,embedded-engineer
WRITTEN_CBT,임베디드 하드웨어,캐시기억장치를 설계할 때 가장 중요한 고려 사항은?,적중 시 캐시기억장치로부터 데이터를 읽어오는 시간을 짧게 한다.,실패 시 주기억장치에서 캐시기억장치로 데이터를 읽는 시간을 최대화한다.,주기억장치와 보조기억장치 사이에 데이터의 일관성을 유지한다.,캐시 기억장치가 해당 보조기억장치를 선택하는 시간을 최소화한다.,1,,,,medium,,임베디드 기사|필기|기출,임베디드기사 2015-09-19 문제 8,2015,,,,,embedded-engineer
WRITTEN_CBT,임베디드 하드웨어,USB에서 사용되는 신호의 인코딩/디코딩 방법으로 옳은 것은?,ＦＭ０,ＦＭ１,ＮＲＺ,ＮＲＺＩ,4,,,,medium,,임베디드 기사|필기|기출,임베디드기사 2015-09-19 문제 9,2015,,,,,embedded-engineer
WRITTEN_CBT,임베디드 하드웨어,입력 감지기의 종류가 아닌 것은?,절대 감지기,자기장 감지기,차동 감지기,표준 감지기,2,,,,medium,,임베디드 기사|필기|기출,임베디드기사 2015-09-19 문제 10,2015,,,,,embedded-engineer
WRITTEN_CBT,임베디드 하드웨어,간접 주소지정 방식에서 명령어 ADD(100)이 수행되면 다음 중 어느 것이 연산장치로 보내지는가?,１２３４,４５６７,１００,１３３４,2,,,,medium,,임베디드 기사|필기|기출,임베디드기사 2015-09-19 문제 11,2015,,,,,embedded-engineer
WRITTEN_CBT,임베디드 하드웨어,디지털 집적회로(IC) 중 처리 속도가 가장 빠른 것은?,RTL(Register Transistor Logic),ECL(Emitter Coupled Logic),TTL(Transistor Transistor Logic),DTL(Diode Transistor Logic),2,,,,medium,,임베디드 기사|필기|기출,임베디드기사 2015-09-19 문제 12,2015,,,,,embedded-engineer
WRITTEN_CBT,임베디드 하드웨어,버스의 클록 주파수가 1MHz이고 데이터의 폭이 32비트일 때 버스의 대역폭은?,1[Mbyte/sec],4[Mbyte/sec],8[Mbyte/sec],32[Mbyte/sec],2,,,,medium,,임베디드 기사|필기|기출,임베디드기사 2015-09-19 문제 13,2015,,,,,embedded-engineer
WRITTEN_CBT,임베디드 하드웨어,DC 5V 전압을 DC 3V 전압으로 낮추는 정전압 회로는 전원의 개폐 동작을 반복시켜 구형파처럼 만들고 이를 필터링하는 과정을 거쳐 DC 전압으로 바꾼다. 이때 사용하는 필터는?,저역통과필터,중간대역통과필터,고역통과필터,전역통과필터,1,,,,medium,,임베디드 기사|필기|기출,임베디드기사 2015-09-19 문제 14,2015,,,,,embedded-engineer
WRITTEN_CBT,임베디드 하드웨어,Big endian의 설명으로 옳은 것은?,2바이트 이상의 데이터 저장 시 하위 바이트가 먼저 저장된다.,2바이트 이상의 데이터 저장 시 상위 바이트가 먼저 저장된다.,4바이트 데이터 저장 시 중간바이트가 먼저 저장된다.,"4바이트 데이터 저장 시 하위, 상위, 중간바이트 순으로 저장된다.",2,,,,medium,,임베디드 기사|필기|기출,임베디드기사 2015-09-19 문제 15,2015,,,,,embedded-engineer
WRITTEN_CBT,임베디드 하드웨어,"입력 파형 A, B에 대하여 출력 파형이 F와 같이 출력되는 논리 게이트로 옳은 것은?",AND 게이트,OR 게이트,XOR 게이트,NAND 게이트,4,,,,medium,/static/images/Engineer_Embedded/20150919/rId11.png,임베디드 기사|필기|기출,임베디드기사 2015-09-19 문제 16,2015,,,,,embedded-engineer
WRITTEN_CBT,임베디드 하드웨어,인텔 8051 계열에서 사용하는 방법으로 BUS 라인을 줄이기 위해 어드레스와 데이터 BUS를 한 라인으로 사용한다. 이 BUS 라인의 어드레스와 데이터를 분리하기 위한 제어 라인은 무엇인가?,ALE,Write,Read,Chip Select,1,,,,medium,,임베디드 기사|필기|기출,임베디드기사 2015-09-19 문제 17,2015,,,,,embedded-engineer
WRITTEN_CBT,임베디드 하드웨어,1MHz를 1kHz로 분주하기 위해 필요한 10진 계수기의 수는?,2개,3개,10개,1000개,2,,,,medium,,임베디드 기사|필기|기출,임베디드기사 2015-09-19 문제 19,2015,,,,,embedded-engineer
WRITTEN_CBT,임베디드 하드웨어,입출력 모듈을 사용하는 이유를 잘못 설명한 것은?,입출력장치의 제어와 타이밍 조정,데이터 버퍼링,주변장치와 중앙처리장치 간 전송 속도 차이 극복,중앙처리장치와 주기억장치 간 단어 길이 차이 극복,4,,,,medium,,임베디드 기사|필기|기출,임베디드기사 2015-09-19 문제 20,2015,,,,,embedded-engineer
WRITTEN_CBT,임베디드 펌웨어,임베디드 시스템의 교차 개발 환경에 대한 설명 중 틀린 것은?,개발 대상이 되는 임베디드 시스템을 타겟(Target)이라 한다.,실행될 프로그램을 gcc를 이용하여 컴파일한다.,실행되는 프로그램을 개발하기 위한 툴들의 모임을 툴체인(Toolchain)이라고 한다.,외부 환경에서 프로그램을 개발하고 결과물을 임베디드시스템에서 수행하는 것을 교차 개발이라 한다.,2,,,,medium,,임베디드 기사|필기|기출,임베디드기사 2015-09-19 문제 21,2015,,,,,embedded-engineer
WRITTEN_CBT,임베디드 펌웨어,NFS(Network File System) 서버 데몬이 아닌 것은?,nfsd,nfsiod,mountd,portmap,4,,,,medium,,임베디드 기사|필기|기출,임베디드기사 2015-09-19 문제 22,2015,,,,,embedded-engineer
WRITTEN_CBT,임베디드 펌웨어,물리 주소를 커널의 가상 주소 공간으로 매핑하기 위한 커널 서비스 함수로 옳은 것은?,mmap(),request_mem_region(),ioremap(),remap_page_range(),3,,,,medium,,임베디드 기사|필기|기출,임베디드기사 2015-09-19 문제 24,2015,,,,,embedded-engineer
WRITTEN_CBT,임베디드 펌웨어,디바이스 파일과 드라이버의 설명으로 옳지 않은 것은?,디바이스 파일에서 직접 하드웨어를 제어할 수 없다.,일반 파일 생성과 다르며 디바이스 파일은 mknod() 함수를 사용한다.,하드웨어를 종류별로 다루기 위한 시스템 호출 함수를 따로 관리한다.,"응용 프로그램, 디바이스 파일, 디바이스 드라이버 순서로 접근한다.",3,,,,medium,,임베디드 기사|필기|기출,임베디드기사 2015-09-19 문제 25,2015,,,,,embedded-engineer
WRITTEN_CBT,임베디드 펌웨어,주소 선의 수가 11개이고 데이터 선의 수가 8개인 ROM의 내부 조직을 나타내는 것은?,2K x 8,3K x 8,4K x 8,12K x 8,1,,,,medium,,임베디드 기사|필기|기출,임베디드기사 2015-09-19 문제 27,2015,,,,,embedded-engineer
WRITTEN_CBT,임베디드 펌웨어,블로킹된 프로세스를 모두 깨우기 위한 커널 서비스 함수로 옳은 것은?,wake_up_interrupt(),wake_up_timeout(),wake_up(),wake_up_exclusive(),3,,,,medium,,임베디드 기사|필기|기출,임베디드기사 2015-09-19 문제 28,2015,,,,,embedded-engineer
WRITTEN_CBT,임베디드 펌웨어,사용이 가장 쉽고 처리해야 할 작업의 양이 많아 성능이 중요한 작업을 처리하기 위한 지연 처리(bottom-half)로 옳은 것은?,work queue,tasklet,task queue,softirq,1,,,,medium,,임베디드 기사|필기|기출,임베디드기사 2015-09-19 문제 29,2015,,,,,embedded-engineer
WRITTEN_CBT,임베디드 펌웨어,다음 [그림]에서 OS 부트과정 순서로 옳은 것은?,㉠ - ㉢ - ㉣ - ㉡,㉡ - ㉢ - ㉠ - ㉣,㉣ - ㉡ - ㉢ - ㉠,㉣ - ㉠ - ㉢ - ㉡,3,,,,medium,/static/images/Engineer_Embedded/20150919/rId12.png,임베디드 기사|필기|기출,임베디드기사 2015-09-19 문제 30,2015,,,,,embedded-engineer
WRITTEN_CBT,임베디드 펌웨어,다음은 임베디드 리눅스용 램디스크를 만드는 절차이다. 순서가 맞는 것은?,㉠ - ㉡ - ㉢ - ㉣ - ㉤,㉠ - ㉢ - ㉡ - ㉣ - ㉤,㉢ - ㉠ - ㉣ - ㉤ - ㉡,㉢ - ㉣ - ㉠ - ㉤ - ㉡,3,,,,medium,,임베디드 기사|필기|기출,임베디드기사 2015-09-19 문제 31,2015,,,,,embedded-engineer
WRITTEN_CBT,임베디드 펌웨어,다음 쉘 커맨드에 대한 설명 중 틀린 것은?,env : 현재 환경에 영향을 주지 않고 원하는 환경을 만들어 명령을 실행하거나 현재의 환경을 보고한다.,adduser : 새로운 사용자 계정을 생성한다.,netstat : 현재 네트워크를 통해 디바이스에 연결된 목록을 보여준다.,lsof : 모든 프로세스에 대하여 열고 있는 소켓만을 나열한다.,4,,,,medium,,임베디드 기사|필기|기출,임베디드기사 2015-09-19 문제 32,2015,,,,,embedded-engineer
WRITTEN_CBT,임베디드 펌웨어,다음은 리눅스 커널 소스 코드 디렉토리 구조 중 어느 것을 설명한 것인가?,ipc,init,arch,include,2,,,,medium,,임베디드 기사|필기|기출,임베디드기사 2015-09-19 문제 33,2015,,,,,embedded-engineer
WRITTEN_CBT,임베디드 펌웨어,크로스컴파일 환경 구축 시 호스트와 타겟을 연결하는 케이블로 적당하지 않은 것은?,IDE Cable,Ethernet Cable,JTAG Cable,Serial Cable,1,,,,medium,,임베디드 기사|필기|기출,임베디드기사 2015-09-19 문제 34,2015,,,,,embedded-engineer
WRITTEN_CBT,임베디드 펌웨어,분산형 버전 관리 시스템(DVCS : Distributed Version Control System)으로 안드로이드 소스의 다운로드 및 버전 관리에 사용되는 툴은?,git,svn,cvs,subversion,1,,,,medium,,임베디드 기사|필기|기출,임베디드기사 2015-09-19 문제 37,2015,,,,,embedded-engineer
WRITTEN_CBT,임베디드 펌웨어,부트로더의 역할이 아닌것은?,하드웨어 초기화,커널 설정 변경,커널 적재 및 부팅,예약 명령 처리 기능,2,,,,medium,,임베디드 기사|필기|기출,임베디드기사 2015-09-19 문제 38,2015,,,,,embedded-engineer
WRITTEN_CBT,임베디드 펌웨어,리눅스 디바이스 드라이버(Device Driver:DD)의 종류가 아닌 것은?,비트 DD,문자 DD,블록 DD,네트워크 DD,1,,,,medium,,임베디드 기사|필기|기출,임베디드기사 2015-09-19 문제 39,2015,,,,,embedded-engineer
WRITTEN_CBT,임베디드 펌웨어,"0~1V 전압을 3비트 A/D 변환할 때, 분해능은 얼마인가?",0.0125V,0.125V,0.333V,0.667V,2,,,,medium,,임베디드 기사|필기|기출,임베디드기사 2015-09-19 문제 40,2015,,,,,embedded-engineer
WRITTEN_CBT,임베디드 플랫폼,리눅스 시스템에서 사용자나 그룹의 디스크 할당량을 제한하는 명령어는 어느 것인가?,quota,mount,raid,fdisk,1,,,,medium,,임베디드 기사|필기|기출,임베디드기사 2015-09-19 문제 41,2015,,,,,embedded-engineer
WRITTEN_CBT,임베디드 플랫폼,HRRN 스케줄링 방식에 대한 설명으로 옳지 않은 것은?,긴 작업과 짧은 작업 간의 지나친 불평등을 해소할 수 있다.,SJF 기법의 문제점을 보완하기 위한 방식이다.,비선점 스케줄링 기법이다.,우선순위 결정식은 (대기시간 + 서비스 시간) /  대기시간 이다.,4,,,,medium,,임베디드 기사|필기|기출,임베디드기사 2015-09-19 문제 42,2015,,,,,embedded-engineer
WRITTEN_CBT,임베디드 플랫폼,자식 프로세스가 좀비상태(혹은 defunct)가 되었다. 이를 제거하려면 부모 프로세스는 어떤 함수를 사용해야 하는가?,unlink,fcntl,waitpid,system,3,,,,medium,,임베디드 기사|필기|기출,임베디드기사 2015-09-19 문제 43,2015,,,,,embedded-engineer
WRITTEN_CBT,임베디드 플랫폼,유닉스 시스템에서 침해 의심이 가는 계정이 사용 중인 모든 프로세스를 제거하는 것은?,deltree -user,raise,pkill -U uid,prvconf,3,,,,medium,,임베디드 기사|필기|기출,임베디드기사 2015-09-19 문제 44,2015,,,,,embedded-engineer
WRITTEN_CBT,임베디드 플랫폼,임계영역(Critical Section)에 대한 설명으로 옳은 것은?,프로세스들의 상호배제(Mutual Exclusion)가 일어나지 않도록 주의해야 한다.,임계영역에서 수행 중인 프로세스는 인터럽트가 가능한 상태로 만들어야 한다.,어느 한 시점에서 둘 이상의 프로세스가 동시에 자원 또는 데이터를 사용하도록 지정된 공유영역을 의미한다.,임계영역에서의 작업은 신속하게 이루어져야 한다.,4,,,,medium,,임베디드 기사|필기|기출,임베디드기사 2015-09-19 문제 45,2015,,,,,embedded-engineer
WRITTEN_CBT,임베디드 플랫폼,프로세스 관리 정보를 담고 있는 task_struct의 state 멤버의 상태 값이 아닌 것은?,TASK_RUNNING,TASK_CONTINUE,TASK_STOPPED,TASK_TRACED,2,,,,medium,,임베디드 기사|필기|기출,임베디드기사 2015-09-19 문제 46,2015,,,,,embedded-engineer
WRITTEN_CBT,임베디드 플랫폼,fork의 COW(Copy-On-Write) 기능에 대한 설명으로 옳은 것은?,프로세스를 복제하면서 write 시스템 콜을 이용하여 메모리에 쓰기를 시도한다.,복제된 프로세스의 메모리가 달라지는 시점까지 메모리 복사를 미룬다.,복제된 자식 프로세스는 exec 계열 함수가 실행될 때 메모리를 복사한다.,공유 메모리와의 연결을 해제한다.,2,,,,medium,,임베디드 기사|필기|기출,임베디드기사 2015-09-19 문제 47,2015,,,,,embedded-engineer
WRITTEN_CBT,임베디드 플랫폼,교착 상태(deadlock) 조건이 아닌 것은?,점유 대기,상호 배제,스핀 락,비선점,3,,,,medium,,임베디드 기사|필기|기출,임베디드기사 2015-09-19 문제 48,2015,,,,,embedded-engineer
WRITTEN_CBT,임베디드 플랫폼,TCP 소켓에 네이글(Nagle) 알고리즘 사용 여부를 설정하는 함수 호출로 옳은 것은?,"socketopt(fd, SOL_SOCKET, SO_REUSEADDR, &opt, sizeof(opt));","socketopt(fd, SOL_SOCKET, SO_LINGER, &opt, sizeof(opt));","socketopt(fd, IPPROTO_TCP, TCP_CORK, &opt, sizeof(opt));","socketopt(fd, IPPROTO_TCP, TCP_NODELAY, &opt, sizeof(opt));",4,,,,medium,,임베디드 기사|필기|기출,임베디드기사 2015-09-19 문제 51,2015,,,,,embedded-engineer
WRITTEN_CBT,임베디드 플랫폼,"과도한 다중 프로그래밍으로 인해 페이징 결함 처리가 증가하고, 그 결과 프로세서의 이용률이 떨어지거나 시스템이 매우 느리게 반응하는 현상은?",스레싱(thrashing),페이지 폴트(page fault),세마포어(semaphore),커널 패닉(kernel panic),1,,,,medium,,임베디드 기사|필기|기출,임베디드기사 2015-09-19 문제 52,2015,,,,,embedded-engineer
WRITTEN_CBT,임베디드 플랫폼,B 클래스를 가진 네트워크에서 기본으로 설정되어 있는 브로드캐스트 주소는?,178.16.0.0,178.26.255.255,172.255.255.255,255.255.255.255,2,,,,medium,,임베디드 기사|필기|기출,임베디드기사 2015-09-19 문제 53,2015,,,,,embedded-engineer
WRITTEN_CBT,임베디드 플랫폼,둘 이상의 프로세스들이 진행 중단된 교착상태에 빠져있을 때 이에 대한 대처방법으로 거리가 먼 것은?,Elimination,Prevention,Avoidance,Recovery,1,,,,medium,,임베디드 기사|필기|기출,임베디드기사 2015-09-19 문제 55,2015,,,,,embedded-engineer
WRITTEN_CBT,임베디드 플랫폼,리눅스에서 XSI 공유 메모리(SysV 공유 메모리)를 생성하면서 새로이 만들어진 IPC ID를 반환할 때 사용하는 함수는?,shmctl(),shmat(),shmdt(),shmget(),4,,,,medium,,임베디드 기사|필기|기출,임베디드기사 2015-09-19 문제 56,2015,,,,,embedded-engineer
WRITTEN_CBT,임베디드 플랫폼,IP 헤더와 관련이 없는 항목은?,Type of Service,Fragment Offset,Time-to-Live,Total Length,4,,,,medium,,임베디드 기사|필기|기출,임베디드기사 2015-09-19 문제 57,2015,,,,,embedded-engineer
WRITTEN_CBT,임베디드 플랫폼,다음의 괄호 안에 들어갈 내용으로 맞는 것은?,FIN,ACK,SYN,SSL,1,,,,medium,,임베디드 기사|필기|기출,임베디드기사 2015-09-19 문제 58,2015,,,,,embedded-engineer
WRITTEN_CBT,임베디드 플랫폼,"리눅스가 채택한 커널 방식으로 장치관리, 메모리, IPC, 파일 서비스 등 운영체제 대부분의 기능을 포함하는 단일 커널의 형태는?",모놀리식 커널(monolithic kernel),싱크 커널(sync kernel),타이니 커널(tiny kernel),이너 커널(inner kernel),1,,,,medium,,임베디드 기사|필기|기출,임베디드기사 2015-09-19 문제 59,2015,,,,,embedded-engineer
WRITTEN_CBT,임베디드 플랫폼,리눅스에서 파일 및 디렉토리가 소속될 그룹을 변경하기 위해 사용하는 명령어는?,update,chgrp,chmod,mask,2,,,,medium,,임베디드 기사|필기|기출,임베디드기사 2015-09-19 문제 60,2015,,,,,embedded-engineer
WRITTEN_CBT,임베디드 소프트웨어,"인터넷에서 영상이나 음향, 애니메이션 등의 파일을 하드디스크 드라이브에 다운로드 받아 재생하는 기법으로서, 데이터를 수신하고 있는 클라이언트 측은 데이터를 모으고, 그 데이터를 처리하여 사운드나 그림으로 변환해주는 응용프로그램에 마치 끊임없는 흐름처럼 보내주는 것을 의미하는 것은?",세컨드 스크린,소프트웨어 에스크로,스트리밍,스마트 플러그,3,,,,medium,,임베디드 기사|필기|기출,임베디드기사 2015-09-19 문제 61,2015,,,,,embedded-engineer
WRITTEN_CBT,임베디드 소프트웨어,C언어의 특징으로 옳지 않은 것은?,"높은 호환성을 가지고 있으며, 대부분의 기종에서 정상적으로 컴파일 및 실행 가능하다.",하드웨어를 제어하거나 접근하는 프로그램이 가능하다.,C언어는 시스템 프로그래밍 용도로 이용하기는 어렵다.,유닉스 시스템은 C언어로 프로그램을 작성하고 실행하는 데 가장 적합하다.,3,,,,medium,,임베디드 기사|필기|기출,임베디드기사 2015-09-19 문제 62,2015,,,,,embedded-engineer
WRITTEN_CBT,임베디드 소프트웨어,객체지향기법에서 캠슐화에 대한 설명으로 옳지 않은 것은?,응집도가 높아진다.,재사용이 용이하다.,결합도가 높아진다.,인터페이스를 단순화시킬 수 있다.,3,,,,medium,,임베디드 기사|필기|기출,임베디드기사 2015-09-19 문제 63,2015,,,,,embedded-engineer
WRITTEN_CBT,임베디드 소프트웨어,다음 트리를 후위 순회(Postorder Traversal)하였을 때 데이터 접근 순서는?,A → B → E → C → D → F → G,C → D → B → A → F → G → E,C → D → B → F → G → E → A,C → B → D → A → F → E → G,3,,,,medium,/static/images/Engineer_Embedded/20150919/rId13.png,임베디드 기사|필기|기출,임베디드기사 2015-09-19 문제 64,2015,,,,,embedded-engineer
WRITTEN_CBT,임베디드 소프트웨어,멀티미디어 데이터의 효율적인 전송을 위해 ISP(Internet Service Provider)의 네트워크 하단에 여러 대의 캐시 서버를 설치하는 방식은?,CDN,EPUB,ENERGY HARVESTING,OPE,1,,,,medium,,임베디드 기사|필기|기출,임베디드기사 2015-09-19 문제 65,2015,,,,,embedded-engineer
WRITTEN_CBT,임베디드 소프트웨어,이진 검색(Binary Search) 시 필수적 선행 조건은?,데이터가 이진수로 구성되어 있어야 한다.,"데이터의 구성은 홀수, 짝수 순으로 이루어져야 한다.",데이터가 오름차순 또는 내림차순으로 정렬되어 있어야 한다.,데이터의 개수가 2의 배수 또는 4의 배수여야 한다.,3,,,,medium,,임베디드 기사|필기|기출,임베디드기사 2015-09-19 문제 67,2015,,,,,embedded-engineer
WRITTEN_CBT,임베디드 소프트웨어,객체지향 개념 중 하나 이상의 유사한 객체들을 묶어 공통된 특성을 표현한 데이터 추상화를 의미하는 것은?,메소드,메세지,인스턴스,클래스,4,,,,medium,,임베디드 기사|필기|기출,임베디드기사 2015-09-19 문제 68,2015,,,,,embedded-engineer
WRITTEN_CBT,임베디드 소프트웨어,Java 언어의 특징이 아닌 것은?,객체 지향적 언어이다.,운영체제에 종속적이다.,이식성이 높은 언어이다.,동적 로딩을 지원한다.,2,,,,medium,,임베디드 기사|필기|기출,임베디드기사 2015-09-19 문제 69,2015,,,,,embedded-engineer
WRITTEN_CBT,임베디드 소프트웨어,소프트웨어 유지보수의 종류 중 장래 유지보수성 또는 신뢰성을 개선하거나 소프트웨어의 오류 발생에 대비하여 미리 예방 수단을 강구해 두는 활동에 해당하는 것은?,Corrective Maintenance,Adaptive Maintenance,Perfective Maintenance,Preventive Maintenance,4,,,,medium,,임베디드 기사|필기|기출,임베디드기사 2015-09-19 문제 71,2015,,,,,embedded-engineer
WRITTEN_CBT,임베디드 소프트웨어,소프트웨어 정형 기술 검토(Formal Technic Review)의 지침 사항으로 거리가 먼 것은?,논쟁과 반박을 제한한다.,문제 영역을 명확히 표현한다.,검토될 확률이 있는 각 제품에 대한 체크리스트를 개발한다.,의제와 참가자의 수를 제한하지 않는다.,4,,,,medium,,임베디드 기사|필기|기출,임베디드기사 2015-09-19 문제 72,2015,,,,,embedded-engineer
WRITTEN_CBT,임베디드 소프트웨어,C언어의 출력문에서 데이터 형식을 규졍하는 서술자로써 의미가 옳지 않은 것은?,%c : 문자 (Character),%d : 8진 정수 (Octal integer),%s : 문자열 (String),%x : 16진 정수 (Hexadecimal integer),2,,,,medium,,임베디드 기사|필기|기출,임베디드기사 2015-09-19 문제 73,2015,,,,,embedded-engineer
WRITTEN_CBT,임베디드 소프트웨어,원시프로그램의 실행 순서로 옳은 것은?,㉠ - ㉣ - ㉤ - ㉡ - ㉥ - ㉢,㉠ - ㉣ - ㉤ - ㉥ - ㉡ - ㉢,㉠ - ㉣ - ㉥ - ㉤ - ㉡ - ㉢,㉠ - ㉣ - ㉥ - ㉡ - ㉤ - ㉢,2,,,,medium,,임베디드 기사|필기|기출,임베디드기사 2015-09-19 문제 74,2015,,,,,embedded-engineer
WRITTEN_CBT,임베디드 소프트웨어,알고리즘 설계에 대한 설명으로 거리가 먼 것은?,알고리즘의 정확성은 수학적 기법들을 이용하여 증명될 수 있다.,알고리즘의 시간 복잡도를 분석하는 방법은 시간측정 방법으로 수행하는 기본 연산의 수행 횟수를 세는 기법이 있다.,알고리즘의 수행시간은 입력의 상태에 상관 없이 입력의 크기에만 영향을 받는다.,"알고리즘을 분석할 때 수행시간과 소요 메모리 양을 분석하는데 이를 시간 복잡도, 공간 복잡도라고 한다.",3,,,,medium,,임베디드 기사|필기|기출,임베디드기사 2015-09-19 문제 75,2015,,,,,embedded-engineer
WRITTEN_CBT,임베디드 소프트웨어,C언어에서 사용하는 데이터 유형이 아닌 것은?,long,float,integer,double,3,,,,medium,,임베디드 기사|필기|기출,임베디드기사 2015-09-19 문제 76,2015,,,,,embedded-engineer
WRITTEN_CBT,임베디드 소프트웨어,소프트웨어 개발 생명주기 모형 중 프로토타입(Prototype) 모형의 가장 큰 장점으로 적합한 것은?,전체 공정의 이해가 용이하다.,단계별 산출물이 정확하여 개발 공정의 기준점을 잘 제시한다.,사용자의 요구사항을 충실히 반영한다.,4세대 언어를 사용하므로 원시코드를 자동으로 생성한다.,3,,,,medium,,임베디드 기사|필기|기출,임베디드기사 2015-09-19 문제 77,2015,,,,,embedded-engineer
WRITTEN_CBT,임베디드 소프트웨어,"소프트웨어 시험(검사, 테스트)의 목적은 오류를 찾기 위함이다. 소프트웨어가 요구사항을 충족시키는가에 중점을 두고 검사하는 방법으로서, 알파 검사, 베타 검사 등의 기법을 찾는 것은?",검증 검사,단위 검사,통합 검사,시스템 검사,1,,,,medium,,임베디드 기사|필기|기출,임베디드기사 2015-09-19 문제 78,2015,,,,,embedded-engineer
WRITTEN_CBT,임베디드 소프트웨어,로더(Loader)의 종류 중 프로그램 실행 시 필요한 부분만 적재하는 것으로 호출 시 적재(Load-On-Call)라고도 하며 프로그램 크기가 주기억장치의 크기보다 큰 경우 유리한 것은?,Compile and go Loader,Absolute Loader,Dynamic Loading Loader,Direct Linking Loader,3,,,,medium,,임베디드 기사|필기|기출,임베디드기사 2015-09-19 문제 79,2015,,,,,embedded-engineer
WRITTEN_CBT,임베디드 소프트웨어,블랙 박스(black box) 테스팅 기법에 해당하지 않는 것은?,동치 분할 검사(equivalence partitioning testing),경계값 분석(boundary value analysis),원인 효과 그래프 검사(cause-effect graphing testing),기초 경로 검사(basic path testing),4,,,,medium,,임베디드 기사|필기|기출,임베디드기사 2015-09-19 문제 80,2015,,,,,embedded-engineer
WRITTEN_CBT,임베디드 하드웨어,인터럽트에 대한 설명 중 틀린 것은?,시스템의 예외 상태가 발생했을 때 일어난다.,컴퓨터 내부에 시스템 상태를 나타내는 PSW와 무관하다.,인터럽트는 소프트웨어 인터럽트와 하드웨어 인터럽트로 나눈다.,벡터 인터럽트 방식은 인터럽트를 내는 소스가 프로세스에게 분기에 대한 정보를 제공하는 방식이다.,2,,,,medium,,임베디드 기사|필기|기출,임베디드기사 2014-09-20 문제 1,2014,,,,,embedded-engineer
WRITTEN_CBT,임베디드 하드웨어,"128M*8Bits 크기의 RAM을 4개 이용하여 메모리를 구성할 때, 그 베이스 주소를 0x20000000로 설정하였다면, 구성된 메모리 시스템의 마지막 주소로 옳은 것은?",0x20FFFFFF,0x2FFFFFFF,0x30FFFFFF,0x3FFFFFFF,4,,,,medium,,임베디드 기사|필기|기출,임베디드기사 2014-09-20 문제 2,2014,,,,,embedded-engineer
WRITTEN_CBT,임베디드 하드웨어,ARM 프로세서 모드의 설명으로 틀린 것은?,"프로세서 모드는 어떤 레지스터가 활성화 되고, CPSR(Current Program Status Register) 레지스터를 엑세스 할 수 있는 권리를 갖게 될지를 결정한다.","User and System 모드는 r13, r14를 같이 사용하지만 다른 모드는 r13(Stack Pointer)과 r14(Link Register)를 별도로 사용한다.",FIQ(Fast Interrupt Request) 모드는 빠른 인터럽트 처리를 위한 ARM 프로세서 모드의 하나이다.,CPSR은 ARM의 각 모드별로 존재한다.,4,,,,medium,,임베디드 기사|필기|기출,임베디드기사 2014-09-20 문제 3,2014,,,,,embedded-engineer
WRITTEN_CBT,임베디드 하드웨어,다음 [그림]의 회로 명칭은 무엇인가?,3단 2진 계수기,MOD 6 계수기,6진 리셋형 계수기,MOD 5 계수기,2,,,,medium,/static/images/Engineer_Embedded/20140920/rId7.png,임베디드 기사|필기|기출,임베디드기사 2014-09-20 문제 4,2014,,,,,embedded-engineer
WRITTEN_CBT,임베디드 하드웨어,"다음 [그림]은 Verilog HDL을 이용하여 논리회로를 설계한 로직 다이어그램과 코드이다. 코드에서 (ㄱ), (ㄴ)에 들어갈 내용으로 옳은 것은?","(ㄱ) output, (ㄴ) tri","(ㄱ) input, (ㄴ) tri","(ㄱ) input, (ㄴ) wire","(ㄱ) input, (ㄴ) reg",3,,,,medium,/static/images/Engineer_Embedded/20140920/rId8.png,임베디드 기사|필기|기출,임베디드기사 2014-09-20 문제 5,2014,,,,,embedded-engineer
WRITTEN_CBT,임베디드 하드웨어,불 함수 AB^C^ + ABC^를 간략화 하면?,A^B,AC^,AC,AB,2,,,,medium,,임베디드 기사|필기|기출,임베디드기사 2014-09-20 문제 6,2014,,,,,embedded-engineer
WRITTEN_CBT,임베디드 하드웨어,마이크로 컴퓨터에 내장된 타이머에 대한 설명 중 틀린 것은?,입력되는 펄스의 수를 세는 역할을 수행한다.,외부에서 발생되는 특정 사건의 발생 수를 헤아리는 용도로 사용된다.,자신이 셀 수 있는 용량의 입력 펄스의 수를 헤아릴 때 인터럽트를 발생 시킨다.,입력되는 클럭의 주파수에 따라 주파수 발생기로도 사용된다.,3,,,,medium,,임베디드 기사|필기|기출,임베디드기사 2014-09-20 문제 7,2014,,,,,embedded-engineer
WRITTEN_CBT,임베디드 하드웨어,DMA에 대한 설명으로 틀린 것은?,특정 이벤트가 발생하였을 경우에 루틴을 처리할 때 사용,메모리의 일부 영역과 주변장치 사이에서 데이터 블록을 전송,일부 메모리 영역에서 SPI로 데이터를 고속으로 전송할 때 사용,일부 메모리 영역에서 Serial 통신으로 데이터를 엑세스할 때 사용,1,,,,medium,,임베디드 기사|필기|기출,임베디드기사 2014-09-20 문제 8,2014,,,,,embedded-engineer
WRITTEN_CBT,임베디드 하드웨어,D 래치(D Latch)는 입력에 나타나는 값을 언제 저장하는가?,입력 값을 저장하지 않는다.,입력 값이 나타나는 동시에 저장한다.,인에이블(Enable) 값을 저장한다.,입력 값이 나타나고 인에이블(Enable) 입력이 활성화 되면 저장한다.,4,,,,medium,,임베디드 기사|필기|기출,임베디드기사 2014-09-20 문제 10,2014,,,,,embedded-engineer
WRITTEN_CBT,임베디드 하드웨어,아래 회로의 설명 중 맞는 것은?,정에지-트리거(Positive-edge-triggered) D 래치이다.,부에지-트리거(Negative-edge-triggered) D 플립플롭이다.,정에지-트리거(Positive-edge-triggered) D 플립플롭이다.,레벨-트리거(Level-triggered) D 플립플롭이다.,2,,,,medium,/static/images/Engineer_Embedded/20140920/rId9.png,임베디드 기사|필기|기출,임베디드기사 2014-09-20 문제 11,2014,,,,,embedded-engineer
WRITTEN_CBT,임베디드 하드웨어,프로그램 카운터가 명령어의 주소 부분과 더해져서 유효주소가 결정되는 주소방식은?,상대 주소방식 (Relative address Mode),간접 주소방식 (Indirect address Mode),직접 주소방식 (direct address Mode),인덱스 주소방식 (indexed address mode),1,,,,medium,,임베디드 기사|필기|기출,임베디드기사 2014-09-20 문제 12,2014,,,,,embedded-engineer
WRITTEN_CBT,임베디드 하드웨어,"디코더(Decoder)에 있어서 A, B에 각각 “1”, “0”이 입력되었을 때 “1”을 출력하는 단자는?",D0,D1,D2,D3,2,,,,medium,/static/images/Engineer_Embedded/20140920/rId10.png,임베디드 기사|필기|기출,임베디드기사 2014-09-20 문제 14,2014,,,,,embedded-engineer
WRITTEN_CBT,임베디드 하드웨어,임베디드 시스템의 주요 입력 장치 중 A/D 변환장치의 형태가 아닌 것은?,적분형 ADC,연속 근사 ADC,플래시 ADC,선형 ADC,4,,,,medium,,임베디드 기사|필기|기출,임베디드기사 2014-09-20 문제 15,2014,,,,,embedded-engineer
WRITTEN_CBT,임베디드 하드웨어,센서에 관한 설명 중 틀린 것은?,접촉식 온도센서는 방사하는 열선을 계측하는 방식을 말한다.,"초음파 센서의 응용 분야는 해충의 격퇴, 어군 탐지, 세척기 등이다.",적외선 센서는 적외선을 비추어주는 투광기 및 적외선을 받아들이는 수광기가 있다.,초음파 센서는 일반적으로 20KHz에서 수 MHz 정도의 고주파 진동을 검출 대상으로 하고 있다.,1,,,,medium,,임베디드 기사|필기|기출,임베디드기사 2014-09-20 문제 16,2014,,,,,embedded-engineer
WRITTEN_CBT,임베디드 하드웨어,"무선랜, 와이파이(Wi-Fi)라고 부르는 무선 네트워크에 사용되는 IEEE 표준 기술은 어느 것인가?",IEEE 802.1,IEEE 802.3,IEEE 802.5,IEEE 802.11,4,,,,medium,,임베디드 기사|필기|기출,임베디드기사 2014-09-20 문제 17,2014,,,,,embedded-engineer
WRITTEN_CBT,임베디드 하드웨어,임베디드 시스템의 직렬 인터페이스 SPI(Serial Peripheral Interface)의 특성을 올바르게 설명한 것은?,비동기적 프로토콜로 모든 전송은 마스터가 생성한 공통 클럭을 참조한다.,동기적 프로토콜로 모든 전송은 마스터가 생성한 공통 클럭을 참조한다.,비동기적 프로토콜로 모든 전송은 슬레이브 클럭을 참조한다.,동기적 프로토콜로 모든 전송은 슬레이브 클럭을 참조한다.,4,,,,medium,,임베디드 기사|필기|기출,임베디드기사 2014-09-20 문제 18,2014,,,,,embedded-engineer
WRITTEN_CBT,임베디드 하드웨어,"메모리 엑세스의 90%가 엑세스 시간 2ns 및 캐시 메모리에 대한 것이고 나머지 10%만 10ns의 메모리에 액세스하는 것이라면, 평균 엑세스 시간은? (단, 캐시 미스는 고려하지 않음)",2ns,2.4ns,2.8ns,20ns,3,,,,medium,,임베디드 기사|필기|기출,임베디드기사 2014-09-20 문제 19,2014,,,,,embedded-engineer
WRITTEN_CBT,임베디드 하드웨어,4*16 디코더를 설계하기 위해 필요한 3*8 디코더의 수는?,2,4,6,8,1,,,,medium,,임베디드 기사|필기|기출,임베디드기사 2014-09-20 문제 20,2014,,,,,embedded-engineer
WRITTEN_CBT,임베디드 펌웨어,"기억장치의 접근속도가 0.5us이고, 데이터 워드가 32비트일 때 대역폭은?",8Mbps,16Mbps,32Mbps,64Mbps,4,,,,medium,,임베디드 기사|필기|기출,임베디드기사 2014-09-20 문제 22,2014,,,,,embedded-engineer
WRITTEN_CBT,임베디드 펌웨어,Printf() 함수의 데이터 표현 중 변수의 주소(포인터 값)을 출력할 수 있는 형식은?,%p,%d,%u,%c,1,,,,medium,,임베디드 기사|필기|기출,임베디드기사 2014-09-20 문제 23,2014,,,,,embedded-engineer
WRITTEN_CBT,임베디드 펌웨어,임베디드 시스템의 스타트업 코드 동작으로 틀린 것은?,모든 인터럽트를 허용한 후 초기화를 진행하고 main() 함수 호출 전에 인터럽트를 금지시킨다.,스택영역을 할당하고 초기화한다.,프로세서의 스택 포인터를 초기화 한다.,힙(Heap)을 생성하고 초기화한다.,1,,,,medium,,임베디드 기사|필기|기출,임베디드기사 2014-09-20 문제 24,2014,,,,,embedded-engineer
WRITTEN_CBT,임베디드 펌웨어,문자 디바이스 드라이버에 대한 설명으로 틀린 것은?,"Open, Read, Write와 같은 시스템 콜에 의해 제어된다.",수 킬로바이트(kb) 단위로 접근할 수 있다.,시리얼 포트(/dev/tty50)가 문자 디바이스에 해당된다.,텍스트 콘솔(/dev/console)이 문자 디바이스에 해당된다.,2,,,,medium,,임베디드 기사|필기|기출,임베디드기사 2014-09-20 문제 27,2014,,,,,embedded-engineer
WRITTEN_CBT,임베디드 펌웨어,C언어에서 little endian으로 아래의 프로그램을 수행하였을 경우 출력 값으로 맞는 것은?,“0x12”,“0x14”,“0x23”,“0x34”,4,,,,medium,,임베디드 기사|필기|기출,임베디드기사 2014-09-20 문제 28,2014,,,,,embedded-engineer
WRITTEN_CBT,임베디드 펌웨어,init 스크립트에서 동작레벨(Run Level) rc5 용도는?,시스템 셧다운(halt),시스템 관리를 위해서 단일 사용자 구성으로 동작,일반 멀티유저 환경,멀티 유저이면서 그래픽 사용자 인터페이스로 시작하는 환경,4,,,,medium,,임베디드 기사|필기|기출,임베디드기사 2014-09-20 문제 29,2014,,,,,embedded-engineer
WRITTEN_CBT,임베디드 펌웨어,"DMA 제어기가 중앙처리장치, 주기억장치, 입출력 모듈과 함께 시스템 버스에 직접 연결된 형태의 DMA 제어 방식은 무엇인가?",단일버스 분산식 DMA 방식,단일버스 통합형 DMA 방식,입출력 버스를 이용한 DMA 방식,다중버스 분리식 DMA 방식,1,,,,medium,,임베디드 기사|필기|기출,임베디드기사 2014-09-20 문제 30,2014,,,,,embedded-engineer
WRITTEN_CBT,임베디드 펌웨어,모놀리식(Monolithic) 커널에 대한 설명으로 틀린 것은?,구현이 간단하고 시스템 자원을 보다 효율적으로 관리할 수 있다.,다양한 환경의 시스템에 포팅하기 유리하다.,커널의 크기가 상대적으로 커지는 단점을 가지고 있다.,"Solaris, AIX, HP_UX, Linux 등이 모놀리식 커널을 사용한다.",2,,,,medium,,임베디드 기사|필기|기출,임베디드기사 2014-09-20 문제 31,2014,,,,,embedded-engineer
WRITTEN_CBT,임베디드 펌웨어,임베디드 시스템 루트 파일을 구성하기 위한 리눅스 명령어 패키지로 크기가 작아 임베디드에서 자주 사용되는 것은?,busybox,init,bunutil,bash,1,,,,medium,,임베디드 기사|필기|기출,임베디드기사 2014-09-20 문제 32,2014,,,,,embedded-engineer
WRITTEN_CBT,임베디드 펌웨어,NFS에 대한 설명으로 틀린 것은?,운영체제가 다른 컴퓨터의 파일 시스템을 이용하기 위한 파일공유가 목적이다.,UDP/TCP 프로토콜 환경에서 운영된다.,임베디드 시스템에서 제한적인 하드디스크 등 하드웨어 확장에 이용된다.,시리얼 포트를 통해 데이터가 전송된다.,4,,,,medium,,임베디드 기사|필기|기출,임베디드기사 2014-09-20 문제 33,2014,,,,,embedded-engineer
WRITTEN_CBT,임베디드 펌웨어,다음은 안드로이드 커널을 빌드하는 과정이다. ( ) 안에 들어갈 셀 커멘드는?,exec,make,export,shell,3,,,,medium,,임베디드 기사|필기|기출,임베디드기사 2014-09-20 문제 34,2014,,,,,embedded-engineer
WRITTEN_CBT,임베디드 펌웨어,디바이스 드라이버의 처리 루틴에 해당되지 않은 것은?,장치에서 수집된 데이터를 처리하여 필요한 곳에 전달한다.,인터럽트를 처리하여 응용 프로그램에 전달한다.,GUI 환경을 실시간 처리한다.,입출력 포트의 데이터를 응용 프로그램에 송수신한다.,3,,,,medium,,임베디드 기사|필기|기출,임베디드기사 2014-09-20 문제 35,2014,,,,,embedded-engineer
WRITTEN_CBT,임베디드 펌웨어,"명령어 수행시간이 10ns, 패치(Fetch) 시간이 5ns, 명령어 준비 시간이 3ns이면 인스트럭션의 성능은?",0.1,0.5,1,1.25,4,,,"명령 성능 = 명령 수행시간 / (명령어 패치시간 + 명령어 준비시간)
10 / (5+3) = 1.25",medium,,임베디드 기사|필기|기출,임베디드기사 2014-09-20 문제 36,2014,,,,,embedded-engineer
WRITTEN_CBT,임베디드 펌웨어,펌웨어를 메모리에 다운로드하기 위한 장비 혹은 인터페이스가 아닌 것은?,EPROM eraser,JTAG,ROM Writer,SPI,1,,,,medium,,임베디드 기사|필기|기출,임베디드기사 2014-09-20 문제 37,2014,,,,,embedded-engineer
WRITTEN_CBT,임베디드 펌웨어,"주번호가 244, 부번호가 0인 문자 디바이스의 장치 파일인 test을 생성하기 위한 명령으로 옳은 것은?",mknod /sys/test b 244 0,mknod /sys/test c 244 0,mknod /dev/test b 244 0,mknod /dev/test c 244 0,4,,,,medium,,임베디드 기사|필기|기출,임베디드기사 2014-09-20 문제 38,2014,,,,,embedded-engineer
WRITTEN_CBT,임베디드 펌웨어,멀티 마스터 시스템에 공유하는 메모리는 암바 버스(AMBA Bus) 중 어떤 버스를 연결해야 하는가?,암바시스템버스(ASB),암바호스트버스(AHB),암바주변장치버스(APB),암바확장버스(AXI),4,,,"ARM의 대표적 버스 구조는 AMBA(Advanced Microcontroller Bus Architecture)이다. AMBA는 3가지 버스 인터페이스가 있다.
[표]
인터페이스 | 설명
AHB | - Advanced High-performance Bus - 고성능 고주파 시스템 모듈들의 인터페이스에 적합하며, 프로세서, 온/오프칩 메모리 인터페이스나 고성능 주변장치(FIFO)에 사용
ASB | - Advanced System Bus - 고성능을 요구하지 않는 시스템 버스에 적합
APB | - Advanced Peripheral Bus - 저전력 주변장치 인터페이스에 사용
[/표]",medium,,임베디드 기사|필기|기출,임베디드기사 2014-09-20 문제 39,2014,,,,,embedded-engineer
WRITTEN_CBT,임베디드 펌웨어,다음이 설명하고 있는 것은?,NFS,FTP,TFTP,TELNET,3,,,,medium,,임베디드 기사|필기|기출,임베디드기사 2014-09-20 문제 40,2014,,,,,embedded-engineer
WRITTEN_CBT,임베디드 플랫폼,연결 지향적인 프로토콜서 송신자로부터 수신자까지 신뢰성 있고 순차적인 데이터 전송을 보장하는 프로토콜은?,TCP,UDP,Netbios,ICMP,1,,,,medium,,임베디드 기사|필기|기출,임베디드기사 2014-09-20 문제 42,2014,,,,,embedded-engineer
WRITTEN_CBT,임베디드 플랫폼,TCP 서버 프로그램을 작성하려고 한다. 네트워크 관련 함수의 호출 순서로 맞는 것은?,socket() → bind() → listen() → accept(),socket() → accept() → bind() → connect(),socket() → listen() → bind() → connect(),socket() → listen() → accept() → bind(),1,,,,medium,,임베디드 기사|필기|기출,임베디드기사 2014-09-20 문제 43,2014,,,,,embedded-engineer
WRITTEN_CBT,임베디드 플랫폼,프로세스 교착상태의 필수 요건으로 거리가 먼 것은?,상호배제,점유대기,선점,환형대기,3,,,,medium,,임베디드 기사|필기|기출,임베디드기사 2014-09-20 문제 44,2014,,,,,embedded-engineer
WRITTEN_CBT,임베디드 플랫폼,다음에 대한 설명으로 맞는 것은?,/etc/shadow,/etc/hosts,/etc/fstab,/etc/issue,3,,,,medium,,임베디드 기사|필기|기출,임베디드기사 2014-09-20 문제 45,2014,,,,,embedded-engineer
WRITTEN_CBT,임베디드 플랫폼,HRN(Highest Response Scheduling) 스케줄링 기법에서 우선순위 결정 방법은?,(대기 시간+서비스 시간)/대기 시간,(대기 시간+서비스 시간)/서비스 시간,대기 시간/(대기 시간+서비스 시간),서비스 시간/(대기 시간+서비스 시간),2,,,,medium,,임베디드 기사|필기|기출,임베디드기사 2014-09-20 문제 46,2014,,,,,embedded-engineer
WRITTEN_CBT,임베디드 플랫폼,다음 중 TCB(Task Control Block)에 저장해야 할 내용으로 거리가 먼 것은?,태스크의 CPU Context,태스크의 자동화된 주소 설정,태스크의 상태,태스크의 ID(Identifier),2,,,,medium,,임베디드 기사|필기|기출,임베디드기사 2014-09-20 문제 50,2014,,,,,embedded-engineer
WRITTEN_CBT,임베디드 플랫폼,교착상태 해결 방법 중 은행원 알고리즘(Banker＇s Algorithm)이 적용되는 것은?,교착상태의 예방,교착상태의 발견,교착상태의 회피,교착상태의 복구,3,,,,medium,,임베디드 기사|필기|기출,임베디드기사 2014-09-20 문제 51,2014,,,,,embedded-engineer
WRITTEN_CBT,임베디드 플랫폼,IPv4에서 IPv6로 전이하기 위한 기술적 방법론으로 거리가 먼 것은?,헤더변환,듀얼스택,터널링,게이트웨이 변환,4,,,,medium,,임베디드 기사|필기|기출,임베디드기사 2014-09-20 문제 52,2014,,,,,embedded-engineer
WRITTEN_CBT,임베디드 플랫폼,저수준 파일 핸들링을 사용하여 파일의 내용을 처음부터 순차적으로 읽고자 한다. 미리 읽기기능을 사용하여 레이턴시를 감소시키려 할 때 사용하는 함수는?,fcntl(),fdatasync(),posix_fadvise(),truncate(),3,,,,medium,,임베디드 기사|필기|기출,임베디드기사 2014-09-20 문제 53,2014,,,,,embedded-engineer
WRITTEN_CBT,임베디드 플랫폼,"새로운 프로세스를 생성하여 부모 프로세스에서는 자식 프로세스가 종료 될 때까지 기다리고 자식 프로세스에서는 리눅스 명령어 “ls -l”을 수행하는 프로그램이다. 빈칸 ( 가 ), ( 나 ), ( 다 )에 알맞은 내용을 순서대로 나열한 것은?",wait()->fork()->open(),execlp()->wait()->fork(),fork()->execlp()->wait(),open()->system()->close(),3,,,,medium,,임베디드 기사|필기|기출,임베디드기사 2014-09-20 문제 55,2014,,,,,embedded-engineer
WRITTEN_CBT,임베디드 플랫폼,UNIX에서 프로세스 스케줄링에 대한 설명으로 거리가 먼 것은?,라운드 로빈 방식을 사용한다.,프로세스의 우선순위를 고려해서 CPU를 할당한다.,프로세스 자신이 우선순위를 조정할 수 없다.,한 프로세서는 한 타임 슬라이스 동안만 CPU를 할당 받는다.,3,,,,medium,,임베디드 기사|필기|기출,임베디드기사 2014-09-20 문제 56,2014,,,,,embedded-engineer
WRITTEN_CBT,임베디드 플랫폼,외부 호스트와 통신 가능한 TCP 소켓을 만드는 호출로 맞는 것은?,"socket(AF_XPC, SOCK_STREAM, IPPROTO_IP)","socket(AF_RAW, SOCK_DGRAM, IPPROTO_IP)","socket(AF_INET, SOCK_STREAM, IPPROTO_IP)","socket(AF_RPC, SOCK_DGRAM, IPPROTO_IP)",3,,,,medium,,임베디드 기사|필기|기출,임베디드기사 2014-09-20 문제 57,2014,,,,,embedded-engineer
WRITTEN_CBT,임베디드 플랫폼,다음 (코드)가 수행된 경우를 설명한 것으로 옳지 않은 것은?,str2에는 1024 바이트의 힙 메모리가 할당된다.,str1에는 NULL 값이 유지된다.,realloc 대신에 malloc(1024)를 써도 된다.,str2는 1024 번지의 주소를 할당 받는다.,4,,,,medium,,임베디드 기사|필기|기출,임베디드기사 2014-09-20 문제 58,2014,,,,,embedded-engineer
WRITTEN_CBT,임베디드 플랫폼,QoS(Quality of Service)를 지원하기 위한 프로토콜로 거리가 먼 것은?,RSVP,MPLS,RTCP,IGMP,4,,,,medium,,임베디드 기사|필기|기출,임베디드기사 2014-09-20 문제 59,2014,,,,,embedded-engineer
WRITTEN_CBT,임베디드 플랫폼,파일 접근에 대한 옵션에 대한 설명으로 맞는 것은?,#chmod g-w : 그룹 멤버들로부터 쓰기 권한 부여,"#chmod g+rw : 그룹에 대해 읽기, 쓰기, 허가권을 부여","#chmod g-rwx : 그룹에 읽기, 쓰기, 실행의 허가권을 부여","#chmod a+r : 그룹에게만 읽기, 허가권을 부여",2,,,,medium,,임베디드 기사|필기|기출,임베디드기사 2014-09-20 문제 60,2014,,,,,embedded-engineer
WRITTEN_CBT,임베디드 소프트웨어,소프트웨어 프로젝트를 신뢰성 있게 예측하는 방법 중 현실성이 부족한 것은?,이미 수행된 유사 프로젝트를 참고한다.,가능하다면 예측을 뒤로 미룬다.,경험적 예측 모델을 활용한다.,프로젝트를 상대적으로 세분화하여 예측한다.,2,,,,medium,,임베디드 기사|필기|기출,임베디드기사 2014-09-20 문제 61,2014,,,,,embedded-engineer
WRITTEN_CBT,임베디드 소프트웨어,화이트 박스 시험(White Box Testing)의 설명으로 옳지 않은 것은?,"프로그램의 제어구조에 따라 선택, 반복 등의 부분들을 수행함으로써 논리적 경로를 점검한다.",모듈안의 작동을 직접 관찰할 수 있다.,원시코드의 모든 문장으로 한번 이상 수행함으로써 진행 된다.,"소프트웨어 산물의 각 기능별로 적절한 정보영역을 정하여, 적합한 입력에 대한 출력의 정확성을 점검한다.",4,,,,medium,,임베디드 기사|필기|기출,임베디드기사 2014-09-20 문제 63,2014,,,,,embedded-engineer
WRITTEN_CBT,임베디드 소프트웨어,"인간의 상상에 따른 공간과 사물을 컴퓨터에서 가상으로 만들어 시각, 청각, 촉각을 비롯한 인간 오감을 활용한 작용으로 현실 세계에서는 직접 경험하지 못하는 상황을 간접으로 체험할 수 있도록 하는 기술은?",MIRACAST,HOLDBACK,VIRTUAL REALITY,SPACE INFORMATION,3,,,,medium,,임베디드 기사|필기|기출,임베디드기사 2014-09-20 문제 64,2014,,,,,embedded-engineer
WRITTEN_CBT,임베디드 소프트웨어,사용에 필요한 노력을 최소화하고 쉽게 사용 할 수 있는 정도를 의미하는 소프트웨어 품질 목표는?,CORRECTNESS,EFFICIENCY,INTEGIRY,USABILITY,4,,,,medium,,임베디드 기사|필기|기출,임베디드기사 2014-09-20 문제 65,2014,,,,,embedded-engineer
WRITTEN_CBT,임베디드 소프트웨어,객체지향에서 캡슐화에 대한 설명으로 옳지 않은 것은?,재사용이 용이하다.,결합도가 높아진다.,인터페이스를 단순화시킬 수 있다.,응집도가 향상된다.,2,,,,medium,,임베디드 기사|필기|기출,임베디드기사 2014-09-20 문제 66,2014,,,,,embedded-engineer
WRITTEN_CBT,임베디드 소프트웨어,소프트웨어 프로젝트 관리에 중요한 영향을 주는 3P에 해당되지 않는 것은?,Plan,People,Problem,Process,1,,,,medium,,임베디드 기사|필기|기출,임베디드기사 2014-09-20 문제 67,2014,,,,,embedded-engineer
WRITTEN_CBT,임베디드 소프트웨어,객체지향 기술을 적용하여 구현하는 임베디드 시스템에서 다형성(Polymorphism)에 대한 가장 적절한 설명은?,하나의 클래스가 가지고 있는 데이터와 여러 속성들,하나의 클래스가 가지고 있는 여러 연산기능들,하나의 클래스에서 여러 개의 객체를 생성하는 것,하나의 메세지에 대해 객체에 따라 다른 방법으로 응답할 수 있는 것,4,,,,medium,,임베디드 기사|필기|기출,임베디드기사 2014-09-20 문제 68,2014,,,,,embedded-engineer
WRITTEN_CBT,임베디드 소프트웨어,원시 프로그램을 작성한 컴퓨터의 기계어가 아닌 다른 기종에 맞는 기계어로 변환하는 것은?,링커,프리프로세서,크로스 컴파일러,로더,3,,,,medium,,임베디드 기사|필기|기출,임베디드기사 2014-09-20 문제 69,2014,,,,,embedded-engineer
WRITTEN_CBT,임베디드 소프트웨어,C언어에서의 문자열 입력함수는?,puts(),putchar(),gets(),getchar(),3,,,,medium,,임베디드 기사|필기|기출,임베디드기사 2014-09-20 문제 70,2014,,,,,embedded-engineer
WRITTEN_CBT,임베디드 소프트웨어,"데이터의 구조를 선형구조와 비선형 구조로 구분할 경우, 성격이 나머지 셋과 다른 하나는?",큐,스택,리스트,그래프,4,,,,medium,,임베디드 기사|필기|기출,임베디드기사 2014-09-20 문제 71,2014,,,,,embedded-engineer
WRITTEN_CBT,임베디드 소프트웨어,다음 트리의 후위 순회 결과는?,A B D C E F,D B A E C F,D B E F C A,A B C D E F,3,,,,medium,/static/images/Engineer_Embedded/20140920/rId11.png,임베디드 기사|필기|기출,임베디드기사 2014-09-20 문제 74,2014,,,,,embedded-engineer
WRITTEN_CBT,임베디드 소프트웨어,영상처리에 있어서 가장 기본적인 방법으로 영상의 명암 값 프로필을 보여주기 위해 사용되는 기법은?,블러링,마스크 연산,에지추출,히스토그램,4,,,,medium,,임베디드 기사|필기|기출,임베디드기사 2014-09-20 문제 75,2014,,,,,embedded-engineer
WRITTEN_CBT,임베디드 소프트웨어,"순서가 A, B, C, D로 정해진 입력 자료를 스택에 입력하였다가 출력한 결과로 가능한 것이 아닌 것은?","B, A, D, C","B, C, D, A","D, A, B, C","C, B, A, D",3,,,,medium,,임베디드 기사|필기|기출,임베디드기사 2014-09-20 문제 76,2014,,,,,embedded-engineer
WRITTEN_CBT,임베디드 소프트웨어,"로더의 종류 중 목적 프로그램을 기억장소에 적재시키는 기능만 수행하는 로더이며, 할당과 연결은 프로그래머, 재배치는 언어번역 프로그램이 수행하는 것은?",DIRECT LINKING LOADER,COMPILE and GO LOADER,ABSOLUTE LOADER,DYNAMIC LODING LOADER,3,,,,medium,,임베디드 기사|필기|기출,임베디드기사 2014-09-20 문제 77,2014,,,,,embedded-engineer
WRITTEN_CBT,임베디드 소프트웨어,바람직한 소프트웨어 설계 지침이 아닌 것은?,두 모듈 간의 상호 의존도를 강하게 한다.,모듈의 기능을 예측할 수 있도록 정의한다.,이식성을 고려한다.,적당한 모듈의 크기를 유지한다.,1,,,,medium,,임베디드 기사|필기|기출,임베디드기사 2014-09-20 문제 78,2014,,,,,embedded-engineer
WRITTEN_CBT,임베디드 소프트웨어,소프트웨어 테스트의 목적으로 옳지 않은 것은?,프로그램 개발 단계에서의 요식적 행위,기술적인 기능 및 성능의 확인,사용자에 대한 요구사항 만족도 향상,제품에 대한 신뢰도 향상,1,,,,medium,,임베디드 기사|필기|기출,임베디드기사 2014-09-20 문제 79,2014,,,,,embedded-engineer
WRITTEN_CBT,임베디드 하드웨어,프로그램 가능 논리 소자의 3가지 주요 형태가 아닌 것은?,SPLD,CPLD,SMD,FPGA,3,,,,medium,,임베디드 기사|필기|기출,임베디드기사 2013-11-01 문제 2,2013,,,,,embedded-engineer
WRITTEN_CBT,임베디드 하드웨어,HDL에 대한 설명 중 잘못된 것은?,회로도를 이용한 설계에 비해 복잡하다는 것이 단점이다.,하드웨어를 제작하는 데 있어 회로도를 이용한 설계가 아니라 언어를 이용한 설계이다.,ASIC 뿐만 아니라 CPLD/FPGA 설계에 광범위하게 이용할 수 있다.,복잡한 논리식으로부터 설계자를 해방시킬 수 있다.,1,,,,medium,,임베디드 기사|필기|기출,임베디드기사 2013-11-01 문제 3,2013,,,,,embedded-engineer
WRITTEN_CBT,임베디드 하드웨어,다음 [그림]의 로직 다이어그램은 어떤 게이트와 동일한가?,NAND GATE,NOR GATE,XNOR GATE,XOR GATE,1,,,,medium,/static/images/Engineer_Embedded/20131101/rId7.png,임베디드 기사|필기|기출,임베디드기사 2013-11-01 문제 5,2013,,,,,embedded-engineer
WRITTEN_CBT,임베디드 하드웨어,Big-endian 방식을 사용하는 임베디드 시스템에서 다음 C 프로그램을 실행하였다. 결과는?,0x01,0x04,0x01020304,0x04030201,1,,,,medium,,임베디드 기사|필기|기출,임베디드기사 2013-11-01 문제 6,2013,,,,,embedded-engineer
WRITTEN_CBT,임베디드 하드웨어,10진수 356에 대한 BCD코드를 구하면?,0011 0101 0110,1101 0110 0011,1000 0101 0110,1010 0110 0101,1,,,,medium,,임베디드 기사|필기|기출,임베디드기사 2013-11-01 문제 7,2013,,,,,embedded-engineer
WRITTEN_CBT,임베디드 하드웨어,"다음 (ㄱ), (ㄴ), (ㄷ)에 들어갈 용어를 순서적으로 바르게 나열한 것은?","Programmed I/O, I/O module, Interleaving","Programmed I/O, Interrupt-driven I/O, I/O module","Interrupt-driven I/O, I/O module, Programmed I/O","I/O module, Programmed I/O, Interrupt-driven I/O",4,,,,medium,,임베디드 기사|필기|기출,임베디드기사 2013-11-01 문제 8,2013,,,,,embedded-engineer
WRITTEN_CBT,임베디드 하드웨어,VHDL에 관한 설명 중 틀린 것은?,HDL은 Hardware Description Language의 약자이다.,VHDL은 VHSIC(Very High Speed IC) HDL의 약자로 설계관리가 용이하다.,VHDL로 시스템을 설계할 경우 설계 시간을 단축할 수 있다.,VHDL은 아날로그 및 디지털 시스템을 설계하기 위해서 개발되었다.,4,,,,medium,,임베디드 기사|필기|기출,임베디드기사 2013-11-01 문제 9,2013,,,,,embedded-engineer
WRITTEN_CBT,임베디드 하드웨어,3비트 출력 ADC에서 기준전압=4.2V DC일 때 입력 2.4V 전압에 대한 디지털 출력 중 옳은 것은?,100,110,011,101,1,,,,medium,,임베디드 기사|필기|기출,임베디드기사 2013-11-01 문제 10,2013,,,,,embedded-engineer
WRITTEN_CBT,임베디드 하드웨어,메모리 256*4 ROM의 워드용량을 두 배 확장하려면?,주소비트 수를 9비트로 늘린다.,8비트 주소와 4비트 데이터 버스를 사용한다.,기존 클록주기를 1/2로 한다.,9비트의 데이터 버스를 사용한다.,1,,,,medium,,임베디드 기사|필기|기출,임베디드기사 2013-11-01 문제 11,2013,,,,,embedded-engineer
WRITTEN_CBT,임베디드 하드웨어,CPU가 주변장치들과 하는 데이터 전송방식이 아닌 것은?,프로그램 제어에 의한 데이터 전송,가로채기에 의한 데이터 전송,직접 메모리 접근 전송,패킷형 직렬 입출력 전송,4,,,,medium,,임베디드 기사|필기|기출,임베디드기사 2013-11-01 문제 12,2013,,,,,embedded-engineer
WRITTEN_CBT,임베디드 하드웨어,UART 프레임에 대한 설명으로 틀린 것은?,"8개의 데이터 비트, NONE 패리티, 1 정지비트를 사용하는 UART 프레임이다.","시작(Start) 비트는 항상 Low이며, 정지(Stop) 비트는 항상 High이다.",0~255의 값을 가지는 바이너리 데이터를 보낼 수 있다.,데이터 전송은 상위비트(Most Significant Bit)를 먼저 보낸다.,4,,,,medium,/static/images/Engineer_Embedded/20131101/rId8.png,임베디드 기사|필기|기출,임베디드기사 2013-11-01 문제 13,2013,,,,,embedded-engineer
WRITTEN_CBT,임베디드 하드웨어,인터럽트 지연으로 인한 시스템 성능 저하를 방지하기 위한 방법으로 옳지 않은 것은?,무분별한 인터럽트 금지는 인터럽트 지연을 증가시키므로 인터럽트 금지의 남발을 막아야 한다.,"낮은 우선순위의 인터럽트는 응답시간이 상대적으로 덜 중 요하지만, 한없이 대기하여 시간을 낭비하도록 해서는 안 된다.",인터럽트 처리 루틴의 실행 시간이 길지 않도록 작성하여 인터럽트 금지 시간을 최소화 한다.,인터럽트 실행시간이 긴 루틴과 짧은 루틴을 반복적으로 수행하여 인터럽트 응답속도를 향상시킨다.,4,,,,medium,,임베디드 기사|필기|기출,임베디드기사 2013-11-01 문제 15,2013,,,,,embedded-engineer
WRITTEN_CBT,임베디드 하드웨어,폴링 방법에 대한 설명으로 옳은 것은?,DMA를 이용하여 하드웨어가 메모리를 처리하는 방법이다.,인터럽트 발생 시 MPU가 인터럽트를 발생시킨 장치를 찾는 방법이다.,특정 인터럽트가 반복 방법으로 데이터를 처리하는 방법이다.,특정 이벤트가 발생했을 때만 처리하도록 하는 방법이다.,2,,,,medium,,임베디드 기사|필기|기출,임베디드기사 2013-11-01 문제 17,2013,,,,,embedded-engineer
WRITTEN_CBT,임베디드 하드웨어,"다음 [그림]은 NAND 게이트로 구성된 논리 회로이다. 입력이 A, B이고 출력을 F라고 할 때 다음 논리 회로와 등가인 회로의 불식으로 옳은 것은?",F = A + B,F = AB,F = A'B',F = A'B,2,,,,medium,/static/images/Engineer_Embedded/20131101/rId9.png,임베디드 기사|필기|기출,임베디드기사 2013-11-01 문제 18,2013,,,,,embedded-engineer
WRITTEN_CBT,임베디드 하드웨어,UART에 관한 설명 중 잘못된 것은?,MAX232C는 레벨을 변환시켜주는 IC이다.,보통 컴퓨터와 마이크로프로세서 사이에 1대 1로 정보를 교환하는 경우 사용된다.,UART는 범용 동기식 송수신기이다.,UART는 MPU에서 병렬로 수신받은 데이터(들)를 직렬 비트스트림으로 변환한다.,3,,,,medium,,임베디드 기사|필기|기출,임베디드기사 2013-11-01 문제 19,2013,,,,,embedded-engineer
WRITTEN_CBT,임베디드 하드웨어,JK 플립플롭을 다음 [그림]과 같이 연결하여 클록펄스를 인가하면 출력 Q의 동작 상태는?,toggle,reset,set,race,1,,,,medium,/static/images/Engineer_Embedded/20131101/rId10.png,임베디드 기사|필기|기출,임베디드기사 2013-11-01 문제 20,2013,,,,,embedded-engineer
WRITTEN_CBT,임베디드 펌웨어,윈도우 환경에서 유닉스 및 리눅스 환경을 에뮬레이터 해주는 프로그램은?,dnw_20,ewarm,cygwin,ponyprog,3,,,,medium,,임베디드 기사|필기|기출,임베디드기사 2013-11-01 문제 21,2013,,,,,embedded-engineer
WRITTEN_CBT,임베디드 펌웨어,입출력 방식과 데이터 단위에 따른 디바이스 드라이버 종류가 아닌 것은?,문자 디바이스 드라이버,블록 디바이스 드라이버,네트워크 디바이스 드라이버,시스템 디바이스 드라이버,4,,,,medium,,임베디드 기사|필기|기출,임베디드기사 2013-11-01 문제 22,2013,,,,,embedded-engineer
WRITTEN_CBT,임베디드 펌웨어,TFTP에 대한 설명으로 옳지 않은 것은?,파일을 전송하기 위한 간단한 파일전송 규약이다.,TCP로 구현되었다.,보안에는 취약하다.,"호스트에서 부트로더, 커널, 램디스크, 유저영역 등 이미지를 전송할 때 사용한다.",2,,,,medium,,임베디드 기사|필기|기출,임베디드기사 2013-11-01 문제 23,2013,,,,,embedded-engineer
WRITTEN_CBT,임베디드 펌웨어,다음 [보기]에서 JTAG은 5개의 신호로 구성되어 있다. 각 신호의 설명으로 옳은 것만 나열한 것은?,"ㄱ, ㄴ, ㄷ","ㄱ, ㄷ, ㄹ","ㄱ, ㄹ, ㅁ","ㄱ, ㄷ, ㅁ",4,,,,medium,,임베디드 기사|필기|기출,임베디드기사 2013-11-01 문제 24,2013,,,,,embedded-engineer
WRITTEN_CBT,임베디드 펌웨어,JTAG 하드웨어에 대한 설명으로 옳지 않은 것은?,Boundary Scan Call을 통해 칩 내부를 Capture 및 Intest 할 수 있다.,다수의 데이터 라인을 사용하므로 프로토콜은 패러럴 방식을 사용한다.,"클록 입력은 TCK 핀, 설정은 TMS 핀을 사용하며 동작주파수는 10~100MHz가 일반적이다.","임베디드 시스템의 NOR Flash, NAND Flash 등의 내용을 기록하거나 읽어 낼 수 있다.",2,,,,medium,,임베디드 기사|필기|기출,임베디드기사 2013-11-01 문제 26,2013,,,,,embedded-engineer
WRITTEN_CBT,임베디드 펌웨어,리눅스 커널의 구성요소가 아닌 것은?,태스크 관리자,메모리 관리자,네트워크 관리자,프로그램 관리자,4,,,,medium,,임베디드 기사|필기|기출,임베디드기사 2013-11-01 문제 27,2013,,,,,embedded-engineer
WRITTEN_CBT,임베디드 펌웨어,리눅스 misc 디바이스 드라이버에 대한 설명이다. 틀린 것은?,리눅스 2.4에서 한정된 주번호 범위 때문에 사용하게 되었다.,"주번호 10번으로 고정되어 있고, 부번호를 이용하여 장치를 구별한다.",cat /proc/misc 명령을 이용하여 misc 드라이버 목록을 확인할 수 있다.,블록 디바이스 드라이버로 파티션 구분에서 사용한다.,4,,,,medium,,임베디드 기사|필기|기출,임베디드기사 2013-11-01 문제 28,2013,,,,,embedded-engineer
WRITTEN_CBT,임베디드 펌웨어,메모리 사상 입출력 방식에 대한 설명 중 옳지 않은 것은?,주소를 사용하여 메모리와 디바이스를 구분,디바이스를 접근하기 위하여 메모리 접근 명령어 사용,메모리와 디바이스가 별도의 주소 공간 사용,"M68K, ARM, PowerPC, MIPS 등의 프로세서에서 사용",3,,,,medium,,임베디드 기사|필기|기출,임베디드기사 2013-11-01 문제 30,2013,,,,,embedded-engineer
WRITTEN_CBT,임베디드 펌웨어,OS 부트 과정을 순서대로 옳게 나열한 것은?,ⓐ → ⓔ → ⓑ → ⓓ → ⓕ → ⓒ,ⓐ → ⓔ → ⓑ → ⓕ → ⓓ → ⓒ,ⓐ → ⓔ → ⓓ → ⓕ → ⓒ → ⓑ,ⓐ → ⓑ → ⓓ → ⓕ → ⓒ → ⓔ,1,,,,medium,,임베디드 기사|필기|기출,임베디드기사 2013-11-01 문제 31,2013,,,,,embedded-engineer
WRITTEN_CBT,임베디드 펌웨어,nvSRAM의 설명으로 틀린 것은?,메모리 용량은 크지 않다.,데이터를 유지하기 위해 배터리나 Flash 메모리를 이용한다.,전원을 OFF하면 저장되었던 데이터가 모두 상실된다.,다른 종류의 메모리에 비해 부피가 크다.,3,,,,medium,,임베디드 기사|필기|기출,임베디드기사 2013-11-01 문제 32,2013,,,,,embedded-engineer
WRITTEN_CBT,임베디드 펌웨어,다음 중 안드로이드 시스템 빌드 과정이 옳은 것은?,source build/envsetup.sh -> lunch full-eng -> make -j4,lunch full-eng -> source build/envsetup.sh -> make -j4,source build/envsetup.sh -> make -j4 -> lunch full-eng,lunch full-eng -> make -j4 -> source build/envsetup.sh,1,,,,medium,,임베디드 기사|필기|기출,임베디드기사 2013-11-01 문제 33,2013,,,,,embedded-engineer
WRITTEN_CBT,임베디드 펌웨어,일반적인 디바이스 드라이버 제작 및 검증 작업에 해당하지 않는 것은?,모형 및 시제품 제작 테스트,디바이스 드라이버 소스 코드 작성,디바이스 드라이버를 타겟 시스템 커널에 적재,호스트 시스템에서 타겟 시스템으로 디바이스 드라이버와 응용 프로그램을 전송,1,,,,medium,,임베디드 기사|필기|기출,임베디드기사 2013-11-01 문제 34,2013,,,,,embedded-engineer
WRITTEN_CBT,임베디드 펌웨어,리눅스 디바이스 드라이버의 등록 및 제거에 대한 설명 중 잘못된 것은?,register_chrdev() 함수는 커널 내부에 정의된 함수이다.,unregister_chrdev() 함수는 디바이스 드라이버를 커널에서 제거할 때 사용한다.,디바이스 주번호(Major number)는 커널내에서 유일한 것이어야 한다.,디바이스 주번호(Major number)를 0으로 설정하면 등록할 수 없다.,4,,,,medium,,임베디드 기사|필기|기출,임베디드기사 2013-11-01 문제 35,2013,,,,,embedded-engineer
WRITTEN_CBT,임베디드 펌웨어,리눅스 기반의 안드로이드가 포팅되어 있는 임베디드 시스템에서 기본적으로 지원되지 않는 표준 리눅스 명령어를 사용하려고 한다. 추가적으로 설치해야 할 패키지는?,toolbox,adb,nfs,tftp,1,,,,medium,,임베디드 기사|필기|기출,임베디드기사 2013-11-01 문제 36,2013,,,,,embedded-engineer
WRITTEN_CBT,임베디드 펌웨어,전원관리 하드웨어 활용 정책으로 옳지 않은 것은?,경부하일 경우 DC-DC를 PFM이 아닌 PWM방식으로 제어해야 한다.,효과적인 배터리 관리를 위해 PMIC(Power Management IC)를 사용한다.,LD0(Low Dropout) Regulator를 사용하여 전력 손실을 최소화 한다.,프로세서의 전력 소모를 줄이기 위해 내부 전원 관리 모듈을 활용한다.,1,,,,medium,,임베디드 기사|필기|기출,임베디드기사 2013-11-01 문제 37,2013,,,,,embedded-engineer
WRITTEN_CBT,임베디드 펌웨어,네트워크 디바이스 드라이버에 대한 설명으로 옳지 않은 것은?,eth0 등을 통해 제어한다.,외부와의 네트워크전송 담당 하드웨어 제어시 사용한다.,디바이스 드라이버의 속성은 'n'으로 표시된다.,Read나 Write와는 다른 패킷전송에 관련된 함수를 사용한다.,2,,,,medium,,임베디드 기사|필기|기출,임베디드기사 2013-11-01 문제 38,2013,,,,,embedded-engineer
WRITTEN_CBT,임베디드 펌웨어,선점형 다중 프로세서 환경을 고려하여 설계된 동기화 방식으로 세마포어를 대신할 수 있는 동기화 기법은?,뮤텍스,Completion,스핀락,RCU,3,,,,medium,,임베디드 기사|필기|기출,임베디드기사 2013-11-01 문제 39,2013,,,,,embedded-engineer
WRITTEN_CBT,임베디드 펌웨어,리눅스의 init 프로세서가 runlevel 설정 중 단일 사용자 모드이면서 single 모드로 쉘에 바로 부팅되는 runlevel은?,1,2,3,5,1,,,,medium,,임베디드 기사|필기|기출,임베디드기사 2013-11-01 문제 40,2013,,,,,embedded-engineer
WRITTEN_CBT,임베디드 플랫폼,리눅스 시스템에서 파일이나 메모리를 가상의 프로세스 공간에 대응시켜 공유메모리를 통한 통신 프로그램을 작성하는데 이용되는 함수는?,malloc,mmap,dup,pipe,2,,,,medium,,임베디드 기사|필기|기출,임베디드기사 2013-11-01 문제 41,2013,,,,,embedded-engineer
WRITTEN_CBT,임베디드 플랫폼,프로세스 생성시 할당되는 세그먼트가 아닌 것은?,코드 세그먼트,스택 세그먼트,힙 세그먼트,벡터 세그먼트,4,,,,medium,,임베디드 기사|필기|기출,임베디드기사 2013-11-01 문제 42,2013,,,,,embedded-engineer
WRITTEN_CBT,임베디드 플랫폼,다음 중 epoll(event poll)에 대한 설명으로 거리가 먼 것은?,커널에 상태를 저장하는 stateful 함수이다.,최대 2048개의 소켓을 감시할 수 있다.,"레벨 트리거, 엣지 트리거를 지원한다.",리눅스 고유의 비표준 기능이다.,2,,,,medium,,임베디드 기사|필기|기출,임베디드기사 2013-11-01 문제 44,2013,,,,,embedded-engineer
WRITTEN_CBT,임베디드 플랫폼,리눅스에서 프로그램 실행중 사용자가 키보드에서 <Ctrl-C>를 누르더라도 중단되지 않도록 처리하는 방법으로 옳은 것은?,"signal(SIGFPE, SIG_DEL)","signal(SIGINT, SIG_IGN)","signal(SIGQUIT, SIG_DFL)","signal(SIGUSR1, SIG_IGN)",2,,,,medium,,임베디드 기사|필기|기출,임베디드기사 2013-11-01 문제 45,2013,,,,,embedded-engineer
WRITTEN_CBT,임베디드 플랫폼,소켓 통신 중에 SIGPIPE 시그널이 발생했다면 어떤 오류가 발생한 경우인가?,소켓 타임 아웃이 발생했다.,연결이 종료된 소켓에 send를 시도했다.,소켓의 수신 버퍼에 할당된 공간이 없다.,클라이언트측의 connect 함수가 성공했다.,2,,,,medium,,임베디드 기사|필기|기출,임베디드기사 2013-11-01 문제 47,2013,,,,,embedded-engineer
WRITTEN_CBT,임베디드 플랫폼,다음 중 select() 함수에 대한 설명으로 거리가 먼 것은?,통신시 입출력 다중화 문제를 해결하기 위한 함수다.,어떤 소켓에 이벤트가 발생되었는지 모니터링 하는데 이용되는 함수이다.,소켓의 이벤트 발생을 검출하기 위해 만든 소켓 전용 함수다.,이벤트 검출 시 타임아웃 기능을 설정할 수 있다.,3,,,,medium,,임베디드 기사|필기|기출,임베디드기사 2013-11-01 문제 48,2013,,,,,embedded-engineer
WRITTEN_CBT,임베디드 플랫폼,다음 중 UDP 헤더에 들어가는 내용이 아닌 것은?,출발지 포트번호,목적지 포트번호,체크섬,플래그 비트,4,,,,medium,,임베디드 기사|필기|기출,임베디드기사 2013-11-01 문제 49,2013,,,,,embedded-engineer
WRITTEN_CBT,임베디드 플랫폼,소켓 프로그램 작성시 소켓 주소 구조체에 주소 설정시 이용하는 항목으로 거리가 먼 것은?,ICP 포트 번호,포트 번호,주소 체계(address family),IP 주소,1,,,,medium,,임베디드 기사|필기|기출,임베디드기사 2013-11-01 문제 50,2013,,,,,embedded-engineer
WRITTEN_CBT,임베디드 플랫폼,다음 중 /mnt 에 관한 설명으로 맞는 것은?,"외부 장치인 플로피 디스크, CD-ROM, 삼바(Samba) 등을 마운트하기 위해서 제공되는 디렉토리이다.",리눅스 커널이 저장되어 있는 디렉토리이다.,시스템에서 사용하는 소스 파일들이 저장되어 있는 디렉토리이다.,X 윈도 시스템에 사용된느 모든 파일들이 이 디렉토리 안에 저장된다.,1,,,,medium,,임베디드 기사|필기|기출,임베디드기사 2013-11-01 문제 51,2013,,,,,embedded-engineer
WRITTEN_CBT,임베디드 플랫폼,32비트 프로세서가 장착된 리눅스 시스템에서 각 프로세스에 할당하는 가상메모리의 크기는?,1KB,4KB,1GB,4GB,4,,,,medium,,임베디드 기사|필기|기출,임베디드기사 2013-11-01 문제 52,2013,,,,,embedded-engineer
WRITTEN_CBT,임베디드 플랫폼,비동기적인 이벤트의 발생을 CPU에게 알려주는 하드웨어 매커니즘은?,TCB,Critical Section,Semaphore,Interrupt,4,,,,medium,,임베디드 기사|필기|기출,임베디드기사 2013-11-01 문제 53,2013,,,,,embedded-engineer
WRITTEN_CBT,임베디드 플랫폼,한 프로세스가 자원을 점유한 상태에서 세마포 변수를 변경한 후 비정상적으로 종료되었을 때 일어날 수 있는 상황은?,sleep,deadlock,restore,mapping,2,,,,medium,,임베디드 기사|필기|기출,임베디드기사 2013-11-01 문제 56,2013,,,,,embedded-engineer
WRITTEN_CBT,임베디드 플랫폼,NULL로 초기화된 힙 메모리를 할당하는 함수는?,malloc,calloc,realloc,free,2,,,,medium,,임베디드 기사|필기|기출,임베디드기사 2013-11-01 문제 58,2013,,,,,embedded-engineer
WRITTEN_CBT,임베디드 플랫폼,다음의 교착상태 예방에 대한 내용은 어떤 조건을 방지하기위한 것인가?,비선점,점유대기,비선점,상호배제,2,,,,medium,,임베디드 기사|필기|기출,임베디드기사 2013-11-01 문제 60,2013,,,,,embedded-engineer
WRITTEN_CBT,임베디드 소프트웨어,객체지향 설계에 있어서 정보은폐(information hiding)의 가장 근본적인 목적은?,코드를 개선하기 위하여,프로그램의 길이를 짧게 하기 위하여,인터페이스를 최소화하기 위하여,고려되지 않은 영향(side effect)들을 최소화하기 위하여,4,,,,medium,,임베디드 기사|필기|기출,임베디드기사 2013-11-01 문제 61,2013,,,,,embedded-engineer
WRITTEN_CBT,임베디드 소프트웨어,멀티미디어 동영상 압축 기출 중 다음 설명에 해당하는 것은?,AVI(Audio Visual Interleaved file),허프만(Huffman) 압축 기법,LZW(Lempel-Ziv-Welch) 압축 기법,MPEG(Moving picture Experts Group) 기법,3,,,,medium,,임베디드 기사|필기|기출,임베디드기사 2013-11-01 문제 62,2013,,,,,embedded-engineer
WRITTEN_CBT,임베디드 소프트웨어,C언어에서 문자형 자료 선언시 사용하는 것은?,int,double,char,float,3,,,,medium,,임베디드 기사|필기|기출,임베디드기사 2013-11-01 문제 63,2013,,,,,embedded-engineer
WRITTEN_CBT,임베디드 소프트웨어,다음 그림에서 트리의 차수는?,1,2,3,6,2,,,,medium,/static/images/Engineer_Embedded/20131101/rId11.png,임베디드 기사|필기|기출,임베디드기사 2013-11-01 문제 64,2013,,,,,embedded-engineer
WRITTEN_CBT,임베디드 소프트웨어,소프트웨어 품질보증을 위한 정형 기술 검토의 지침 사항으로 옳지 않은 것은?,논쟁과 반박을 제한한다.,검토의 과정과 결과를 재검토한다.,체크 리스트를 작성하고 자원과 시간 일정을 할당한다.,의제와 참가자의 수를 제한하지 않는다.,4,,,,medium,,임베디드 기사|필기|기출,임베디드기사 2013-11-01 문제 65,2013,,,,,embedded-engineer
WRITTEN_CBT,임베디드 소프트웨어,"검사 전략 중 알파 검사, 베타 검사와 가장 관계 깊은 것은?",Validation Test,System Test,Integration Test,Unit Test,1,,,,medium,,임베디드 기사|필기|기출,임베디드기사 2013-11-01 문제 66,2013,,,,,embedded-engineer
WRITTEN_CBT,임베디드 소프트웨어,C언어에서 부호 없는 10진 정수를 출력하고자 할 때 printf문의 변환 문자는?,%x,%u,%c,%f,2,,,,medium,,임베디드 기사|필기|기출,임베디드기사 2013-11-01 문제 67,2013,,,,,embedded-engineer
WRITTEN_CBT,임베디드 소프트웨어,C언어의 특징으로 옳은 내용 모두를 나열한 것은?,"가, 다","가, 나, 다","나, 다, 라","가, 나, 다, 라",3,,,,medium,,임베디드 기사|필기|기출,임베디드기사 2013-11-01 문제 68,2013,,,,,embedded-engineer
WRITTEN_CBT,임베디드 소프트웨어,소프트웨어 위기 발생 요인과 거리가 먼 것은?,개발 일정의 지연,소프트웨어 관리의 부재,소프트웨어 생산성 향상,소프트웨어 품질의 미흡,3,,,,medium,,임베디드 기사|필기|기출,임베디드기사 2013-11-01 문제 69,2013,,,,,embedded-engineer
WRITTEN_CBT,임베디드 소프트웨어,객체지향 분석 기법 중 다음 설명에 해당하는 것은?,Booch 방법,Wirfs-Brock 방법,Jacobson 방법,Coad와 Yourdon 방법,1,,,,medium,,임베디드 기사|필기|기출,임베디드기사 2013-11-01 문제 70,2013,,,,,embedded-engineer
WRITTEN_CBT,임베디드 소프트웨어,일반적인 기능의 로더에 가장 가까운 것은?,Compile And Go Loader,Direct Linking Loader,Absoulte Loader,Dynamic Loading Loader,2,,,,medium,,임베디드 기사|필기|기출,임베디드기사 2013-11-01 문제 72,2013,,,,,embedded-engineer
WRITTEN_CBT,임베디드 소프트웨어,프로토타이핑 모형에 대한 설명으로 옳지 않은 것은?,프로토타이핑 모형은 발주자나 개발자 모두에게 공동 참조모델을 제공한다.,사용자의 요구사항을 충실히 반영할 수 있다.,최종 결과물이 만들어지는 소프트웨어 개발 완료 시에 최초로 오류 발견이 가능하다.,프로토타이핑 모형은 소프트웨어 생명주기에서 유지보수가 없어지고 개발 단계 안에서 유지보수가 이루어지는 것으로 볼 수 있다.,3,,,,medium,,임베디드 기사|필기|기출,임베디드기사 2013-11-01 문제 73,2013,,,,,embedded-engineer
WRITTEN_CBT,임베디드 소프트웨어,"LOC 기법에 의하여 예측된 총 라인 수가 25000 라인일 경우 개발에 투입될 프로그래머의 수가 5명이고, 프로그래머들의 평균 생산성이 월당 500라인일 때, 개발에 소요되는 시간은?",8개월,9개월,10개월,11개월,3,,,,medium,,임베디드 기사|필기|기출,임베디드기사 2013-11-01 문제 74,2013,,,,,embedded-engineer
WRITTEN_CBT,임베디드 소프트웨어,동영상 압축을 위한 국제 표준 방식 중 동영상 데이터 검색 및 전자상거래 등에 사용되도록 개발된 표준 규격으로 가장 적합한 것은?,MPEG-5,MPEG-7,MPEG-11,MPEG-21,2,,,,medium,,임베디드 기사|필기|기출,임베디드기사 2013-11-01 문제 75,2013,,,,,embedded-engineer
WRITTEN_CBT,임베디드 소프트웨어,스택에 대한 설명으로 옳지 않은 것은?,"리스트의 한쪽 끝으로만 자료의 삽입, 삭제 작업이 이루어지는 자료 구조이다.",스택으로 할당된 기억공간에 가장 마지막으로 삽입된 자료가 기억된 공간을 가리키는 요소를 top이라고 한다.,가장 먼저 삽입된 자료가 가장 먼저 삭제되는 FIFO 방식이다.,부프로그램 호출 시 복귀주소를 저장할 때 스택을 이용한다.,3,,,,medium,,임베디드 기사|필기|기출,임베디드기사 2013-11-01 문제 78,2013,,,,,embedded-engineer
WRITTEN_CBT,임베디드 소프트웨어,선형 구조에 해당하는 자료구조를 모두 선택한 것은?,"가, 나","다, 라, 마","가, 다, 라, 마","나, 다, 라, 마",2,,,,medium,,임베디드 기사|필기|기출,임베디드기사 2013-11-01 문제 79,2013,,,,,embedded-engineer
WRITTEN_CBT,임베디드 소프트웨어,어휘 분석의 주된 역할은 원시 프로그램을 하나의 긴 스트림으로 보고 원시 프로그램을 문자 단위로 스캐닝하여 문법적으로 의미 있는 일련의 문자들로 분할해 내는 것을 말한다. 이때 분할된 문법적인 단위를 무엇이라고 하는가?,토큰,오토마타,BNF,모듈,1,,,,medium,,임베디드 기사|필기|기출,임베디드기사 2013-11-01 문제 80,2013,,,,,embedded-engineer
